id,path,question,a,b,c,d,answer
train_0001.jpg,train/train_0001.jpg,사진 속 선반에 적힌 문구는 무엇인가요?,SUNDAY BURGER LOVE,MONDAY SALAD TIME,FRIDAY PIZZA PARTY,WEDNESDAY SOUP DAY,a
train_0002.jpg,train/train_0002.jpg,이 식당 '오봉집'에서 판매하는 대표 메뉴는 무엇인가요?,직화낙지와 오봉보쌈,된장찌개와 불고기,김치찌개와 삼겹살,비빔밥과 김밥,a
train_0003.jpg,train/train_0003.jpg,이 광고에서 '트리플 역세권'에 해당하지 않는 역은 어디인가요?,잠실역,몽촌토성역,한성백제역,강남역,d
train_0004.jpg,train/train_0004.jpg,잠실야구장에서는 어떤 주류의 반입이 금지되어 있나요?,알코올 함량 6% 이상 주류,모든 주류,맥주만,와인과 소주만,a
train_0006.jpg,train/train_0006.jpg,왼쪽에 있는 '실버 니들' 차의 맛은 어떻게 설명되어 있나요?,봄의 향과 싱가가 느껴지는 다양한 과일과 꽃의 향,"달콤한 맛, 깊고 풍부한 여운",강한 쓴맛과 진한 향,다질링 특유의 무스카텔 향과 다양하고 섬세한 풍미,b
train_0007.jpg,train/train_0007.jpg,"이 표지판에 따르면, '투게더파크'는 어떤 장소인가요?",자전거를 빌려주는 곳,애완견과 함께 갈 수 있는 공원,400m 거리에 있는 카페,오미마을로 가는 길,b
train_0008.jpg,train/train_0008.jpg,이 배너에 나오는 공연 날짜는 언제인가요?,10월 1일,8월 15일,9월 18일,9월 20일,d
train_0009.jpg,train/train_0009.jpg,'7번가피자' 가게의 전화번호는 무엇인가요?,T. 999-8888,T. 477-7772~3,T. 555-1234,T. 123-4567,b
train_0010.jpg,train/train_0010.jpg,사진 속 영수증에서 결제된 금액은 얼마인가요?,18.00 €,20.00 €,50.00 €,36.00 €,d
train_0011.jpg,train/train_0011.jpg,주문서에 적힌 주문자의 이름은 무엇인가요?,이영희,신승호,박지연,김민수,b
train_0012.jpg,train/train_0012.jpg,이 책의 제목은 무엇인가요?,데이터 사이언스,파이썬 프로그래밍,젠킨스 마스터,리눅스 마스터,c
train_0013.jpg,train/train_0013.jpg,이 사진에 보이는 죽 제품의 이름은 무엇인가요?,닭죽,전복죽,야채죽,소고기죽,c
train_0014.jpg,train/train_0014.jpg,이 사진 속 커피 가격은 150g 기준으로 얼마인가요?,"15,000원","18,000원","16,000원","20,000원",b
train_0015.jpg,train/train_0015.jpg,사진에 보이는 상호명 중 '예고지고 떡창고'가 위치한 곳은 어디인가요?,건물 지하,건물 2층,건물 1층,건물 옥상,c
train_0016.jpg,train/train_0016.jpg,이 표지판에 적힌 문구는 무엇인가요?,노인보호,속도제한,주차금지,어린이보호,a
train_0018.jpg,train/train_0018.jpg,이 프린터 사용 시 안내 문구에 적힌 내용은 무엇인가요?,결제 없이 바로 이용하세요.,무료로 이용 가능합니다.,결제 후 이용바랍니다.,사용 전 결제해주세요.,c
train_0019.jpg,train/train_0019.jpg,이 건물의 3층에 위치한 병원 이름은 무엇인가요?,헤어똑닥,군센정형외과,서울으뜸치과,LEMONFIT,c
train_0020.jpg,train/train_0020.jpg,딸기쿠키프라페의 가격은 얼마인가요?,"\4,200","\3,900","\3,500","\4,500",b
train_0021.jpg,train/train_0021.jpg,2026 NEW CONTENT ACADEMY에서 주최하는 쇼케이스 행사는 언제 열리나요?,9월 1일부터 9월 3일까지,8월 19일부터 8월 21일까지,7월 10일부터 7월 12일까지,10월 5일부터 10월 7일까지,b
train_0022.jpg,train/train_0022.jpg,사진에 보이는 대형 글자들은 무엇이라고 적혀 있나요?,SAFE,SFAFY,SSAFY,SASY,c
train_0023.jpg,train/train_0023.jpg,이 사진 속 빨간색 간판에 적힌 내용은 무엇인가요?,맑은숲 한의원,열린 이비인후과,장영석 치과 2F,삼성언어원,c
train_0024.jpg,train/train_0024.jpg,사진에 보이는 미용실 상호명으로 옳은 것은 무엇인가요?,반려동물 미용,강아지 미용,멍끌림,애견미용,c
train_0025.jpg,train/train_0025.jpg,이 이미지 속 원형 테이블을 둘러싼 의자 개수는 몇 개인가요?,5개,3개,6개,4개,d
train_0026.jpg,train/train_0026.jpg,이 건물의 이름은 무엇인가요?,대전역,광주역,부산역,서울역,c
train_0027.jpg,train/train_0027.jpg,사진 속 메모지에 적힌 문구는 무엇인가요?,바게트와 대파 세트 판매중,대파 500원 할인 행사,바게트가 품절이라 대파로 참아줘 -미루,오늘 대파 세일 중입니다,c
train_0028.jpg,train/train_0028.jpg,이 김밥 가게에서 가장 저렴한 김밥은 무엇인가요?,참치김밥,우엉김밥,돈까스김밥,명란김밥,b
train_0029.jpg,train/train_0029.jpg,사진 속 조형물 받침대에 적혀 있는 글자는 무엇인가요?,美食??,埃菲??塔,澳門巴黎人,巴黎人,c
train_0030.jpg,train/train_0030.jpg,이 가게 유리창에 적힌 문구는 무엇인가요?,영업 시간 변경 안내,할인 행사 중입니다,고유가 지원금 사용 가능,신제품 입고 완료,c
train_0031.jpg,train/train_0031.jpg,이 표지판에서 무엇을 주의하라고 안내하고 있나요?,고압주의,미끄럼주의,낙석주의,화재주의,b
train_0032.jpg,train/train_0032.jpg,이 세탁소에서 일반 세탁 요금은 얼마인가요?,"6,000","5,000","8,000","4,000",d
train_0033.jpg,train/train_0033.jpg,이 사진에 보이는 빨간색 문(도리이)에 적힌 글씨는 무엇인가요?,下谷神社,明治神宮,出雲大社,?草寺,a
train_0035.jpg,train/train_0035.jpg,이 가게의 이름은 무엇인가요?,NOTTING HILL STORE,THE NOTTING HILL BOOKSHOP,THE HILL NOTTING BOOKSHOP,NOTTING BOOKSHOP,b
train_0037.jpg,train/train_0037.jpg,사진 속 컵에 적힌 커피숍 이름은 무엇인가요?,FINNBELL COFFEE & BAKERY,Coffee Bean,Waffle Bant,Starbucks,a
train_0038.jpg,train/train_0038.jpg,더 탄탄병원 광고에서 강조하는 치료 방법이 아닌 것은 무엇인가요?,수술 치료,내과 치료,관절 탄탄 치료,비수술 치료,b
train_0039.jpg,train/train_0039.jpg,"승강기 앞 광고판 사용 관련 안내문에 따르면, 무단으로 게시할 경우 부과되는 관리비는 얼마인가요?",1만원,5천원,2만원,3만원,a
train_0040.jpg,train/train_0040.jpg,말풍선 안에 적힌 문장은 무엇인가요?,오늘도 행복한 하루 보내!,별을 잡으면 소원이 이루어진다.,꿈은 꼭 이루어진다!,언니 소원도 모두 이뤄질 거야!,d
train_0041.jpg,train/train_0041.jpg,왼쪽 포스터에 적힌 문구 중 맞는 것은 무엇인가요?,I AM special food It's not a meal,I AM NOT special drink It's just a meal,I AM NOT special food It's just a meal,I AM special drink It's not a meal,c
train_0042.jpg,train/train_0042.jpg,이 배너에서 소개하는 에그타르트가 가장 유명한 지역은 어디인가요?,강남역,홍대입구,성수동,명동,c
train_0044.jpg,train/train_0044.jpg,복돼지 식당에서 삼겹살 1인분(200g)의 가격은 얼마인가요?,"8,000원","12,000원","15,000원","10,000원",b
train_0045.jpg,train/train_0045.jpg,이 자판기에서 '윤무차' 한 잔의 가격은 얼마인가요?,600원,400원,300원,500원,b
train_0048.jpg,train/train_0048.jpg,이 샌드위치의 이름은 무엇인가요?,햄 샌드위치,계란 샌드위치,팥붕슈붕 샌드위치,치즈 샌드위치,c
train_0049.jpg,train/train_0049.jpg,사진 속 전기버스에 적힌 문구는 무엇인가요?,전기버스 타고 깨끗한 서울로,전기버스 타고 편안한 서울로,전기버스 타고 숨 쉬는 서울로,전기버스 타고 빠른 서울로,c
train_0050.jpg,train/train_0050.jpg,이 이미지에서 노란 바탕에 적힌 안내 문구는 무엇인가요?,화재 발생 시 대피로,열린마당 안내,소화전 연결송수구,열선구간 굴착주의,d
train_0051.jpg,train/train_0051.jpg,녹색 박스에 적힌 과자의 맛은 무엇인가요?,녹차 크림 맛,초콜릿 맛,바닐라 맛,딸기 맛,a
train_0052.jpg,train/train_0052.jpg,'그라운드 룰'에 적힌 내용 중 틀린 것은 무엇인가요?,항상 늦게 오기,웃으면서 말하기,인사 잘하기,자만하지 않기,a
train_0053.jpg,train/train_0053.jpg,"이 표지판에 따르면, 교육환경보호구역 내에서 제한되는 행위가 아닌 것은 무엇인가요?",유해시설 설치,애완동물 출입,위험물질 반입,오염물질 사용,b
train_0054.jpg,train/train_0054.jpg,이 건물에 적힌 간판의 교회 이름은 무엇인가요?,순복음 하나교회,기독교 예심교회,순복음 예심교회,예심 복음교회,c
train_0056.jpg,train/train_0056.jpg,이 길거리 사진에서 보이는 '안양로 320번길' 표지판이 가리키는 방향은 어디인가요?,왼쪽,직진,오른쪽,뒤쪽,c
train_0057.jpg,train/train_0057.jpg,이 이미지에 적힌 문구 중 할인 혜택에 관한 내용은 무엇인가요?,20% OFF,10% OFF,무료 음료 제공,할인 없음,b
train_0058.jpg,train/train_0058.jpg,이 건물에 적힌 문구 중 'I ♥ LAOS' 바로 아래에 적힌 글자는 무엇인가요?,COMING SOON,HELLO,PARKSON,SAY,c
train_0059.jpg,train/train_0059.jpg,이 컵에 적혀 있는 문구는 무엇인가요?,HAPPEE BIRTHDAE HARRY,HAPPY BIRTHDAE HARRY,HAPPY BIRTHDAY HARRY,HAPPEE BIRTHDAY HARRY,a
train_0060.jpg,train/train_0060.jpg,이 건물의 안내판에 적힌 '헬스 요가 댄스 3개월 9만원'은 어디에서 제공하는 서비스인가요?,투데이치과,코리아 IT 아카데미,FASTFIVE,spoAny FITNESS,d
train_0061.jpg,train/train_0061.jpg,이 화면에서 축하 메시지와 함께 보여지는 무기의 이름은 무엇인가요?,산탄총 - S686,타임 키퍼 - M416,권총 - P1911,스나이퍼 라이플 - AWM,b
train_0063.jpg,train/train_0063.jpg,사진 속 음식점 간판에 적힌 상호명은 무엇인가요?,블루필드,그린필,그린필드 스페이스 치킨 곱배기,그린필드,d
train_0064.jpg,train/train_0064.jpg,이 안내문에 따르면 입실 시간은 언제인가요?,09:00,08:00,07:00,06:00,d
train_0065.jpg,train/train_0065.jpg,이 식당의 상호명은 무엇인가요?,YES! KIDS 놀이방시설 완비,옥천 뼈 구이,전용주차장,송민 뜨끈이,b
train_0067.jpg,train/train_0067.jpg,이 휴게소 이름은 무엇인가요?,평택호휴게소,강릉휴게소,부산휴게소,서울휴게소,a
train_0068.jpg,train/train_0068.jpg,이 위치표지판의 국가지점번호는 무엇인가요?,바사 5292 3871,다사 5293 3871,다사 5292 3871,바사 5293 3871,c
train_0069.jpg,train/train_0069.jpg,이 건물에 걸린 현수막에 적힌 'WONDERLIVE2025' 행사는 언제 열리나요?,"09.20 WED, 21 THU, 22 FRI","12.01 MON, 02 TUE, 03 WED","10.10 THU, 11 FRI, 12 SAT","11.14 FRI, 15 SAT, 16 SUN",d
train_0070.jpg,train/train_0070.jpg,더:단백 밀크티 한 팩에 들어있는 단백질 함량은 얼마인가요?,40g,30g,20g,10g,c
train_0071.jpg,train/train_0071.jpg,RER A 노선에서 Poissy 역은 어느 구간에 속해 있나요?,B1,A3,A1,A5,d
train_0072.jpg,train/train_0072.jpg,프로캄 레드 엑스 크림의 가격은 얼마인가요?,"10,000원","18,000원","40,000원","25,000원",d
train_0073.jpg,train/train_0073.jpg,스터디 모집 공고에 따르면 스터디가 열리는 시간은 언제인가요?,"매주 화, 목 저녁 7시",매주 금 저녁 8시,"매주 토, 일 오후 3시","매주 월, 수 저녁 6시",a
train_0074.jpg,train/train_0074.jpg,이 방수용 기구함과 소화전 사용법 중 첫 번째 단계는 무엇인가요?,밸브 닫기,호스 빼내기,밸브 열기,불 끄기,b
train_0075.jpg,train/train_0075.jpg,삼각김밥 포장지에 적힌 내용 중 올바른 것은 무엇인가요?,유통기한 2023.10.10,칼로리 204kcal,단백질 15g,"가격 1,500원",b
train_0076.jpg,train/train_0076.jpg,상자에 적힌 텍스트는 무엇을 의미하나요?,음료수,식수(?水),정수기 필터,생수,b
train_0077.jpg,train/train_0077.jpg,이미지 속 초밥 세트의 가격은 얼마인가요?,"€ 10,99","€ 13,50","€ 15,99","€ 20,00",c
train_0078.jpg,train/train_0078.jpg,이 안내문에 적힌 내용으로 알맞은 것은 무엇인가요?,문을 천천히 열어주세요~~,문 밖에 사람이 없습니다~~,문을 빨리 닫아주세요~~,문을 세게 닫아주세요~~,a
train_0079.jpg,train/train_0079.jpg,이 키보드에서 한글과 영어 입력을 전환하는 키는 무엇이라고 적혀 있나요?,한/영,Ctrl,Shift,Caps Lock,a
train_0080.jpg,train/train_0080.jpg,벽에 적힌 영어 문구 중 올바른 문장은 무엇인가요?,IF YOU LOVE PEOPLE YOU HAVE TIME TO JUDGE THEM,IF YOU LOVE PEOPLE YOU HAVE NO TIME TO JUDGE THEM,IF YOU JUDGE PEOPLE YOU HAVE TIME TO LOVE THEM,IF YOU JUDGE PEOPLE YOU HAVE NO TIME TO LOVE THEM,d
train_0081.jpg,train/train_0081.jpg,이 건물에서 11층에 위치한 학원의 이름은 무엇인가요?,소잠한의원,Lexis Korea,나주곰탕,노엘성형외과,b
train_0083.jpg,train/train_0083.jpg,이 사진에 보이는 양념통 중 한 곳에 적힌 문자는 무엇인가요?,후추,고추가루,설탕,간장,b
train_0084.jpg,train/train_0084.jpg,"이 편의점 간판에 적힌 글씨 중, 판매하고 있는 품목으로 알맞은 것은 무엇인가요?",과일 및 채소,의류,전자제품,술과 담배,d
train_0085.jpg,train/train_0085.jpg,이 안내판은 어떤 캠퍼스의 배치도를 보여주고 있나요?,유성캠퍼스,수원캠퍼스,서울캠퍼스,부산캠퍼스,a
train_0086.jpg,train/train_0086.jpg,사진 속 안내문에서 잃어버린 물건은 무엇인가요?,노트북,아이폰 13,지갑,에어팟 프로,d
train_0089.jpg,train/train_0089.jpg,이 공간에서 'SELF CAFE'라는 글자가 적힌 칸막이 부스에 붙어 있는 숫자는 무엇인가요?,1,TOILET,2,3,d
train_0090.jpg,train/train_0090.jpg,롯데 시네마 건물에 임대 관련해 모집하고 있는 것은 무엇인가요?,점주 파격 모집,주차 공간 임대,영화 상영 시간 안내,직원 채용,a
train_0091.jpg,train/train_0091.jpg,이 가게의 이름은 무엇인가요?,선물가게,우도에서 왔어요 선물가게,딸콩 모자,우도 딸콩 가게,b
train_0093.jpg,train/train_0093.jpg,이 도로 바닥에 노란색으로 적힌 글자는 무엇을 의미하나요?,횡단보도,일단정지,주차금지,속도제한,b
train_0094.jpg,train/train_0094.jpg,마우스 패드에 적힌 문구 중 'SSAFY' 바로 아래에 적힌 내용은 무엇인가요?,Samsung SW Academy For Young,Samsung Software Academy For Youth,Software AI Academy For Youth,Samsung SW·AI academy For Youth,d
train_0096.jpg,train/train_0096.jpg,베트남 쌀국수 메뉴판에 적힌 소고기 쌀국수의 가격은 얼마인가요?,"7,500원","5,000원","3,000원","10,000원",b
train_0097.jpg,train/train_0097.jpg,"이 이미지 속 노란색 안내문에 따르면, 교통비 환금을 더 알뜰하게 챙기려면 무엇에 K-패스만 추가해야 하나요?",교통카드에 K-패스만 추가,부산도시철도에 K-패스만 추가,동백패스에 K-패스만 추가,부산패스에 K-패스만 추가,c
train_0098.jpg,train/train_0098.jpg,포스터에 적힌 '해피 세종데이' 행사는 언제 열리나요?,6월 1일(목)부터 6월 3일(토)까지,5월 17일(수)부터 5월 19일(금)까지,5월 15일(월)부터 5월 20일(토)까지,5월 10일(수)부터 5월 12일(금)까지,b
train_0101.jpg,train/train_0101.jpg,사진 속 병에 적힌 술 이름은 무엇인가요?,좋은데이,참이슬 fresh,처음처럼,한라산,b
train_0102.jpg,train/train_0102.jpg,사진 속 과자 상자에 적힌 제품 이름은 무엇인가요?,초코파이,초코송이,초콜릿볼,초코칩,b
train_0103.jpg,train/train_0103.jpg,서울온 한의원에서 진료하지 않는 질환은 무엇인가요?,추나통증,자율신경,치과 치료,다이어트,c
train_0104.jpg,train/train_0104.jpg,이 제품의 용량은 얼마인가요?,200ml,100ml,50ml,150ml,b
train_0105.jpg,train/train_0105.jpg,이 표지판에 따르면 TOEIC 영어 말하기·쓰기 시험은 어느 층에서 치러지나요?,3층,1층,10층,5층,c
train_0106.jpg,train/train_0106.jpg,사진 속 건물 앞에 설치된 현수막에 적힌 내용은 무엇인가요?,영업시간은 오전 9시부터 오후 6시까지입니다,주차는 건물 뒤편에 하세요,일반소비자 분들도 구매 가능합니다,모든 제품은 할인 판매 중입니다,c
train_0107.jpg,train/train_0107.jpg,이미지에 보이는 제품 중에서 '100% PURE'라고 적혀 있는 것은 무엇인가요?,HONEY,BLACK BEANS,TOMATO SOUP,WHOLE WHEAT PENNE PASTA,a
train_0108.jpg,train/train_0108.jpg,이 네온사인에 적힌 문구는 무엇인가요?,진로 소주 전문점,한국의 맛 소주,전통 소주 명가,소주의 원조 진로,d
train_0109.jpg,train/train_0109.jpg,모두탑365 정형외과의원의 평일 진료 시간이 어떻게 되나요?,09:00 ~ 14:00,10:00 ~ 18:00,13:00 ~ 14:00,09:00 ~ 20:00,d
train_0110.jpg,train/train_0110.jpg,칠판에 적힌 '킹스머그컵'의 가격은 얼마인가요?,"\12,000","\15,000","\10,000","\20,000",b
train_0111.jpg,train/train_0111.jpg,이 사진 속 신호등 위에 빨간색으로 표시된 문구는 무엇인가요?,속도위반 단속중,차선변경 금지,불법주정차,안전운전하세요,c
train_0112.jpg,train/train_0112.jpg,이 건물에 있는 'MONA' 관련 시설 중 1층에 위치한 곳은 무엇인가요?,MONA K-Clinic,MBC 아카데미 원,MONA CAFE,MONA 한의원,c
train_0113.jpg,train/train_0113.jpg,이 광고판에 나오는 야구 선수의 등 번호는 무엇인가요?,7,17,27,71,b
train_0115.jpg,train/train_0115.jpg,사진 속 건물 4층에 위치한 병원의 이름은 무엇인가요?,스마트치과,아름다운의원,얼른산부인과,제일안과,a
train_0116.jpg,train/train_0116.jpg,사진 속 안내문에 적힌 내용은 무엇인가요?,테이블 위에 음식을 올리지 마세요,음료는 포장만 가능합니다,주문은 카운터에서 해주세요,1인 1음료 부탁드립니다,d
train_0117.jpg,train/train_0117.jpg,이 사진에 보이는 건물 주변에 주차된 차량들의 색상 중 가장 많이 보이는 색깔은 무엇인가요?,파란색,검은색,빨간색,흰색,d
train_0118.jpg,train/train_0118.jpg,텐퍼센트 우베 음료 메뉴 중 가장 저렴한 가격은 얼마인가요?,"4,500w","4,600w","4,000w","4,800w",c
train_0119.jpg,train/train_0119.jpg,사진 속 컵밥 제품 중 오뚜기 브랜드의 '고추참치 마요덮밥'이 강조하고 있는 내용은 무엇인가요?,신제품 출시,10% 할인,20% UP,무료 증정,c
train_0120.jpg,train/train_0120.jpg,이 상자에 담긴 농산물은 무엇인가요?,양파,감자,고구마,사과,b
train_0121.jpg,train/train_0121.jpg,사진 속 카드에 적힌 교통카드 이름은 무엇인가요?,LINC,Express,marta,breeze,d
train_0122.jpg,train/train_0122.jpg,이미지 속 광고에서 '예쁘고 슬림한 바디라인 만들기'를 위해 강조하는 시술은 무엇인가요?,마사지,지방흡입,근육강화,피부관리,b
train_0123.jpg,train/train_0123.jpg,이 음료수 병에 적힌 제품명은 무엇인가요?,달콤한 딸기 음료,오이오차 녹차,시원한 바나나 우유,맛있는 사과 주스,b
train_0124.jpg,train/train_0124.jpg,책상 위에 놓인 이름표에 적힌 이름은 무엇인가요?,박지현,김민수,안진호,이서연,c
train_0125.jpg,train/train_0125.jpg,이 식당의 간판에 적힌 주 메뉴는 무엇인가요?,비빔밥,불고기,김치찌개,칼국수,d
train_0126.jpg,train/train_0126.jpg,이 가게 간판에 적힌 이름은 무엇인가요?,Bushman,SUN CARE,MUSINSA BEAUTY,POP UP,c
train_0128.jpg,train/train_0128.jpg,사진 속 컵라면에 적힌 일본어 'きつねうどん'의 의미는 무엇인가요?,유부 우동,해산물 우동,매운 우동,닭고기 우동,a
train_0129.jpg,train/train_0129.jpg,이 행사 ‘2026 금융권 공동채용 박람회’가 열리는 날짜는 언제인가요?,2026년 7월 19일(수)~20일(목),2026년 8월 10일(수)~11일(목),2026년 9월 19일(수)~20일(목),2026년 8월 19일(수)~20일(목),d
train_0130.jpg,train/train_0130.jpg,이미지에 나온 '그리다성형외과'가 위치한 층은 어디인가요?,2층,12층,5층,10층,b
train_0131.jpg,train/train_0131.jpg,이 문구점에서 사용할 수 있는 쿠폰은 무엇에 해당하나요?,문화상품권,주민등록증,민생회복 소비쿠폰,도서상품권,c
train_0132.jpg,train/train_0132.jpg,이 건물 1층에 있는 가게 간판 중에서 아이스크림을 판매하는 가게 이름은 무엇인가요?,동네폰,365일 24시,무인아이스크림,셀프 빨래방,c
train_0133.jpg,train/train_0133.jpg,이 표지판에 적힌 문구는 무엇인가요?,출입금지,통행금지,주차허용,주차금지,d
train_0134.jpg,train/train_0134.jpg,"""""청연한방병원"""" 간판에 적혀 있는 대표 전화번호는 무엇인가요?",1577-7275,1577-8020,1899-8020,1899-7275,b
train_0135.jpg,train/train_0135.jpg,이 사진 속에 적힌 문구는 무엇인가요?,문희는 딸기가 먹고시푼뎅 12.0,딸기가 먹고싶은 문희 12.0,문희는 딸기 푸딩 10.0,딸기 푸딩 15.0,a
train_0136.jpg,train/train_0136.jpg,"용소폭포 안내판에 따르면, 용이 되지 못한 이무기의 눈물에서 생긴 폭포의 이름은 무엇인가요?",천지폭포,용소폭포,비룡폭포,청룡폭포,b
train_0137.jpg,train/train_0137.jpg,CCTV 설치 안내 표지판에 명시된 CCTV 촬영 시간은 언제인가요?,오전 9시부터 오후 6시까지,24시간 연속 촬영/녹화,필요 시에만 촬영,오후 6시부터 오전 9시까지,b
train_0138.jpg,train/train_0138.jpg,이 종이에 적힌 와이파이 네트워크 이름(SSID)은 무엇인가요?,Traveler Network,Roamer Traveler,Roamer Guest,WiFi Guest,c
train_0139.jpg,train/train_0139.jpg,이 표지판에 안내된 역이 아닌 것은 무엇인가요?,강남역,차병원,서울역,역삼역,c
train_0140.jpg,train/train_0140.jpg,이미지 속에 보이는 음료 중 '프로틴' 함량이 41g이라고 적힌 제품은 무엇인가요?,뉴케어 오프로틴 41g,더단백 20g,프로틴 21g,뉴케어 오프로틴 25g,a
train_0141.jpg,train/train_0141.jpg,사진 속 감자칩 봉지에 적힌 맛은 무엇인가요?,Cheese flavour,Salted flavour,Caviar flavour,BBQ flavour,c
train_0142.jpg,train/train_0142.jpg,이 주문서에 적혀 있는 예시 상품 코드와 수량은 무엇인가요?,"1-2, 4","2-3, 5","3-1, 2","1-1, 3",d
train_0144.jpg,train/train_0144.jpg,사진 속 '골목안식당' 간판에 적힌 전화번호는 무엇인가요?,T.999-8888,T.123-4567,T.863-9253,T.868-2412,c
train_0145.jpg,train/train_0145.jpg,이 빵집의 이름은 무엇인가요?,ETP BAKERY,ETF BAKERY EXPRESS,ETC BAKERY,ETF BAKERY,d
train_0146.jpg,train/train_0146.jpg,이미지에 보이는 'SUPER DRY' 광고는 어떤 브랜드를 홍보하고 있나요?,CHINTAI,ZETTERIA,Asahi,Glico,c
train_0147.jpg,train/train_0147.jpg,이 사진 속 건물에 적힌 간판 중에서 올바른 전화번호는 무엇인가요?,031-123-4567,476-5001,02-345-6789,010-9466-2996,b
train_0149.jpg,train/train_0149.jpg,에이리스트 핸드드립 커피 제품의 가격은 얼마인가요?,"8,000원","7,500원","6,500원","5,500원",c
train_0150.jpg,train/train_0150.jpg,이 건물에 있는 '알앤 비성형외과'의 위치는 어디인가요?,4층,1층,2층,3층,d
train_0151.jpg,train/train_0151.jpg,이 사진의 안내판에 적혀 있는 산책로 이름은 무엇인가요?,이브이의 비밀산책로,숲속의 작은 길,자연의 비밀 코스,포켓몬의 숲길,a
train_0152.jpg,train/train_0152.jpg,"배너에 따르면, 심덕섭 군수님 당선 축하 메시지를 보낸 곳은 어디인가요?",모양지구대,고창농협,고창경찰서,고창교육청,b
train_0153.jpg,train/train_0153.jpg,사주카페 이안애의 위치는 어디인가요?,5층,1층,지하 1층,3층,a
train_0154.jpg,train/train_0154.jpg,이 건물에 있는 안경점의 이름은 무엇인가요?,돈까스킹,소문난 동태탕,와이케이 안경,역곡오리,c
train_0155.jpg,train/train_0155.jpg,이 건물의 7층과 8층에 위치한 병원 이름은 무엇인가요?,기린성형외과,유노성형외과,타유치과의원,히트성형외과,a
train_0156.jpg,train/train_0156.jpg,이 건물 2층에는 몇 개의 좌석이 있나요?,80 Seat,39 Seat,100 Seat,50 Seat,a
train_0157.jpg,train/train_0157.jpg,이 지하철 역 출구 번호는 무엇인가요?,1 출구,4 출구,3 출구,2 출구,a
train_0158.jpg,train/train_0158.jpg,이 안내문에서 생활쓰레기를 버릴 때 반드시 해야 하는 것은 무엇인가요?,생활쓰레기는 반드시 분리수거하여 종량제 봉투에 넣어 버려야 한다.,생활쓰레기는 아무 곳에나 버려도 된다.,생활쓰레기는 직접 소각해야 한다.,생활쓰레기는 한꺼번에 모아서 버려야 한다.,a
train_0159.jpg,train/train_0159.jpg,이 음식점의 대표 메뉴는 무엇인가요?,김치찌개,비빔밥,불고기,해물칼국수,d
train_0160.jpg,train/train_0160.jpg,"분리수거 안내문에 따르면, 음식물 쓰레기는 어떻게 배출해야 하나요?",음식물 쓰레기는 물기를 제거 후 전용 용기에 배출해주세요.,음식물 쓰레기는 배출 시간이 정해져 있지 않습니다.,음식물 쓰레기는 종량제 봉투에 담아 배출해주세요.,음식물 쓰레기는 일반 쓰레기와 함께 배출해주세요.,a
train_0161.jpg,train/train_0161.jpg,메뉴판에 따르면 '메가에이드'의 가격은 얼마인가요?,4.4,2.5,3.9,3.5,c
train_0162.jpg,train/train_0162.jpg,이미지의 전광판에 적힌 내용은 무엇인가요?,경기 종료를 알립니다,우천으로 인해 경기가 시작이 지연되었습니다,다음 경기는 내일입니다,경기 시간이 변경되었습니다,b
train_0163.jpg,train/train_0163.jpg,"이 편지 안내문에 따르면, 편지를 받고 싶은 날짜를 언제로 지정할 수 있나요?",2027년 내 아무 날짜나 선택 가능,2028년 내 아무 날짜나 선택 가능,2026년 내 아무 날짜나 선택 가능,2027년 3월 6일로만 지정 가능,a
train_0164.jpg,train/train_0164.jpg,왼쪽 문 위에 적혀 있는 간판의 글자는 무엇인가요?,회조여관,서울여관,복덕방,서울복덕방,d
train_0165.jpg,train/train_0165.jpg,이 승강기는 어떤 용도의 승강기인가요?,전기용 승강기,고객용 승강기,비상용 승강기,화물용 승강기,b
train_0166.jpg,train/train_0166.jpg,왼쪽 건물 간판에 적힌 연구소 이름은 무엇인가요?,심리 평가 교육 센터,미술치료 연구소,아동청소년 발달심리 연구소,청소년 상담센터,c
train_0167.jpg,train/train_0167.jpg,이 그림 속에 보이는 간판에 적힌 식당 이름은 무엇인가요?,동루,대동루,대동식당,동경식당,b
train_0168.jpg,train/train_0168.jpg,두툽상어 수정란에서 부화까지 소요되는 시간은 얼마인가요?,약 100일,약 50일,약 30일,약 10일,a
train_0170.jpg,train/train_0170.jpg,이 사진 속 네온사인에 적힌 글자는 무엇인가요?,VGOD,Two_x Vape,Ecigagallery,Monster,c
train_0171.jpg,train/train_0171.jpg,이미지 속 우유팩에 적힌 문구 중 올바른 내용은 무엇인가요?,서울우유는 우유를 사용하지 않습니다.,서울우유는 과일 우유만 만듭니다.,서울우유는 국산 우유를 사용합니다.,서울우유는 수입 우유를 사용합니다.,c
train_0172.jpg,train/train_0172.jpg,이 건물의 주소는 무엇인가요?,테헤란로 221,역삼로 212,강남대로 212,테헤란로 212,d
train_0173.jpg,train/train_0173.jpg,이 음료수 병 라벨에 적힌 음료 이름은 무엇인가요?,블랙 보리,흰 쌀 보리,검은 콩차,초록 보리,a
train_0174.jpg,train/train_0174.jpg,이미지에 적힌 '기본 에티켓을 충실히 지킨다'에서 교육에 해당하는 내용은 무엇인가요?,채용 과정 중 진중한 태도와 마음가짐을 유지한다.,SW·AI는 협업할수록 성장 기회가 커진다.,"시간약속, 바른 언행, 정리정돈 등 에티켓을 준수한다.",취업 후 업계 정보를 공유하는 인적 네트워크로 발전시킨다.,c
train_0176.jpg,train/train_0176.jpg,이 배너에는 어떤 프로젝트가 소개되어 있나요?,Rubber Duck Project Seoul 2022,Seoul Lantern Festival 2022,Han River Light Show 2022,Seoul Night Market 2022,a
train_0178.jpg,train/train_0178.jpg,이 간판에 적힌 가게 이름은 무엇인가요?,광주 수완점,인생을 걸었습니다,짬뽕 전문점,도야 짬뽕,d
train_0179.jpg,train/train_0179.jpg,사진 속 두유 제품 '매일두유'의 주요 특징으로 맞는 것은?,고당 저단백 저칼로리,고열량 고지방,저당 고단백 필수템,무설탕 저지방,c
train_0180.jpg,train/train_0180.jpg,이 비행기에 적힌 항공사 이름은 무엇인가요?,아시아나항공,대한항공,코리아익스프레스,에어코리아,b
train_0183.jpg,train/train_0183.jpg,이 이미지의 상단에 있는 'HIGH PRIORITY'라는 문구 바로 왼쪽에 있는 로고는 무엇인가요?,CNN,BBC,MTV,ESPN,c
train_0185.jpg,train/train_0185.jpg,이 가게에서 제공하는 와이파이 비밀번호는 무엇인가요?,guestwifi,wifi1234,afjg28fk22,password2024,c
train_0186.jpg,train/train_0186.jpg,이 건물에 입주해 있는 병원이나 클리닉 이름으로 올바른 것은 무엇인가요?,청담한의원,리앤웰성형외과의원,강남피부과,서울내과의원,b
train_0187.jpg,train/train_0187.jpg,이 이미지에 보이는 케첩 봉지에 적힌 문구는 무엇인가요?,스파이시 소스,머스타드 소스,칠리 소스,토마토 케첩,d
train_0188.jpg,train/train_0188.jpg,이 간판에 적힌 음식 종류는 무엇인가요?,오코노미야키와 철판구이,회와 초밥,카레와 돈부리,스시와 라멘,a
train_0189.jpg,train/train_0189.jpg,이 건물 외벽에 걸린 대형 광고판에 적힌 브랜드 이름은 무엇인가요?,Gucci,Prada,Chanel,miu miu,d
train_0190.jpg,train/train_0190.jpg,이 버스 시간표에 따르면 평일 1번째 운행의 출발 시간은 언제인가요?,11:10,7:30,9:20,6:00,d
train_0191.jpg,train/train_0191.jpg,이 마트에서 핫도그 1+1 행사 가격은 얼마인가요?,"8,500원","12,000원","9,480원","10,000원",c
train_0192.jpg,train/train_0192.jpg,이 컵홀더의 가격은 얼마인가요?,"\10,800","\9,500","\11,900","\15,000",c
train_0193.jpg,train/train_0193.jpg,8월 4일 화요일 점심 B메뉴로 제공되는 파스타는 무엇인가요?,토마토카레라이스,맛초림탕수육,김가루양념밥,알리오올리오파스타,d
train_0194.jpg,train/train_0194.jpg,이 식당의 간판에 적힌 상호명은 무엇인가요?,마양곱창,마양닭갈비,마양양꼬치,마양갈비,c
train_0195.jpg,train/train_0195.jpg,이 간판에 적힌 문구의 내용은 무엇인가요?,커피 가격은 기절할 만큼 저렴합니다.,기절하지 않고도 맛있는 커피를 즐기실 수 있습니다.,기절할 만큼 맛있는 커피를 드셔보시고 기절 안 하면 기절 시켜드리겠습니다.,기절하는 맛의 커피를 제공합니다.,c
train_0197.jpg,train/train_0197.jpg,벽에 검은색으로 적힌 문구는 무엇인가요?,FREE PALESTINA,SAVE THE EARTH,WELCOME HOME,NO PARKING,a
train_0198.jpg,train/train_0198.jpg,벽에 있는 말풍선에는 무엇이라고 적혀 있나요?,안녕하세요,어서오세요,나랑갈래?,감사합니다,c
train_0200.jpg,train/train_0200.jpg,이 가게의 상호명은 무엇인가요?,부산순대국,한강순대,전국제일순대,서울순대국,c
train_0203.jpg,train/train_0203.jpg,냉장고 안에 있는 '달밤 장수 막걸리'의 가격은 얼마인가요?,"5,400원","2,350원","2,500원","4,500원",c
train_0206.jpg,train/train_0206.jpg,이 건물의 이름은 무엇인가요?,부산 사직 야구장,인천 문학 경기장,수원 케이티 위즈 파크,서울 야구장,c
train_0207.jpg,train/train_0207.jpg,'Okdol Cafe' 메뉴에서 아메리카노 가격은 얼마인가요?,"5,000","7,000","6,000","9,000",a
train_0208.jpg,train/train_0208.jpg,주차장 출구에 붙어 있는 안내문에 적힌 내용 중 올바른 것은 무엇인가요?,주차장 출구는 차량 진입 금지,운전자는 주차장 내에서만 속도 제한이 적용된다,주차장 출구에는 CCTV가 설치되어 있지 않음,차단바 접촉사고 주의 파손시 운전자 배상책임,d
train_0209.jpg,train/train_0209.jpg,사진 속 선반에 진열된 제품 중 '1+1' 행사 상품은 무엇인가요?,백설 참기름,명품 고추장,백설 사과식초,백설 양조간장,b
train_0210.jpg,train/train_0210.jpg,이 메뉴에서 메인 재료로 사용된 재료가 아닌 것은 무엇인가요?,감자,백목이버섯,찹쌀,닭,a
train_0211.jpg,train/train_0211.jpg,"'쓰레기 무단투기 금지' 안내문에 따르면, 무단투기를 적발했을 때 부과되는 과태료는 얼마 이하인가요?",5만원 이하,50만원 이하,100만원 이하,500만원 이하,c
train_0212.jpg,train/train_0212.jpg,"퀴즈노스 샌드위치 광고 포스터에 따르면, 7월 15일부터 제공되는 샌드위치 중 가장 긴 길이는 얼마인가요?",30cm,25cm,15cm,20cm,a
train_0213.jpg,train/train_0213.jpg,이 곳에 주차를 하면 부과되는 과태료는 얼마인가요?,5만원 즉시 과태료 구간,10만원 즉시 과태료 구간,12만원 즉시 과태료 구간,8만원 즉시 과태료 구간,d
train_0214.jpg,train/train_0214.jpg,SPAO 건물 내 3층에 위치한 곳은 어디인가요?,노리터·보드게임카페,용가 한의과의원,CrossFit BARO,데이즈,a
train_0216.jpg,train/train_0216.jpg,이 만화책 시리즈의 제목은 무엇인가요?,드래곤볼,원피스,하이큐!!,나루토,c
train_0217.jpg,train/train_0217.jpg,건물에 걸려 있는 임대 광고에서 임대 가능한 면적은 얼마인가요?,1000 SQUARE METRES,1600 SQUARE METRES,1400 SQUARE METRES,1200 SQUARE METRES,c
train_0218.jpg,train/train_0218.jpg,손을 올바르게 씻을 때 손가락 사이를 씻는 단계는 몇 번째인가요?,세 번째,두 번째,네 번째,첫 번째,a
train_0220.jpg,train/train_0220.jpg,이 건물에 입점한 돈까스 전문점의 이름은 무엇인가요?,오박사네 순두부 전문점,오박사네 비빔밥 전문점,오박사네 돈까스 전문점,오박사네 김치찌개 전문점,c
train_0221.jpg,train/train_0221.jpg,사진 속 쓰러져 있는 자전거에 적힌 브랜드 이름은 무엇인가요?,lime,ALWAYS GREAT VALUE,Santander,McDonald's,a
train_0222.jpg,train/train_0222.jpg,이 표지판에 적힌 문구의 내용은 무엇인가요?,항상 누군가는 당신의 가치를 보지 않을 것이다. 당신이 그러지 않도록 하라.,이 구역은 출입 통제 구역입니다.,여기에 들어가는 것은 금지되어 있습니다.,쓰레기를 버리지 마세요.,a
train_0223.jpg,train/train_0223.jpg,이미지 속 책 제목 중 '노사관계론'과 관련된 책의 출판판 수는 몇 판인가요?,제6판,제4판,제2판,제3판,d
train_0224.jpg,train/train_0224.jpg,이 영화 포스터에 나온 캐릭터의 이름은 무엇인가요?,케빈,헨리,스튜어트,데이브,b
train_0225.jpg,train/train_0225.jpg,이 사진에 적힌 페스티벌 이름은 무엇인가요?,SEOUL MUSIC FESTIVAL 2024,BUSAN JAZZ FESTIVAL 2024,DAEGU CLASSIC FESTIVAL 2024,INCHEON PENTAPORT ROCK FESTIVAL 2024,d
train_0226.jpg,train/train_0226.jpg,사진 속 간판에 적힌 업종은 무엇인가요?,미용실,사주,서점,치킨집,b
train_0227.jpg,train/train_0227.jpg,이 건물에 위치한 은행의 이름은 무엇인가요?,한국은행,IBK 기업은행,외국환은행,국민은행,b
train_0228.jpg,train/train_0228.jpg,이미지에 보이는 보드게임에서 'FASCIST ARTICLE' 카드가 놓여진 보드는 어떤 색인가요?,파란색,빨간색,노란색,초록색,b
train_0229.jpg,train/train_0229.jpg,이케아에서 판매하는 'KUNGSFORS' 상품은 무엇입니까?,플라스틱 칼 3개,종이컵 3개,나무젓가락 3개,자석클립 3개,d
train_0230.jpg,train/train_0230.jpg,이 장소의 벽에 적힌 글자는 무엇인가요?,LOCKER,LOUNGE,LOBBY,OFFICE,a
train_0233.jpg,train/train_0233.jpg,"이미지에 보이는 안내문에 따르면, 강남차여성병원에 가려면 어느 역 몇 번 출구로 가야 하나요?",7호선 논현역 3번 출구,9호선 언주역 8번 출구,3호선 신사역 1번 출구,2호선 강남역 5번 출구,b
train_0234.jpg,train/train_0234.jpg,이미지 속에 적힌 글자는 무엇인가요?,Silent Moon,Happy Day,Magic Night,Dark Forest,c
train_0235.jpg,train/train_0235.jpg,"타오위안 공항에서 4명에서 7명까지 승객이 탑승할 경우, 픽업과 드롭오프를 합친 왕복 요금은 얼마인가요?","1,800 TWD","2,800 TWD","2,200 TWD","1,200 TWD",b
train_0238.jpg,train/train_0238.jpg,이 교통 안내판에 적힌 문구는 무엇인가요?,앞 차량과 거리 유지,정지선 준수 감사합니다,속도 제한 50km,좌회전 금지,b
train_0239.jpg,train/train_0239.jpg,이 지도의 현재 위치는 어디인가요?,B1 식품관 전문식당가 앞,B1 푸드코트 입구,B1 와인샵 입구,B1 ENTRANCE 근처,d
train_0240.jpg,train/train_0240.jpg,이 건물에 있는 헬스장 이름은 무엇인가요?,EM* 플러스 영수학원,allure hair.salon,기영현 수학 학원,리턴투핏,d
train_0241.jpg,train/train_0241.jpg,한우88도매장에서 임우일 전속모델 팬사인회가 열리는 날짜는 언제인가요?,2023년 7월 27일 일요일 20:00,2024년 7월 27일 토요일 18:30,2025년 8월 27일 일요일 19:00,2025년 7월 27일 일요일 19:30,d
train_0242.jpg,train/train_0242.jpg,얼큰이 공주칼국수에서 제공하는 메뉴가 아닌 것은 무엇인가요?,피자,보쌈,족발,칼국수,a
train_0243.jpg,train/train_0243.jpg,이 사진관의 전화번호는 무엇인가요?,123-4567,02-345-6789,010-9876-5432,455-2346,d
train_0244.jpg,train/train_0244.jpg,이 건물 2층에 있는 업종은 무엇인가요?,정육식당,사진 스튜디오,중국 마사지,한의원,c
train_0247.jpg,train/train_0247.jpg,"이 이미지에서 '광고상품'으로 판매되는 제품은 무엇이며, 가격은 얼마인가요?","크리스피 치킨텐더, 12,000원","닭강정, 8,500원","크리스피 너겟, 7,500원","CJ 고메너겟 450g, 9,980원",d
train_0248.jpg,train/train_0248.jpg,광복 80주년 기념 전시회의 제목은 무엇인가요?,"향수鄕愁, 고향을 그리다",기억과 희망,광복 80주년 특별전,고향의 풍경,a
train_0249.jpg,train/train_0249.jpg,이 주유소에서 경유 가격은 얼마인가요?,2363,1973,2000,1969,d
train_0251.jpg,train/train_0251.jpg,이 식당에서 팔지 않는 메뉴는 무엇인가요?,돼지국밥,내장국밥,김치찌개,수육백반,c
train_0252.jpg,train/train_0252.jpg,개성고등학교 운동장 개방 시간 중 평일 오후 시간은 언제인가요?,10:00~12:00,08:00~18:00,17:00~18:00,06:00~07:30,c
train_0253.jpg,train/train_0253.jpg,다음 중 '지각의 영향요인'에 관한 설명으로 맞는 것은 무엇인가요?,지각적 조직화는 Bottom-Up 요소와 무관하다.,Top-Down 요소는 자극적 특성에 해당한다.,소비자의 개인적 특성은 Bottom-Up 요소에 해당한다.,소비자들이 어떻게 지각할 것인지는 Top-Down과 Bottom-Up 요소에 영향을 받는다.,d
train_0254.jpg,train/train_0254.jpg,이 도로 표지판에 적혀 있는 문구는 무엇인가요?,주차 금지,속도 제한 50,횡단보도,상수도 소화전,d
train_0255.jpg,train/train_0255.jpg,이 건물에 있는 요가원의 이름은 무엇인가요?,지앤비 영어,CU 편의점,명품 우성 세탁,김경전 요가원,d
train_0256.jpg,train/train_0256.jpg,이 건물에 입주해 있는 편의점의 이름은 무엇인가요?,CU,세븐일레븐,이마트24,GS25,d
train_0257.jpg,train/train_0257.jpg,이 컵에 적혀 있는 문구는 무엇인가요?,SAMSUNG AI ACADEMY FOR ADULT,SAMSUNG SW ACADEMY FOR KIDS,SAMSUNG SW AI ACADEMY FOR YOUTH,SAMSUNG SW AI SCHOOL FOR YOUTH,c
train_0258.jpg,train/train_0258.jpg,이 건물 입구 위에 걸려 있는 현수막에 적힌 내용은 무엇인가요?,경영학과 국내 대학 평가 1위,자원환경공학과 QS 세계 대학 학과평가 자원공학분야 국내 1위 (세계 51-60위),컴퓨터공학과 세계 대학 학과평가 국내 1위 (세계 10위),의과대학 세계 100위권 진입 축하,b
train_0259.jpg,train/train_0259.jpg,이 식당 메뉴판에 표시된 순두부찌개의 가격은 얼마인가요?,"12,000원","10,000원","8,000원","6,000원",c
train_0260.jpg,train/train_0260.jpg,네비게이션 화면에서 다음에 가야 할 방향은 무엇인가요?,후진 36m,직진 36m,좌회전 393m,우회전 393m,b
train_0261.jpg,train/train_0261.jpg,"사진 속 간판들 중에서 '드림렌즈', '백내장', '건조증' 관련 진료를 하는 곳은 어디인가요?",유라인외과의원,에버즈영어,에코드림안과,현대한의원,c
train_0262.jpg,train/train_0262.jpg,이 바위에 적힌 '매봉'의 높이는 몇 미터인가요?,582.5m,5825m,585.2m,528.5m,a
train_0263.jpg,train/train_0263.jpg,이 컵의 용량은 얼마인가요?,24oz / 709mL,16oz / 500mL,32oz / 946mL,12oz / 355mL,a
train_0264.jpg,train/train_0264.jpg,우리동네 GS 앱으로 주문하면 어떤 서비스를 이용할 수 있나요?,당일 배달/예약픽업,3시간 배달/예약픽업,2시간 배달/바로픽업,1시간 배달/바로픽업,d
train_0265.jpg,train/train_0265.jpg,이 에스컬레이터 앞 바닥에 적힌 문구는 무엇과 함께 이동할 때 주의해야 한다고 안내하고 있나요?,반려동물과 함께해요!,어린이와 함께해요!,"유모차, 카트 전용",음식물 반입 금지,a
train_0266.jpg,train/train_0266.jpg,이 건물 입구 위에 적혀 있는 간판의 이름은 무엇인가요?,강남테크노타워,서울전자관,디지털파크,국제전자센터,d
train_0267.jpg,train/train_0267.jpg,효성과 함께하는 요요 마 첼로 리사이틀 공연은 언제 예술의전당에서 열리나요?,2023년 7월 6일 오후 9시,2023년 11월 2일 오후 7시 30분,2023년 11월 2일 오후 9시,2023년 7월 6일 오후 7시 30분,b
train_0268.jpg,train/train_0268.jpg,초콜릿 상자에 적힌 맛의 조합은 무엇인가요?,카라멜과 딸기,바닐라와 딸기,바일리스와 딸기,커피와 딸기,c
train_0269.jpg,train/train_0269.jpg,사진 속 건물에 적혀 있는 치과병원의 이름은 무엇인가요?,구미예치과병원,디스커버리,남경비양재,네셔널지오그래픽,a
train_0270.jpg,train/train_0270.jpg,식당 출구 안내문에 따라 식당 출구를 가기 위해서는 어떻게 해야 하나요?,계단으로 이동 후 19층 엘리베이터를 이용하세요,바로 왼쪽으로 가세요,엘리베이터를 바로 이용하세요,식기 반납하는 곳으로 가세요,a
train_0271.jpg,train/train_0271.jpg,이 건물에 위치한 이비인후과의 이름은 무엇인가요?,연세으뜸 이비인후과,두리한의원,KB국민은행,노은산부인과,a
train_0272.jpg,train/train_0272.jpg,이 안내문에 따르면 19층 엘리베이터를 이용하려면 어떻게 해야 하나요?,직접 19층 엘리베이터를 이용한다,계단 대신 에스컬레이터를 이용한다,계단으로 이동 후 19층 엘리베이터를 이용한다,19층까지 걸어서 올라간다,c
train_0273.jpg,train/train_0273.jpg,이 지하 주차장 입구에 적혀 있는 차량 높이 제한은 얼마인가요?,2.5M,3.0M,1.5M,2.0M,d
train_0276.jpg,train/train_0276.jpg,종이컵에 적힌 문구 중 올바른 것은 무엇인가요?,START DRINKING GOOD COFFEE,STOP DRINKING BAD COFFEE,START EATING GOOD SNACKS,STOP EATING BAD SNACKS,b
train_0277.jpg,train/train_0277.jpg,이 조각상의 이름은 무엇인가요?,TROLLFJELLEN,TROLLDALEN,TROLLVEGGEN TROLLET,TROLLSKOGEN,c
train_0279.jpg,train/train_0279.jpg,이 사진의 간판에 적힌 커피숍 이름은 무엇인가요?,하늘커피,유동커피,카페드림,청산커피,b
train_0280.jpg,train/train_0280.jpg,이 제품의 카카오 함량은 얼마인가요?,90%,85%,72%,60%,c
train_0281.jpg,train/train_0281.jpg,"제주조릿대 관리방안 연구 안내판에 따르면, 연구가 진행되는 장소는 어디인가요?",제주도 해변가,한라산 정상,제주시 시내공원,한라산국립공원 진달래밭 일대,d
train_0282.jpg,train/train_0282.jpg,이 빵집에서 '에그타르트'의 가격은 얼마인가요?,4.5,3.8,5.6,3.0,b
train_0283.jpg,train/train_0283.jpg,이 학원의 주요 학과가 아닌 것은 무엇인가요?,바리스타학과,외식조리학과,호텔경영학과,제과제빵학과,c
train_0284.jpg,train/train_0284.jpg,이 사진 속 AED(자동 심장 제세동기) 설치함에 적힌 서비스 전화번호는 무엇인가요?,010-9876-5432,1599-3233,1800-1234,02-3456-7890,b
train_0286.jpg,train/train_0286.jpg,가게 간판에 적힌 초밥 종류에 포함되지 않은 것은 무엇인가요?,사시미,우동,숙성연어,초밥,b
train_0287.jpg,train/train_0287.jpg,사진 속 냉동식품 진열대에 적힌 전단세일 상품은 무엇인가요?,"해태 고향만두 300g+300g 4,800원","오양 고기포자 1,400원","매콤한 김말이 튀김 8,900원","롯데 리터키 핫도그 1,200원",a
train_0288.jpg,train/train_0288.jpg,도로에 노란색으로 적힌 글씨는 무엇인가요?,속도제한,일단정지,천천히 운전,주차금지,b
train_0289.jpg,train/train_0289.jpg,사진 속 상점의 노란색 간판에 적힌 가게 이름은 무엇인가요?,MOM'S TOUCH & PIZZA,MEGA COFFEE,KIA 자동차 매장,Hair ID #172,a
train_0290.jpg,train/train_0290.jpg,이 무대 위에 적힌 문구는 무엇인가요?,DREAM BIG,BELIEVE IN LOVE,HAPPINESS FOREVER,LOVE IS LIFE,b
train_0293.jpg,train/train_0293.jpg,소화전 사용법 중 '밸브닫기'는 어떤 순서에 해당하나요?,2번,1번,3번,4번,d
train_0294.jpg,train/train_0294.jpg,사진 속 대형 전광판에서 보이는 맥주 브랜드는 무엇인가요?,Yebisu,Asahi,Kirin,Sapporo,b
train_0295.jpg,train/train_0295.jpg,이 장소의 안내문에 따르면 어떤 서비스를 온라인으로 신청할 수 있나요?,자동차 등록증 발급,온라인 신청 면허증 찾는 곳,여권 신청,주민등록증 재발급,b
train_0296.jpg,train/train_0296.jpg,이 제품 포장지에 적힌 브랜드 이름은 무엇인가요?,BRICKSAND BUSAN,BRICKSAND SEOUL,BRICKSAND TOKYO,BRICKLAND SEOUL,b
train_0297.jpg,train/train_0297.jpg,사진에 보이는 'JK피부과'는 몇 층에 위치해 있나요?,7층,5층,3층,10층,b
train_0298.jpg,train/train_0298.jpg,이미지 속 빨간색 간판에 적힌 문구 중 '유치권 행사중' 아래에 적힌 내용은 무엇인가요?,본 게시물 무단사용시 경고장 발부함,본 게시물 훼손시 권리행사 방해죄로 형사고발 조치함,본 게시물 도난시 경찰에 신고함,본 게시물 무단복제시 민사소송 제기함,b
train_0299.jpg,train/train_0299.jpg,사진 속 문구 중 '반대편 사람 주의!'가 적힌 표지판은 무엇을 경고하고 있나요?,문을 세게 닫지 말라는 경고,문에 부딪히지 말라는 경고,문이 자동으로 열리는 안내,문을 밀어서 열라는 안내,b
train_0300.jpg,train/train_0300.jpg,이 건물의 3층에 있는 가게 이름은 무엇인가요?,방탈출카페,전국 1등 가차샵,보드카페,히든토이,a
train_0301.jpg,train/train_0301.jpg,이 청바지 가격표에 적힌 할인율은 얼마인가요?,-90%,-70%,-30%,-50%,b
train_0302.jpg,train/train_0302.jpg,이 건물에 있는 병원의 이름은 무엇인가요?,곽요양병원,혈액투석재활치료,더블루원허브,1359,a
train_0303.jpg,train/train_0303.jpg,이 소주 병에 적힌 알코올 도수는 얼마인가요?,15%,25%,30%,20%,b
train_0304.jpg,train/train_0304.jpg,신호사로76번길 65번지 건물의 3층 호실 번호는 무엇인가요?,"301, 302",401,"201, 202, 203, 204, 205","101, 102, 103, 104",a
train_0305.jpg,train/train_0305.jpg,이 사진 속 간판에 적힌 문구는 무엇인가요?,Fitness Center,No Smoking Area,Cardio Zone,Free Weight Zone,d
train_0306.jpg,train/train_0306.jpg,이 도로 위 전광판에 적힌 문구의 내용은 무엇인가요?,용인시 교통사고 다발지역 안내,용인시 도로 공사 중입니다,용인시 이동식 무인단속 부스 운용,용인시 버스 전용차로 운영 안내,c
train_0307.jpg,train/train_0307.jpg,이 옷 태그에 적힌 셔츠의 가격은 얼마인가요?,"39,900원","59,900원","49,900원","69,900원",c
train_0308.jpg,train/train_0308.jpg,사진 속 간판 '풍년 참숯 갈비'에서 강조하고 있는 고기의 특징은 무엇인가요?,유기농 한우 갈비,즉석에서 구워 먹는 소 갈비,저렴한 가격의 양념 갈비,30년 전통 수제 돼지 갈비,d
train_0309.jpg,train/train_0309.jpg,사진 속 간판에 적힌 문구 중 '전에' 다음에 나오는 단어는 무엇인가요?,막걸리,한잔,감성마을,콩국수,a
train_0310.jpg,train/train_0310.jpg,이 간장의 특징으로 올바른 것은 무엇인가요?,두 번 달여 더 진한 진간장,인공 첨가물이 들어간 간장,한 번 달여 순한 간장,저염 간장,a
train_0311.jpg,train/train_0311.jpg,사진 속 노래방 입구에 적힌 상호명은 무엇인가요?,들깨칼국수 노래방,폭포수 노래방,목사발 노래방,코다리조림 노래방,b
train_0312.jpg,train/train_0312.jpg,2025년 가을 학기 'CAREER DEVELOPMENT SPECIAL LECTURES'에서 11월 17일 월요일에 진행되는 강의 주제는 무엇인가요?,Is Becoming a Realtor the Only Path in Real Estate?,Opportunities in International Trade,Malaysia-ASEAN Engagement in Contemporary Asia,From Cheil to the Best: How to Build Your Own Career Path,a
train_0313.jpg,train/train_0313.jpg,이 아이스크림 포장지에 적혀 있는 문구는 무엇인가요?,축하해♥,행복해♥,고마워♥,사랑해♥,d
train_0314.jpg,train/train_0314.jpg,이 표지판에 적힌 '세계문화유산 수원화성'은 무엇을 의미하나요?,홍콩의 관광명소,남극 대륙의 기지,수원에 있는 세계문화유산인 화성,서울에 있는 유명한 공원,c
train_0317.jpg,train/train_0317.jpg,2026 한강 밤샘 캠핑 행사는 어디에서 열리나요?,서울숲 공원,올림픽공원,"여의도, 뚝섬 한강공원",한강 잠실지구,c
train_0318.jpg,train/train_0318.jpg,이 표지판에 적힌 경비업체 이름은 무엇인가요?,안심보안,에스원,경비원,세콤,b
train_0319.jpg,train/train_0319.jpg,이 가게의 이름은 무엇인가요?,영등포/상역,이번역은 야장역입니다,영등포역,야장역,d
train_0320.jpg,train/train_0320.jpg,이 간판에 적힌 가게 이름은 무엇인가요?,육회바른 연어,바른 고기집,회와 연어 전문점,신선한 회전초밥,a
train_0321.jpg,train/train_0321.jpg,이 천 표지에 적힌 문구는 무엇인가요?,책과 마음과 불꽃,사랑과 책과 촛불,책 읽는 즐거움,읽고 또 읽고 읽고 또 읽고 또,d
train_0322.jpg,train/train_0322.jpg,이 건물 3층에 위치한 업소는 무엇인가요?,빅사리 코인 노래 연습장,ABC-MART,킹스맨,코드 PC방,d
train_0324.jpg,train/train_0324.jpg,이 건물 3층에 위치한 곳의 이름은 무엇인가요?,원탑 실내 테니스 아카데미,EX 7:in 인테리어,KIDS BAY,벅스 스터디 카페,c
train_0325.jpg,train/train_0325.jpg,이 생수병에 적혀 있는 브랜드 이름은 무엇인가요?,제주 삼다수,아이시스,삼다수,백산수,d
train_0326.jpg,train/train_0326.jpg,이 포스터에 나온 뮤지컬 '데스노트'의 공연 기간은 언제부터 언제까지인가요?,2025.10.14 ~ 2026.05.25,2025.09.01 ~ 2026.04.30,2025.11.01 ~ 2026.06.01,2024.10.14 ~ 2025.05.25,a
train_0327.jpg,train/train_0327.jpg,이미지에 보이는 공사 중 표지판에 따르면 공사 구간은 앞으로 몇 미터 앞에 있나요?,150m 앞,50m 앞,100m 앞,200m 앞,c
train_0328.jpg,train/train_0328.jpg,사진에 보이는 틴트 제품 중 체리 색상 이름은 무엇인가요?,Cherry Drop,Grape Drop,Nudy Drop,Peach Drop,a
train_0329.jpg,train/train_0329.jpg,이 벽에 걸려 있는 포스터들은 어느 국립공원을 주제로 하고 있나요?,로키 산 국립공원,옐로스톤 국립공원,그랜드 캐니언 국립공원,요세미티 국립공원,d
train_0330.jpg,train/train_0330.jpg,이 길 안내 표지판에 따르면 '킨텍스역(GTX-A)' 방향은 어디인가요?,직진,오른쪽,왼쪽,뒤쪽,c
train_0332.jpg,train/train_0332.jpg,이 간판에 적힌 운송 서비스 내용 중 올바른 것은 무엇인가요?,국내 택시 운송,일반 택배 운송,조선기자재 운송,해외 화물 운송,c
train_0333.jpg,train/train_0333.jpg,이 사진 속 벽에 적힌 간판의 내용은 무엇인가요?,KODAK MINI SHOT WORLD,KODAK WORLD MINI SHOT,WORLD MINI KODAK SHOT,MINI SHOT KODAK WORLD,a
train_0334.jpg,train/train_0334.jpg,위 이미지에 보이는 노란색 간판에는 무엇이라고 적혀 있나요?,무행사주 2층,연희공방,무형문화재,전통 매듭과 서사리 공방 상품,a
train_0335.jpg,train/train_0335.jpg,생활쓰레기 불법 투기 시 부과되는 과태료는 얼마인가요?,200만원,100만원,500만원,50만원,b
train_0336.jpg,train/train_0336.jpg,이 사진 속 햄버거 포장지에 적힌 브랜드명은 무엇인가요?,FIVE GUYS,WHOPPER,KING BURGER,BIG MAC,b
train_0337.jpg,train/train_0337.jpg,이 표지판에 적힌 한글 글자는 무엇인가요?,주차장,출입금지,대피소,화장실,c
train_0338.jpg,train/train_0338.jpg,이 간판에 적힌 가게 이름은 무엇인가요?,사랑어묵,정다운오뎅,애정오뎅,맛있는오뎅,c
train_0340.jpg,train/train_0340.jpg,벽에 파란색으로 적힌 글씨는 무엇인가요?,김남호날두,이남호날두,이남호날다,이남동날두,b
train_0341.jpg,train/train_0341.jpg,칠판 위에 붙어 있는 '야구 금지' 안내문의 내용은 무엇인가요?,자전거 주차 금지,야구 금지,음식물 반입 금지,휴대폰 사용 금지,b
train_0342.jpg,train/train_0342.jpg,이 버스의 청소년 요금은 얼마인가요?,\2300,\1600,\2500,\3200,a
train_0343.jpg,train/train_0343.jpg,트릭컬 100일 기념 행사는 어디에서 열리나요?,in 강남,in 홍대,in 인천,in 부산,b
train_0344.jpg,train/train_0344.jpg,이 가게 입구에 적혀 있는 문구는 무엇인가요?,#서울 입구입니다.,#부산 입구입니다.,#제주 입구입니다.,#대구 입구입니다.,c
train_0345.jpg,train/train_0345.jpg,착즙 주스 중에서 1리터(1L)짜리 주스의 가격이 가장 비싼 것은 무엇인가요?,"착즙 토마토 주스 1L - 10,000원","착즙 자몽 주스 1L - 10,000원","착즙 파인애플포도 125ml - 2,000원","착즙 오렌지 주스 1L - 11,000원",d
train_0346.jpg,train/train_0346.jpg,사진 속 편의점 유리창에 적힌 문구는 무엇인가요?,Nice to CU,Welcome to CU,Happy to CU,Thanks to CU,a
train_0347.jpg,train/train_0347.jpg,조아라산부인과 의원이 위치한 층은 어디인가요?,11층,8층,10층,9층,d
train_0348.jpg,train/train_0348.jpg,"이 편의점 입구에 붙어 있는 할인 행사 안내문에 따르면, 전 상품 구매 시 적용되는 할인율은 얼마인가요?",70% 할인,30% 할인,10% 할인,50% 할인,d
train_0349.jpg,train/train_0349.jpg,이 음식점에서 전문적으로 판매하는 음식은 무엇인가요?,"삼겹살, 갈비","김치찌개, 된장찌개","대구탕, 생아구수육","비빔밥, 불고기",c
train_0350.jpg,train/train_0350.jpg,이 가게의 이름은 무엇인가요?,한국음식점,맛있는집,호우집,한식당,c
train_0351.jpg,train/train_0351.jpg,이 제품의 가격은 얼마인가요?,"\4,000","\3,500","\3,000","\4,500",b
train_0352.jpg,train/train_0352.jpg,이 건물과 트럭에 공통으로 적혀 있는 회사 이름은 무엇인가요?,모트라스,현대모터스,현대자동차,모비스,a
train_0353.jpg,train/train_0353.jpg,이 부동산 사무소의 전화번호는 무엇인가요?,010-5555-6666,010-9876-5432,010-1234-5678,010-7620-3897,d
train_0354.jpg,train/train_0354.jpg,이미지에 보이는 간판 중 '변호사 법률사무소 청안'이 위치한 층은 어디인가요?,4층,3층,2층,1층,c
train_0355.jpg,train/train_0355.jpg,이 카페의 이름은 무엇인가요?,CAFE COFFEE,CAFE CHOI,CHOI BAKERY,CHOI DESSERT,b
train_0357.jpg,train/train_0357.jpg,이 아이스크림의 이름은 무엇인가요?,초코 우유 아이스크림,바닐라 초코볼,딸기 요거트 초코볼,허니 요거트 초코볼,d
train_0358.jpg,train/train_0358.jpg,냉장고 문에 붙어 있는 '양념치킨 소스' 병에 적혀 있는 제조사 이름은 무엇인가요?,해태,오뚜기,농심,롯데,b
train_0360.jpg,train/train_0360.jpg,사진에 보이는 '정육점' 간판에 적힌 상호명은 무엇인가요?,창우 정육관,창우 정육점,창립 정육관,창립 정육점,b
train_0362.jpg,train/train_0362.jpg,이 사진에 보이는 건물의 이름은 무엇인가요?,광주국제문화센터,서울문화예술회관,부산국제영화관,대전문화예술센터,a
train_0364.jpg,train/train_0364.jpg,이 쌀과자에 적힌 주요 성분 함유량은 얼마인가요?,버터 25% 함유,설탕 30% 함유,쌀 56% 함유,우유 10% 함유,c
train_0366.jpg,train/train_0366.jpg,이 장소에서 금연구역 관련 위반 시 부과되는 과태료는 얼마인가요?,20만원,15만원,10만원,5만원,c
train_0367.jpg,train/train_0367.jpg,이 음식점의 이름은 무엇인가요?,용호전골,송도낙지,낙곱새,용호낙지,d
train_0368.jpg,train/train_0368.jpg,이 건물에 위치한 교회의 이름은 무엇인가요?,밴드락,빛이 되는 교회,기독교한국침례회,코인노래연습장,b
train_0369.jpg,train/train_0369.jpg,꾸이맨 제품의 내용량과 칼로리는 얼마인가요?,40g (150 kcal),30g (110 kcal),50g (200 kcal),25g (90 kcal),b
train_0371.jpg,train/train_0371.jpg,사진 속 위스키 상자에 적힌 제품 이름은 무엇인가요?,FUJIYAMA WHISKY,MOUNT FUJI WHISKY,JAPAN PREMIUM WHISKY,THE FUJISAN WHISKY,d
train_0372.jpg,train/train_0372.jpg,이 건물 3층에 위치한 사무실 중 세무 관련 업무를 하는 곳은 어디인가요?,고속 복사,법률 상담,다온 행정사 사무소,청담 세무 회계,d
train_0373.jpg,train/train_0373.jpg,사진 속 초록색 병에 적힌 술의 종류는 무엇인가요?,진로,참이슬,처음처럼,한라산,b
train_0374.jpg,train/train_0374.jpg,"소화기 사용법 안내에 따르면, 손잡이를 어떻게 해야 하나요?",손잡이를 누르지 않는다.,손잡이를 꽉 움켜쥔다.,손잡이를 천천히 돌린다.,손잡이를 위로 당긴다.,b
train_0375.jpg,train/train_0375.jpg,이 제품의 이름과 주성분은 무엇인가요?,BRINGGREEN VITAMIN C 50% SOOTHING GEL,BRINGGREEN ALOE 97% SOOTHING GEL,BRINGGREEN HONEY 80% MOISTURIZING CREAM,BRINGGREEN ALOE 50% MOISTURIZING LOTION,b
train_0376.jpg,train/train_0376.jpg,이 주차장 출입구에 적힌 차량 제한 높이는 얼마인가요?,2.0M,1.8M,2.3M,3.0M,c
train_0377.jpg,train/train_0377.jpg,사진에 보이는 소주 병 라벨에 적힌 브랜드 이름은 무엇인가요?,새로,처음처럼,한라산,참이슬,a
train_0378.jpg,train/train_0378.jpg,이 경기장의 이름은 무엇인가요?,인천-롯데 야구장,광주-기아 챔피언스 필드,서울-두산 베어스 파크,부산-삼성 스타디움,b
train_0379.jpg,train/train_0379.jpg,이 책의 제목은 무엇인가요?,알면 알수록 똥 이야기,개포하늘꿈도서관,슈퍼 똥쟁이들,동물들의 신기한 똥,c
train_0380.jpg,train/train_0380.jpg,이 가게의 상호명은 무엇인가요?,더라,분양 문의,동춘구제 도소매,MEG,c
train_0382.jpg,train/train_0382.jpg,이 표지판에 안내된 시험장의 이름은 무엇인가요?,한국산업인력공단 본사 시험장,서울과학고등학교 실기 시험장,용산철도고등학교 면접 시험장,용산철도고등학교 기사필답 시험장,d
train_0384.jpg,train/train_0384.jpg,"텀벙놀이터(물놀이장) 운영 안내에 따르면, 2026년 텀벙놀이터의 운영 기간은 언제부터 언제까지인가요?",2026년 6월 1일 ~ 7월 31일,2026년 7월 1일 ~ 7월 24일,2026년 8월 1일 ~ 8월 31일,2026년 7월 24일 ~ 8월 18일,d
train_0385.jpg,train/train_0385.jpg,사진 속 PC방 이름은 무엇인가요?,한마음 세탁,High-end PC Cafe,473-3349,Allben PC,d
train_0386.jpg,train/train_0386.jpg,이 사진에 보이는 파란색 간판에 적힌 상호명은 무엇인가요?,올레미노래,후오,티사무가구,한돈구이,c
train_0387.jpg,train/train_0387.jpg,패스트푸드 포장지에 적힌 문구는 무엇인가요?,CRY CHEESE FRIES,CRY CHEESE SANDWICH,CRY CHEESE BURGER,CRY CHEESE PIZZA,c
train_0388.jpg,train/train_0388.jpg,이 건물 벽에 붙어 있는 여러 표지판 중에서 금연 구역임을 알리는 표지판에는 어떤 문구가 적혀 있나요?,CCTV 안내문,에스원,금연구역,소방안전관리자 현황표,c
train_0389.jpg,train/train_0389.jpg,사진 속 조형물에 적힌 문구는 무엇인가요?,WELCOME BUSAN,HELLO JEJU,WELCOME JEJU,HELLO SEOUL,b
train_0390.jpg,train/train_0390.jpg,이 가게의 이름은 무엇인가요?,한양 부티크,한강 마켓,서울 가게,부산 상점,a
train_0392.jpg,train/train_0392.jpg,이 중국 음식점의 영업 시작 시간은 언제인가요?,오후 12시,오후 1시,오전 10시,오전 11시,d
train_0394.jpg,train/train_0394.jpg,이 가게에서 판매하는 '꽃빙수'에 대해 설명한 내용 중 맞는 것은 무엇인가요?,빙수는 밀가루로 만든 빵 종류이다,빙수는 불란서에서 유래한 음식이다,빙수는 겨울에 먹는 따뜻한 음식이다,빙수는 얼음이 꽃처럼 맺힌 여름 별미이다,d
train_0395.jpg,train/train_0395.jpg,이 위스키 상자에 적힌 숙성 연수는 몇 년인가요?,10년,12년,15년,18년,c
train_0396.jpg,train/train_0396.jpg,이 건물에 입점해 있는 상점의 이름은 무엇인가요?,Salvatore Ferragamo,Gucci,Louis Vuitton,Prada,a
train_0397.jpg,train/train_0397.jpg,사진 속 음료 컵에 적힌 메뉴 이름은 무엇인가요?,화이트 아메리카노 ICE,그린 티 라떼,아이스 카페라떼,핫 초코,a
train_0398.jpg,train/train_0398.jpg,이 트럭 광고에서 안내하는 치과 치료가 아닌 것은 무엇인가요?,임플란트 이용 틀니,임플란트 재수술,임플란트 전체임플란트,치아미백,d
train_0399.jpg,train/train_0399.jpg,이 사진 속 간판에 적힌 카페 이름은 무엇인가요?,CAFE COMMA.,CAFE COMMA,CAFE COMMA;,"CAFE COMMA,",d
train_0400.jpg,train/train_0400.jpg,사진 속 약국 이름은 무엇인가요?,수온누리약국,센스데이청,역삼문구,비타스틱,a
train_0401.jpg,train/train_0401.jpg,이미지에 나온 스누피 캐릭터 중 탐정 역할을 하는 캐릭터의 이름은 무엇인가요?,FIERCE PIRATE,FLASH BEAGLE,SUPER MARVEL,SECRET AGENT,d
train_0402.jpg,train/train_0402.jpg,이 모니터의 모델명은 무엇인가요?,LC24F390FH,S24R350F,LC27R500FHKXKR,LC32T550F,c
train_0403.jpg,train/train_0403.jpg,사진에 보이는 '강남구' 문구 바로 아래에 적힌 문구는 무엇인가요?,강남구청입니다. 환영합니다.,강남을 사랑합니다. 모두 함께!,강남을 힘차게! 구민을 신나게! 강남 대전환!!,"강남구, 행복한 도시",c
train_0404.jpg,train/train_0404.jpg,이 음료의 맛은 무엇인가요?,사과맛,바나나맛,딸기맛,포도맛,c
train_0405.jpg,train/train_0405.jpg,거리의 간판에 적힌 'Daily Specials' 메뉴 중 가격이 가장 비싼 것은 무엇인가요?,Happy Hour 3PM-6PM,Tacos $14.95,Craft Beer on Tap!,Burger & Fries $16.95,d
train_0406.jpg,train/train_0406.jpg,벽에 걸려 있는 액자 중 'BEER'에 대해 설명하는 문구는 무엇인가요?,BEER IS ONLY FOR FRIENDS,BEER MAKES EVERYONE HAPPY,BEER IS THE BEST DRINK FOR FAMILY,BEER DOESN'T ASK SILLY QUESTIONS. BEER UNDERSTANDS,d
train_0409.jpg,train/train_0409.jpg,이 편의점 진열대 앞에 놓인 과일은 무엇인가요?,오렌지,사과,수박,바나나,c
train_0410.jpg,train/train_0410.jpg,이 제품에 적힌 브랜드 이름은 무엇인가요?,SAMSUNG,SONY,LG,APPLE,a
train_0411.jpg,train/train_0411.jpg,이 표지판에 적힌 문구 중 올바른 내용은 무엇인가요?,여기는 서울특별시입니다,여기는 과천시입니다,여기는 부산광역시입니다,여기는 인천광역시입니다,b
train_0413.jpg,train/train_0413.jpg,사진에 보이는 '원메이드' 간판에 적힌 전화번호는 무엇인가요?,010-8896-0305,010-9988-7766,010-1234-5678,02-8896-0305,a
train_0414.jpg,train/train_0414.jpg,이 자판기에서 판매하는 마스코트 시리즈의 이름은 무엇인가요?,스타워즈 피규어,디즈니 캐릭터 인형,UNDERTALE 캡슐 고무 마스코트,포켓몬 피규어 시리즈,c
train_0415.jpg,train/train_0415.jpg,이 건물에 있는 '스크린 사격' 관련 가게의 전화번호는 무엇인가요?,T.474-9222,T.473-2255,T.472-2244,T.471-2233,c
train_0416.jpg,train/train_0416.jpg,빨간 기둥에 붙어 있는 화살표 모양의 표지판에 적힌 글자는 무엇인가요?,광복로,부산역,한복 대여점,갈맷길,d
train_0417.jpg,train/train_0417.jpg,BLUEPOT의 100% 아라비카 핫 아메리카노 가격은 얼마인가요?,"\3,000","\1,800","\2,500","\2,100",d
train_0418.jpg,train/train_0418.jpg,이 아이스크림 포장지에 적힌 맛은 무엇인가요?,녹차 맛,바닐라 맛,딸기 맛,초코 크림,d
train_0419.jpg,train/train_0419.jpg,사진 속 표지판에 따르면 용인세브란스병원은 어느 방향에 있나요?,뒤쪽,오른쪽,왼쪽,직진,b
train_0420.jpg,train/train_0420.jpg,이 달력에 적혀 있는 연도는 무엇인가요?,2020,2021,2023,2022,d
train_0421.jpg,train/train_0421.jpg,이 건물에 적혀 있는 회사 이름은 무엇인가요?,NEXON Studio,NEXON Korea,NEXON Games,NEXON Networks,d
train_0422.jpg,train/train_0422.jpg,이 이미지에 보이는 간판에 적힌 음식 메뉴는 무엇인가요?,"오리 능이백숙, 오리 숯불구이","김치찌개, 된장찌개","불고기, 비빔밥","삼계탕, 닭볶음탕",a
train_0423.jpg,train/train_0423.jpg,신축 일월스타빌딩 임대에 관한 안내문에 적힌 전화번호는 무엇인가요?,02) 6003-5034,02) 6300-5430,02) 5003-6034,02) 6033-5043,a
train_0426.jpg,train/train_0426.jpg,이 가게의 간판에 적힌 상호명은 무엇인가요?,을지칼국수,을지전골,을지수제비,을지분식,c
train_0427.jpg,train/train_0427.jpg,이 카페의 이름은 무엇인가요?,PREMIUM,green brownie,bread & coffee,coffee & bread,b
train_0429.jpg,train/train_0429.jpg,이 표지판에서 '올라가는 곳'과 '내려가는 곳'을 각각 어디로 안내하고 있나요?,"올라가는 곳: 2F, 내려가는 곳: 지하주차장","올라가는 곳: 주차장, 내려가는 곳: 1F","올라가는 곳: 지하주차장, 내려가는 곳: 2F","올라가는 곳: 1F, 내려가는 곳: 주차장",d
train_0430.jpg,train/train_0430.jpg,다음 중 '구움과자 LIST'에 포함된 과자가 아닌 것은 무엇인가요?,초코초코,얼그레이,흑임자,바질크림치즈,c
train_0431.jpg,train/train_0431.jpg,사진 속 우편물 보관함에 적혀 있는 우체국 번호는 무엇인가요?,NO.11,NO.21,NO.31,NO.41,a
train_0432.jpg,train/train_0432.jpg,이 사진에 보이는 금속 표지판에 적힌 문구는 무엇인가요?,주차허용 PARKING ALLOWED,주차제한 PARKING RESTRICTED,주차구역 PARKING ZONE,주차금지 NO PARKING,d
train_0433.jpg,train/train_0433.jpg,"이 차량에 적힌 문구 중, 이 업체가 전문으로 하는 분야는 무엇인가요?",하수구 배관 청소,전기 수리,가구 조립,창문 청소,a
train_0434.jpg,train/train_0434.jpg,사진 속 간판에 적힌 상호명은 무엇인가요?,도시락 전문점,전자제품 매장,한식뷔페,농수축산 유통센터,d
train_0435.jpg,train/train_0435.jpg,"CCTV 설치 안내문에 따르면, CCTV 촬영 시간은 어떻게 되나요?",항상 촬영하지 않음,오전 6시부터 자정까지,오전 9시부터 오후 6시까지,24시간,d
train_0436.jpg,train/train_0436.jpg,이 냉장고 안에 진열된 '구운계란' 한 팩의 가격은 얼마인가요?,"2,200원","2,800원","3,000원","1,200원",a
train_0437.jpg,train/train_0437.jpg,이 간판에 적힌 가게 이름은 무엇인가요?,라운지 카페,라운지 볼링장,당구 카페,라운지 당구장,d
train_0438.jpg,train/train_0438.jpg,"리락쿠마 미니 인형 중 가격이 21,000원인 제품은 무엇인가요?",코리락쿠마,시로쿠마,플레이킹 리락쿠마 시장 콜라보,리락쿠마,d
train_0439.jpg,train/train_0439.jpg,이미지 속 메뉴판에 적힌 가격은 얼마인가요?,7200엔,5500엔,4800엔,6600엔,d
train_0440.jpg,train/train_0440.jpg,사진 속 간판에 적힌 음식점 이름은 무엇인가요?,한별리하우스,조용온,극동방송,선산 곱창,d
train_0441.jpg,train/train_0441.jpg,이 이미지에 나온 학습 순서 중 '직업 심리검사를 통해 직무 강점 발견하기'는 몇 번째 학습인가요?,학습 2,학습 3,학습 1,학습 4,b
train_0442.jpg,train/train_0442.jpg,사진 속 간판에 적힌 상호명은 무엇인가요?,아미플라테스,아미필라티스,아미필라테스,아미필라테,c
train_0443.jpg,train/train_0443.jpg,사진 속 빨간색 표지판에 적힌 문구는 무엇인가요?,쓰레기통,주차금지,주차가능,음식물쓰레기 전용수거용기,b
train_0444.jpg,train/train_0444.jpg,이 음식점의 이름은 무엇인가요?,TKG,나리김치,아오리,이오리소스,c
train_0445.jpg,train/train_0445.jpg,이 메뉴판은 어느 영화관의 VIP 메뉴판인가요?,CGV VIP,롯데시네마 VIP,씨네플렉스 VIP,메가박스 VIP,c
train_0448.jpg,train/train_0448.jpg,냉장고에 붙어 있는 장보기 목록에 포함되지 않은 것은 무엇인가요?,고기,계란,빵,우유,a
train_0449.jpg,train/train_0449.jpg,이 사진에 있는 조형물 하단에 적힌 문구는 무엇인가요?,너와 나의 서울  ·  서울의 관문 김포국제공항,서울은 대한민국의 수도입니다,김포국제공항에 오신 것을 환영합니다,서울의 아름다운 밤 풍경,a
train_0450.jpg,train/train_0450.jpg,이 건물 외벽에 적힌 '농구교실' 전화번호는 무엇인가요?,010-9876-5432,574-5949,123-4567,02-345-6789,b
train_0451.jpg,train/train_0451.jpg,이 표지판에 적힌 '불 끄기'의 영어 번역은 무엇인가요?,Stop fire,Turn off fire,Put out fires,Fire exit,c
train_0452.jpg,train/train_0452.jpg,이 화장지 포장지에 적힌 제품의 폭(너비)은 얼마인가요?,90mm,120mm,100mm,106mm,d
train_0453.jpg,train/train_0453.jpg,2025년 김해도서관에서 6월 26일에 열리는 인문강연의 주제는 무엇인가요?,천경자와 네덜란드 시절의 반 고흐 회화,프랑스 시절의 반 고흐 회화,김해교육지원청의 역사,영지대학교 미술사학과 교수 강연,b
train_0455.jpg,train/train_0455.jpg,"삼성청년 SW·AI 아카데미(SSAFY) 안내문에 따르면, 식당은 어느 층에 있나요?",1층,20층,30층,10층,b
train_0456.jpg,train/train_0456.jpg,"이 안내문에 따르면, 1인 세트 메뉴의 할인 전 가격은 얼마인가요?","14,000원","15,000원","30,000원","29,000원",b
train_0457.jpg,train/train_0457.jpg,이 이미지의 문구 중 SSAFY 16기를 축하하는 문장으로 올바른 것은 무엇인가요?,SSAFY 17기를 축하합니다,SSAFY 15기를 축하합니다,SSAFY 16기를 환영합니다,SSAFY 16기를 축하합니다,d
train_0458.jpg,train/train_0458.jpg,이 사진에 적힌 와이파이 비밀번호는 무엇인가요?,password!9876,wifi12345,network!2023,rowa!54321,d
train_0460.jpg,train/train_0460.jpg,이 사진에 보이는 간판에 적힌 글씨는 무엇인가요?,광주문화거리,부산해운대,서울타워,대전스카이로드,d
train_0461.jpg,train/train_0461.jpg,이 공항의 셀프 수하물 위탁 서비스 안내문에 적힌 문구는 무엇인가요?,Self Check-In,Flight Information,Baggage Claim,Self Bag Drop,d
train_0463.jpg,train/train_0463.jpg,"'e-편한세상' 건물 안내판에 따르면, 107호는 어느 방향에 있나요?",오른쪽,위쪽,아래쪽,왼쪽,a
train_0464.jpg,train/train_0464.jpg,이 가게 '껍질'에서 판매하는 제품은 무엇인가요?,신선한 과일과 채소,"14K, silver 주얼리 및 스마트폰 케이스",전자제품 및 가전제품,책과 문구류,b
train_0465.jpg,train/train_0465.jpg,이 가게에서 판매하는 메뉴가 아닌 것은 무엇인가요?,김치찌개,수육보쌈,모듬전,막걸리,a
train_0467.jpg,train/train_0467.jpg,사진 속 시장 골목에 보이는 빨간색 천막에 적힌 가게 이름은 무엇인가요?,BANANA,ORANGE,APPLE,TOMATO,d
train_0468.jpg,train/train_0468.jpg,"식당 출구 안내문에 따르면, 식당 출구에서 19층 엘리베이터를 이용하려면 어떻게 해야 하나요?",계단에서 뛰어 올라가기,엘리베이터를 바로 이용,직진 후 엘리베이터 이용,계단으로 이동 후 19층 엘리베이터 이용,d
train_0469.jpg,train/train_0469.jpg,이 사진에 보이는 CU 편의점 앞에 적혀 있는 문구 중 맞는 것은 무엇인가요?,Nice to See,Nice to CU 서초구,Nice to CU,Nice to CU 서울시,c
train_0470.jpg,train/train_0470.jpg,시티버스 운행 시간표에 따르면 1회차 안목발 시각은 몇 시인가요?,08:00,14:00,09:10,10:30,a
train_0471.jpg,train/train_0471.jpg,이 도로 표지판에서 제한 속도는 얼마로 표시되어 있나요?,50,60,30,40,a
train_0472.jpg,train/train_0472.jpg,"이 문구에서 '데잎크로바'를 찾았다고 했을 때, 오늘은 어떤 날이라고 표현하고 있나요?","슬픈 날, 힘든 날","바쁜 날, 피곤한 날","평범한 날, 무난한 날","즐거운 날, 행운이 가득한 날",d
train_0473.jpg,train/train_0473.jpg,이 사진에 보이는 지하철 출구 번호는 무엇인가요?,7번 출구,3번 출구,5번 출구,1번 출구,c
train_0474.jpg,train/train_0474.jpg,이 건물의 도로명주소는 무엇인가요?,월드컵로 186-6,월드컵로 187-6,월드컵로 187-5,월드컵로 188-6,b
train_0475.jpg,train/train_0475.jpg,사진 속 하리보 젤리 제품의 가격은 얼마인가요?,"1,000원","2,500원","3,000원","5,000원",b
train_0476.jpg,train/train_0476.jpg,이 지하철 안내도에서 1번 출구로 나가면 어디로 갈 수 있나요?,서울대병원 강남검진센터,대한사회복지회,도곡동 방면,역삼동,b
train_0477.jpg,train/train_0477.jpg,이 음식점 간판에 적힌 주된 메뉴는 무엇인가요?,불고기,닭갈비,돼지국밥,한우 곰탕,d
train_0478.jpg,train/train_0478.jpg,이 책의 제목은 무엇인가요?,SQL 자격검정 실전문제,데이터베이스 관리,SQL 기초 입문서,프로그래밍 언어 개론,a
train_0479.jpg,train/train_0479.jpg,2026 학하동 주민총회는 몇 월 며칠에 개최되나요?,6월 15일,8월 16일,7월 15일,7월 16일,d
train_0480.jpg,train/train_0480.jpg,사진 속 타이어 가게에서 진행하는 행사 중 '3+1' 이벤트는 어떤 품목에 적용되나요?,브레이크 패드,엔진 오일,배터리,타이어 전품목,d
train_0482.jpg,train/train_0482.jpg,SSAFY AI SONG 만들기 과정 중 '감성적이고 창의적인 가사'를 만드는 단계는 몇 번째인가요?,1단계 사전토의,4단계 SUNO AI와 SONG 만들기,2단계 스토리 키워드 정리,3단계 AI와 가사 제작하기,d
train_0483.jpg,train/train_0483.jpg,이 커피숍의 이름은 무엇인가요?,EDIYA COFFEE,커피빈,할리스커피,스타벅스,a
train_0484.jpg,train/train_0484.jpg,이 문에 붙어 있는 안내문에 적혀 있는 번호는 무엇인가요?,40번,39번,41번,42번,c
train_0485.jpg,train/train_0485.jpg,한상본가에서 제공하는 한식뷔페의 가격은 얼마인가요?,"10,000원","15,000원","5,000원","20,000원",a
train_0487.jpg,train/train_0487.jpg,이 장소에서 금연을 안내하는 표지판에 적힌 전화번호는 무엇인가요?,1522-7890,1588-1234,1600-4567,1544-9030,d
train_0489.jpg,train/train_0489.jpg,이 안내문에서 주의해야 할 상황은 무엇인가요?,비 올 때 전기 감전 주의,비 올 때 화재 주의,눈비 올 때 미끄럼 주의,눈 올 때 낙석 주의,c
train_0490.jpg,train/train_0490.jpg,노트에 적힌 숙제 목록 중 완료 표시가 된 것은 무엇인가요?,Read ch. 4,Study Kit,Notes,Worksheet,a
train_0491.jpg,train/train_0491.jpg,화면에 표시된 숫자 '99'는 무엇과 관련된 내용인가요?,노래방 기계 모델 번호,노래방 점수,가요 순위,가수 데뷔 임박,b
train_0492.jpg,train/train_0492.jpg,LENTO 클로즈 베타 테스트 오프라인 컨퍼런스의 행사 일시는 언제인가요?,2026.08.08(토) 13:00 ~ 15:00,2026.08.08(토) 15:30 ~ 17:30,2026.08.09(일) 14:00 ~ 16:00,2026.09.08(토) 15:30 ~ 17:30,b
train_0493.jpg,train/train_0493.jpg,이 건물에 입점해 있는 카페의 이름은 무엇인가요?,스타벅스,셀독 24 스터디 카페,커피빈,투썸플레이스,b
train_0494.jpg,train/train_0494.jpg,사진 속 식탁에 놓인 병에 적힌 맥주 브랜드 이름은 무엇인가요?,SOJU,CHIN-SU,OB,HANOI,d
train_0495.jpg,train/train_0495.jpg,이 이미지에 보이는 간판 중에서 생맥주 가격은 얼마로 적혀 있나요?,299엔,499엔,399엔,199엔,a
train_0496.jpg,train/train_0496.jpg,"SSAFY 교육과 관련된 안내문에 따르면, 강의장 확인은 어디에서 할 수 있나요?",1층 교육지원센터,지하 1층 안내 데스크,3층 강의실,2층 식당,a
train_0497.jpg,train/train_0497.jpg,이 건물에 있는 '교동짬뽕' 간판에 적힌 전화번호는 무엇인가요?,604-1195,472-9800,604-6115,472-9611,c
train_0498.jpg,train/train_0498.jpg,이미지에 나타난 'Final dataset'에는 몇 개의 SNPs와 샘플이 포함되어 있나요?,"17,716,251 SNPs, 8,773 Samples","2,000,000 SNPs, 9,000 Samples","2,915,187 SNPs, 8,252 Samples","352,228 SNPs, 8,840 Samples",c
train_0499.jpg,train/train_0499.jpg,이 도로 표지판에 적힌 '테헤란로 34길'은 어떤 언어로도 표기되어 있나요?,"한국어, 영어, 중국어, 러시아어","한국어, 영어, 프랑스어, 일본어","한국어, 영어, 중국어, 일본어","한국어, 영어, 독일어, 일본어",c
train_0500.jpg,train/train_0500.jpg,이 과자 봉지에 적힌 맛은 무엇인가요?,치즈,사워크림,바베큐,스파이시,a
train_0501.jpg,train/train_0501.jpg,이 벽에 붙어 있는 포스터의 제목은 무엇인가요?,DECEMBER,PLASTICKD RECOMMEND,Remember the Time,Paradise Untold,b
train_0502.jpg,train/train_0502.jpg,이 교육 프로젝트의 모집 마감일은 언제인가요?,6월 30일,7월 31일,6월 15일,7월 10일,a
train_0503.jpg,train/train_0503.jpg,책상 위에 놓인 명패에 적힌 이름은 무엇인가요?,이성일,김철수,박민영,최지은,a
train_0504.jpg,train/train_0504.jpg,이 식당의 이름은 무엇인가요?,한식전문,서울식당,서울회관,삼도식당,c
train_0505.jpg,train/train_0505.jpg,이 건물에 입점해 있는 패스트푸드 브랜드는 무엇인가요?,롯데리아,맥도날드,KFC,버거킹,b
train_0506.jpg,train/train_0506.jpg,이 거리의 상점 중에서 1974년에 설립된 곳은 어디인가요?,THE ARCTIC BISON LODGE,OLD TOWN BOOKERY,QUEBEC MAPLE TREATS,SNOW CAP SKI & SNOWBOARD RENTALS,b
train_0507.jpg,train/train_0507.jpg,이미지 속 벽에 붙어 있는 안내문 제목은 무엇인가요?,공지 사항,도서 목록,발표자(화자),도서관 이용 규칙,d
train_0508.jpg,train/train_0508.jpg,이 가게에서 현대자동차그룹 마일리지로 결제할 수 있는지 여부는 무엇인가요?,결제 가능합니다.,일부 품목만 결제 가능합니다.,결제 불가능합니다.,사전에 문의해야 합니다.,a
train_0509.jpg,train/train_0509.jpg,이 매장에서 판매하는 '아리 모던누들' 14종의 가격은 얼마인가요?,"각 2,000원 ~ 6,500원","각 1,780원 ~ 5,980원","각 1,980원 ~ 5,500원","각 1,500원 ~ 4,980원",b
train_0510.jpg,train/train_0510.jpg,이 사진에 보이는 건물의 이름은 무엇인가요?,CITY STUDIO,STUDIO TOWN,CITY CENTER,STUDIO CITY,d
train_0511.jpg,train/train_0511.jpg,이 간판에 적혀 있는 전화번호는 무엇인가요?,284-8245,284-5678,284-1234,284-8287,a
train_0512.jpg,train/train_0512.jpg,이 가게에서 핫도그(케첩/치즈)의 가격은 얼마인가요?,"3,500원","6,000원","5,000원","4,500원",a
train_0513.jpg,train/train_0513.jpg,탄천동로 지하화공사로 인해 어떤 구간이 전면 폐쇄되나요?,탄천 나들목(IC) ~ 봉은교 ~ 종합운동장 사거리,종합운동장 사거리 ~ 삼성역 ~ 강남역,탄천 나들목(IC) ~ 삼성역 ~ 강남역,봉은교 ~ 삼성역 ~ 종합운동장 사거리,a
train_0514.jpg,train/train_0514.jpg,이 건물 입구 위에 적힌 이름은 무엇인가요?,하늘마을,골드타운,피렌체,빌라드림,c
train_0515.jpg,train/train_0515.jpg,컵라면 포장지에 적힌 맛은 무엇인가요?,진한 소고기 맛,얼큰한 김치찌개 맛,달콤한 카라멜 맛,매콤한 해물라볶이 맛,d
train_0516.jpg,train/train_0516.jpg,용산웰컴센터(관광안내소)의 운영 시간은 언제부터 언제까지인가요?,09:00부터 19:00까지,11:00부터 20:00까지,12:00부터 22:00까지,10:00부터 21:00까지,b
train_0517.jpg,train/train_0517.jpg,이 표지판에서 경고하고 있는 내용은 무엇인가요?,화재주의,감전주의,추락주의,낙뢰주의,b
train_0518.jpg,train/train_0518.jpg,가이즈까향나무에 관한 설명으로 맞는 것은 무엇인가요?,"5월에 개화하며, 10월에 결실한다.","6월에 개화하며, 11월에 결실한다.","4월에 개화하며, 9월에 결실한다.","7월에 개화하며, 12월에 결실한다.",c
train_0520.jpg,train/train_0520.jpg,이 버스의 노선 번호는 무엇인가요?,105,536-1032,3028,07,d
train_0521.jpg,train/train_0521.jpg,이 건물의 상호명은 무엇인가요?,도큐핸즈,돈키호테,이온몰,롯데마트,b
train_0522.jpg,train/train_0522.jpg,이 건물 2층에 있는 학원의 이름은 무엇인가요?,카페인중독,로얄피자,동백문고,큐이디 골프 아카데미,d
train_0523.jpg,train/train_0523.jpg,이 게임 화면에서 우승한 사용자 이름은 무엇인가요?,User 2,User 3,User 4,User 1,a
train_0525.jpg,train/train_0525.jpg,이 사물함들 중에서 2-7번 사물함은 어디에 위치해 있나요?,오른쪽 아래,왼쪽 위,오른쪽 위,왼쪽 아래,a
train_0526.jpg,train/train_0526.jpg,이 건물에 있는 병원이나 클리닉 이름이 아닌 것은 무엇인가요?,HEALTH & BEAUTY 카페,리앤웰성형외과의원,이믿음치과,알앤비성형외과,a
train_0527.jpg,train/train_0527.jpg,이 간판에 적힌 카페의 이름은 무엇인가요?,Morning Brew,Sunny Day,Cafe Mocha,Day Off CAFE,d
train_0528.jpg,train/train_0528.jpg,파란색 벽면에 적힌 글귀 중 올바른 것은 무엇인가요?,SAMSUNG SW AI ACADEMY FOR YOU,SAMSUNG SW AI ACADEMY FOR YOUTH,SAMSUNG SW AI ACADAMY FOR YOUTH,SAMSUNG SW AI ACADEMY FOR YOUT,b
train_0530.jpg,train/train_0530.jpg,이미지 속 '무료 증정' 안내문에 적힌 문구는 무엇인가요?,오늘만 무료!,선착순 한정 증정!,무료 체험하세요!,자유롭게 가져가세요!,d
train_0532.jpg,train/train_0532.jpg,건물에 적힌 'SEJONG'과 'KB 국민은행' 외에 주일 예배 시간 안내에서 오후 예배 시간은 몇 시인가요?,오후 2:10,오후 4:30,오후 3:00,오후 1:00,a
train_0534.jpg,train/train_0534.jpg,사진 속 아이스크림 가게의 상호명은 무엇인가요?,Baskin Robbins,Haagen-Dazs,Cold Stone,Dairy Queen,a
train_0536.jpg,train/train_0536.jpg,"이 도로 표지판에 따르면, 지정차로 위반 시 화물차에 부과되는 벌금은 얼마인가요?",10만원,1만원,3만원,5만원,d
train_0537.jpg,train/train_0537.jpg,이 사진 속의 초록색 안내판에 적힌 내용은 무엇인가요?,3-1 반석방면,2-3 중앙역 방면,1-2 시청 방면,5-4 종합운동장 방면,a
train_0538.jpg,train/train_0538.jpg,이 골목길에 있는 상점 중에서 도서 대여 전문점은 어떤 상호명인가요?,휴대폰 할인매장,책사랑,용곡상회,부동산,b
train_0540.jpg,train/train_0540.jpg,이 간판에서 아침 식사 시작 시간은 몇 시입니까?,오전 7시,오전 6시,오전 8시,오전 5시,b
train_0541.jpg,train/train_0541.jpg,이 이미지에서 보이는 텍스트는 무엇입니까?,HANLA SELECT,LAHAN SELECTED,LAHAN ELECT,LAHAN SELECT,d
train_0543.jpg,train/train_0543.jpg,CU 편의점에서 판매하는 고구마 가격은 얼마인가요?,"3,000원","1,300원","2,000원","1,000원",c
train_0544.jpg,train/train_0544.jpg,사진 속 쓰레기통에 적힌 '일반쓰레기'라는 표시는 무엇을 의미하나요?,유해 폐기물 쓰레기,일반적으로 버리는 쓰레기,음식물 쓰레기 전용,재활용이 가능한 쓰레기,b
train_0545.jpg,train/train_0545.jpg,사진에 나온 'ねぎとろ' 초밥 롤의 가격은 얼마인가요?,300엔 (세금 포함 330엔),150엔 (세금 포함 160엔),208엔 (세금 포함 225엔),100엔 (세금 포함 110엔),c
train_0546.jpg,train/train_0546.jpg,이 간판에 적힌 치과 이름은 무엇인가요?,한빛 치과,서울 중앙 치과,예인원 치과,행복한 치과,c
train_0547.jpg,train/train_0547.jpg,사진 속 제품들의 이름 중 옳은 것은 무엇인가요?,바나나빵,딸기잼,꿀빵,레몬쿠키,c
train_0548.jpg,train/train_0548.jpg,벽에 붙어 있는 안내문에 적힌 내용은 무엇인가요?,음료는 셀프입니다.,물은 셀프입니다.,음식은 셀프입니다.,주문은 셀프입니다.,b
train_0549.jpg,train/train_0549.jpg,이 장소는 어디인가요?,서점 카운터,은행 창구,롯데시네마 매점 및 티켓 구매소,스타벅스 매장,c
train_0550.jpg,train/train_0550.jpg,이 안내판은 누구를 위한 출입구 안내인가요?,어린이,노약자,임산부,휠체어 사용자,d
train_0551.jpg,train/train_0551.jpg,이 사진에 보이는 경기장 이름은 무엇인가요?,서울 잠실 야구장,광주 KIA 챔피언스 필드,대구 삼성 라이온즈 파크,인천 SSG 랜더스필드,d
train_0552.jpg,train/train_0552.jpg,이 건물 외벽에 적힌 상호명은 무엇인가요?,THE CORNER CAFE,COFFEE HOUSE,STARBUCKS,SOCIAL CORNER,d
train_0553.jpg,train/train_0553.jpg,뮤지컬 '청새치'에서 전민지 배우가 맡은 역할은 무엇인가요?,쿠바의 어부만 아는,그레고리오/에벌린,밀러/루소,바다의 움직임,c
train_0554.jpg,train/train_0554.jpg,이 가게에서 '손+발' 관리 비용은 얼마인가요?,"35,000","25,000","45,000","50,000",d
train_0555.jpg,train/train_0555.jpg,이 가게의 와이파이 비밀번호는 무엇인가요?,0hgbaxf280,0hgbaxf,KT_GIGA_280,KT_GIGA_FB66,a
train_0556.jpg,train/train_0556.jpg,이 주차장 기둥에 적힌 제한 속도는 얼마인가요?,30km 이하,5km 이하,20km 이하,10km 이하,d
train_0557.jpg,train/train_0557.jpg,사진 속 신호등 아래에 적혀 있는 파출소 이름은 무엇인가요?,서신신호시 좌회전 가능,남항파출소,중앙파출소,신항만파출소,d
train_0558.jpg,train/train_0558.jpg,이 안내문에 따르면 남자화장실 위치는 어디인가요?,2층 홀 안쪽,3층 홀 안쪽,"2, 3층 계단",1층 입구,c
train_0559.jpg,train/train_0559.jpg,다음 중 사진 속 건물에 적힌 간판 문구가 아닌 것은 무엇인가요?,LX Z:IN 인테리어,노래연습장,한식당 백반천국,커피 & 수제차,c
train_0560.jpg,train/train_0560.jpg,이 이미지에서 원형 그래프에 포함된 내용 중 하나가 아닌 것은 무엇인가요?,#디카페인,#아몬드,#월넛,#카카오,b
train_0561.jpg,train/train_0561.jpg,이 표지판에서 '도곡동' 방향을 가리키는 화살표는 어느 쪽을 가리키고 있나요?,위쪽,오른쪽,아래쪽,왼쪽,b
train_0562.jpg,train/train_0562.jpg,컵라면 용기 겉면에 표시된 칼로리(kcal)는 얼마인가요?,100kcal,125kcal,150kcal,200kcal,b
train_0563.jpg,train/train_0563.jpg,사진 속 역 이름 'すすきの'의 한글 표기는 무엇인가요?,삿포로,스스키노,오오도리,나카지마코엔,b
train_0564.jpg,train/train_0564.jpg,이 사진 속 식당 이름은 무엇인가요?,한우명가,소갈비집,육봉달,맛있는 고기집,c
train_0565.jpg,train/train_0565.jpg,사진 속 창문 너머에 보이는 건물에 적힌 글자는 무엇인가요?,Orange Plane,Yellow Star,Green Field,Blue Sky,a
train_0566.jpg,train/train_0566.jpg,목재문화 & 목조건축 페스티벌이 열리는 장소는 어디인가요?,서울시청 광장,세종문화회관,DCC 제2전시장 1·2홀,코엑스 전시장,c
train_0568.jpg,train/train_0568.jpg,이 사진에 보이는 디저트 포장지에 적힌 브랜드 이름은 무엇인가요?,행복한 간식,프리미엄 케이크,달콤한 디저트,팔레트 디저트,d
train_0569.jpg,train/train_0569.jpg,이 건물에 있는 은행의 이름은 무엇인가요?,신한은행,우리은행,하나은행,국민은행,c
train_0571.jpg,train/train_0571.jpg,이 이미지에서 가장 크게 보이는 간판에 적힌 문구는 무엇인가요?,RAMEN-YA,NEON RIDER,TECHNO-MART,FUTURE CITY,d
train_0572.jpg,train/train_0572.jpg,이 이미지에 적힌 '더벤티' 아메리카노 쿠폰을 받기 위해 해야 할 일은 무엇인가요?,더벤티 매장에서 직접 쿠폰 요청하기,더벤티 멤버십 APP 회원가입 후 쿠폰 다운로드,더벤티 매장 방문 시 신분증 제시,더벤티 홈페이지에서 쿠폰 코드 입력,b
train_0573.jpg,train/train_0573.jpg,핑크색 배경에 적힌 문구는 무엇인가요?,I love you,Love is forever,I like you,You love me,a
train_0574.jpg,train/train_0574.jpg,감나무식당의 영업 마감 시간은 언제인가요?,오후 6시,오후 3시,오후 5시,오후 7시,b
train_0575.jpg,train/train_0575.jpg,이 건축공사의 위치는 어디인가요?,서울시 마포구 월드컵로 50,서울시 강남구 테헤란로 202,서울시 강동구 천호대로 100,서울시 서초구 반포대로 120,b
train_0577.jpg,train/train_0577.jpg,사진에 보이는 건물 중 치과가 위치한 곳은 어디인가요?,제클린 헤어클리닉,인동 한의원,김영재 치과,메이비 항공,c
train_0578.jpg,train/train_0578.jpg,이미지에 보이는 팻말 중 '내 생애 최고의 선택은' 다음에 이어지는 문구는 무엇인가요?,SSAFY,ISSAFY,SSAFYing,지금부터 SSAFYing,a
train_0579.jpg,train/train_0579.jpg,이미지에 안내된 공공와이파이 비밀번호는 무엇인가요?,password,public,wifi,secure,c
train_0580.jpg,train/train_0580.jpg,사진 속 책 코너 'A8'의 주제는 무엇인가요?,토익,공무원 시험,한국사,토플,a
train_0581.jpg,train/train_0581.jpg,이 표지판에 적힌 '대피소'는 무엇을 뜻하나요?,대피소는 비상시 대피할 수 있는 장소입니다.,대피소는 음식 판매점을 의미합니다.,대피소는 화장실 위치를 알려줍니다.,대피소는 주차장을 안내합니다.,a
train_0582.jpg,train/train_0582.jpg,간판에 적힌 고향 손 칼국수의 특징이 아닌 것은?,모든 재료를 수입산으로 사용한다,자가제면을 직접 한다,직접 담근 김치를 사용한다,국수 한 그릇에 정성을 담는다,a
train_0583.jpg,train/train_0583.jpg,이미지 속 AED 자동 심장 충격기 상자에 적힌 경고 문구는 무엇인가요?,사용 후 반드시 경고음을 꺼주세요.,AED는 전문가만 사용할 수 있습니다.,문을 열면 경고음이 울립니다.,AED 사용 시 주변 사람은 멀리 떨어지세요.,c
train_0584.jpg,train/train_0584.jpg,이미지에 나온 DOPE RECORDS의 휴무일은 언제인가요?,매주 화요일 휴무,매주 수요일 휴무,매주 월요일 휴무,매주 금요일 휴무,a
train_0585.jpg,train/train_0585.jpg,이 3D 프린터의 모델명은 무엇인가요?,Ender-5,Ender-3,Creality 3D,Ender-2,b
train_0586.jpg,train/train_0586.jpg,가게 간판에 적힌 상호명은 무엇인가요?,다시다 대흥상회 다시다,장죽 문어구이 식혜 구매,일반 식혜 단호박 식혜,미니멜츠 구슬아이스크림,a
train_0587.jpg,train/train_0587.jpg,이 지하철역 이름은 무엇인가요?,광화문역,강남역,시청역,서울역,a
train_0588.jpg,train/train_0588.jpg,이 건물 임대 안내판에 적힌 임대 가능 전용 면적은 얼마인가요?,전용 48PY,전용 25PY,전용 60PY,전용 35PY,a
train_0589.jpg,train/train_0589.jpg,"이 편의점 입구에 붙어 있는 안내문에 따르면, 이 편의점은 몇 주년을 맞이했나요?",10주년,37주년,25주년,40주년,b
train_0592.jpg,train/train_0592.jpg,이 사진에서 'OLENS'와 협업한 브랜드 이름은 무엇인가요?,NEWJEANS,OLENS,EYE STYLING,KOREA COLORCON,a
train_0593.jpg,train/train_0593.jpg,사진 속 건물 외벽에 붙어 있는 파란색 안내문에 적힌 임대문의 전화번호는 무엇인가요?,02-3456-7890,010-1234-5678,031-9876-5432,010-5358-0747,d
train_0594.jpg,train/train_0594.jpg,이 항공권의 출발지와 도착지는 어디인가요?,"출발지: 서울, 도착지: 부산","출발지: 다낭, 도착지: 부산","출발지: 다낭, 도착지: 서울","출발지: 부산, 도착지: 다낭",b
train_0596.jpg,train/train_0596.jpg,이 식당의 전화번호는 무엇인가요?,738-2181,010-738-1218,123-4567,738-1218,d
train_0597.jpg,train/train_0597.jpg,사진 속 선반에 진열된 건강기능식품 브랜드는 무엇인가요?,비타민랜드,건강나라,종근당건강,헬스플러스,c
train_0598.jpg,train/train_0598.jpg,이 표지판에 적힌 '이계북로'의 도로 번호는 무엇인가요?,67,45,23,89,a
train_0600.jpg,train/train_0600.jpg,홈런볼 스노우소프트콘 맛의 가격은 얼마인가요?,"5,580원","4,280원","3,980원","3,580원",a
train_0602.jpg,train/train_0602.jpg,이 제품의 가격은 얼마인가요?,"\2,500","\2,000","\1,500","\1,000",c
train_0603.jpg,train/train_0603.jpg,사진 속 '정보처리기사 실기' 책 표지에 나온 문구 중 맞는 것은 무엇인가요?,무료 동영상 강의가 포함되어 있습니다.,NCS 반영은 되어 있지 않습니다.,책 제목은'정보처리기사 이론'입니다.,기출문제집은 2024년 출간입니다.,a
train_0604.jpg,train/train_0604.jpg,이 제품 'PartySmart'의 주된 효과는 무엇인가요?,면역 강화,피로 회복,숙취 해소,에너지 보충,c
train_0605.jpg,train/train_0605.jpg,사진 속 안전 펜스에 적힌 회사 이름은 무엇인가요?,대한전기공사,삼성중공업,현승엘리베이터,서울건설,c
train_0607.jpg,train/train_0607.jpg,이 안내문에 따르면 백화점 가는 이동 통로는 언제 폐쇄되나요?,8월 10일(일),7월 31일(금),8월 4일(월),8월 5일(화),c
train_0608.jpg,train/train_0608.jpg,이 건물 1층에 있는 약국의 이름은 무엇인가요?,서울 치과,야간 약국,진약국,스타 부동산,c
train_0609.jpg,train/train_0609.jpg,FIVE GUYS 매장의 영업시간은 어떻게 되나요?,24시간 연중무휴,"11 am - 10 pm, 평일 영업","10 am - 4 am, 7일 연속 영업","9 am - 9 pm, 주말 영업",c
train_0610.jpg,train/train_0610.jpg,이 사진에 보이는 골프 가방에 적힌 브랜드 이름은 무엇인가요?,TAYLORMADE,ADIDAS,PUMA,NIKE,a
train_0611.jpg,train/train_0611.jpg,이 건물 1층에 입점해 있는 편의점의 이름은 무엇인가요?,7-ELEVEN,CU,MINISTOP,GS25,a
train_0612.jpg,train/train_0612.jpg,이 과일의 이름은 무엇인가요?,달콤한 복숭아,신선한 배,달콤한 감귤,상큼한 사과,a
train_0613.jpg,train/train_0613.jpg,사진 속에 보이는 라면 브랜드는 무엇인가요?,진라면,신라면,불닭볶음면,안성탕면,b
train_0614.jpg,train/train_0614.jpg,이 기기의 이름은 무엇인가요?,자동 응급처치기,자동 혈압 측정기,자동 소화기,자동 심장 제세동기,d
train_0615.jpg,train/train_0615.jpg,사진 속 투표 완료 도장을 찍은 캐릭터는 무엇인가요?,새와 다람쥐,고양이와 강아지,토끼와 곰,펭귄과 여우,b
train_0616.jpg,train/train_0616.jpg,더벤티에서 음식에 대해 안내하는 내용은 무엇인가요?,더벤티는 음식 배달만 합니다.,남은 음식은 포장해서 가져가세요.,음식을 남겨도 괜찮습니다.,더벤티는 음식물을 재사용하지 않습니다.,d
train_0617.jpg,train/train_0617.jpg,이 사진 속 표지판에 적힌 문구 중 '주정차금지' 표지판 아래에 있는 안내 문구는 무엇인가요?,봉은사로,절대금지,견인지역,차량후미매달림,c
train_0618.jpg,train/train_0618.jpg,CU 출입문은 어디에 있나요?,건물 뒤편에 있습니다,건물 옥상에 있습니다,건물 입구에 있습니다,건물 지하에 있습니다,c
train_0619.jpg,train/train_0619.jpg,이 책의 제목은 무엇인가요?,머리를 잘 감아요,"머리 좀 감으렴, 라푼젤",머리 긴 소녀,라푼젤과 왕자,b
train_0620.jpg,train/train_0620.jpg,사진 속 버스에 적힌 노선 번호는 무엇인가요?,1500,1000,2000,2500,c
train_0621.jpg,train/train_0621.jpg,이 이미지에 나온 캐릭터들이 표현한 음식 중에서 '중토로'라고 적힌 것은 무엇인가요?,이쿠라,이타리,시서,중토로,d
train_0624.jpg,train/train_0624.jpg,포장지에 적힌 '깨끗한 나라' 휴지 제품의 종류는 무엇인가요?,그린 티 센서티브,순수 무향 프리미엄,내추럴 코튼 클래식,허브가든 아이리스 프리미엄,d
train_0625.jpg,train/train_0625.jpg,이 열차는 몇 시 몇 분에 출발하는 서울 행 KTX인가요?,오전 9시 05분,오후 3시 20분,오후 5시 15분,오전 8시 30분,a
train_0626.jpg,train/train_0626.jpg,이 가게에서 수박주스의 가격은 얼마인가요?,"12,000원","10,000원","5,000원","7,000원",d
train_0627.jpg,train/train_0627.jpg,사진에 보이는 'JELLO MAX' 제품의 용량은 얼마인가요?,0.3Ω 5mL,1.2Ω 2mL,0.6Ω 4mL,1.0Ω 3mL,c
train_0628.jpg,train/train_0628.jpg,이 가게의 이름은 무엇인가요?,중앙공원 본점,청주의 명물 쫄쫄호떡,VJ 특공대 / 서울촌놈 / 나혼자산다,즉석떡볶이 김밥,b
train_0629.jpg,train/train_0629.jpg,다음 중 다이소 벽면에 적힌 문구에 포함된 내용으로 맞는 것은 무엇인가요?,"다이소는 5,000원 이상 구매시 할인해줍니다","1,000원이 소중하게 대접 받는 국민가게, 다이소",다이소는 큰 가게로 유명합니다,다이소는 전자제품 전문 매장입니다,b
train_0630.jpg,train/train_0630.jpg,사진 속 케이크의 이름은 무엇인가요?,딸기 쇼트 케이크,망고 코코 쿠헨,생크림 케이크,초코 무스 케이크,b
train_0631.jpg,train/train_0631.jpg,이 가게의 이름은 무엇인가요?,청과체,여수동 원조,진도상회,살구,c
train_0634.jpg,train/train_0634.jpg,이 장소의 Wi-Fi 비밀번호는 무엇인가요?,c0428236699,Wi-Fi 비밀번호,I D,CongAL_KT_5G,a
train_0637.jpg,train/train_0637.jpg,사진 속 책 중 '2025 최신판'이라고 적혀 있는 책은 무엇인가요?,투자산운용사,컴퓨터활용능력 1급 필기,파워포인트 FOR 인포그래픽,ERP 정보관리사,d
train_0640.jpg,train/train_0640.jpg,"이 도로 표지판에 따르면, '선릉역' 방향은 어느 쪽인가요?",아래쪽,위쪽,왼쪽,오른쪽,b
train_0641.jpg,train/train_0641.jpg,예쁜동물나라 수족관 대전점의 영업시간은 언제인가요?,"오후 3시~8시, 수요일 휴무","오후 1시~7시, 일요일 휴무","오전 9시~오후 6시, 월요일 휴무","오전 10시~오후 5시, 토요일 휴무",a
train_0642.jpg,train/train_0642.jpg,사진 속 담배갑에 적힌 경고 문구는 무엇인가요?,"심장병 위험, 최대 3배!","뇌졸중 위험, 최대 4배!","중독 위험, 최대 2배!","폐암 위험, 최대 5배!",b
train_0643.jpg,train/train_0643.jpg,사진 속 전광판에 표시된 숫자는 무엇인가요?,150W,200W,300W,250W,b
train_0644.jpg,train/train_0644.jpg,이 문구는 무엇을 요청하고 있나요?,불을 꺼주세요,문을 닫아주세요,음식을 가져오세요,문을 열어주세요,b
train_0646.jpg,train/train_0646.jpg,다음 중 이미지 속 빨간 용기의 라면 이름은 무엇인가요?,진라면,삼양라면,불닭볶음면,왕뚜껑,d
train_0647.jpg,train/train_0647.jpg,사진에 보이는 건물 이름은 무엇인가요?,한국은행,아가방 앤 컴퍼니,국제금융센터,서울시청,b
train_0648.jpg,train/train_0648.jpg,사진 속 제품의 주요 기능으로 올바른 것은 무엇인가요?,자외선 차단,보습 기능,탈취 효과,항균 효과,a
train_0649.jpg,train/train_0649.jpg,서판교2호점 주차장의 기본 요금은 얼마인가요?,"\ 2,000 / 15분당","\ 5,000 / 30분당","\ 10,000 / 1시간당","\ 3,000 / 20분당",d
train_0650.jpg,train/train_0650.jpg,빙그레 더단백 다크초코 250ml*18입의 가격은 얼마인가요?,"19,500","24,980","22,500","30,000",b
train_0651.jpg,train/train_0651.jpg,이 책의 제목에 포함된 내용 중 올바른 것은 무엇인가요?,혼자 공부하는 컴퓨터구조 + 네트워크,혼자 공부하는 컴퓨터구조 + 운영체제,혼자 공부하는 데이터베이스 + 운영체제,함께 공부하는 컴퓨터구조 + 운영체제,b
train_0652.jpg,train/train_0652.jpg,이 사진에 나오는 역 이름은 무엇인가요?,서대구역,동대구역,북대구역,중대구역,b
train_0654.jpg,train/train_0654.jpg,메뉴판에 적힌 디저트 '카놀리'에 대한 설명으로 옳은 것은 무엇인가요?,바삭한 튜브형 반죽 속에 달콤한 리코타 치즈 크림을 채운 이탈리아 시칠리아 지역의 전통 디저트,쫀득한 떡과 달콤한 팥소가 들어간 전통 한국 디저트,부드러운 케이크 위에 신선한 과일을 올린 프랑스식 디저트,진한 초콜릿 무스와 견과류가 어우러진 미국식 디저트,a
train_0655.jpg,train/train_0655.jpg,이 건물에 있는 음식점의 이름은 무엇인가요?,전주 현대옥,족발,일산마두역점,전주 콩나물국밥,a
train_0656.jpg,train/train_0656.jpg,사진 속에 있는 노래연습장의 이름은 무엇인가요?,왕왕,뉴스타 정형외과,목포왕과배기,궁전 노래연습장,d
train_0657.jpg,train/train_0657.jpg,GS25에서 하겐다즈 전상품을 2개 이상 구매하면 받을 수 있는 최대 할인율은 얼마인가요?,60% 할인,30% 할인,40% 할인,50% 할인,d
train_0659.jpg,train/train_0659.jpg,이 공연 안내문에 따르면 KESHI의 내한공연이 열리는 장소는 어디인가요?,COEX HALL,JAMSIL STADIUM,OLYMPIC HALL,SEOUL ARENA,c
train_0661.jpg,train/train_0661.jpg,이 차량 뒷면에 적힌 문구는 무엇인가요?,서울합기도,최고합기도,대한합기도,제일합기도,d
train_0662.jpg,train/train_0662.jpg,이 가게의 이름은 무엇인가요?,버거하우스,버거옥,버거킹,버거왕,b
train_0663.jpg,train/train_0663.jpg,이 식당 '골뱅이본부'는 어떤 종류의 요리를 전문으로 하나요?,제주도 해산물 전문점,서울식 불고기 전문점,전라도 전통 한식 전문점,동해안 생물 골뱅이요리 전문점,d
train_0665.jpg,train/train_0665.jpg,이 자전거 앞에 붙어 있는 푯말에 적힌 글자는 무엇인가요?,타조,킥고잉,따릉이,카카오T,b
train_0666.jpg,train/train_0666.jpg,이 책의 제목은 무엇인가요?,나를 따라온 감자,나를 따라온 배,나를 따라온 사과,나를 따라온 고구마,a
train_0669.jpg,train/train_0669.jpg,컵 홀더에 적힌 커피 브랜드 이름은 무엇인가요?,MEGA COFFEE STATION,MGC COFFEE,MEGA MGC COFFEE,MEGA COFFEE,c
train_0670.jpg,train/train_0670.jpg,08:55에 출발하는 포항경주행 항공편 중 아시아나항공(ASIANA AIRLINES) 항공편의 비행기 번호는 무엇인가요?,KE5123,KE1045,OZ8927,LJ659,a
train_0672.jpg,train/train_0672.jpg,이 식당의 간판에 적힌 이름은 무엇인가요?,메밀장터,판소바,순메밀막국수,막국수전문,a
train_0674.jpg,train/train_0674.jpg,이 문구에 따르면 'SSAFYnity'는 무엇과 관련된 모임 또는 공간인가요?,SSAFY 동문회 및 커뮤니티,SSAFY 도서관,SSAFY 취업 지원 센터,SSAFY 교육 프로그램,a
train_0675.jpg,train/train_0675.jpg,사진 속 간판에 적혀 있는 프레모르 가격은 얼마인가요?,100엔,180엔,200엔,150엔,b
train_0676.jpg,train/train_0676.jpg,이 화면에서 확인할 수 있는 테이블 번호는 무엇인가요?,3,4,2,1,a
train_0677.jpg,train/train_0677.jpg,이 행사 안내판에 적힌 기념식 주제는 무엇인가요?,건강 증진의 날 기념식,노인학대 예방의 날 기념식,환경 보호의 날 기념식,아동학대 예방의 날 기념식,b
train_0678.jpg,train/train_0678.jpg,이미지에 나타난 'May 28th' 날짜에 몇 번의 기여가 있었나요?,10 contributions,12 contributions,5 contributions,7 contributions,d
train_0679.jpg,train/train_0679.jpg,이 사진 속 파우치에 적힌 브랜드 이름은 무엇인가요?,After Dawn,Sunset Time,Before Night,Morning Glow,a
train_0680.jpg,train/train_0680.jpg,이 사진에 보이는 박스들 중에서 '육개장 사발면'과 관련된 브랜드는 무엇인가요?,오뚜기,팔도,삼양,농심,d
train_0681.jpg,train/train_0681.jpg,이 PC방에서 사용 중인 그래픽카드는 무엇인가요?,MSI RTX 4070ti,AMD RX 6600,NVIDIA GTX 1060,Intel UHD Graphics 630,a
train_0682.jpg,train/train_0682.jpg,이 건물 2층에 있는 업체 이름은 무엇인가요?,청용 지점,신용카드 사은행 이벤트,에핏 스피닝 그룹 PT,MG 천안새마을금고,c
train_0683.jpg,train/train_0683.jpg,'URBAN ALLEY CAF?'의 영업시간은 언제인가요?,오후 8시부터 라이브 음악 공연,매주 화요일 오후 7시부터,10월 26일부터 27일까지 오전 10시부터 오후 4시까지,매일 오전 9시부터 오후 6시까지,d
train_0684.jpg,train/train_0684.jpg,사진 속 축구 유니폼 중 8번 번호의 선수 이름은 무엇인가요?,ODEGAARD,THOMAS,SAKA,XHAKA,a
train_0685.jpg,train/train_0685.jpg,사진 속 상점 간판 중 'SPECIALTY COFFEE'라는 문구가 적힌 곳은 어디인가요?,%,MAMMOTH COFFEE EXPRESS,Chillax,커피공방,a
train_0686.jpg,train/train_0686.jpg,이 담배갑에 적혀 있는 경고 문구는 무엇인가요?,심장병으로 가는 길,폐암으로 가는 길,뇌졸중으로 가는 길,만성폐쇄성폐질환 위험,c
train_0687.jpg,train/train_0687.jpg,이 건물의 옥상에 적혀 있는 간판 문구는 무엇인가요?,다구탕,신통낙지,신통낙지복집,예약,b
train_0688.jpg,train/train_0688.jpg,이 건물의 주택재개발정비사업조합이 위치한 층은 어디인가요?,4층,2층,1층,3층,d
train_0689.jpg,train/train_0689.jpg,이 건물의 간판에 적힌 이름은 무엇인가요?,신천파출소 경찰서,신천파출소 자율방범대,신천파출소 특별방범대,신천파출소 자율방범대 본부,b
train_0691.jpg,train/train_0691.jpg,이미지 속에 적힌 '2026 1인가구 트렌드' 책자의 주제는 무엇인가요?,2026년 여행지 추천,자기집권: 내 삶의 방식과 태도를 닮은 집,2026년 인기 요리 레시피 모음,2026년 신기술 트렌드,b
train_0692.jpg,train/train_0692.jpg,이 공항 안내판에 따르면 Terminal 2에서 이용할 수 있는 항공사는 무엇인가요?,"Aer Lingus, Alaska, American, Delta, Hawaiian, JetBlue, Sun Country and WestJet","Air Canada, Breeze and Southwest",United (Domestic),All International Airlines,b
train_0693.jpg,train/train_0693.jpg,이 음식점에서 삼겹살의 원산지는 어디인가요?,호주산,베트남/중국산,미국산,칠레산,d
train_0695.jpg,train/train_0695.jpg,평택터미널에서 서울남부(서초) 방향 첫 차 출발 시간은 언제인가요?,6:40,6:20,7:00,7:20,b
train_0696.jpg,train/train_0696.jpg,위 이미지에 보이는 책 제목 중 '대학물리학' 책의 저자는 누구입니까?,Randall D. Knight,김상욱,김선태,윤영관,a
train_0697.jpg,train/train_0697.jpg,이 건물에 입주해 있는 가게 이름으로 옳은 것은 무엇인가요?,LOTTE CINEMA,PARIS BAGUETTE,A TWOSOME PLACE,STARBUCKS,c
train_0698.jpg,train/train_0698.jpg,이 사진에 보이는 'shama' 간판 아래에 적혀 있는 문구는 무엇인가요?,serviced apartments,restaurant and bar,fitness center,coffee and bakery,a
train_0699.jpg,train/train_0699.jpg,이 사진에 보이는 간판들 중 파란색 바탕에 흰 글씨로 적힌 부동산 이름은 무엇인가요?,미 부동산,흥 부동산,성 부동산,부동산 컨설팅,b
train_0700.jpg,train/train_0700.jpg,'주술회전' 설명 중 올바른 내용은 무엇인가요?,2020년 10월부터 2021년 3월까지 TV애니메이션 제1기가 방송되었다,2025년에 원작 만화가 완결되었다,2023년 1월에 애니메이션 제2기가 방영되었다,2024년 9월에 연재가 시작되었다,a
train_0701.jpg,train/train_0701.jpg,이미지 속 식품 포장지에서 'TROPICAL FRUIT & NUT MIX'는 어떤 종류의 제품을 의미하나요?,초콜릿 바,탄산음료,과일과 견과류가 섞인 간식,커피 원두,c
train_0702.jpg,train/train_0702.jpg,이 건물에 적혀 있는 간판 중에서 전문점이라고 표시된 음식은 무엇인가요?,왕갈비탕 산채비빔밥,대한민국 한식대가 공인,충남향토음식 경연대회 은상,도 가 니 탕 소 갈 비,a
train_0703.jpg,train/train_0703.jpg,이 이미지 속 화면에 표시된 문구는 무엇인가요?,클래시스 슈링크,슈링크 유니버스,유니버스 슈링크,클래시스,b
train_0704.jpg,train/train_0704.jpg,이 이미지에서 '모츠나베'를 조리할 때 야채가 익으면 다음에 해야 할 조치는 무엇인가요?,센 불로 조금만 기다려!,야채가 익으면 바로 불을 끈다,야채가 숨이 죽으면 중불로!,야채가 익으면 강불로!,c
train_0705.jpg,train/train_0705.jpg,버스에 적힌 큰 글씨 '송내역'은 무엇을 의미하나요?,백화점 이름,병원 이름,버스 회사 이름,지하철역 이름,d
train_0706.jpg,train/train_0706.jpg,이 버스의 출발 시간은 언제인가요?,9:30,10:00,11:00,10:30,b
train_0707.jpg,train/train_0707.jpg,이 공연은 언제 어디에서 열리나요?,"2026년 5월 9일 토요일 오후 7시 30분, 롯데콘서트홀","2026년 5월 9일 금요일 오후 8시, 롯데콘서트홀","2026년 6월 9일 토요일 오후 7시 30분, 세종문화회관","2026년 4월 9일 토요일 오후 7시 30분, 예술의전당",a
train_0708.jpg,train/train_0708.jpg,화재 발생 시 '방수용 기구함'에 적힌 소화전 사용 방법 중 2단계는 무엇인가요?,호스 빼내기,밸브 닫기,불 끄기,밸브 열기,d
train_0709.jpg,train/train_0709.jpg,이 간판에 적힌 전화번호는 무엇인가요?,031-9876543,02-1234567,03-5752882,042-1112222,c
train_0710.jpg,train/train_0710.jpg,이 사진에서 보이는 교통 표지판에 적힌 제한 속도는 얼마인가요?,20,30,10,40,c
train_0712.jpg,train/train_0712.jpg,이미지 속 음료 컵에 적힌 문구는 무엇인가요?,여름 한정 디저트 초당옥수수,1945 크림치즈번,I AM VERY BUSY. 2025,내 취향에 맞는 커피 투썸 하우스 블렌드,d
train_0713.jpg,train/train_0713.jpg,사진 속 금연거리 안내문에 표시된 금연구역 지정일은 언제인가요?,2020. 1. 1,2019. 8. 1,2021. 5. 3,2018. 7. 15,b
train_0715.jpg,train/train_0715.jpg,이 건물 1층에 위치한 식당에서 판매하는 주된 메뉴는 무엇인가요?,김치찌개,순두부찌개,된장찌개,부대찌개,d
train_0716.jpg,train/train_0716.jpg,이 음료수 코너에서 'R-1' 제품의 가격은 얼마인가요?,150엔,144엔,135엔,130엔,b
train_0717.jpg,train/train_0717.jpg,'Aqua Lofoten Coast Adventure' 포스터에 소개된 낚시 여행에 사용되는 배 이름은 무엇인가요?,Reilo,Trio II,Potato,Solbakken,b
train_0718.jpg,train/train_0718.jpg,이 표지판에 적힌 한글 상호명은 무엇인가요?,구름 위의 땅,대기리,환영합니다,안반데기,d
train_0719.jpg,train/train_0719.jpg,이 방의 간판에 적힌 가게의 업종은 무엇인가요?,도서관,커피 전문점,보드게임 룸카페,헬스장,c
train_0720.jpg,train/train_0720.jpg,제주동문공설시장 1층 푸드 코트에서 2층은 무엇으로 사용되고 있나요?,청년몰,푸드코트,"주차장, 상인회사무실",주차장만,c
train_0721.jpg,train/train_0721.jpg,사진 속 붉은색 포장지에 적힌 문구 중 올바른 것은 무엇인가요?,바로 먹는 약,바로 묶는 약,바로 묻는 약,바로 뭉치는 약,a
train_0722.jpg,train/train_0722.jpg,화면에 표시된 Unity AI 시스템에서 'Unity AI Generators'에 포함된 항목이 아닌 것은 무엇인가요?,3D Model,Animation,Material,Unity AI Assistant (Gateway),d
train_0723.jpg,train/train_0723.jpg,이 사진 속 현수막에 적혀 있는 장소 이름은 무엇인가요?,Chinatown,Golden Gate Bridge,Fisherman's Wharf,Alcatraz Island,c
train_0725.jpg,train/train_0725.jpg,사진에 보이는 상자에 적힌 브랜드명이 아닌 것은 무엇인가요?,KOLON MALL,KREAM,FULFILLING,AROMATICA,c
train_0726.jpg,train/train_0726.jpg,이 이미지에 적혀 있는 박물관 이름은 무엇인가요?,Jeju Coffee Museum,London Bagel Museum Jeju,Jeju Bagel Museum,London Coffee Museum,b
train_0727.jpg,train/train_0727.jpg,이 매장의 와이파이 비밀번호는 무엇인가요?,laundry123,dunsan123,laundry express,expresslaundry,a
train_0728.jpg,train/train_0728.jpg,메이타왕 에그타르트 가게에서 사용한 재료 중 한 가지로 적절하지 않은 것은 무엇인가요?,설탕,천연 발효종,100% 천연버터,천연 재료,b
train_0729.jpg,train/train_0729.jpg,3층 11시 30분에 예약된 Room 6의 예약자는 누구인가요?,최재정 님과 손다원 님,김정현 님과 강희진 님,김민수 님과 이경인 님,박건태 님과 배홍인 님,a
train_0730.jpg,train/train_0730.jpg,이 상자에 담긴 상품은 무엇인가요?,혼합채소,상추 한 봉지,모듬쌈,시금치,c
train_0732.jpg,train/train_0732.jpg,이 표지판에 안내된 교회 이름이 아닌 것은 무엇인가요?,푸른하늘교회,구미동부교회,생명샘교회,행복한교회,a
train_0733.jpg,train/train_0733.jpg,사진 속 한글 문구 중 '내가 원하는 모든 고기가 있는 곳'이라는 문구는 어떤 종류의 가게를 나타내고 있나요?,카페,서점,고기 판매점,전자제품 매장,c
train_0734.jpg,train/train_0734.jpg,창문에 붙어 있는 종이에 적힌 내용은 무엇인가요?,휴게실은 3층에 있습니다.,전산실 창문 열지 마세요!!!!,화재 시 엘리베이터를 사용하지 마세요.,회의실 예약은 여기서 하세요.,b
train_0736.jpg,train/train_0736.jpg,이 식당에서 하루에 판매하는 수제돈까스의 개수는 얼마인가요?,하루 100개만 판매합니다,하루 50개만 판매합니다,하루 30개만 판매합니다,하루 70개만 판매합니다,b
train_0737.jpg,train/train_0737.jpg,이 표지판에 적힌 '탄력적주차허용 구간'의 허용 시간은 언제부터 언제까지인가요?,10:00~17:00,08:00~19:00,07:00~20:00,09:00~18:00,b
train_0738.jpg,train/train_0738.jpg,쓰레기를 배출할 때 위반 시 부과되는 과태료는 얼마인가요?,100만원 이하,200만원 이하,50만원 이하,10만원 이하,a
train_0739.jpg,train/train_0739.jpg,이 노트 표지에 적힌 문구 중 올바른 것은 무엇인가요?,SSAFY 생활을 기억하는 하루,SSAFY 공부를 기록하는 하루,SSAFY 생활을 기록하는 하루,SSAFY 여행을 기록하는 하루,c
train_0740.jpg,train/train_0740.jpg,이 보쌈세트에 포함되지 않은 메뉴는 무엇인가요?,가브리보쌈,오징어숙회,감자탕,칼국수,c
train_0741.jpg,train/train_0741.jpg,이 표지판에 적힌 도로명은 무엇인가요?,49번길장덕로,장덕로49번길,장덕로2번길,장덕로14번길,b
train_0742.jpg,train/train_0742.jpg,이미지 속 헤어케어 제품 코너에서 볼 수 있는 브랜드가 아닌 것은 무엇인가요?,Dior,TSUBAKI,moremo,L'OREAL PARIS,a
train_0743.jpg,train/train_0743.jpg,하얀 자판기에서 음료수 한 병의 가격은 얼마인가요?,100엔,120엔,150엔,200엔,a
train_0744.jpg,train/train_0744.jpg,사진에 보이는 평양냉면의 가격은 얼마인가요?,"12,000원","10,000원","15,000원","18,000원",a
train_0745.jpg,train/train_0745.jpg,이 건물에 있는 '골프존파크' 연락처는 무엇인가요?,329-9009,322-8256,339-3690,055-909-5559,a
train_0746.jpg,train/train_0746.jpg,"이미지 속 책 『페스트 2』에 따르면, 이 책은 어떤 상을 수상했나요?",2005년 한겨레문학상 수상작,1990년 퓰리처상 수상작,1957년 노벨문학상 수상작,2020년 맨부커상 수상작,c
train_0749.jpg,train/train_0749.jpg,이 사진에 있는 노란색 표지판에 적힌 내용은 무엇인가요?,화재 발생 시 대피 안내,주차금지 구역,경비원 상주,다목적용 CCTV 녹화중,d
train_0750.jpg,train/train_0750.jpg,이 건물에 입주한 학원의 이름은 무엇인가요?,논현영수학원,서울영수학원,청담영수학원,바른영수학원,d
train_0751.jpg,train/train_0751.jpg,위 사진에서 '희망배달마차'가 나누는 음식은 무엇인가요?,김치찌개,비빔밥,삼계탕,불고기,c
train_0752.jpg,train/train_0752.jpg,"이 게시판에 적힌 내용 중 '불법사금융, 불법추심'에 대해 피해를 입었을 때 도움을 받을 수 있는 기관은 무엇인가요?",경찰청,국세청,법원,금융감독원,d
train_0753.jpg,train/train_0753.jpg,이 건물에 입주해 있는 의료기관 이름은 무엇인가요?,구미의원,로하스 의원,스핀볼링 의원,블리비의원,d
train_0754.jpg,train/train_0754.jpg,이 과일 포장지에 적힌 당도는 얼마인가요?,10 BRIX,20 BRIX,5 BRIX,15 BRIX,a
train_0755.jpg,train/train_0755.jpg,이미지 속에서 판매하는 '두바이 쫀득쿠키'의 가격은 얼마인가요?,"8,900원","5,900원","6,900원","7,900원",c
train_0756.jpg,train/train_0756.jpg,이 사진에서 '입출국장' 표지판이 가리키는 방향은 어디인가요?,뒤쪽,왼쪽,오른쪽,앞쪽,b
train_0759.jpg,train/train_0759.jpg,이 지하철 출입구 표지판에 적힌 역 이름은 무엇인가요?,신뢰,신림,신림동,신리,b
train_0760.jpg,train/train_0760.jpg,이 샤워커튼 제품의 가격은 얼마인가요?,"5,000원","10,000원","15,000원","3,000원",a
train_0761.jpg,train/train_0761.jpg,이 영수증에서 담당자는 누구인가요?,박영희,이쁜이,김철수,홍길동,b
train_0762.jpg,train/train_0762.jpg,이 지하철 광고판에 나오는 캐릭터 이름은 무엇인가요?,미키 마우스,헬로 키티,포켓몬,도라에몽,b
train_0763.jpg,train/train_0763.jpg,사진 속 도로 표지판에 적힌 도로 이름은 무엇인가요?,신장지구-고촌로,운남지구,하남산단,장신로,d
train_0764.jpg,train/train_0764.jpg,왼쪽 음료 패키지에 적힌 ABC 주스의 재료로 맞는 것은 무엇인가요?,"사과, 비트, 당근","배, 비트, 당근","사과, 포도, 당근","사과, 비트, 오렌지",a
train_0765.jpg,train/train_0765.jpg,"노란색 공책에 적힌 내용 중, 이 공책이 몇 장의 종이로 구성되어 있는지 올바르게 적힌 것은 무엇인가요?",80 SHEETS,50 SHEETS,100 SHEETS,120 SHEETS,a
train_0771.jpg,train/train_0771.jpg,이 건물에 위치한 병원 중 피부과 진료를 하는 곳은 어디인가요?,블리비의원,로떼 PC,SK telecom 공식 인증 대리점,포시즌성형외과의원,a
train_0772.jpg,train/train_0772.jpg,이 사진 속 역 이름은 무엇인가요?,부산역,광주역,동대구역,서울역,c
train_0773.jpg,train/train_0773.jpg,이 건물에 있는 간판 중 '마포 소금구이'라는 글자가 적힌 간판의 색상은 무엇인가요?,하얀색 바탕에 검은색 글자,파란색 바탕에 흰색 글자,빨간색 바탕에 노란색 글자,노란색 바탕에 빨간색 글자,d
train_0774.jpg,train/train_0774.jpg,이미지 속 텍스트에 따르면 SSAFY 16기 입학을 축하하는 문구 중 'SSAFY와 함께 피어나는' 뒤에 이어지는 단어는 무엇인가요?,새로운 도전,새로운 여행,새로운 여정,새로운 시작,c
train_0776.jpg,train/train_0776.jpg,샌드위치 포장지에 적힌 브랜드명은 무엇인가요?,베이컨,BRRR CIDER,YOUNGKCAL,ZERO SUGAR,c
train_0778.jpg,train/train_0778.jpg,유튜브 채널 'hellossafy'의 싸피티비 영상 제목 중 올바른 것은?,AI가 코딩을 못하는데 우리가 해야 해요,AI가 코딩 다해주는데.. 우리가 코딩 왜 해요?,코딩 배우지 말고 AI만 배우세요,코딩 없이 AI로 모든 것을 해결해요,b
train_0779.jpg,train/train_0779.jpg,이 표지판에 적힌 내용은 무엇인가요?,주차금지 협조 부탁 드립니다,주차 가능 구역입니다,보행자 전용 도로,속도 제한 30km,a
train_0780.jpg,train/train_0780.jpg,모션데스크 컨트롤스위치의 할인된 가격은 얼마인가요?,"520,000","605,000",14%,"700,000",a
train_0781.jpg,train/train_0781.jpg,이 명찰에 적힌 이름은 무엇인가요?,이서연,최영호,김민준,박정수,d
train_0782.jpg,train/train_0782.jpg,이 지하철역의 역 번호는 무엇인가요?,312,214,213,231,c
train_0783.jpg,train/train_0783.jpg,힘내라정형외과병원 간판에 적힌 관절질환에 해당하지 않는 부위는 무엇인가요?,허리,어깨,팔꿈치,목,c
train_0784.jpg,train/train_0784.jpg,HOLLYS 커피 매장에서 블랙프라이데이 행사 기간은 언제인가요?,7/24~8/21 매주 금요일,8/1~8/31 매주 토요일,7/1~7/31 매주 목요일,6/1~6/30 매주 수요일,a
train_0785.jpg,train/train_0785.jpg,이미지에 보이는 'HAIR HOLIC' 간판에 적힌 전화번호는 무엇인가요?,98765432,11223344,12345678,24068668,d
train_0787.jpg,train/train_0787.jpg,이 사진에 적힌 문구는 무엇인가요?,HAVE A GOOD DAY!,HAVE A NICE MONSTERDAY!,HAVE A NICE MONSTER!,HAVE A NICE MONDAY!,b
train_0788.jpg,train/train_0788.jpg,이 건설 현장 가림막에 적혀 있는 구청 이름은 무엇인가요?,서초구,마포구,강남구,송파구,c
train_0789.jpg,train/train_0789.jpg,'온파크 스크린파크 골프'에서 연습 1시간과 원포인트 레슨을 포함한 한달 비용은 얼마인가요?,한달 10만원,한달 30만원,한달 25만원,한달 18만원,d
train_0790.jpg,train/train_0790.jpg,이미지 속 흰색 용기의 제품은 무엇을 위한 가루인가요?,발 냄새와 신발용 가루,머리카락 영양제,얼굴 보습제,손톱 관리용 크림,a
train_0791.jpg,train/train_0791.jpg,이 지하철역 출입구의 이름은 무엇인가요?,삼성역,선릉역,강남역,범계역,d
train_0792.jpg,train/train_0792.jpg,이 식당의 이름은 무엇인가요?,행복한식당,맛있는집,동네분식,골목집,d
train_0793.jpg,train/train_0793.jpg,'작전명 알파 클러치' 미션에서 제한 시간은 얼마인가요?,60초,90초,30초,45초,d
train_0794.jpg,train/train_0794.jpg,이 건물 벽에 적힌 글씨는 무엇인가요?,양원역 매표소,양원역 대합실,양원역 안내소,양원역 화장실,b
train_0795.jpg,train/train_0795.jpg,포스터에 소개된 음료 '초당옥수수커피'의 가격은 얼마인가요?,6.0,5.0,7.0,8.0,a
train_0796.jpg,train/train_0796.jpg,이 음식점 간판에 적힌 상호명은 무엇입니까?,맛있는 순대,천안 순대,먹거리 순대,황우 순대,c
train_0797.jpg,train/train_0797.jpg,건물 외벽에 붙어 있는 대형 포스터에 적힌 문구 중 맞는 것은 무엇인가요?,SUMMER SPA CABI,WINTER SPA CABI,WINTER SPA CABIN,SPRING SPA CABI,b
train_0798.jpg,train/train_0798.jpg,이 건물 1층에 있는 식당 이름은 무엇인가요?,강남공인 중개사무소,노래방,우리다,소풍 김밥 분식,d
train_0799.jpg,train/train_0799.jpg,이 가게의 상호명은 무엇인가요?,오늘도 초밥 FEAT. 사시미,오늘도 회 FEAT. 초밥,오늘도 사시미 FEAT. 회,오늘도 사시미 FEAT. 초밥,d
train_0800.jpg,train/train_0800.jpg,이 기둥에 붙어 있는 광고 중에서 연락처로 '010-3648-5950'이 적힌 업체는 무엇인가요?,대출,남스카이차,일호지게차,없음,c
train_0801.jpg,train/train_0801.jpg,이 도로 표지판에서 해제된 제한 속도는 얼마인가요?,80km/h,50km/h,30km/h,100km/h,c
train_0802.jpg,train/train_0802.jpg,이 사진 속 간판에 적힌 부동산 이름은 무엇인가요?,강남 부동산,서울시 부동산,한진우 부동산,명동 부동산,c
train_0803.jpg,train/train_0803.jpg,이 건물 2층에 있는 업종은 무엇인가요?,피면식,커피숍,만화방,서울보석,c
train_0804.jpg,train/train_0804.jpg,뮤지컬 '오늘의 우리' 공연이 열리는 날짜는 언제인가요?,2024년 12월 25일,2023년 5월 1일과 2일,2026년 6월 6일과 7일,2025년 1월 1일,c
train_0805.jpg,train/train_0805.jpg,이 열차의 현재 위치는 어디인가요?,수원,대전,영등포,서울역,a
train_0806.jpg,train/train_0806.jpg,이 간판에 적힌 상호명은 무엇인가요?,서울자동차,부산모터,구미모터스,대구자동차,c
train_0807.jpg,train/train_0807.jpg,이 음료의 1회 제공량 당 열량은 얼마인가요?,79 kcal,190 kcal,4.9 kcal,102 kcal,a
train_0808.jpg,train/train_0808.jpg,이 매장 내에서 사용이 금지된 것은 무엇인가요?,유리잔,텀블러,1회용 컵(플라스틱 컵),금속컵,c
train_0809.jpg,train/train_0809.jpg,이 상자에 적힌 문구 중 쿠팡과 관련된 내용은 무엇인가요?,하이드 소년시대,SNL KOREA,1초 배송,coupang play 지금 쿠플하세요,d
train_0810.jpg,train/train_0810.jpg,SSG 랜더스의 최지훈 선수의 포지션은 무엇인가요?,포수,외야수(CF),투수,1루수,b
train_0811.jpg,train/train_0811.jpg,올바른 손씻기 방법 중 '02' 단계는 무엇인가요?,손바닥,손가락 사이,두 손 모아,손등,d
train_0814.jpg,train/train_0814.jpg,이미지에 적힌 비상구 무게는 얼마인가요?,20 kg,15 kg,25 kg,10 kg,b
train_0815.jpg,train/train_0815.jpg,이미지에 보이는 '오뎅 떡볶이' 가게에서 매운 떡볶이의 가격은 얼마인가요?,"3,000원","7,000원","1,000원","5,000원",d
train_0816.jpg,train/train_0816.jpg,사진 속 노란색 종이에 적혀 있는 문구는 무엇인가요?,싸게 팔아요!,고장 났어요!,사진을 찍으세요!,만지지마세요!,d
train_0817.jpg,train/train_0817.jpg,이 버스정류장 이름은 무엇인가요?,대한사회복지회,한국복지센터센터동,강남구,역삼역 포스코타워역삼,a
train_0818.jpg,train/train_0818.jpg,이미지 속에 보이는 물티슈 제품 중 '도톰한 엠보싱 물티슈'의 수량은 몇 매인가요?,110매,80매,50매,20매,a
train_0819.jpg,train/train_0819.jpg,이 장소는 어디인가요?,롯데월드 타워,별마당도서관,서울역,코엑스 아쿠아리움,b
train_0821.jpg,train/train_0821.jpg,이 광고문구에서 화순군을 대표하는 쇼핑몰 이름은 무엇인가요?,청정먹거리,개미산 전망대,대표 쇼핑몰,화순팜,d
train_0822.jpg,train/train_0822.jpg,다음 중 이미지 속 책 제목이 아닌 것은 무엇인가요?,프로그래밍 언어 파이썬,언어의 이해,컴퓨터의 이해,데이터 정보처리 입문,a
train_0823.jpg,train/train_0823.jpg,사진 속 만화책 페이지에 적힌 'Note Coffee'는 무엇을 의미하나요?,카페 이름,커피 브랜드,만화 제목,주인공 이름,a
train_0824.jpg,train/train_0824.jpg,사진 속에 보이는 길 이름은 무엇인가요?,수령교로,해병의 거리,문무대왕로,정몽주로,d
train_0826.jpg,train/train_0826.jpg,이 도로 표지판에 적힌 내용 중 올바른 것은 무엇인가요?,주차가능 구간 외 견인지역,주정차금지 구간 내 견인지역,주차가능 구간 내 견인지역,주정차금지 구간 외 견인지역,b
train_0828.jpg,train/train_0828.jpg,이 트럭에 적힌 문구 중 '신선 식품'과 함께 제공되는 서비스는 무엇인가요?,무료 반품,당일 배송,신속 포장,예약 주문,b
train_0829.jpg,train/train_0829.jpg,이 사진에 나온 전화번호 중 해동사 전화상담 예약 전화번호는 무엇인가요?,053-719-0460,010-8806-0365,010-1234-5678,053-000-0000,b
train_0830.jpg,train/train_0830.jpg,컵라면 용기의 라면 이름은 무엇인가요?,농심 신라면,삼양 불닭볶음면,오뚜기 김치찌개,오모리 김치 찌개라면,d
train_0831.jpg,train/train_0831.jpg,이 주차장에 출입이 제한되는 것은 무엇인가요?,"오토바이, 자전거, 킥보드",버스,자동차,트럭,a
train_0832.jpg,train/train_0832.jpg,오뚜기 제품 중 500g 용량으로 표시된 것은 무엇인가요?,제주식 흑돼지김치찌개 280kcal,산뜻한 후레시 마요네스,제주식 흑돼지김치찌개 450g,산뜻한 후레시 케첩,b
train_0834.jpg,train/train_0834.jpg,이 간판에 적힌 가게 이름은 무엇인가요?,해피헤어살롱,행복헤어살롱,행복헤어샵,해피헤어샵,d
train_0835.jpg,train/train_0835.jpg,이 건물의 이름은 무엇인가요?,HYUNDAI,CGV,TIMES SQUARE,GATE 3,c
train_0836.jpg,train/train_0836.jpg,사진 속 창문에 붙어 있는 안내문에 적힌 내용은 무엇인가요?,창문 청소 중,창문을 열지 마시오,승객께서 주의 바랍니다,손 조심 (NO TOUCH),d
train_0837.jpg,train/train_0837.jpg,이 건물 벽에 적힌 '공간 와디즈'는 무엇과 관련된 장소일까요?,웹툰과 팝업스토어가 있는 공간,커피숍과 카페가 있는 공간,음악 공연장이 있는 공간,영화관과 상영관이 있는 공간,a
train_0838.jpg,train/train_0838.jpg,이 노래방 화면에서 현재 선택된 노래의 제목과 가수는 무엇인가요?,밤편지 - 아이유,비와 당신의 이야기 - 백지영,사랑했지만 - 김광석,취미 - 박재정,d
train_0839.jpg,train/train_0839.jpg,이 사진에 보이는 두 제품 중 '비비고'에서 만든 것은 무엇인가요?,초코파이,재래김,새우깡,참쌀 설병,b
train_0840.jpg,train/train_0840.jpg,사진에 보이는 'ORION' 브랜드 젤리의 맛은 무엇인가요?,복숭아맛,포도맛,딸기맛,사과맛,b
train_0841.jpg,train/train_0841.jpg,이 사진 속 벽에 붙어 있는 포스터에 적힌 카페의 주요 메뉴는 무엇인가요?,샌드위치와 샐러드,커피와 디저트,피자와 파스타,아이스크림과 케이크,b
train_0842.jpg,train/train_0842.jpg,"이 출입문에 붙어 있는 안내문에 따르면, 이 문은 어떤 상태인가요?",잠긴문이에요,고정문이에요,자동문이에요,열린문이에요,b
train_0843.jpg,train/train_0843.jpg,이 그림에 나온 SSAFY의 '작고 귀여운 녀석들'이 지켜야 할 규칙 중 두 번째는 무엇인가요?,취업 안되면 시장 탓하기,대장 말 잘 듣기,항상 웃으며 다니기,항상 귀여움을 유지하기,a
train_0845.jpg,train/train_0845.jpg,이 표지판에서 안내하는 버스 승차장은 어디인가요?,7번과 8번 버스 정류장,3번과 4번 버스 정류장,5번과 6번 버스 정류장,1번과 2번 버스 정류장,a
train_0846.jpg,train/train_0846.jpg,이 간판에 적힌 상호명은 무엇인가요?,베스트호텔,베스트마트,베스트샵,베스트카페,c
train_0847.jpg,train/train_0847.jpg,이 이미지에 나온 치약 제품 중에서 '허브&불소 오래가는 상쾌함'이라는 문구가 붙은 제품은 무엇인가요?,덴티스테 플러스화이트 프로 치약 튜브 60g,덴티스테 어드밴스드 케어 칫솔,부센C 고불소 충치 치약 160g,부센30 치아미백제 80g,a
train_0848.jpg,train/train_0848.jpg,이 사진에 보이는 가게의 주된 판매 품목은 무엇인가요?,닭갈비,떡볶이,장어,대게,d
train_0849.jpg,train/train_0849.jpg,이 도로에서 제한 속도는 얼마인가요?,60,30,50,80,c
train_0850.jpg,train/train_0850.jpg,블루베리맛홍초는 어느 방향을 가리키고 있나요?,위쪽,오른쪽,왼쪽,아래쪽,b
train_0852.jpg,train/train_0852.jpg,이미지에 보이는 광고 문구는 무엇인가요?,GUINNESS for everyone,GUINNESS is the best,GUINNESS is good for you,GUINNESS tastes great,c
train_0853.jpg,train/train_0853.jpg,이 건물의 이름은 무엇인가요?,서울과학기술대학,한국과학기술회관,한국기술교육원,서울산업진흥원,b
train_0857.jpg,train/train_0857.jpg,이 디스플레이 화면에 표시된 'VOL'의 현재 값은 무엇인가요?,10/30,DEV,30/10,OFF,a
train_0858.jpg,train/train_0858.jpg,이 버스 정류장 안내판에 적힌 역 이름은 무엇인가요?,역삼역 · 선릉역,강남역 · 삼성역,역삼역 · 포스코타워역삼,삼성역 · 포스코타워역삼,c
train_0859.jpg,train/train_0859.jpg,이 사진에 보이는 약국의 이름은 무엇인가요?,청담 약국,서울 중앙 약국,강남 미소 약국,미소 건강 약국,c
train_0862.jpg,train/train_0862.jpg,이미지 속 빨간색 배경의 흰색 글씨 간판에 적힌 내용은 무엇인가요?,Best Hamburger & Best French Fries,Washington Flyer,"'... they cut potatoes, tear up fresh lettuce and slice tomatoes by hand.' CityPulse MI","Five Guys ... is so superb, it's my one and only carry-out suggestion.",c
train_0863.jpg,train/train_0863.jpg,'용감한 쿠키의 편경' 점수 순위에서 3등의 점수는 얼마인가요?,"212,694,448","217,183,368","215,270,554","225,569,732",c
train_0864.jpg,train/train_0864.jpg,다음 중 금연구역 표지판에 적힌 내용으로 옳은 것은 무엇인가요?,금연구역 내 흡연자는 15만원의 과태료 부과,금연구역 내 흡연자는 과태료를 부과하지 않음,금연구역 내 흡연자는 5만원의 과태료 부과,금연구역 내 흡연자는 10만원의 과태료 부과,d
train_0865.jpg,train/train_0865.jpg,위 이미지 속 세탁세제 제품 중 '1.2 kg' 용량으로 표시된 제품의 이름은 무엇인가요?,스피드 세탁세제,산소계 표백제,하세탁,버블 완전 트리플 파워,b
train_0866.jpg,train/train_0866.jpg,이 사진 속에 보이는 큰 글자 간판에 적힌 도시는 어디인가요?,SHANGHAI,BEIJING,SEOUL,GUANGZHOU,d
train_0867.jpg,train/train_0867.jpg,이미지에 나온 '채반 & 강판' 제품의 가격은 얼마인가요?,"3,000원","1,000원","2,000원","5,000원",b
train_0868.jpg,train/train_0868.jpg,사진 속 벽에 적힌 '외부 차량 출입금지' 표지판은 무엇을 의미하나요?,외부 차량 출입금지,외부 차량 출입허용,주차 금지,주차 허용,a
train_0869.jpg,train/train_0869.jpg,이 지하철 역은 어디인가요?,중앙로역,대동역(우송대),대전역(신안과의원),대전역(충남대),c
train_0870.jpg,train/train_0870.jpg,세탁실 벽에 붙어 있는 노란색 포스트잇에 적힌 내용은 무엇인가요?,세탁 완료 후 넣기,세탁 바구니 사용,흰옷 / 색깔옷 분리,세제와 섬유유연제 구분,c
train_0871.jpg,train/train_0871.jpg,이 노래방 화면에서 예약된 곡 중 'LOVE DIVE'를 부른 가수는 누구인가요?,"티아라, 초신성",루시,IVE(아이브),이브,c
train_0873.jpg,train/train_0873.jpg,해태 프리츠 발효버터(지함)의 1개 가격은 얼마인가요?,"3,000원","1,000원","1,500원","2,000원",c
train_0874.jpg,train/train_0874.jpg,노란색 대야에 적힌 텍스트는 무엇인가요?,アサヒ,サントリ?,カゴメ,ケロリン,d
train_0875.jpg,train/train_0875.jpg,런치세트 메뉴에 포함된 초밥 개수는 몇 개인가요?,7개,5개,4개,6개,d
train_0877.jpg,train/train_0877.jpg,이 건물의 간판에 적힌 구단 이름은 무엇인가요?,Daegu Tigers,Samsung Lions,Busan Bears,Incheon Eagles,b
train_0878.jpg,train/train_0878.jpg,이 편의점에서 판매 중인 카드 게임 확장팩의 이름은 무엇인가요?,용사의 전설,어비스 아이,미래의 전쟁,하늘의 성,b
train_0879.jpg,train/train_0879.jpg,이 이미지 속 보드게임 카드에 적힌 단어는 무엇인가요?,Kingdom,Treasure,Adventure,Splendor,d
train_0881.jpg,train/train_0881.jpg,이 건물 입구의 간판에 적힌 교회 이름은 무엇인가요?,대한예수교 장로회 남가좌교회,대한예수교 장로회 북가좌교회,대한불교 조계종 남가좌사,한국천주교 남가좌성당,a
train_0883.jpg,train/train_0883.jpg,이 문구의 내용은 무엇을 주의하라는 의미인가요?,미끄럼 주의,발빠짐 주의,화재 주의,낙상 주의,b
train_0884.jpg,train/train_0884.jpg,이 거리에서 'AL SEEF HERITAGE SOUK' 간판 아래에 적힌 곳은 어디인가요?,ZAHRAT DUBAI - SOUVENIRS & GIFTS,TEXTILE MARKET,AL MANDOOS SPICE HOUSE,DUBAI CREEK FERRY STATION,d
train_0885.jpg,train/train_0885.jpg,이 사진에 보이는 두 가게의 업종은 무엇인가요?,카페와 약국,문구점과 서점,꽃집과 카페,약국과 문구점,d
train_0886.jpg,train/train_0886.jpg,이 마스크 상자에 적힌 마스크 종류는 무엇인가요?,KF-99,KF-80,KF-94,KF-72,c
train_0887.jpg,train/train_0887.jpg,장보자닷컴 회원가입 시 받을 수 있는 혜택이 아닌 것은 무엇인가요?,세금계산서 발행,포인트 적립,무료 음료 제공,배송서비스,c
train_0888.jpg,train/train_0888.jpg,이 건물에 있는 식당의 간판에 적혀 있는 주요 메뉴는 무엇인가요?,비빔밥,불고기,해물 짬뽕,김치찌개,c
train_0892.jpg,train/train_0892.jpg,이 건물의 간판에 적힌 한식당 이름은 무엇인가요?,노루,놀부식당,놀부,놀부한식,c
train_0893.jpg,train/train_0893.jpg,사진 속 트럭 옆면에 적혀 있는 문구 중 맞는 것은 무엇인가요?,맥주 어디서 사지?,위스키·와인 어디서 사지?,와인 어디서 마시지?,커피 어디서 사지?,b
train_0894.jpg,train/train_0894.jpg,이 이미지에 보이는 간판 중 '코인 노래 연습장'이 적힌 곳의 상호명은 무엇인가요?,프렌즈,코인 노래 연습장,Fabulas de Coco,천문,a
train_0895.jpg,train/train_0895.jpg,이 가게 앞에 걸려 있는 큰 현수막에 적힌 문구는 무엇인가요?,라면먹고갈래요?,라면먹고가요?,라멘먹고가요?,라멘먹고갈래요?,d
train_0896.jpg,train/train_0896.jpg,이 건물의 3층에 위치한 센터의 이름은 무엇인가요?,better life with sema 과학기술인공제회 IT지원센터,(주)에이전트에이아이랩스,better life with sema 과학기술인공제회 CS센터,세븐일레븐,a
train_0897.jpg,train/train_0897.jpg,이 건물에 입점해 있지 않은 업종은 무엇인가요?,치과,편의점,성형외과,피트니스 센터,d
train_0898.jpg,train/train_0898.jpg,MOONGE 카페 메뉴에서 에그타르트 종류 중 가격이 4100원인 것은 무엇인가요?,리트라,고구마,애플시나몬,옥수수,a
train_0900.jpg,train/train_0900.jpg,2층(2F)에는 어떤 종류의 상품이 있나요?,"욕실, 청소, 세탁, 주방용품, 도자기","미용, 패션, 시즌상품","가전제품, 전자기기, 컴퓨터","인테리어용품, 취미, 공구, 문구, 완구, 홈데코, 식품",d
train_0901.jpg,train/train_0901.jpg,이 가게의 상호명은 무엇인가요?,marie claire store,marie claire shop,marie claire,marie claire bag,c
train_0902.jpg,train/train_0902.jpg,이 가게에서 판매하는 매운맛 삼총사에 해당하지 않는 메뉴는 무엇인가요?,불짬뽕,불간짜장,중화비빔면,불닭볶음면,d
train_0903.jpg,train/train_0903.jpg,사진 속 하트 모양 안에 적힌 문구는 무엇인가요?,명륜은 진짜사랑,명륜은 최고의 사랑,명륜은 찐사랑,명륜은 사랑해,c
train_0904.jpg,train/train_0904.jpg,이 노래방 화면에서 부른 노래의 제목은 무엇인가요?,Tears,Happiness,Sunshine,Rain,a
train_0905.jpg,train/train_0905.jpg,이 식당의 이름은 무엇인가요?,정성 가득 김치찌개,바삭한 치킨 전문점,속시원한 대구탕,맑은 바다 생선구이,c
train_0906.jpg,train/train_0906.jpg,이 건물에 있는 간판 중에서 '안과'와 관련된 간판의 이름은 무엇인가요?,나누리치과,리날다 키즈모드,눈에빛안과,봄애그린한의원,c
train_0907.jpg,train/train_0907.jpg,이 제품의 향은 무엇인가요?,편백나무 숲 향,자몽 향,장미 향,라벤더 향,a
train_0908.jpg,train/train_0908.jpg,이미지 속 광고 배너에 나온 제품의 특징으로 옳은 것은 무엇인가요?,10초 단백질 폭탄 헤어팩,1초 단백질 폭탄 헤어팩,1시간 단백질 폭탄 헤어팩,1분 단백질 폭탄 헤어팩,b
train_0909.jpg,train/train_0909.jpg,신축 일월스타빌딩 임대와 관련된 연락처 번호는 무엇인가요?,02) 9876-5432,02) 1234-5678,02) 1111-2222,02) 6003-5034,d
train_0910.jpg,train/train_0910.jpg,연극 '헤어지는 기쁨' 대구 공연 티켓에 적힌 공연 시작 시간은 언제인가요?,20:00,19:30,18:00,17:30,b
train_0911.jpg,train/train_0911.jpg,이 마라톤 표지판에 표시된 거리는 얼마인가요?,42km,16km,21km,10km,b
train_0912.jpg,train/train_0912.jpg,이 건물에 입주해 있는 간판들 중에 실버케어 센터의 이름은 무엇인가요?,이경철 법률 사무소,한별관광 여행사,EDYA COFFEE,사랑 실버케어 센터,d
train_0913.jpg,train/train_0913.jpg,이 이미지에서 보이는 샌드위치 포장지에 적힌 브랜드 이름은 무엇인가요?,버거킹,스타벅스,서브웨이,맥도날드,c
train_0914.jpg,train/train_0914.jpg,포스터에 따르면 'P BiCK' 스낵 전 상품에 대해 어떤 할인 혜택이 제공되나요?,5% 할인,20% 할인,3% 할인,10% 할인,c
train_0915.jpg,train/train_0915.jpg,'무한 대패' 가게에서 제공하는 무한 리필 메뉴가 아닌 것은 무엇인가요?,소주 무한,샐러드바,김치 무한,고기 무한,c
train_0918.jpg,train/train_0918.jpg,사진 속 안내판에서 '팩 렌즈 특별가' 행사는 어떤 품목과 관련이 있나요?,콘택트 렌즈,안경 렌즈,안경 닦이,안경테,a
train_0919.jpg,train/train_0919.jpg,이 사진 속에서 '현금자동지급기'는 어떤 서비스를 제공하는 기계인가요?,자동 결제 서비스,현금 인출 서비스,지하철 승차권 판매,음료 자동 판매기,b
train_0920.jpg,train/train_0920.jpg,서울시에서 노후주택 창호 교체 지원금을 받을 수 있는 지원금액 범위는 얼마인가요?,단독주택 최대 100만 ~ 200만원,"빌라, 다세대는 300만 ~ 500만원",전체 창호 교체시 100만 ~ 200만원 현금 입금,전체 창호 교체시 200만 ~ 300만원 현금 입금,d
train_0922.jpg,train/train_0922.jpg,이 과자의 맛은 무엇인가요?,바나나맛 아몬드,초코맛 아몬드,딸기맛 아몬드,군옥수수맛 아몬드,d
train_0923.jpg,train/train_0923.jpg,이 건물 2층에서 운영하는 치과의원 이름은 무엇인가요?,무에타이 영무회관,인동부부치과의원,올 포 유,영무체육관,b
train_0924.jpg,train/train_0924.jpg,"이 사진 속 바나나 안내판에 따르면, 'Eat now'에 해당하는 바나나를 언제 먹는 것이 좋다고 되어 있나요?",2-4일 이내,1-2일 이내,3-5일 이내,즉시,b
train_0925.jpg,train/train_0925.jpg,"다음 중 메뉴 가격이 4,000원인 음료는 무엇인가요?",디카페인 아메리카노,아메리카노,메이플 크로플,더블더블,b
train_0926.jpg,train/train_0926.jpg,이 사진 속 신호등의 색깔은 무엇인가요?,초록색,파란색,빨간색,노란색,c
train_0928.jpg,train/train_0928.jpg,오른쪽 병 라벨에 적힌 '群主'의 뜻으로 가장 알맞은 것은 무엇인가요?,국가 지정 명인,안동 소주,"우리의 주인, 군주",쌀로 만든 술,c
train_0930.jpg,train/train_0930.jpg,이 연구 포스터에서 보호지역에 관한 GBF의 주요 내용에 포함되지 않은 것은 무엇인가요?,기후 변화에 따른 보호지역 관리 방안,GBF의 국내법적 이행 의무,보호지역의 개념 설명,CBD 이행을 위한 국내법적 연혁,a
train_0931.jpg,train/train_0931.jpg,그림 옆에 적힌 글귀는 무엇인가요?,사람 살라!,사람 살려!,사람 삼려!,사람 살려?,b
train_0932.jpg,train/train_0932.jpg,대우디오빌플러스 상가 안내판에서 107호에 입주해 있는 곳은 무엇인가요?,게새 장터,디오 파스타·돈까스,수미정,봄바람 연습실,a
train_0933.jpg,train/train_0933.jpg,이 책꽂이에 꽂혀 있는 책 중 '쉽게 풀어쓴 C언어 Express' 책이 몇 권 있나요?,1권,4권,3권,2권,d
train_0934.jpg,train/train_0934.jpg,이 가게의 이름은 무엇인가요?,별크커피 강남점,벌크커피 강남점,벌크커피 잠실점,별크커피 잠실점,c
train_0935.jpg,train/train_0935.jpg,커피빈 강남역12번출구점의 평일(월요일~금요일) 영업 시작 시간은 언제인가요?,06:00AM,06:30AM,07:30AM,07:00AM,b
train_0937.jpg,train/train_0937.jpg,이 건물의 이름은 무엇인가요?,상떼빌,상떼빌라,상테빌라,상테빌,a
train_0939.jpg,train/train_0939.jpg,이 건물의 2층에 위치한 곳의 이름은 무엇인가요?,푸마,열린치과,배스킨라빈스,미즈노,b
train_0940.jpg,train/train_0940.jpg,'만능 야채톡' 제품에 표시된 총 칼로리는 얼마인가요?,50 kcal,120 kcal,70 kcal,100 kcal,c
train_0941.jpg,train/train_0941.jpg,이 이미지에 나온 2023년 하반기 대규모 신입사원 채용을 진행하는 회사 이름은 무엇인가요?,한화에어로스페이스,LG화학,대한항공,삼성전자,a
train_0942.jpg,train/train_0942.jpg,이 카페 이름은 무엇인가요?,스위트 홈 카페,빵마을 카페,커피마을 카페,베이커리 타운,b
train_0943.jpg,train/train_0943.jpg,이 식당 메뉴판에 적힌 '튀김우동'의 가격은 얼마인가요?,"7,500원","7,000원","8,000원","6,500원",c
train_0945.jpg,train/train_0945.jpg,4번 승강장의 평일 운영 시간은 언제부터 언제까지인가요?,05:36~08:18,05:36~10:24,06:00~09:00,05:00~08:00,a
train_0946.jpg,train/train_0946.jpg,"이 좌석 뒷면에 붙어 있는 안내문에 따르면, 테이블 위에 올리지 말아야 할 무게는 얼마인가요?",10kg 이상,20kg 이상,5kg 이상,15kg 이상,a
train_0947.jpg,train/train_0947.jpg,이 건물에 있는 음식점의 이름은 무엇인가요?,바다 횟집,진상 회집,역삼 횟집,해물 전문점,b
train_0948.jpg,train/train_0948.jpg,이 사진 속 간판에 적힌 도서관 이름은 무엇인가요?,서울특별시교육청 한강도서관,서울특별시교육청 남산도서관,서울특별시교육청 북서울도서관,서울특별시교육청 강남도서관,b
train_0949.jpg,train/train_0949.jpg,사진 속 간판에 적힌 문구는 무엇인가요?,MIS BAMBINO,FRESH STRAWBERRIES,SUPREME BERRY FARMS,CHOCOLATE FOR DIPPING,d
train_0950.jpg,train/train_0950.jpg,이 음료의 1회 제공량과 칼로리는 얼마인가요?,"600 ml, 400 kcal","250 ml, 175 kcal","500 ml, 350 kcal","450 ml, 300 kcal",c
train_0952.jpg,train/train_0952.jpg,"벽에 붙어 있는 표지판 중에서 고양이가 이발하는 장면이 그려져 있고, 'THAT'S WHAT I DO'라는 문구가 적혀 있는 표지판의 문구는 무엇인가요?",BEST IN YOUR HAIR IS THE CROWN YOU NEVER TAKE OFF,ONCE UPON A TIME THERE WAS A GIRL WHO REALLY WANTED TO OPEN A SALON IT WAS ME. THE END.,THAT'S WHAT I DO I CUT HAIR AND I KNOW THINGS,YOU DON'T STOP CUTTING WHEN YOU GET OLD,c
train_0954.jpg,train/train_0954.jpg,이 전시회의 주제는 무엇인가요?,친환경·에너지산업전,스마트홈·가전산업전,인공지능·로봇산업전,자율주행·모빌리티산업전,d
train_0956.jpg,train/train_0956.jpg,화면에 표시된 시각은 무엇인가요?,11:30:36,11:20:36,10:20:36,12:20:36,b
train_0957.jpg,train/train_0957.jpg,이 건물의 한식뷔페 상호명은 무엇인가요?,한상본가,한식뷔페,역삼뷔페,역삼본가,a
train_0958.jpg,train/train_0958.jpg,이 가게에서 제공하는 와이파이 비밀번호는 무엇인가요?,aaa7364249,AG00NG,AG0ONG,aaa7364248,d
train_0959.jpg,train/train_0959.jpg,이 건물 1층에 위치한 커피숍의 이름은 무엇인가요?,COMPOSE COFFEE,골드뱅크 금 거래소,D. Ark,COFFEE TIME,a
train_0960.jpg,train/train_0960.jpg,사진 속 가게 간판에 적힌 전화번호는 무엇인가요?,051)987-6543,051)123-4567,051)972-1234,051)972-9681,d
train_0962.jpg,train/train_0962.jpg,이 사진 속 간판에 적힌 가게 이름은 무엇인가요?,노래방,3대 시래기국,순남시래기,역삼점,c
train_0963.jpg,train/train_0963.jpg,이 제품 상자에 적힌 제품 이름은 무엇인가요?,Nintendo Switch Pro 컨트롤러,Nintendo Switch 컨트롤러,Nintendo Switch 2 Pro 컨트롤러,Nintendo Switch 2 컨트롤러,c
train_0964.jpg,train/train_0964.jpg,이 사진에서 5번 층에 위치한 곳은 어디인가요?,코엑스몰,현대어린이미술관·CGV,롯데백화점,서울역,b
train_0965.jpg,train/train_0965.jpg,이 사진에 보이는 노란색 차량의 종류는 무엇인가요?,택시,버스,트럭,승용차,b
train_0967.jpg,train/train_0967.jpg,이 표지판에 적힌 문구는 무엇을 의미하나요?,통행금지,주차금지,출입금지,정지,b
train_0969.jpg,train/train_0969.jpg,"이 이미지에서 보이는 """"Agentic AI""""의 주된 기능은 무엇인가요?",음성 인식,자연어 처리,보안 조치 자동화,이미지 분석,c
train_0971.jpg,train/train_0971.jpg,이 장소에서 와이파이 비밀번호는 무엇인가요?,xzak_5935!,zak_xxx_xg,hakha5935,hakha5935!,d
train_0972.jpg,train/train_0972.jpg,이미지 속 표지판에 적힌 '여분의 컵'에 관한 안내 문구는 무엇인가요?,여분의 컵은 무료로 제공됩니다,여분의 컵은 1개당 500원입니다,여분의 컵은 제공되지 않습니다,여분의 컵은 개인이 지참해야 합니다,c
train_0973.jpg,train/train_0973.jpg,왕갈비짬뽕의 가격은 얼마인가요?,"13,000원","14,000원","11,000원","12,000원",b
train_0974.jpg,train/train_0974.jpg,"Turu 주차장 이용 안내에 따르면, 최초 30분 주차 요금은 얼마인가요?","\2,000","\1,000","\5,000","\3,000",d
train_0975.jpg,train/train_0975.jpg,이미지에 표시된 현재 수영장 이용 인원은 몇 명인가요?,17명,33명,110명,200명,a
train_0976.jpg,train/train_0976.jpg,이 식당의 영업시간은 언제인가요?,"오전 9시 ~ 12시, 오후 1시 ~ 6시","오전 8시 ~ 2시, 오후 3시 ~ 7시","오전 11시 ~ 4시, 오후 6시 ~ 10시","오전 10시 ~ 3시, 오후 5시 ~ 9시",d
train_0977.jpg,train/train_0977.jpg,"도로 표지판에 따르면, '해병대교육훈련단' 방향으로 가려면 어느 쪽으로 가야 하나요?",뒤로 돌아가기,직진,왼쪽,오른쪽,c
train_0978.jpg,train/train_0978.jpg,'올리브 무침' 메뉴의 맛을 설명한 문구 중 올바른 것은 무엇인가요?,"그린·블랙 올리브의 새콤달콤한 맛, 정성껏 직접 말린 썬드라이 토마토의 깊은 맛",신선한 바질과 직접 갈아 넣은 썬드라이토마토를 함께 넣어 풍부한 맛,40℃ 미만의 낮은 온도에서 정성껏 말린 방울토마토의 풍미와 쫄깃한 식감,"올리브 오일과 마늘의 깊은 풍미, 허브와 레몬의 산뜻함, 페페론치노의 은은한 매콤함",d
train_0980.jpg,train/train_0980.jpg,왼쪽에 놓인 간식의 이름은 무엇인가요?,초코칩 쿠키,Market O BROWNIE,오레오 쿠키,빼빼로,b
train_0982.jpg,train/train_0982.jpg,이 트럭 뒷면에 적힌 문구는 무엇입니까?,냉장식품운반차량,화물운송전문차량,긴급농산물수송차량,위험물운반차량,c
train_0984.jpg,train/train_0984.jpg,이 건물의 2층에 있는 한식뷔페의 이름은 무엇인가요?,한식뷔페 밥스타,국요리전문점 초림,한식뷔페 밥나라,국요리전문점 밥스타,a
train_0985.jpg,train/train_0985.jpg,이 건물에 위치한 '해내다 국어학원'에서 제공하지 않는 과정은 무엇인가요?,중등 문해력 완성 과정,고등 수학 심화 과정,초등 독서심화 과정,초등 창의독서 과정,b
train_0987.jpg,train/train_0987.jpg,이 배너에서 소개하는 와플의 종류로 올바른 것은 무엇인가요?,누텔라 두바이 와플,딸기 크림 와플,카라멜 견과 와플,초코 바나나 와플,a
train_0988.jpg,train/train_0988.jpg,이 사진에 보이는 액자 안에 주로 어떤 내용이 적혀 있나요?,제품 라벨 정보,음식 메뉴와 가격,유명인들의 사인 및 메시지,광고 문구,c
train_0991.jpg,train/train_0991.jpg,사진 속 간판에 적힌 음식 이름은 무엇인가요?,김치찌개,불고기 백반,된장찌개,장작 곰탕 도가,d
train_0992.jpg,train/train_0992.jpg,이 가게의 이름은 무엇인가요?,별을봉,국민우유,크린N,역삼 홈 마트,d
train_0994.jpg,train/train_0994.jpg,사진에 보이는 은행의 이름은 무엇인가요?,우리은행,신한은행,하나은행,국민은행,c
train_0996.jpg,train/train_0996.jpg,사진 속 물티슈 두 개의 가격은 각각 얼마인가요?,"상단 1,000원, 하단 2,000원","상단 3,000원, 하단 1,500원","상단 1,500원, 하단 3,000원","상단 2,000원, 하단 1,000원",d
train_0997.jpg,train/train_0997.jpg,이 사진 속에 적힌 '구두수선·열쇠' 간판은 무엇을 의미하나요?,구두 수선과 열쇠 제작 및 수리를 하는 곳,구두를 만드는 공장,구두 판매점,열쇠 판매점,a
train_0998.jpg,train/train_0998.jpg,벽에 적힌 문구는 무엇인가요?,"One eye sees, the other feels : Paul Klee",Art is life : Vincent Van Gogh,Look and feel : Claude Monet,See with both eyes : Pablo Picasso,a
train_0999.jpg,train/train_0999.jpg,위 사진 속 '하이파이브 금융 교육 시리즈'에 포함된 주제 중 하나가 아닌 것은 무엇인가요?,돈의 개념,부동산 투자,주식,소비 습관,b
train_1004.jpg,train/train_1004.jpg,이 사진 속 벽에 걸린 음식 사진에 적혀 있는 메뉴 이름은 무엇인가요?,소갈비,돼지갈비,닭갈비,양념치킨,b
train_1005.jpg,train/train_1005.jpg,이 소화전 방수구의 문에 적혀 있는 글자는 무엇인가요?,화재 경보 장치,비상구 안내,소화전 방수구,소화기 사용법,c
train_1006.jpg,train/train_1006.jpg,사진에 보이는 'daiso'는 무엇을 의미하나요?,다이소라는 상호명,제품의 제조 번호,제품 인증 마크,가전제품 모델명,a
train_1007.jpg,train/train_1007.jpg,이 공항에서 환영 메시지로 적혀 있는 도시는 어디인가요?,도쿄,가가와,서울,부산,b
train_1008.jpg,train/train_1008.jpg,이 바닥에 투사된 글귀 중 '무엇도 잊지 않고 누구도 잊지 않도록' 다음에 나오는 기관명은 무엇인가요?,기흥구 보건소 치매안심센터,서울시 치매지원센터,용인시 복지센터,성남시 건강관리센터,a
train_1009.jpg,train/train_1009.jpg,루미북클럽에서 제공하는 독서 논술 문해력 특강 중 포함되지 않은 과목은 무엇인가요?,세계사,한국사,처음 한국사,수학,d
train_1010.jpg,train/train_1010.jpg,이 로또 복권의 추첨일은 언제인가요?,2024/01/27,2024/01/28,2025/01/28,2024/01/26,a
train_1011.jpg,train/train_1011.jpg,왼쪽 제품 'hince 세컨 스킨 글로우 쿠션'의 색상은 무엇인가요?,21 IVORY 아이보리,15 BEIGE 베이지,02 WHITE 화이트,30 NATURAL 내추럴,a
train_1013.jpg,train/train_1013.jpg,이 사진에 보이는 서점의 이름은 무엇인가요?,동문서점,한빛서점,계천서점,만물상단,c
train_1015.jpg,train/train_1015.jpg,이 과자의 맛은 무엇인가요?,딸기,바닐라,치즈 크림,초콜릿,c
train_1016.jpg,train/train_1016.jpg,왼쪽 박스에 적혀 있는 포켓몬 카드팩의 이름은 무엇인가요?,로켓단의 영광,스톰에메랄다,메가 볼트론,스컬렛 & 바이올렛,b
train_1017.jpg,train/train_1017.jpg,이 사진은 어느 시장의 입구를 찍은 것인가요?,제주동문시장,서울남대문시장,대구서문시장,부산국제시장,a
train_1018.jpg,train/train_1018.jpg,이 건물의 3층에 위치한 시설 이름은 무엇인가요?,두루두루한상,아이엔짐,몬스터커피,사무아바타,b
train_1019.jpg,train/train_1019.jpg,이 표지판에서 진행 중인 공사는 무엇인가요?,도로포장공사 중,트램공사 중,교량공사 중,지하철역 공사 중,b
train_1020.jpg,train/train_1020.jpg,이 가게에서 주문 제작하는 품목은 무엇인가요?,전자제품,음식 재료,가구,"단체복, 유니폼",d
train_1021.jpg,train/train_1021.jpg,병뚜껑에 적힌 글자는 무엇인가요?,SON7,SONZ,SON1,SONI,a
train_1022.jpg,train/train_1022.jpg,이 열차의 출발 시간은 언제인가요?,19:45,21:10,20:30,22:00,b
train_1024.jpg,train/train_1024.jpg,이 서가의 상단에 적힌 문구는 무엇인가요?,도서관 이용 안내,행복한 독서,책과 함께하는 시간,책으로-잇다,d
train_1025.jpg,train/train_1025.jpg,이 건물 외벽에 적혀 있는 간판의 글자는 무엇인가요?,multicampu,multicampas,multicampuss,multicampus,d
train_1026.jpg,train/train_1026.jpg,이 식당이 영업하는 시간은 언제부터 언제까지인가요?,9:00~23:00,6:00~20:00,7:00~21:00,8:00~22:00,d
train_1027.jpg,train/train_1027.jpg,이 화이트보드에 적힌 주소는 어디인가요?,서울 마포구 월드컵북로 240 제 4학생회관 D404호,서울 광진구 능동로 120 제 2학생회관 B137호,서울 강남구 테헤란로 50 제 1학생회관 A101호,서울 종로구 종로1가 1 제 3학생회관 C202호,b
train_1028.jpg,train/train_1028.jpg,주차장으로 가려면 어떻게 해야 하나요?,반대편쪽 고객센터 옆 무빙워크를 이용하세요,직진해서 엘리베이터를 이용하세요,계단을 이용해 지상 1층으로 올라가세요,주차장 입구에서 왼쪽으로 돌으세요,a
train_1029.jpg,train/train_1029.jpg,이 인형 꾸미기 농구 세트에 포함된 구성품은 무엇인가요?,후드티 + 바지 + 농구공,모자 + 장갑 + 농구공,티셔츠 + 반바지 + 농구공,후드티 + 바지 + 축구공,a
train_1030.jpg,train/train_1030.jpg,사진 속 버터 포장지에 적혀 있는 내용 중 올바른 것은 무엇인가요?,Unsalted 10g,Salted 10g,Salted 7g,Unsalted 7g,d
train_1031.jpg,train/train_1031.jpg,이 마우스 패드에 적힌 문구 중 올바른 것은 무엇인가요?,SAMSUNG SW AI ACADEMY FOR YOUTH,SAMSUNG AI ACADEMY FOR STUDENTS,SAMSUNG SMART ACADEMY FOR YOU,SAMSUNG SOFTWARE ACADEMY FOR YOUTH,a
train_1032.jpg,train/train_1032.jpg,영수증에 적힌 '春風得意腸'의 가격은 얼마인가요?,$7,$33,$80,$40,b
train_1033.jpg,train/train_1033.jpg,노트에 적힌 '오늘의 계획' 중 포함되지 않은 항목은 무엇인가요?,데이터 수집 방법 정리,통계 개념 복습,설문지 초안 작성,회의 3시 참석,d
train_1034.jpg,train/train_1034.jpg,이 빼빼로 제품 박스에 적혀 있는 칼로리는 얼마인가요?,250 kcal,205 kcal,150 kcal,300 kcal,b
train_1035.jpg,train/train_1035.jpg,이 가게 간판에 적힌 글씨 중에서 가게의 주 메뉴를 나타내는 단어는 무엇인가요?,La Trattoria Italiana E Pizzeria,VERA PIZZA,Napoletana,831,b
train_1036.jpg,train/train_1036.jpg,간판에 적힌 메뉴 중 빨간색 글씨로 쓰여진 것은 무엇인가요?,SAN FRNCISCO,Jambon,Tomato,Steak,c
train_1037.jpg,train/train_1037.jpg,이 포스터에 적힌 할인 혜택은 무엇인가요?,회원 가입 시 무료 음료 제공,유피카드 20%할인 안쓰면 손해!,신용카드 15% 할인,현금 결제 시 10% 적립,b
train_1038.jpg,train/train_1038.jpg,이 사진 속 냄비 손잡이에 적힌 글자는 무엇인가요?,BOGO,BOKO,BOGOO,BINGO,a
train_1039.jpg,train/train_1039.jpg,사진 속 건물에 입주한 병원이나 약국 중 1층에 위치한 곳은 어디인가요?,루시아치과,허브약국,아이라인성형외과,강남더의원,b
train_1040.jpg,train/train_1040.jpg,이 슈퍼마켓 진열대에 붙어 있는 상호명은 무엇인가요?,fresh bakery,verso natura CONAD,organic farm,super market,b
train_1041.jpg,train/train_1041.jpg,이 역의 이름은 무엇인가요?,부산역,서울역,광주역,여천역,d
train_1042.jpg,train/train_1042.jpg,이 건물에 적힌 간판의 상호명은 무엇인가요?,까멜리아 99,까멜리아 동백,동백 까멜리아,까멜리아 사랑,b
train_1043.jpg,train/train_1043.jpg,이 표지판에 적힌 산책로 이름은 무엇인가요?,송도 해안길,절영 해안산책로,광안리 바닷길,해운대 해변로,b
train_1044.jpg,train/train_1044.jpg,이 버스정류장 이름은 무엇인가요?,거제시조은섬콜택시,버스정류장,거제대로 4479,맑은샘병원,d
train_1046.jpg,train/train_1046.jpg,더벤티네 키친에서 판매하는 매콤 소보로밥의 가격은 얼마인가요?,3.5,4.5,5.9,2.5,a
train_1047.jpg,train/train_1047.jpg,이 버스 광고에 나온 병원 전화번호는 무엇인가요?,02-123-4567,010-7777-5555,031-999-8888,02-548-1588,d
train_1048.jpg,train/train_1048.jpg,다음 중 붕어빵의 종류와 가격이 올바르게 짝지어진 것은 무엇인가요?,"치즈 붕어빵 - 2,500원","초코 붕어빵 - 1,500원","고구마 붕어빵 - 1,000원","피자 붕어빵 - 2,000원",c
train_1049.jpg,train/train_1049.jpg,만년닭강정 가게의 영업시간은 언제부터 언제까지인가요?,오전 10시부터 오후 10시까지,오전 9시부터 오후 11시까지,오전 11시부터 오후 12시까지,오전 8시부터 오후 9시까지,b
train_1050.jpg,train/train_1050.jpg,이곳에 설치된 CCTV의 주요 목적은 무엇인가요?,어린이 안전과 시설 보안,화재 예방,쓰레기 투기 감시,교통 단속을 위해,a
train_1051.jpg,train/train_1051.jpg,사진 속 부스에서 한국수출입은행이 50주년을 맞이한 해는 언제인가요?,1980년,1960년,1976년,2026년,d
train_1052.jpg,train/train_1052.jpg,이 소주 병에 적힌 브랜드 이름은 무엇인가요?,깨끗한 밤,순수한 물,좋은 데이,청정 소주,c
train_1053.jpg,train/train_1053.jpg,이 소파의 가격은 얼마입니까?,"2,250,000원","1,950,000원","2,570,000원","3,260,000원",c
train_1055.jpg,train/train_1055.jpg,이 전화 부스 위에 적힌 글자는 무엇인가요?,TELEPHOEN,TELEPHANE,TELEPHONE,TELEPHON,c
train_1056.jpg,train/train_1056.jpg,사진 속 도로 표지판에 적힌 내용은 무엇인가요?,양방통행,직진 전용,좌회전 가능,일방통행,d
train_1058.jpg,train/train_1058.jpg,사진 속 역 이름은 무엇인가요?,Shinban Station,Shifen,Wanggu,Dahua,b
train_1059.jpg,train/train_1059.jpg,이 벽에 적힌 문장의 내용은 무엇인가요?,선은 항상 명확하게 보인다.,경계는 절대 넘지 말아야 한다.,경계를 넘으면 안 된다.,때로는 선을 넘어봐야 경계가 어디인지 알 수 있다.,d
train_1061.jpg,train/train_1061.jpg,사진 속 흰색 곰 캐릭터가 무슨 말을 하고 있나요?,빵집인데 빵은 없음!,빵집은 문 닫았어요!,빵 많이 팔아요!,빵은 다 팔렸어요!,a
train_1062.jpg,train/train_1062.jpg,이 사진에 나온 양말 브랜드명은 무엇인가요?,YONEX,PUMA,ADIDAS,NIKE,a
train_1063.jpg,train/train_1063.jpg,이 건물 2층에 위치한 곳은 무엇인가요?,지상지학,플렉스홈,매트리스 전문점,레인보우스튜디오,d
train_1064.jpg,train/train_1064.jpg,이 음료의 단백질 함량은 몇 g인가요?,30 g,21 g,15 g,10 g,b
train_1065.jpg,train/train_1065.jpg,이미지 속 트레이 옆에 놓인 안내문에 적힌 문구는 무엇인가요?,커피(COLD),아이스티(HOT),숭늉(HOT),식혜(COLD),c
train_1066.jpg,train/train_1066.jpg,사진에 보이는 상호명 중 '김밥'을 판매하는 가게 이름은 무엇인가요?,소풍 김밥·분식,뚝돌이다,우리다,비타민 노래방,a
train_1067.jpg,train/train_1067.jpg,이 키보드에서 'Page Down' 키의 영어 표기는 무엇인가요?,Pg Dn,Pg Down,Pg Up,Page Dn,a
train_1068.jpg,train/train_1068.jpg,이미지 속 현수막에 적혀 있는 경북대학교 개교 기념 주년은 몇 주년인가요?,75주년,70주년,80주년,85주년,c
train_1071.jpg,train/train_1071.jpg,이 종이에 적힌 오늘의 운세 내용은 무엇인가요?,오늘은 조심해야 할 일이 많을 것 같아요.,새로운 사람을 만날 좋은 기회가 있을 거예요.,기대했던 소식이 올 것 같아요.,예상치 못했던 즐거운 일이 일어날 것 같아요!,d
train_1072.jpg,train/train_1072.jpg,이 CCTV 설치 안내문에 따르면 촬영 시간은 어떻게 되어 있나요?,12시간 촬영 및 녹화,야간에만 촬영,24시간 연속 촬영 및 녹화,주간에만 촬영,c
train_1073.jpg,train/train_1073.jpg,사진 속 음료 가격표에 따르면 '흑당버블라떼'의 가격은 얼마인가요?,"3,700원","3,500원","4,200원","3,900원",a
train_1074.jpg,train/train_1074.jpg,이 건물 외벽에 적힌 전화번호는 무엇인가요?,031-987-6543,02-888-9001,02-123-4567,062-6416,b
train_1075.jpg,train/train_1075.jpg,이 미용실의 이름은 무엇인가요?,블루클럽,레드살롱,옐로우컷,그린헤어,a
train_1078.jpg,train/train_1078.jpg,오른쪽 노란색 포장지에 적힌 비타민젤리의 브랜드 이름은 무엇인가요?,초콜릿이 통째로,오리온,비초비,아임비타,d
train_1080.jpg,train/train_1080.jpg,이 냉장고에서 삼각김밥의 가격은 얼마인가요?,"2,300원","1,500원","3,000원","1,000원",b
train_1081.jpg,train/train_1081.jpg,이 치과 병원의 야간진료 시간은 언제까지인가요?,"월, 수요일 9시까지","화, 목요일 8시까지",매일 10시까지,금요일 7시까지,a
train_1082.jpg,train/train_1082.jpg,"이 사진에서 'SUPER """"DRY""""'라는 문구가 쓰인 제품은 무엇인가요?",우유,과자,맥주,치즈,c
train_1083.jpg,train/train_1083.jpg,이 경기장의 전광판에 표시된 팀 이름은 무엇인가요?,GOLDEN STATE WARRIORS,BROOKLYN NETS,CHICAGO BULLS,LOS ANGELES LAKERS,a
train_1084.jpg,train/train_1084.jpg,이 건물의 창문에 적힌 '컴퓨터 교육'은 몇 층에서 진행된다고 되어 있나요?,1층,3층,4층,2층,c
train_1085.jpg,train/train_1085.jpg,이 지도 화면에 나타난 남은 도착 시간은 얼마인가요?,1시간 30분,3시간 44분,2시간 20분,4시간 15분,b
train_1086.jpg,train/train_1086.jpg,이 사진 속 거대한 미키마우스 동상 앞에 적혀 있는 문구는 무엇인가요?,WINTER WONDERLAND,SPRING BLOSSOM,AUTUMN ADVENTURE,SUMMER FANTASY,d
train_1087.jpg,train/train_1087.jpg,퀴즈노스 매장에서 MORNING SET에 포함된 메뉴는 무엇인가요?,샌드위치 + 아메리카노,샌드위치 + 탄산음료,피자 + 아메리카노,피자 + 탄산음료,a
train_1088.jpg,train/train_1088.jpg,이 거리에서 볼 수 있는 SPAO 매장에 관한 설명으로 옳은 것은 무엇인가요?,SPAO 간판은 노란색이다.,SPAO 매장 입구 옆에 광고판이 있다.,SPAO 매장은 3층에 있다.,SPAO는 음식점이다.,b
train_1089.jpg,train/train_1089.jpg,이 가게에서 배달 주문 시 추가되는 배달비는 얼마인가요?,"2,000원","5,000원","3,000원",무료,c
train_1090.jpg,train/train_1090.jpg,이 건물 앞에 설치된 조형물에 적힌 글자는 무엇인가요?,LINE,NEXON,NAVER,KAKAO,b
train_1091.jpg,train/train_1091.jpg,이 시공 표지판에 적힌 가스 공급자의 이름은 무엇인가요?,구미도시가스(주),대구도시가스(주),부산가스(주),서울가스(주),a
train_1093.jpg,train/train_1093.jpg,사진 속 건물에 적혀 있는 글자는 무엇인가요?,녹산산업기술센터,녹산혁신기술센터,녹산혁신지원센터,녹산산업지원센터,c
train_1094.jpg,train/train_1094.jpg,이 가게의 대표전화 앞자리 번호는 무엇인가요?,010,031,1644,02,c
train_1095.jpg,train/train_1095.jpg,"이 배너에 적힌 문구 중 '지키다 일상, 꿈꾸다 그 이상'과 가장 의미가 비슷한 문구는 무엇인가요?",건강한 삶 보장,혁신적인 솔루션 제공,"Protecting today, Inspiring tomorrow",최상의 서비스·경험 제공,c
train_1096.jpg,train/train_1096.jpg,이 식당에서 판매하지 않는 메뉴는 무엇인가요?,알탕,고등어구이,김치찌개,삼치구이,c
train_1097.jpg,train/train_1097.jpg,이 식당의 간판에 적힌 주요 메뉴는 무엇인가요?,불고기,숯불닭갈비,삼겹살,갈비찜,b
train_1098.jpg,train/train_1098.jpg,이 가게의 이름은 무엇인가요?,COFFEE SHOP,SUMMER BOOST,MEXICAN,KALDI COFFEE FARM,d
train_1099.jpg,train/train_1099.jpg,FITCRUNCH 단백질 바의 피넛버터와 젤리 맛 5개들이 한 팩의 가격은 얼마인가요?,$6.98,$5.98,$8.98,$7.98,a
train_1100.jpg,train/train_1100.jpg,이 컵에 적힌 브랜드 이름은 무엇인가요?,LG,STANLEY,SONY,SAMSUNG,b
train_1101.jpg,train/train_1101.jpg,사진 속 햄스터가 들고 있는 종이에 적힌 글자는 무엇인가요?,사직서,초대장,명함,계약서,a
train_1102.jpg,train/train_1102.jpg,이 건물에 관련된 기관명은 무엇인가요?,한국문화연구소,한국미술관,한국미술사연구소,한국역사연구소,c
train_1104.jpg,train/train_1104.jpg,이 주차 구역은 누구를 위해 예약된 공간인가요?,장애인 전용 주차 구역,관광객 전용 주차 구역,국가유공자 우선주차 구역,임산부 전용 주차 구역,c
train_1105.jpg,train/train_1105.jpg,사진 속 맥주잔에 적혀 있는 문구는 무엇인가요?,내 인생의 행복 역전할맥,내 인생의 승리 역전할맥,내 인생의 역전 역전할맥,내 인생의 역전 역전소맥,c
train_1106.jpg,train/train_1106.jpg,사진 속 간판에 적힌 학원 이름은 무엇인가요?,타코방,에이블학원,주은혜교회,우리동네국민상회,b
train_1107.jpg,train/train_1107.jpg,전기차 충전 전용 주차구역에서 충전이 완료된 후에도 계속 주차하는 행위에 부과되는 과태료는 얼마인가요?,과태료 10만원,과태료 20만원,과태료 5만원,과태료 15만원,a
train_1108.jpg,train/train_1108.jpg,다음 중 '블루베리 딜라이트 요거트' 음료의 가격이 맞는 것은?,"Tall 5.9, Grande 6.5, Venti 7.3","Tall 6.1, Grande 7.3, Venti 8.1","Tall 6.7, Grande 7.3, Venti 8.1","Tall 6.5, Grande 7.1, Venti 7.9",c
train_1110.jpg,train/train_1110.jpg,이 이미지에서 눈에 띄는 붉은색 원 안에 적힌 브랜드 이름은 무엇인가요?,Fanta,CocaCola,Sprite,Pepsi,b
train_1111.jpg,train/train_1111.jpg,이미지 속 음료수 중 '제주감귤사랑'이라는 이름이 적힌 음료는 어떤 종류의 음료인가요?,제주감귤사랑은 크랜베리 주스이다,제주감귤사랑은 커피 음료이다,제주감귤사랑은 망고 음료이다,제주감귤사랑은 만다린 주스이다,d
train_1112.jpg,train/train_1112.jpg,이 컴퓨터 마우스에 적혀 있는 브랜드 이름은 무엇인가요?,DELL,APPLE,SAMSUNG,LG,c
train_1113.jpg,train/train_1113.jpg,이 도로 표지판에 적힌 도로 이름은 무엇인가요?,강남대로,인동가산로,서초로,마포대로,b
train_1114.jpg,train/train_1114.jpg,정가네 국밥에서 수육백반의 가격은 얼마인가요?,"11,000원","9,000원","9,500원","8,000원",a
train_1115.jpg,train/train_1115.jpg,이 주유소에서 고급 휘발유의 리터당 가격은 얼마인가요?,1909원,2000원,2325원,1895원,c
train_1117.jpg,train/train_1117.jpg,"이 기둥에 부착된 안내문에 따르면, 음향신호기는 누구와 함께 사용하는 시설물인가요?",모든 시민이 단독으로 사용하는 시설물,시각장애인과 비시각장애인 시민이 함께 사용하는 시설물,시각장애인만 사용하는 시설물,비시각장애인 시민만 사용하는 시설물,b
train_1118.jpg,train/train_1118.jpg,포스터에 따르면 '기후에너지 일자리 박람회'가 열리는 날짜는 언제인가요?,2026년 9월 1일,2026년 7월 30일,2026년 8월 21일,2026년 8월 25일,d
train_1119.jpg,train/train_1119.jpg,위 이미지에 있는 '광고물 부착 금지' 안내문에 적힌 전화번호는 무엇인가요?,010-7734-5878,031-987-6543,010-1234-5678,02-123-4567,a
train_1120.jpg,train/train_1120.jpg,"이 도로 표지판에 '언주로'가 있다고 적혀 있는데, '언주로'까지의 거리는 얼마입니까?",500m,200m,1km,300m,d
train_1122.jpg,train/train_1122.jpg,에너지 음료 캔에 적힌 문구 중 올바른 것은 무엇인가요?,ZERO SUGAR,ZERO CALORIES,HIGH CAFFEINE,HIGH SUGAR,a
train_1123.jpg,train/train_1123.jpg,사진 속 간판에 적힌 24시간 영업하는 곳은 무엇인가요?,족발 전문점,헬스·PT,성서침례교회,엄마손,b
train_1124.jpg,train/train_1124.jpg,"법무법인 프로스 광고에 따르면, 이 법무법인은 어떤 경력을 가진 사람들로 구성되어 있나요?",전원 검사 출신,전원 경찰 출신,전원 판사 출신,전원 변호사 출신,a
train_1125.jpg,train/train_1125.jpg,사진 속 간판에 적힌 '타코야끼' 가게에서 판매하는 음료는 무엇인가요?,오렌지주스,생맥주,사이다,콜라,b
train_1126.jpg,train/train_1126.jpg,이 버스 정류장의 정류소 ID는 무엇입니까?,23-305,45-678,12-204,33-109,a
train_1127.jpg,train/train_1127.jpg,이 건물의 주소는 무엇인가요?,한세로44번길 39,한세로44번길 24,한세로44번길 29,한세로45번길 29,c
train_1128.jpg,train/train_1128.jpg,이미지 속 큰 기둥에 적힌 문구는 무엇인가요?,대한민국 철도 KTX,대한민국 대표 철도 KTX,한국철도 꿈이 열리는 KTX,한국철도 미래를 여는 KTX,c
train_1129.jpg,train/train_1129.jpg,UST 2026학년도 전기 2차 신입생 모집 원서 접수 기간은 언제부터 언제까지인가요?,2025.11.29(금) 10시 ~ 2025.12.6(금) 17시,2026.1.5(금) 10시 ~ 2026.1.12(금) 17시,2025.12.5(금) 10시 ~ 2025.12.12(금) 17시,2025.12.1(월) 10시 ~ 2025.12.10(수) 17시,c
train_1130.jpg,train/train_1130.jpg,플렉스 스트로우캡 텀블러 621ml의 할인된 가격은 얼마인가요?,"66,000원","50,000원","55,000원","60,000원",c
train_1131.jpg,train/train_1131.jpg,이 PC방의 상호명은 무엇인가요?,청춘 PC CAFE 역삼점,리얼 PC CAFE 역삼점,리얼 게임 PC방,플레이 PC CAFE 강남점,b
train_1132.jpg,train/train_1132.jpg,이 사진에 보이는 핀버튼 세트 중에서 '무슨 책 읽어?'라는 문구가 적힌 핀버튼 세트는 어떤 색 배경에 있나요?,노란색 배경,파란색 배경,분홍색 배경,흰색 배경,c
train_1133.jpg,train/train_1133.jpg,회색 건물에 크게 적힌 상호명은 무엇인가요?,한솔한약국,부동산,DAILY,TOUS Les JOURS,c
train_1134.jpg,train/train_1134.jpg,'2층 PC'라는 문구가 적힌 종이에 적힌 내용 중 올바른 문장은 무엇인가요?,좌우 반복이 멈추는 것은... 내 색깔 탓인걸까...?,좌우 반복이 멈추지 않는 것은... 내 잘못일까...?,좌우 반복이 멈추는 것은... 내 잘못일까...?,좌우 반복이 멈추지 않는 것은... 내 색깔 탓인걸까...?,d
train_1135.jpg,train/train_1135.jpg,버스 안에 붙어 있는 안내문에 따르면 자리를 이동할 때 어떻게 해야 하나요?,버스가 멈추지 않아도 괜찮다,버스가 출발하기 전에 해야 한다,버스가 움직이는 중에도 해도 된다,버스가 완전히 정차한 후에 해야 한다,d
train_1136.jpg,train/train_1136.jpg,SSAFY 共 : ZONE 이용 수칙 중 식사 중에 금지된 행동은 무엇인가요?,사진 촬영 금지,음악 감상 금지,대화 금지,휴대폰 사용 금지,c
train_1138.jpg,train/train_1138.jpg,이 건물에서 'WONJIN Global Dermatology 피부과'는 어느 층에 위치해 있나요?,12층,14층,13층,15층,b
train_1139.jpg,train/train_1139.jpg,사진 속 보습제 제품 중 '바세린'에 적힌 문구는 무엇인가요?,Original PROTECTING JELLY,Moisturizing Cream,자작나무 수분 진크림,SPF 50+ PA+++,a
train_1140.jpg,train/train_1140.jpg,TATA's BAGEL 매장 입구에 적힌 문구 중 올바른 문장은 무엇인가요?,TATA's bakes your day.,TATA's bake your night.,TATA's bake your day.,TATA's bakes your night.,a
train_1141.jpg,train/train_1141.jpg,이 버스 내 안내문에서 '위험'이라는 경고와 함께 무엇을 하지 말라고 하고 있나요?,버스 내에서 음식을 먹지 마십시오,운전기사에게 질문하지 마십시오,정류장에 정차하기 전에 절대 일어서지 마십시오,버스가 출발할 때까지 앉아 있으십시오,c
train_1142.jpg,train/train_1142.jpg,통역실 앞에 붙어 있는 안내문에 따르면 식당 출구로 가려면 어떻게 해야 하나요?,통역실 안으로 들어가서 안내를 받는다,19층에서 바로 나가면 식당 출구가 있다,계단으로 이동 후 19층 엘리베이터를 이용한다,엘리베이터를 타고 바로 식당 출구로 간다,c
train_1143.jpg,train/train_1143.jpg,이 포스터에서 모집하는 연구실은 어떤 학부 및 전공의 졸업 예정자와 대학원생을 대상으로 하나요?,화학공학과,생명과학과,컴공/전기/전자/로봇 및 유사학과,경영학과,c
train_1145.jpg,train/train_1145.jpg,이 표지판에 적힌 '세족장'과 '소담공원'까지의 거리는 각각 얼마인가요?,"세족장 120m, 소담공원 50m","세족장 50m, 소담공원 120m","세족장 100m, 소담공원 70m","세족장 70m, 소담공원 100m",d
train_1147.jpg,train/train_1147.jpg,이 사진에서 참치회와 함께 제공된 음료수 브랜드는 무엇인가요?,코카콜라,캐나다 드라이 진저 에일,칠성 사이다,펩시,b
train_1148.jpg,train/train_1148.jpg,이 기둥에 적힌 글자는 무엇을 안내하고 있나요?,문구 완구 도매 종합 시장 입구,음식점 입구,편의점 입구,전자 기기 판매점 입구,a
train_1149.jpg,train/train_1149.jpg,이 봉투는 어떤 용도로 사용되는 봉투인가요?,종이류 수거용 봉투,생활폐기물용 봉투,음식물 쓰레기용 봉투,재활용품 수거용 봉투,b
train_1150.jpg,train/train_1150.jpg,"이 나무에 붙어 있는 안내문에 따르면, 무단 훼손 시 처벌받을 수 있는 벌금은 얼마인가요?",5백만원,1천만원,3천만원,1억원,c
train_1151.jpg,train/train_1151.jpg,이 AED함을 열면 어떤 일이 일어납니까?,사용 후 문을 닫아야 합니다.,경고음이 울립니다.,함이 자동으로 잠깁니다.,자동으로 119에 신고됩니다.,b
train_1153.jpg,train/train_1153.jpg,햇반 컵반 제품 중에서 '직화짜장 덮밥'과 함께 보이는 또 다른 직화 제품은 무엇인가요?,절판 김치 덮밥,참치마요 덮밥,사골곰탕 국밥,직화불고기 덮밥,d
train_1154.jpg,train/train_1154.jpg,사진 속 아이스티 음료의 맛은 무엇인가요?,레몬 아이스티,복숭아 아이스티,청포도 아이스티,자몽 아이스티,b
train_1155.jpg,train/train_1155.jpg,치매 예방수칙 3·3·3 중 '3권 즐길것'에 해당하지 않는 것은 무엇인가요?,생선과 채소 골고루 먹기,담배는 피지말기,부지런히 읽고 쓰기,일주일에 3번 이상 걷기,b
train_1156.jpg,train/train_1156.jpg,이 사진에 보이는 농구공에 적힌 문구는 무엇인가요?,thunders SEOUL SAMSUNG,thunders SEOUL LG,thunders BUSAN SAMSUNG,thunders DAEGU SAMSUNG,a
train_1157.jpg,train/train_1157.jpg,사진 속 지하철 역사 벽에 붙어 있는 안전 관련 포스터에 적힌 내용은 무엇인가요?,문에 손을 대지 마세요,주의 깊게 걸으세요,달리는 열차에 조심하세요,안전이 먼저입니다,d
train_1158.jpg,train/train_1158.jpg,사진에 보이는 민트향 껌의 브랜드명은 무엇인가요?,orbit,eclipse,lotte,xylitol,b
train_1159.jpg,train/train_1159.jpg,이미지 속 고기 제품 브랜드 이름은 무엇인가요?,한우 명품관,신선한 고기,최강록의 나야,직영 농장,c
train_1160.jpg,train/train_1160.jpg,롯데마트&슈퍼 통큰데이 행사 기간은 언제부터 언제까지인가요?,8월 13일 ~ 8월 17일,8월 10일 ~ 8월 15일,8월 20일 ~ 8월 25일,8월 1일 ~ 8월 5일,a
train_1161.jpg,train/train_1161.jpg,GOPIZZA에서 고피자 탄산 세트의 가격은 얼마인가요?,"11,400원","12,500원","15,900원","10,000원",a
train_1162.jpg,train/train_1162.jpg,이 이미지에 보이는 'SSAFY'의 풀네임은 무엇인가요?,Samsung Software And AI For Youth,Samsung Software And AI Foundation,Samsung SW · AI academy For Youth,Samsung Software Academy For You,c
train_1163.jpg,train/train_1163.jpg,사진에 보이는 상호명 중에서 토스트를 판매하는 가게는 무엇인가요?,ISAAC TOAST,THE VENTI,에스테틱 유,한솥,a
train_1164.jpg,train/train_1164.jpg,이 영화 입장권에서 상영 시간은 언제인가요?,18:00 - 20:30,19:15 - 21:50,17:45 - 20:10,20:00 - 22:30,b
train_1165.jpg,train/train_1165.jpg,이 사진에서 보이는 가게에서는 어떤 음식을 주로 판매하나요?,커피와 디저트,김밥과 만두,피자와 파스타,치킨과 맥주,b
train_1166.jpg,train/train_1166.jpg,노래 추천 검색어 중 곡수가 3인 노래 제목은 무엇인가요?,7년간의 사랑,칠년간 영원이 될 때,초 난강,"신혜성, 초 난강",a
train_1167.jpg,train/train_1167.jpg,이미지 속 이클립스 캔디 중에서 청포도향이 첨가된 제품의 색상은 무엇인가요?,노란색,빨간색,파란색,초록색,d
train_1168.jpg,train/train_1168.jpg,이 건물에 입주해 있는 곳이 아닌 것은 무엇인가요?,역삼365치과의원,세무법인이화,대한사회복지회,강남구청,d
train_1169.jpg,train/train_1169.jpg,이 장소에서 외부인의 출입은 어떻게 되어 있나요?,출입 시 마스크 착용 필수,출입 시 신분증 확인 필요,외부인 출입 금지,외부인 출입 허용,c
train_1170.jpg,train/train_1170.jpg,이 가게의 간판에 적힌 가게 이름은 무엇인가요?,빙수카페,눈꽃빙수,사계절빙수,설빙,d
train_1171.jpg,train/train_1171.jpg,이 가게의 간판에 적힌 상호명은 무엇인가요?,TOKYO,SAKURA,NIKUMARU,YAKINIKU,c
train_1172.jpg,train/train_1172.jpg,사진 속 손에 들려 있는 물건에 적힌 글자는 무엇인가요?,OVERWATCH,WORLD of WARCRAFT,CALL of DUTY,LEAGUE of LEGENDS,d
train_1173.jpg,train/train_1173.jpg,이미지 속 매물 중에서 '우일맨션'의 공급 면적은 얼마인가요?,49.45㎡,163.24㎡,65평,30평,a
train_1174.jpg,train/train_1174.jpg,이 상품검색 화면에서 '수학으로 풀어보는 강화학습 원리와 알고리즘' 책의 가격은 얼마인가요?,"30,000 원","35,000 원","25,000 원","42,000 원",a
train_1175.jpg,train/train_1175.jpg,사진 속 상자 중에서 알레르기 증상 완화에 도움을 주는 제품은 무엇인가요?,일동후디스,플로리진,일동제약,모닝케어,b
train_1176.jpg,train/train_1176.jpg,"이 가게의 간판에 따르면, 나주곰탕은 몇 년의 역사를 가지고 있나요?",50년,70년,30년,100년,a
train_1177.jpg,train/train_1177.jpg,이 도로 표지판에 적힌 제한 속도는 얼마인가요?,40,20,30,50,c
train_1178.jpg,train/train_1178.jpg,이 사진에 보이는 가게 'lalavla' 간판 아래에 적힌 문구는 무엇인가요?,배 꽃 원 룰,beauty x health,nature collection,flower & class & party,b
train_1179.jpg,train/train_1179.jpg,다음 중 사진에 보이는 담배 패키지에 적힌 경고 문구는 무엇인가요?,금연은 건강에 좋습니다.,담배는 스트레스 해소에 도움을 줍니다.,흡연은 폐에 해롭습니다.,"니코틴 중독, 발암물질 노출!",d
train_1180.jpg,train/train_1180.jpg,이 가위들에 적힌 제조국은 어디입니까?,MADE IN KOREA,MADE IN JAPAN,MADE IN CHINA,MADE IN USA,c
train_1181.jpg,train/train_1181.jpg,사진 속 모텔 간판에 적힌 모텔 이름은 무엇인가요?,성심모텔,성신모텔,성심호텔,성실모텔,a
train_1182.jpg,train/train_1182.jpg,이 건물에 있는 '사월속편한연합의원' 간판에서 '내과'와 함께 표기된 것은 무엇인가요?,건강검진센터,약국,한의원,치과,a
train_1183.jpg,train/train_1183.jpg,사진 속 위스키 병들 중 'The Macallan' 위스키의 숙성 연수는 몇 년인가요?,15년,10년,12년,18년,c
train_1184.jpg,train/train_1184.jpg,이 세탁소에서는 세탁부터 건조까지 걸리는 시간이 얼마라고 안내하고 있나요?,2시간 이내,30분 이내,3시간 이내,1시간 이내,d
train_1186.jpg,train/train_1186.jpg,이 전기자동차 충전구역에서 일반차량주차 및 충전방해 시 부과되는 과태료는 얼마인가요?,15만원,10만원,5만원,20만원,b
train_1187.jpg,train/train_1187.jpg,이 계단 벽에 붙어 있는 광고판에 나온 전시회 이름은 무엇인가요?,디지털 아트展,디지몬 어드벤처展,디지털 어드벤처展,디지어드브쳐展,b
train_1189.jpg,train/train_1189.jpg,다음 중 메뉴판에 적힌 아몬드 크림 라떼의 가격은 무엇인가요?,7.0,5.5,6.5,6.0,c
train_1190.jpg,train/train_1190.jpg,이 제품의 용도는 무엇인가요?,바나나를 싱싱하게 보관하기 위한 걸이,사과를 보관하는 바구니,바나나를 자르는 칼,바나나 껍질을 벗기는 도구,a
train_1191.jpg,train/train_1191.jpg,'Danchive' 앱에서 팀 생성 후 다음에 진행되는 순서는 무엇인가요?,마이페이지 접속,팀원 초대,작품 등록,초대 수락,b
train_1193.jpg,train/train_1193.jpg,이미지 속에서 사람들이 손에 들고 있는 지폐의 금액은 얼마인가요?,"10,000원","1,000원","50,000원","5,000원",d
train_1194.jpg,train/train_1194.jpg,이 극장 간판에 적힌 문구 중 올바른 것은 무엇인가요?,YOU ALREADY KNOW YOU'RE GONNA LEAVE IT!,YOU ALREADY KNOW YOU'RE GONNA MISS IT!,YOU ALREADY KNOW YOU'RE GONNA LOVE IT!,YOU ALREADY KNOW YOU'RE GONNA HATE IT!,c
train_1195.jpg,train/train_1195.jpg,이미지 속 'BABY SHARK' 유튜브 채널이 받은 실버 버튼 개수는 몇 개인가요?,1개,7개,39개,23개,c
train_1196.jpg,train/train_1196.jpg,이 부동산 광고에 적힌 전화번호는 무엇인가요?,719-8092,719-8902,718-8092,709-8192,a
train_1197.jpg,train/train_1197.jpg,이 가게의 이름은 무엇인가요?,우리집 반찬,친구손 반찬,아빠손 반찬,엄마손 반찬,d
train_1198.jpg,train/train_1198.jpg,이 광고판에 나온 피임약의 이름은 무엇인가요?,센스데이,유한양행,노스키나,마그네슘,a
train_1199.jpg,train/train_1199.jpg,이 건물의 간판에 적힌 맥주 브랜드 이름은 무엇인가요?,Yebisu,Asahi,Kirin,Sapporo,b
train_1200.jpg,train/train_1200.jpg,호두과자의 13개 가격은 얼마인가요?,"6,000원","12,000원","10,000원","3,000원",a
train_1201.jpg,train/train_1201.jpg,사진 속에서 '대파'의 가격은 얼마인가요?,"3,980원","2,480원",990원,"1,980원",d
train_1202.jpg,train/train_1202.jpg,이 건물 지하 1층(B1)에는 어떤 시설이 있나요?,카페,도서관,펜싱장,피트니스 센터,c
train_1203.jpg,train/train_1203.jpg,이 가게에서 표시한 계좌번호에 적힌 예금주 이름은 무엇인가요?,이윤섭,박지은,최민호,김철수,a
train_1205.jpg,train/train_1205.jpg,이 이미지에 적힌 문구 중 입학을 축하하는 대상은 누구인가요?,SSAFY 18기,SSAFY 15기,SSAFY 16기,SSAFY 17기,c
train_1206.jpg,train/train_1206.jpg,이 가게의 이름은 무엇인가요?,승진완구센터,승진완구,승진토이,승진완구점,b
train_1207.jpg,train/train_1207.jpg,이 시장 입구 간판에 적힌 가게 이름은 무엇인가요?,금강 청과·채소시장,동대문 채소 상회,서울 농산물 시장,한강 과일 마켓,a
train_1208.jpg,train/train_1208.jpg,이 만화 캐릭터가 말하는 내용은 무엇인가요?,언니 와줘서 고마워~,여기 와서 즐거워~,오늘 날씨가 좋아~,친구들 만나서 반가워~,a
train_1210.jpg,train/train_1210.jpg,이 간판에 적힌 오늘의 메뉴는 무엇인가요?,된장찌개,김치찌개,제육볶음,비빔밥,c
train_1211.jpg,train/train_1211.jpg,이 제품의 이름은 무엇인가요?,동치미,도가니탕,곰탕,설렁탕,b
train_1213.jpg,train/train_1213.jpg,이 사진에 보이는 음식점의 이름은 무엇인가요?,Denny's,McDonald's,KFC,Burger King,a
train_1214.jpg,train/train_1214.jpg,이 건물 2층에 위치한 곳의 이름은 무엇인가요?,꽃 클로리스,Bean Tree Coffee,예당한의원,한국공인중개사,c
train_1215.jpg,train/train_1215.jpg,이 점수판에서 1번 플레이어의 최종 점수는 얼마입니까?,93,134,101,87,c
train_1216.jpg,train/train_1216.jpg,이 책의 제목은 무엇인가요?,Short Stories,One-Way Ticket,OXFORD UNIVERSITY PRESS,Tom Walsh,b
train_1217.jpg,train/train_1217.jpg,유니큐 미술학원에서 강조하는 미술 교육의 핵심 요소가 아닌 것은 무엇인가요?,수학 능력,지식 융합,작가 주의,관찰 표현,a
train_1218.jpg,train/train_1218.jpg,이 간판에 적힌 '탑킥보드' 가게의 전화번호는 무엇인가요?,010-9876-5432,010-2343-8979,010-1111-2222,010-1234-5678,b
train_1219.jpg,train/train_1219.jpg,미카도스시 광주동천점에서 모든 접시의 균일가는 얼마인가요?,"2,500원","3,000원","2,100원","1,500원",c
train_1221.jpg,train/train_1221.jpg,이 사진 속 가게 간판에 적힌 가게 이름은 무엇인가요?,꽃가게,꽃집,꽃밭,꽃자,d
train_1223.jpg,train/train_1223.jpg,이 과자의 맛은 무엇인가요?,초콜릿 맛,바나나 맛,딸기 맛,커피 맛,d
train_1224.jpg,train/train_1224.jpg,사진에 보이는 노란색 글자에는 무엇이라고 적혀 있나요?,AOMORI,BUSAN,SEOUL,JEJU,a
train_1225.jpg,train/train_1225.jpg,던킨 매장 앞에 붙어 있는 할인 행사 내용은 무엇인가요?,20% 할인 행사,할인 행사 없음,50% 할인 행사,무료 증정 행사,c
train_1226.jpg,train/train_1226.jpg,이 건물 3층에 위치한 곳의 이름은 무엇인가요?,신호 제일합기도,NKCL,치니에스테틱,워드니스,a
train_1227.jpg,train/train_1227.jpg,이 곳에서 판매하는 음식은 무엇인가요?,sushi,ramen,kimchi,takoyaki,d
train_1228.jpg,train/train_1228.jpg,'인피니티 써클' 작품의 의미로 옳지 않은 것은 무엇인가요?,작품의 앞면에는 도시 속 자연을 담은 힐링공간을 표현한다.,작품은 빛의 속도를 측정하는 과학 실험 장비이다.,작품과 바닥면의 미러링 효과를 통해 원의 무한성을 표현한다.,원의 영원한 순환성을 형상화한 미디어 조각 작품이다.,b
train_1229.jpg,train/train_1229.jpg,사진에 보이는 음료용 텀블러 브랜드는 무엇인가요?,STANLEY,Zojirushi,Thermos,Contigo,a
train_1231.jpg,train/train_1231.jpg,큰 컵에 적혀 있는 음료 이름은 무엇인가요?,레몬 사워,오렌지 주스,콜라,사과 주스,a
train_1232.jpg,train/train_1232.jpg,정품 등록 혜택으로 제공되지 않는 것은 무엇입니까?,제품 구매 후 60일 이내 등록 시 추가 혜택 제공,"제품 수리, 액세서리 구매, 아카데미 수강 할인 쿠폰 제공",다양한 이벤트 및 출사 혜택,1+1 무상수리 제공,a
train_1233.jpg,train/train_1233.jpg,위 사진에 보이는 '사조 참치액' 제품에 적힌 문구 중 올바른 내용은 무엇인가요?,참치액 50% 함유,스파게티를 위한 소스,한 스푼으로 요리의 완성,토마토와 스파게티 소스,c
train_1234.jpg,train/train_1234.jpg,왼쪽 손에 들린 과자의 맛은 무엇인가요?,속초새우맛,속초오징어맛,속초홍게살맛,속초멸치맛,b
train_1235.jpg,train/train_1235.jpg,스카이링크 안내판에 표시된 게이트 중 없는 것은 무엇인가요?,C,A,B,D,d
train_1237.jpg,train/train_1237.jpg,이 간판에 적힌 한글 상호명은 무엇인가요?,리유즈 재발견상점 REALLY,리유즈 재발견상점,리유즈 재발견,리유즈,b
train_1238.jpg,train/train_1238.jpg,이 곳의 와이파이 비밀번호는 무엇인가요?,beantie1220,beantie01221,beantie0122,beantie012,c
train_1239.jpg,train/train_1239.jpg,이 도로 표지판에 따르면 '어정로'는 어느 방향으로 가야 하나요?,좌회전,후진,우회전,직진,d
train_1240.jpg,train/train_1240.jpg,이 상품의 가격은 얼마인가요?,"84,000원","8,400원","48,000원","840,000원",a
train_1242.jpg,train/train_1242.jpg,이 건물에 입주해 있는 노래방 이름은 무엇인가요?,테라 노래방,로강 뷰티,라마 앤 터 베이커리,바다와,a
train_1243.jpg,train/train_1243.jpg,벽에 적혀있는 'Peter Luger'는 무엇을 의미하나요?,자동차 브랜드,호텔 이름,스테이크 하우스 이름,공원 이름,c
train_1244.jpg,train/train_1244.jpg,GS25 아이스크림 초특가 행사에서 9개 구매 시 가격은 얼마인가요?,"9,900원","22,500원","5,000원","11,000원",a
train_1247.jpg,train/train_1247.jpg,'らくらく定食'의 가격은 얼마인가요?,1500円,950円,1800円,1200円,a
train_1248.jpg,train/train_1248.jpg,이 빵집 '좋은 식빵'에서 아프거나 알러지가 있으신 분들을 위해 준비한 빵 종류는 무엇인가요?,유제품빵,견과류빵,비건빵,고기빵,c
train_1249.jpg,train/train_1249.jpg,사진 속 분리수거함 중 '캔'을 버리는 곳은 어디인가요?,네 번째 분리수거함,세 번째 분리수거함,첫 번째 분리수거함,두 번째 분리수거함,b
train_1250.jpg,train/train_1250.jpg,이 건물의 이름은 무엇인가요?,신우타워,신웅타워빌딩,신웅타워,신우빌딩,c
train_1251.jpg,train/train_1251.jpg,이 도서관 서가에 해당하는 학문 분야가 아닌 것은 무엇인가요?,심리학,생물학,철학,사회과학,b
train_1252.jpg,train/train_1252.jpg,사진에 보이는 '알앤비성형외과' 병원은 몇 층에 위치해 있나요?,3층,2층,1층,4층,a
train_1253.jpg,train/train_1253.jpg,이 편의점 진열대 위쪽에 크게 적혀 있는 글자는 무엇인가요?,컵밥·떡볶이·튀김,아이스크림·커피·주스,김밥·샌드위치·도시락,즉석조리·음료·간식,c
train_1254.jpg,train/train_1254.jpg,이 사진에 보이는 '잠깐!' 안내문에서 무엇을 주의하라고 하고 있나요?,쓰레기를 버리지 마세요,화재 발생 시 대피 요령을 숙지하세요,차량 통행이 많으니 조심하세요,공사장 출입구가 있으니 주위를 둘러보세요,d
train_1255.jpg,train/train_1255.jpg,이 표지판이 가리키는 역 이름은 무엇인가요?,부산역,서울역,광주역,대전역,a
train_1256.jpg,train/train_1256.jpg,이 가게의 이름은 무엇인가요?,진수당,제주에서 온 100% 착즙 주스,"4,000원",시원한 주스,a
train_1257.jpg,train/train_1257.jpg,이 차량에 적힌 '한국 칼 연마 연구소'의 주요 서비스는 무엇인가요?,택배 서비스,칼 갈아드립니다,음식 배달,자동차 수리,b
train_1260.jpg,train/train_1260.jpg,이 택시 측면에 적힌 병원 이름은 무엇인가요?,서울 병원,한빛 병원,에스앤케이 병원,강남 병원,c
train_1261.jpg,train/train_1261.jpg,다음 중 이 표지판에 적힌 거리와 장소가 올바른 것은 무엇인가요?,경기도박물관 0.7km,백남준아트센터 0.7km,신갈고등학교 0.5km,경기도어린이박물관 0.3km,a
train_1263.jpg,train/train_1263.jpg,사진 속 간판에 적힌 상호명은 무엇인가요?,casamia,CASAMIAL,PET FRIENDLY ZONE,GLASS GARDEN,a
train_1264.jpg,train/train_1264.jpg,편의점 출입문에 적힌 문구는 무엇인가요?,편의점 출입문,입구,출입구,출입문,a
train_1265.jpg,train/train_1265.jpg,홍교에 대해 설명한 내용 중 틀린 것은 무엇인가요?,홍교는 세 칸의 무지개형 돌다리이다.,홍교는 제304호로 지정되어 있다.,홍교는 우리나라에서 유일한 뗏목다리이다.,홍교는 조선 영조 10년(서기 1734년)에 건립되었다.,c
train_1266.jpg,train/train_1266.jpg,이 주유소의 브랜드 이름은 무엇인가요?,GS 칼텍스,S-Oil,현대 오일뱅크,SK 에너지,a
train_1268.jpg,train/train_1268.jpg,이 가게 입구에 붙어 있는 '우산 판매 중' 문구에서 함께 언급된 브랜드는 무엇인가요?,카카오페이,N pay,메가MGC,강남구,c
train_1269.jpg,train/train_1269.jpg,이 책 『오늘은 좀 돌아가 볼까』의 저자는 누구인가요?,조해진,오늘은 좀 돌아가 볼까,송지현,다산북스,c
train_1271.jpg,train/train_1271.jpg,이 사진에 보이는 카페의 이름은 무엇인가요?,EDIYA COFFEE,STARBUCKS,HOLLYS COFFEE,A TWOSOME PLACE,d
train_1272.jpg,train/train_1272.jpg,이 음식점이 매주 쉬는 날은 언제인가요?,매주 수요일,매주 일요일,매주 토요일,매주 월요일,b
train_1273.jpg,train/train_1273.jpg,이 쿠폰에서 도장을 몇 개 모으면 KU시네마테크에서 영화를 무료로 관람할 수 있나요?,10개,5개,7개,3개,c
train_1274.jpg,train/train_1274.jpg,이 표지판에 적힌 문구는 무엇인가요?,출입금지,주차금지,주차가능,차량통행금지,b
train_1275.jpg,train/train_1275.jpg,이 미용실의 이름은 무엇인가요?,로얄 헤어샵,국 할인점,탑앤탑 수학·영어,화니핀 헤어샵,d
train_1276.jpg,train/train_1276.jpg,이 엘리베이터의 최대 탑승 인원은 몇 명인가요?,17 인승,20 인승,15 인승,25 인승,a
train_1277.jpg,train/train_1277.jpg,사진 속 건물에 있는 'hb' 간판 아래에 적혀 있는 세 가지 음료는 무엇인가요?,"커피, 맥주, 소주","커피, 와인, 위스키","차, 맥주, 소주","커피, 맥주, 위스키",d
train_1278.jpg,train/train_1278.jpg,이 승강기 문에 붙어 있는 흰색 안내문의 내용은 무엇인가요?,엘리베이터 이용 안내,고장·수리중 사용금지,승강기 안전관리법 제50조에 따른 운행,산소 농도 표시,b
train_1279.jpg,train/train_1279.jpg,이 표지판에서 불법 주·정차가 적발될 경우 어떤 조치가 즉시 이루어지는지 무엇이라고 적혀 있나요?,주차 요금 안내,불법 주·정차 즉시단속,불법 주·정차 단속 유예,주차 허용 구역 안내,b
train_1280.jpg,train/train_1280.jpg,노트북 보관함을 열 때 손잡이를 어느 방향으로 돌려야 하나요?,반시계방향으로 돌린다,시계방향으로 돌린다,위로 당긴다,아래로 누른다,b
train_1281.jpg,train/train_1281.jpg,이 식당의 이름은 무엇인가요?,한식당 고향,오리한 국별관,오리구이 전문점,맛있는 오리집,b
train_1282.jpg,train/train_1282.jpg,더:단백 음료에 표시된 단백질 함량은 얼마인가요?,25g,20g,10g,15g,b
train_1283.jpg,train/train_1283.jpg,'한국이민비자센터'에서 제공하는 서비스는 무엇인가요?,김밥 판매,한의원 진료,이민 비자 업무,치과 치료,c
train_1284.jpg,train/train_1284.jpg,이 사진 속 간판에 적힌 연구 센터의 이름은 무엇인가요?,Jet Propulsion Laboratory,Ames Research Center,Johnson Space Center,Kennedy Space Center,b
train_1285.jpg,train/train_1285.jpg,'지노키오' 제품 중에서 차렵이불+베개커버 2P+패드 세트의 Q 사이즈 가격은 얼마인가요?,"153,000원","187,000원","181,000원","200,000원",c
train_1286.jpg,train/train_1286.jpg,NEO NEO60 CORE 레트로 화이트 세트의 스위치 품목 중 가격은 얼마인가요?,"112,000원","34,260원","13,680원","207,900원",c
train_1287.jpg,train/train_1287.jpg,사진 속 책꽂이에 꽂혀 있는 책 제목 중 '젠슨 황'과 관련된 책은 무엇인가요?,WEB 3.0 바로 알기,젠슨 황의 소름 돋는 미래 예측 50가지,AI 실전 마스터 프로프트 디테일,피지컬 2026,b
train_1288.jpg,train/train_1288.jpg,다음 중 표지판에 적힌 장소가 아닌 것은 무엇인가요?,GARDEN SPA,TIMES SQUARE,CENTRAL PARK,KIDS PLAYGROUND,c
train_1289.jpg,train/train_1289.jpg,문 손잡이에 적힌 문구는 무엇인가요?,열림,닫힘,미세요,당기세요,c
train_1290.jpg,train/train_1290.jpg,메뉴판에서 '콜드브루 아인슈패너'의 가격은 얼마인가요?,3.9,3.5,4.5,2.9,c
train_1291.jpg,train/train_1291.jpg,이 표지판에 적힌 CCTV 관리번호는 무엇인가요?,인천9-100,주안7-57,미추7-880,미추홀1-24,b
train_1293.jpg,train/train_1293.jpg,이 책의 제목은 무엇인가요?,성공을 위한 문제 해결,삼성의 팀장은 왜 강한가,숫자통찰력 키우기,글로벌 혁신 리더 되기,b
train_1294.jpg,train/train_1294.jpg,이 광고에서 강조하고 있는 서비스의 특징은 무엇인가요?,무료 기기 교체,24시간 고객 상담,대기 없는 업무 처리,저렴한 가격 보장,c
train_1295.jpg,train/train_1295.jpg,이 티셔츠 판매대에 걸려 있는 티셔츠의 가격은 얼마인가요?,"\29,900","\39,900","\49,900","\19,900",a
train_1296.jpg,train/train_1296.jpg,이 가게의 이름은 무엇인가요?,충북쌀상회,경기특미햅쌀,LG 스마트 인버터,담배쌀,a
train_1297.jpg,train/train_1297.jpg,사진 속 전차에 적혀 있는 번호는 무엇인가요?,96,77,55,24,a
train_1299.jpg,train/train_1299.jpg,이 부동산 중개업소의 대표 이름은 무엇인가요?,박승수,최준호,김영희,이민호,a
train_1300.jpg,train/train_1300.jpg,이 가게의 이름은 무엇인가요?,맛있는 횟도그 & 튀김,시장 분식,이모네 분식·만두,원조 떡볶이,c
train_1302.jpg,train/train_1302.jpg,이 책의 제목은 무엇인가요?,세상의 속도를 따라잡고 싶다면,IT 분야 베스트셀러,코딩 테스트를 처음 경험하는 취준생의 필독서,알고리즘 코딩테스트,d
train_1304.jpg,train/train_1304.jpg,뮤지컬 '데스노트'에서 '야가미 라이트' 역을 맡은 배우의 이름은 무엇인가요?,김준수,양승리,이영미,고은성,d
train_1305.jpg,train/train_1305.jpg,이 건물에 있는 '삼성연합의원'에서는 몇 명의 전문의가 진료 중이라고 적혀 있나요?,전문의 5명 진료 중,전문의 3명 진료 중,전문의 7명 진료 중,전문의 10명 진료 중,c
train_1307.jpg,train/train_1307.jpg,"이 이미지에 적힌 '매표 무인화 안내'에 따르면, 티켓 교환·환불·현장 할인 발권은 어디에서 가능합니까?",매점에서 가능하다,고객센터에서 가능하다,온라인에서 가능하다,티켓판매기에서 가능하다,a
train_1308.jpg,train/train_1308.jpg,이미지 속 상자에 들어있는 음료의 브랜드명은 무엇인가요?,커피속에,우유에,쥬시쿨,바리스타,d
train_1309.jpg,train/train_1309.jpg,이미지 속 제품 'PRIME PRIMER SUN BASE'에 표시된 자외선 차단 지수는 무엇인가요?,SPF50+ PA++++,SPF20 PA+,SPF40 PA+++ ,SPF30 PA++,a
train_1312.jpg,train/train_1312.jpg,다음 중 이미지 속 부동산 사무소 전화번호가 아닌 것은 무엇인가요?,6205-0075,2052-4989,2050-0111,2055-1234,d
train_1313.jpg,train/train_1313.jpg,사진 속 '빼빼로' 초코쿠키 제품의 가격은 얼마인가요?,"2,000원","2,500원","1,700원","1,500원",c
train_1315.jpg,train/train_1315.jpg,이 과자 상자에 적힌 제품 이름은 무엇인가요?,크런치 바이트,바삭칩,틴 인,얇은 크래커,c
train_1317.jpg,train/train_1317.jpg,다음 중 바탕화면에 보이는 폴더 이름이 아닌 것은 무엇인가요?,AI강의Ⅱ,Eclipse Java,설치파일,SW검증,b
train_1318.jpg,train/train_1318.jpg,동강시스타 수영장의 비수기 주중 이용 시간은 언제인가요?,09:00 - 17:00,10:00 - 21:00,11:00 - 19:00,10:00 - 18:00,d
train_1319.jpg,train/train_1319.jpg,이 가게 간판에 적힌 가게 이름은 무엇인가요?,오돌뼈 만나자,만나자 갈비,오돌뼈 집,만나자 오돌뼈,d
train_1320.jpg,train/train_1320.jpg,비비드키친 스윗칠리소스 320g의 가격은 얼마인가요?,"5,980원","2,500원","4,500원","3,980원",d
train_1321.jpg,train/train_1321.jpg,사진 속에 보이는 건물의 4층에서 체험수업을 할 수 있는 것은 무엇인가요?,유도,검도,합기도,태권도,b
train_1322.jpg,train/train_1322.jpg,이 이미지에 보이는 글자 중에 완전히 보이는 단어는 무엇인가요?,ALCOHOL,PORT,A BEACH,MAN,c
train_1323.jpg,train/train_1323.jpg,이 도로 표지판이 의미하는 제한 속도는 무엇인가요?,시속 30km 제한 해제,시속 20km 제한 해제,시속 40km 제한 해제,시속 50km 제한 해제,a
train_1324.jpg,train/train_1324.jpg,이 건물에 있는 간판에 적힌 카페 이름은 무엇인가요?,도봉카페 별빛,서울카페 해돋이,한강카페 달빛,전원카페 배따라기,d
train_1325.jpg,train/train_1325.jpg,이 제품의 가격은 얼마인가요?,\15000,\35000,\25000,\45000,c
train_1327.jpg,train/train_1327.jpg,영화 '미키 17' 포스터에 반복적으로 적혀 있는 문구는 무엇인가요?,술마셔도 일해야지,운해하지만 일해야지,아파도 일해야지,독해도 일해야지,c
train_1328.jpg,train/train_1328.jpg,SSAFY 월간 멘토유 6화의 주제는 무엇인가요?,알고리즘 공부 방법,역량과 직무 경험 차이,SSAFY 멘토 소개,나무통 활동 안내,b
train_1329.jpg,train/train_1329.jpg,이 안내판에서 가장 눈에 띄게 적힌 문구는 무엇인가요?,ACADEMY INFORMATION,강의 시간표,학원 정보,수강 안내,a
train_1330.jpg,train/train_1330.jpg,이미지에서 94번 보급결과로 나온 청사B 세트의 기간은 얼마인가요?,100일,10일,1일,50일,a
train_1331.jpg,train/train_1331.jpg,사진 속 칠판에 적힌 메뉴 중 하나가 아닌 것은 무엇인가요?,보쌈도시락,훈제오리도시락,명태회무침,김치찌개,d
train_1332.jpg,train/train_1332.jpg,이 가게의 상호명은 무엇인가요?,대게나라,영덕대게,부산횟집,청년포차,b
train_1333.jpg,train/train_1333.jpg,이 가게에서 한우 우족 1개의 가격은 얼마인가요?,"30,000원","10,000원","20,000원","15,000원",d
train_1334.jpg,train/train_1334.jpg,이 공기청정기 제품의 모델명은 무엇인가요?,BX142N9080SD,AX142N9080SD,BX142M9080SD,AX142M9080SD,b
train_1335.jpg,train/train_1335.jpg,이 승강장에 설치된 휴대용 비상조명등은 언제 사용해야 하나요?,평상시 밝은 곳에서 사용한다,전동킥보드 사용 시 사용한다,출구에서 나갈 때 사용한다,비상시 사용한다,d
train_1336.jpg,train/train_1336.jpg,사진에 보이는 'EYE EYE'는 어떤 종류의 가게인가요?,학원,카페,약국,안경점,d
train_1337.jpg,train/train_1337.jpg,옷 수선점 창문에 적힌 문구 중 맞는 내용은 무엇인가요?,넓은 어깨를 예쁘게 줄여드립니다,모든 옷 20% 할인,빠른 수선을 약속합니다,24시간 운영합니다,a
train_1338.jpg,train/train_1338.jpg,위 사진에 있는 책 제목 중 'THE NEW RULES of COFFEE' 책에 적힌 저자는 누구인가요?,JORDAN MICHELMAN & ZACHARY CARLSEN,JEREMY TORZ & STEVEN MACATONIA,JEREMY TORZ & ZACHARY CARLSEN,JORDAN MICHELMAN & STEVEN MACATONIA,a
train_1340.jpg,train/train_1340.jpg,"GS25 충남대스타점 재오픈기념 행사에서 15,000원 이상 구매고객에게 증정하는 상품은 무엇인가요?",스프라이트 1.5L,코카콜라제로 1.5L,펩시콜라 1.5L,코카콜라 클래식 1.5L,b
train_1341.jpg,train/train_1341.jpg,이 사진에 보이는 큰 글자는 무엇이라고 적혀 있나요?,淡水金色水岸,淡水藍色海岸,淡水紅色沙灘,淡水綠色森林,a
train_1342.jpg,train/train_1342.jpg,사진 속 리모컨에서 '음량' 조절 버튼 아래에 있는 버튼의 이름은 무엇인가요?,설정메뉴,방송안내,조용히여,영상모드,d
train_1343.jpg,train/train_1343.jpg,사진 속 선크림 제품의 자외선 차단 지수(SPF)는 얼마인가요?,SPF100,SPF50+,SPF30,SPF15,b
train_1344.jpg,train/train_1344.jpg,사진 속 임대 광고에서 제공하는 공간의 면적은 얼마인가요?,3층 120평,1층 50평,2층 100평,2층 90평,d
train_1345.jpg,train/train_1345.jpg,이 건물에 어떤 영화관 브랜드가 입점해 있나요?,씨네큐,메가박스,CGV,롯데시네마,c
train_1346.jpg,train/train_1346.jpg,"이 음식점 간판과 안내문에 따르면, 주류 가격은 얼마입니까?","5,000원","4,000원","1,000원","3,000원",d
train_1347.jpg,train/train_1347.jpg,사진에 보이는 보드게임의 이름은 무엇인가요?,도미니언,세틀러스,티켓 투 라이드,카르카손,d
train_1348.jpg,train/train_1348.jpg,이 랩톱의 모델명은 무엇인가요?,Dell Inspiron 15 7000,Lenovo ideapad 330S-15IKB GTX1050,Lenovo ThinkPad X1 Carbon,HP Pavilion 14-ce0056TX,b
train_1349.jpg,train/train_1349.jpg,이 사진에서 '동아세탁' 간판에 적힌 전화번호는 무엇인가요?,010-1234-5678,010-777-8482,010-2334-7211,010-5348-9518,c
train_1350.jpg,train/train_1350.jpg,이 주유소의 이름은 무엇인가요?,한국가스,대한석유,신명지에너지,서울에너지,c
train_1351.jpg,train/train_1351.jpg,이 사진 속 간판 중에서 치과의원 이름은 무엇인가요?,OLENS,DONGDAEGU,서울한스 치과의원,아시아관광 아카데미,c
train_1352.jpg,train/train_1352.jpg,이 출입문에 적혀 있는 경고 문구는 무엇인가요?,출입문,대한사회복지회,주차금지,Korea Welfare Services,c
train_1353.jpg,train/train_1353.jpg,AGF Blendy 포션 커피 뚜껑을 어떻게 열라고 안내하고 있나요?,포션을 전자레인지에 돌려 열기,포션을 흔들어서 열기,"포션의 뚜껑을 잡고, 아래로 접어 열기","포션의 뚜껑을 잡고, 위로 접어 천천히 열기",d
train_1354.jpg,train/train_1354.jpg,'천원의 아침밥' 행사에서 학생들이 아침밥을 먹을 수 있는 시간은 언제부터인가요?,오전 7시부터 시행,오전 10시부터 시행,오전 8시부터 시행,오전 9시부터 시행,c
train_1355.jpg,train/train_1355.jpg,이 물품 보관함의 이용 시간은 언제부터 언제까지인가요?,"월~목 10:00~20:00, 금~일 10:00~20:30","월~금 08:00~22:00, 토~일 10:00~18:00",월~일 24시간 이용 가능,매일 09:00~21:00,a
train_1357.jpg,train/train_1357.jpg,현대카드 컬처프로젝트 30 공연은 언제 열리나요?,7월 20일 오후 6시,7월 15일 오후 7시 30분,7월 10일 오후 5시,8월 1일 오후 8시,b
train_1359.jpg,train/train_1359.jpg,이 표지판에 표시된 경사도는 얼마인가요?,5%,15%,7%,10%,c
train_1360.jpg,train/train_1360.jpg,다음 중 다이슨 V12s Origin Submarine23 (핸) 제품의 할인된 가격은 무엇인가요?,"678,000","998,000","378,000","308,000",a
train_1361.jpg,train/train_1361.jpg,세탁기와 건조기 사용 요금은 얼마인가요?,"세탁 3,000원, 건조 3,000원","세탁 2,000원, 건조 2,000원","세탁 5,000원, 건조 5,000원","세탁 4,000원, 건조 4,000원",d
train_1362.jpg,train/train_1362.jpg,이 장소에서 진행 중인 행사의 이름은 무엇인가요?,UNDERLAND FESTA,DREAM GARDEN FESTA,ICE GARDEN FESTA,LUCID DREAM FESTA,d
train_1363.jpg,train/train_1363.jpg,2026 오픈소스 컨트리뷰션 아카데미 발대식이 열리는 날짜는 언제인가요?,2026년 8월 15일,2026년 9월 30일,2026년 7월 11일,2026년 6월 1일,c
train_1365.jpg,train/train_1365.jpg,이 이미지에 붙어있는 광고 스티커들 중에서 '신용카드 현금화 장기할부 가능'에 대해 안내하는 전화번호는 무엇인가요?,010-2145-3006,010-9532-1829,010-9183-****,010-2223-****,a
train_1367.jpg,train/train_1367.jpg,안내문에 따르면 수상레저 기구 및 워터파크 등에서 분실 시 업장에서 책임지지 않는 개인소지품은 무엇인가요?,"카메라, 모자, 수건","지갑, 열쇠, 신발","음식물, 음료수, 장난감","핸드폰, 썬그라스, 안경",d
train_1369.jpg,train/train_1369.jpg,사진 속 가게 중 '한식 뷔페'가 있는 가게의 이름은 무엇인가요?,포스트,간식나라,이층밥집,일층 커피집,c
train_1370.jpg,train/train_1370.jpg,사진 속 상자에 적힌 제품의 주요 재료는 무엇인가요?,딸기와 크림,피스타치오와 아몬드,초콜릿과 바닐라,호두와 꿀,b
train_1371.jpg,train/train_1371.jpg,로레알파리 토탈리페어5 트리트먼트의 용량은 얼마인가요?,400ml,375ml,170ml,500ml,c
train_1372.jpg,train/train_1372.jpg,경북대 딸기잼의 가격은 얼마인가요?,"4,500원","6,000원","7,200원","5,300원",d
train_1375.jpg,train/train_1375.jpg,이 건물의 간판에 적힌 기관명은 무엇인가요?,부산시청 산업진흥과,한국무역협회 부산지부,부산과학기술원,한국산업단지공단 부산지역본부,d
train_1376.jpg,train/train_1376.jpg,비상호출 버튼을 사용할 때 주의사항으로 옳은 것은 무엇인가요?,장난으로 비상스위치를 자주 눌러도 된다.,승강기 내에서 뛰지 말고 문에 기대거나 강제로 열려고 하지 말아야 한다.,고장 시에는 아무 대응을 하지 말아야 한다.,비상호출 버튼은 평상시에도 자주 눌러야 한다.,b
train_1377.jpg,train/train_1377.jpg,이 건물의 간판에 적힌 글자는 무엇인가요?,응급의료센터,건강검진센터,약국,내과 진료실,a
train_1379.jpg,train/train_1379.jpg,엘리베이터 문에 붙어 있는 '주의' 표지판 중 '손대지 마시오'라고 적힌 표지판의 색상은 무엇인가요?,빨간색과 검정색,초록색과 흰색,파란색과 노란색,노란색과 검정색,a
train_1380.jpg,train/train_1380.jpg,이 사진 속 세탁소와 문구점에 공통으로 적혀 있는 문구는 무엇인가요?,임시휴업,폐업,영업중,휴무,c
train_1383.jpg,train/train_1383.jpg,SSAFY 게시판에 적힌 '비상 대피 안내문'은 몇 층에 대한 안내인가요?,2층,4층,3층,1층,c
train_1384.jpg,train/train_1384.jpg,이 영화 포스터에 적힌 영화 제목은 무엇인가요?,스파이더맨: 파 프롬 홈,어벤져스: 엔드게임,어벤져스: 인피니티 워,아이언맨 3,b
train_1385.jpg,train/train_1385.jpg,이 건물 앞에 걸려 있는 현수막에 적힌 팀 이름은 무엇인가요?,TEAM CHAMPIONS!,TEAM DOOSAN!,TEAM BEARS!,TEAM SEOUL!,b
train_1386.jpg,train/train_1386.jpg,이 그림에서 미키마우스와 함께 적혀 있는 문구는 무엇인가요?,MICKEY IN SEOUL,MICKEY IN DAEGU,MICKEY IN GANGNAM,MICKEY IN BUSAN,c
train_1387.jpg,train/train_1387.jpg,이 이미지 속 '디어 마이 히어로' 아래에 적힌 문구 중 올바른 것은 무엇인가요?,"최초의 전장, 홀로 남겨진 병사","최후의 전장, 홀로 남겨진 병사","최후의 전장, 함께 남겨진 병사","최초의 전장, 함께 남겨진 병사",b
train_1388.jpg,train/train_1388.jpg,사진 속 빵집의 이름은 무엇인가요?,LE PAIN,호텔 & 카페,아르네발란 & 필라테스,BAKERY CAFE,a
train_1389.jpg,train/train_1389.jpg,이 과자의 1회 제공량 당 열량은 얼마인가요?,176 kcal,350 kcal,112 kcal,22 kcal,c
train_1390.jpg,train/train_1390.jpg,SEATTLE COFFEE HOUSE에서 아메리카노 가격은 얼마인가요?,$3.99,$2.99,$3.49,$4.80,b
train_1391.jpg,train/train_1391.jpg,이 역의 이름은 무엇인가요?,Baker Street,Emotion Air,Balloon Museum,London Station,a
train_1392.jpg,train/train_1392.jpg,이 화면에서 '실격'이라는 단어 옆에 적혀 있는 문구는 무엇인가요?,출발 위치를 확인하세요!,조금만 더 빨리!,성공! 출발하세요!,두둥... 부정출발!,d
train_1393.jpg,train/train_1393.jpg,지게차 뒷면에 붙어 있는 빨간색 경고 문구는 무엇을 의미하나요?,고장주의,안전운전필수,도로주행불가,과속금지,c
train_1394.jpg,train/train_1394.jpg,하천 내 금지행위에 해당하지 않는 것은 무엇인가요?,하천 유수의 저류 또는 그 방향을 변경하는 행위,하천구역 내 농작물 경작 금지,하천 내 쓰레기 투기 행위,하천시설을 손괴하거나 손괴할 우려가 있는 행위,c
train_1395.jpg,train/train_1395.jpg,위 이미지에서 '진로토닉워터'의 가격은 얼마인가요?,"13,800원","1,900원","2,700원","8,100원",b
train_1396.jpg,train/train_1396.jpg,아래 책들 중 저자가 니코스 카잔차키스인 책은 무엇인가요?,그리스인 조르바,리액트를 다루는 기술,모던 자바스크립트 핵심 가이드 3,자바스크립트 완벽 가이드,a
train_1397.jpg,train/train_1397.jpg,이 전시회에서 소개하는 명탐정 코난 영화의 제목은 무엇인가요?,The Secret of Blue Water,The Last Wizard,The Million-dollar Pentagram,The Phantom of Baker Street,c
train_1398.jpg,train/train_1398.jpg,포장 용기에 적힌 두 가지 음식 이름 중 하나가 아닌 것은 무엇인가요?,CINNAMON ROLL,red bean butter cake,chocolate muffin,redbean butter cake,c
train_1400.jpg,train/train_1400.jpg,"한라산 탐방로 안내에 따르면, 진달래밭 대피소에서 사라오름 입구까지의 거리는 얼마인가요?",1.2 km,0.3 km,2.3 km,1.7 km,a
train_1401.jpg,train/train_1401.jpg,이 이미지에 적힌 와이파이 무선랜 암호는 무엇인가요?,PA#ABCDE123,PA#7502C3F,PA#00000000,PA#1234ABCD,b
train_1402.jpg,train/train_1402.jpg,이 건물에 있는 피자 가게의 이름은 무엇인가요?,Pizza Place,Flour Tomato Cheese,Tomato Bar,Blue Nomad,b
train_1404.jpg,train/train_1404.jpg,이 사진의 건물 간판에 적힌 글자는 무엇인가요?,SEOUL TOWER,BUSAN TOWER,TOKYO TOWER,FUKUOKA TOWER,d
train_1405.jpg,train/train_1405.jpg,이 사진 속 나무에 붙어 있는 포스터에서 진행하는 이벤트의 이름은 무엇인가요?,겨울맞이 윈터 EVENT,봄맞이 스프링 EVENT,여름맞이 썸머 EVENT,가을맞이 가을 EVENT,c
train_1406.jpg,train/train_1406.jpg,이 가게의 상호명으로 올바른 것은 무엇인가요?,사대부 찜닭,안동 찜닭,대장 찜닭,일데이 찜닭,a
train_1407.jpg,train/train_1407.jpg,이 가게에서 남자 지원자가 2차로 통과해야 하는 항목은 무엇인가요?,오토바이 레이스,면접,닭해부,직성검사,a
train_1408.jpg,train/train_1408.jpg,소화전 사용 방법 중 2단계는 무엇인가요?,밸브 닫기,불 끄기,호스 빼내기,밸브 열기,d
train_1410.jpg,train/train_1410.jpg,이 사진 속 간판에 적힌 테마파크의 이름은 무엇인가요?,디즈니랜드 파리,에버랜드,디즈니월드 플로리다,유니버셜 스튜디오,a
train_1411.jpg,train/train_1411.jpg,이 가게 유리문에 적힌 '상가임대' 안내문에 적힌 전화번호는 무엇인가요?,031-987-6543,010-9466-2999,02-345-6789,010-1234-5678,b
train_1414.jpg,train/train_1414.jpg,보드게임 주말요금 중 1인 기준 3시간 요금의 청소년 요금은 얼마인가요?,"3,000원","2,200원","5,500원","7,000원",c
train_1415.jpg,train/train_1415.jpg,이 행사 이벤트 기간은 언제부터 언제까지인가요?,7월 1일~3일,7월 2일~5일,7월 10일~15일,6월 25일~30일,b
train_1416.jpg,train/train_1416.jpg,이 액자에 적힌 LA 레이커스가 우승한 연도는 무엇인가요?,"1983, 1984","1986, 1987","1985, 1986","1984, 1985",d
train_1417.jpg,train/train_1417.jpg,이 건물에 있는 전광판에 표시된 시간은 무엇인가요?,08:45,10:15,09:36,11:00,c
train_1418.jpg,train/train_1418.jpg,이 사진에 보이는 초록 매실 음료의 1+1 행사 가격은 얼마인가요?,"2,990원","5,780원","4,980원","4,280원",d
train_1419.jpg,train/train_1419.jpg,이 봉투에 적힌 문구는 무엇인가요?,영업 시간이 변경되었습니다,저희 매장 휴무입니다,저희 게임 정상 영업 합니다,오늘은 쉬는 날입니다,c
train_1420.jpg,train/train_1420.jpg,이 사진 속 간판에 적힌 학교 이름은 무엇인가요?,한밭대학교 정문,대전과학기술대학교 남문,국립대전대학교 후문,국립한밭대학교 북문,d
train_1421.jpg,train/train_1421.jpg,이 상품의 가격은 얼마인가요?,12000원,10000원,15000원,1200원,a
train_1422.jpg,train/train_1422.jpg,사진 속 간판에 적힌 음식점 이름은 무엇인가요?,맛있는 찌개 집,엄지척 찌개 박사,정성 가득 찌개,행복한 찌개,b
train_1423.jpg,train/train_1423.jpg,이 건물에 입주해 있는 병원이나 의원 중 한방 진료를 하는 곳은 어디인가요?,세살로 외과의원,클라리티 치과의원,조이앤부부 한의원,도안양영병원,c
train_1424.jpg,train/train_1424.jpg,이 안내문에 따르면 식당 출구를 나가려면 어떻게 해야 하나요?,계단으로 이동 후 19층 엘리베이터를 이용해야 한다,엘리베이터를 타고 20층으로 가야 한다,계단으로 이동 후 20층 출구를 이용해야 한다,직진 후 20층 계단을 이용해야 한다,a
train_1426.jpg,train/train_1426.jpg,이 명찰에 적힌 이름은 무엇인가요?,최지훈,김철수,박민영,임유리,d
train_1427.jpg,train/train_1427.jpg,피라칸사스에 관한 설명 중 옳은 것은 무엇인가요?,크기는 1~2m이고 9~10월에 아름다운 열매가 열린다,서식지는 주로 물가 근처이다,크기는 3~4m이고 6~7월에 꽃이 핀다,잎이 넓고 4~5월에 열매가 익는다,a
train_1428.jpg,train/train_1428.jpg,이 지하철역 안내판에서 '나가는 곳'을 영어로 어떻게 표기했나요?,Entrance,Exit,Ticket,Transfer,b
train_1429.jpg,train/train_1429.jpg,이 식당 메뉴판에 없는 음식은 무엇인가요?,등심돈까스,김치찌개,부추새우전,통문어보쌈,b
train_1430.jpg,train/train_1430.jpg,다음 중 이미지에 적힌 문구에 포함된 내용으로 올바른 것은 무엇인가요?,내일의 계획 세우기,친구와 함께 산책하기,건강한 식단 만들기,오늘의 좋았던 순간 기록하기,d
train_1431.jpg,train/train_1431.jpg,벽에 가득 붙어 있는 포스트잇에 적힌 문구 중 하나는 무엇인가요?,하나 둘 셋 착각!,이곳에서 사진 촬영 금지,모두 함께 사진을 찍어요,카메라로 이쁜 척하고 찍을 때 제폰이 무슨 생각 하는지 그려주세요,a
train_1432.jpg,train/train_1432.jpg,이 제품의 소비기한은 언제까지인가요?,2026.07.19까지,2026.05.19까지,2025.06.17까지,2026.06.17까지,d
train_1434.jpg,train/train_1434.jpg,이 과자의 이름은 무엇인가요?,빙그레 생크림 케이크,해태 초코파이,오리온 초코송이,롯데 몽쉘 생크림 케이크,d
train_1435.jpg,train/train_1435.jpg,이 책자의 제목은 무엇인가요?,대전캠퍼스 안내도,취업준비 가이드북,SW 외 전공자를 위한 안내서,AI 시대의 성공 전략,b
train_1436.jpg,train/train_1436.jpg,이 사진에 보이는 큰 글자들은 무엇이라고 적혀 있나요?,Itaewon,YongSan,GangNam,HongDae,b
train_1437.jpg,train/train_1437.jpg,이 선반에 진열된 상품 중에서 Mini KeyRing POM POM의 가격은 얼마인가요?,$19.99,$14.99,$12.99,$9.99,c
train_1438.jpg,train/train_1438.jpg,이 라면 포장지에 적힌 맛은 무엇인가요?,짜장맛,순한맛,김치맛,매운맛,b
train_1439.jpg,train/train_1439.jpg,사진 속 파란색 세로 간판에 적혀 있는 회사명은 무엇인가요?,한밭종판,에스원,캐리어에어컨,AIR ONE,c
train_1440.jpg,train/train_1440.jpg,사진에 보이는 '홍탁' 가게에서 전문적으로 취급하는 음식은 무엇인가요?,홍어요리,삼겹살,불고기,김치찌개,a
train_1441.jpg,train/train_1441.jpg,이 건물에 입주해 있는 피부과 의원의 이름은 무엇인가요?,아웃백,로하스,스핀볼링,블리비의원,d
train_1443.jpg,train/train_1443.jpg,식당 출구로 가려면 어떻게 해야 한다고 적혀 있나요?,엘리베이터를 타고 20층으로 가세요.,20층에서 식당 출구 방향으로 걸어가세요.,19층에서 바로 식당 출구로 나가세요.,계단으로 이동 후 19층 엘리베이터를 이용하세요.,d
train_1444.jpg,train/train_1444.jpg,이 사진 속 현수막에 적힌 공연 장소는 어디인가요?,KINTEX HALL 10,서울 올림픽 경기장,세종문화회관,코엑스 컨벤션 센터,a
train_1445.jpg,train/train_1445.jpg,이 버스 정류장 광고에 나온 제품 이름은 무엇인가요?,박서준,볼뉴머,대한사회복지회,피부과,b
train_1446.jpg,train/train_1446.jpg,사진 속 건물 2층에 있는 '하이멘토학원'에서 상담할 때 연락할 전화번호는 무엇인가요?,541-5899,545-1236,546-3105,545-7774,c
train_1447.jpg,train/train_1447.jpg,노원여성인력개발센터의 2026년 새일여성인턴제에서 지원하는 최대 금액은 얼마인가요?,최대 460만원 지원,최대 400만원 지원,최대 500만원 지원,최대 350만원 지원,a
train_1448.jpg,train/train_1448.jpg,이 게시물에서 인터뷰 진행 시 촬영된 사진과 영상은 어떻게 활용될 수 있다고 안내하고 있나요?,외부에 공개되지 않는다,홍보용으로 활용될 수 있다,개인 소장용으로만 사용된다,인터뷰 후 즉시 삭제된다,b
train_1449.jpg,train/train_1449.jpg,이 건물의 이름은 무엇인가요?,원룸,장덕로,장덕로50번길,파밀리아,d
train_1451.jpg,train/train_1451.jpg,이 책의 제목은 무엇인가요?,JLPT N1 일본어 문법 노트,JLPT N3 일본어 회화 노트,JLPT N2 일본어 단어 쓰기 노트,JLPT N2 일본어 독해 노트,c
train_1452.jpg,train/train_1452.jpg,이 건물 1층에 위치한 가게의 이름은 무엇인가요?,HALL OF YOU,DESSERT CAFE,MILLION HOUSE,COFFEE DESSERT MILLION,c
train_1453.jpg,train/train_1453.jpg,"Zeusflower 매장 앞에 있는 주차 안내에 따르면, 제우스플라워 이용고객은 대구에 위치한 어디의 주차장을 이용할 수 있나요?",대구백화점 주차장,동성로 꽃시장 주차장,동성로 주차장,대구역 주차장,a
train_1454.jpg,train/train_1454.jpg,사진에 있는 안내판에 적힌 내용은 무엇인가요?,쓰레기 무단 투기 금지 벌금 부과,개 조심 산책로에 개가 있습니다,뱀 조심 가끔 뱀이 나와요 조심하세요,낙석 주의 이 지역은 낙석 위험 구간입니다,c
train_1457.jpg,train/train_1457.jpg,SSU 취업 비상구 프로그램에서 제공하지 않는 서비스는 무엇인가요?,"구직역량강화 (서류, 면접, 인적성검사)","직무역량강화 (취업동아리, 공모전)",1:1 상담 (개인별 컨설팅),무료 취업 알선 서비스,d
train_1458.jpg,train/train_1458.jpg,이 건물 입구에 걸린 현수막에서 모집하는 회원은 어떤 종류인가요?,웨딩 및 행사 회원,호텔 투숙객 회원,피트니스센터&사우나 월 회원,레스토랑 식사 회원,c
train_1459.jpg,train/train_1459.jpg,이 건물에 있는 상호명 중 '핑크 아로마 테라피'와 함께 적힌 전화번호는 무엇인가요?,2669-803,803-2669,803-1970,1970-803,b
train_1461.jpg,train/train_1461.jpg,이 공간의 안내판 위에 적힌 영어 단어 중 '교육'을 의미하는 단어는 무엇인가요?,APPLY,EDUCATION,INTRODUCTION,WELCOME,b
train_1462.jpg,train/train_1462.jpg,이 가게에서 주말과 공휴일에 설렁탕의 할인된 가격은 얼마인가요?,"9,900원","10,000원","8,900원","12,000원",a
train_1463.jpg,train/train_1463.jpg,미나리의 효능으로 옳지 않은 것은 무엇인가요?,"혈관, 혈압 건강개선",심혈관질환 예방,간기능 개선,중금속 배출과 해독,a
train_1464.jpg,train/train_1464.jpg,더티 초코 케이크는 어떤 맛의 컨셉을 보여주는 제품인가요?,바닐라 향이 진한 부드러운 케이크,코코아 파우더가 입가에 잔뜩 묻게 되는 더티초코 컨셉,커피와 어울리는 고소한 맛의 케이크,과일 토핑이 풍부한 상큼한 케이크,b
train_1465.jpg,train/train_1465.jpg,이 표지판에 따르면 이 지역에서 금지된 행위가 아닌 것은 무엇인가요?,야외 취사 행위,음주 후 장난 및 수영하는 행위,야간 및 기상악화 시 출입하는 행위,낚시 및 물놀이 행위,a
train_1466.jpg,train/train_1466.jpg,이 장소의 도로명 주소는 무엇인가요?,동서대로 182,서동대로 128,동서로 128,동서대로 128,d
train_1467.jpg,train/train_1467.jpg,이미지 속 붙어 있는 임대 문의 전화번호 중 하나는 무엇인가요?,010-0000-0000,010-5555-1234,010-1234-5678,010-4858-7892,d
train_1468.jpg,train/train_1468.jpg,중·대형 보관함의 기본요금은 얼마인가요?,"1,000원","4,000원","2,000원","3,000원",d
train_1469.jpg,train/train_1469.jpg,효치과의원에서 사용하는 치료법은 무엇인가요?,한방 치료법,레이저 치료법,의식하 진정법을 이용한 임플란트,치아 교정 치료법,c
train_1470.jpg,train/train_1470.jpg,포스터에서 '파이썬 아주 그냥 죽여死 버려!'라는 문구가 적혀 있는 곳은 어디인가요?,MEGA MAG,서울4반,Samsung SW:AI Academy For Youth,SSAFY 한 햄찌,b
train_1471.jpg,train/train_1471.jpg,이 와인 병 라벨에 적힌 와인의 종류는 무엇인가요?,MAGIQUE MUJU WHITE WINE,MAGIQUE MUJU RED WINE,MAGIQUE MUJU WILD GRAPES WINE,MAGIQUE MUJU SPARKLING WINE,c
train_1472.jpg,train/train_1472.jpg,이 사진 속 지하철 출입구 번호는 무엇인가요?,8,6,9,7,a
train_1473.jpg,train/train_1473.jpg,이 사진에 보이는 광고판 중 '리쥬란' 광고 문구로 옳은 것은 무엇인가요?,Rewrite Your Story,한국몬테소리와 함께하세요,강남대로,조종차로 버스전용,a
train_1474.jpg,train/train_1474.jpg,칠렉스 24 매장에서만 특별하게 만나볼 수 있는 제품은 무엇인가요?,칠렉스 제품,전자담배,프리미엄 커피,핫핸드,a
train_1475.jpg,train/train_1475.jpg,에디야 커피의 신제품인 '그 시절 우리는 모두 달달했다' 메뉴의 가격은 얼마인가요?,"8,900원","5,700원","3,200원","4,000원",c
train_1478.jpg,train/train_1478.jpg,이 사진에서 빨간색 원형 표지판에는 어떤 문구가 적혀 있나요?,통행금지,진입금지,출입금지,주차금지,b
train_1479.jpg,train/train_1479.jpg,사진 속 식당 간판에 적힌 상호명은 무엇인가요?,BULK COFFEE,큰뱅 하우스,연지메 연탄구이,효자동 숯불구이,c
train_1480.jpg,train/train_1480.jpg,이 창고에 쌓여 있는 과자의 맛 중 하나로 적혀 있지 않은 것은 무엇인가요?,사워크림 어니언,오리지널,바베큐,초코,c
train_1481.jpg,train/train_1481.jpg,이 마스크 팩 제품의 가격은 얼마인가요?,200엔,328엔,"1,000엔",500엔,b
train_1482.jpg,train/train_1482.jpg,감자튀김 포장지에 적힌 문구는 무엇인가요?,편한 마음 한 스푼,신선한 감자튀김,맛있는 감자튀김,행복 가득 한 입,a
train_1484.jpg,train/train_1484.jpg,이 전시회의 제목은 무엇인가요?,위대한 장군 이순신,우리들의 이순신,한국의 전설 이순신,바다의 영웅 이순신,b
train_1485.jpg,train/train_1485.jpg,이 편의점 출입문에 붙어 있는 노란색 안내문의 주요 내용은 무엇인가요?,24시간 영업 중입니다,입장 시 마스크 착용 필수,담배는 NO답 대세는 NO담,음료는 냉장보관하세요,c
train_1486.jpg,train/train_1486.jpg,이 건물의 간판에 적힌 연구원의 이름은 무엇인가요?,(재)서울문화연구원,(재)금강문화유산연구원,(재)부산문화유산연구원,(재)대전문화유산연구원,b
train_1487.jpg,train/train_1487.jpg,이 건물에 있는 식당의 이름은 무엇인가요?,갯벌 바지락 칼국수,해물 바지락 칼국수,갯벌 조개 칼국수,바지락 국수 전문점,a
train_1488.jpg,train/train_1488.jpg,이 카페의 상호명은 무엇인가요?,caffebene,starbucks,hollys,banapresso,d
train_1489.jpg,train/train_1489.jpg,이 음료 캔에 적힌 '70 DAYS MANGO'라는 문구의 의미로 가장 적절한 것은 무엇인가요?,70가지 맛이 조합된 망고 음료,70일 동안 자연에서 자란 망고를 사용했다,70일 동안 숙성시킨 망고 주스,70일 동안 보관 가능한 망고 음료,b
train_1490.jpg,train/train_1490.jpg,이 이미지에 적힌 뮤지컬 제목은 무엇인가요?,데스노츠,데스라이,데스레,데스노트,d
train_1493.jpg,train/train_1493.jpg,사진 속 상점의 간판에 적힌 '백세라이프'가 의미하는 것은 무엇인가요?,전자제품 수리 센터,도서 및 문구류 판매점,기능성 인증식품 및 건강식품을 판매하는 곳,패션 의류 매장,c
train_1494.jpg,train/train_1494.jpg,"이미지 속 안내문에 따르면, SK스토아 매장에서 리모컨 쇼핑 시 제공되는 혜택은 무엇인가요?",회원 등급 업그레이드,무료 배송 + 사은품 증정,추가 할인 + 추가 적립,1+1 행사,c
train_1496.jpg,train/train_1496.jpg,위 이미지에 있는 간판에서 소개하는 책 제목은 무엇인가요?,해피엔딩에서 너를 기다릴게,암흑이의 기도,혼자 사는 할아버지 이야기,사랑과 전쟁,a
train_1497.jpg,train/train_1497.jpg,이 안내문에 적힌 요청 사항은 무엇인가요?,문을 열어주세요,창문을 열어주세요,창문을 닫아주세요,문을 닫아주세요,d
train_1498.jpg,train/train_1498.jpg,테이블 위에 붙어 있는 빨간색 원형 스티커에는 무엇이라고 적혀 있나요?,테이블 위 QR코드로 PAYMENT,테이블 위 QR코드로 RESERVE,테이블 위 QR코드로 ORDER,테이블 위 QR코드로 TAKE OUT,c
train_1499.jpg,train/train_1499.jpg,건물 벽면에 적힌 한의원 이름은 무엇인가요?,청담한의원,서울한의원,한빛한의원,소원한의원,d
train_1500.jpg,train/train_1500.jpg,이 장소의 이름은 무엇인가요?,관악산 정상,북한산 정상,도봉산 정상,인왕산 정상,d
train_1502.jpg,train/train_1502.jpg,이 제품의 가격은 얼마인가요?,"99,900원","159,900원","129,900원","139,900원",d
train_1503.jpg,train/train_1503.jpg,이 건물에 위치한 '제일안과' 병원은 몇 층에 있나요?,4층,3층,2층,1층,b
train_1504.jpg,train/train_1504.jpg,이미지 속 긴급 전화 표시에 적힌 차량 번호는 무엇인가요?,1435,6403333,0419,053,a
train_1505.jpg,train/train_1505.jpg,서울교통공사 국제지하철영화제(SMiFF) 공모전은 몇 월 며칠부터 몇 월 며칠까지 열리나요?,2026년 8월 1일 ~ 9월 30일,2026년 7월 22일 ~ 8월 12일,2026년 9월 1일 ~ 10월 23일,2026년 6월 1일 ~ 7월 31일,b
train_1506.jpg,train/train_1506.jpg,이 건물에 입점한 의료기관 중 안과는 어떤 곳인가요?,미소앤치과의원,밝은 안과의원,우리아이비뇨기과,지망안과,b
train_1507.jpg,train/train_1507.jpg,현재 재생 중인 노래 제목은 무엇인가요?,첫사랑 - 백예린,봄봄봄 - 로이킴,너를 만나 - 폴킴,벚꽃 엔딩 - 버스커 버스커,b
train_1508.jpg,train/train_1508.jpg,이 키보드에서 한영 전환을 하는 키는 무엇인가요?,한/영,Ctrl,Shift,Caps Lock,a
train_1509.jpg,train/train_1509.jpg,이 건물에 있는 학원의 주요 과목으로 올바르게 연결된 것은 무엇인가요?,강남 어학원 - 영어 전문,강남 어학원 - 과학 전문,이스턴 영 어학원 - 영어 전문,이스턴 영 어학원 - 수학 전문,c
train_1510.jpg,train/train_1510.jpg,사진 속 건물에 적힌 호텔 이름은 무엇인가요?,SEOUL GRAND HOTEL,SEOUL CITY HOTEL,INN SEOUL HOTEL,SEOUL INN HOTEL,d
train_1511.jpg,train/train_1511.jpg,이 트럭에 붙어 있는 '우회전 시 주의' 표지판에서 주의해야 할 내용은 무엇인가요?,우회전할 때 사각지대를 주의하라는 내용,우회전 금지,주차 금지,화물 적재 금지,a
train_1512.jpg,train/train_1512.jpg,이 도로 표지판에 따르면 '광산 IC'로 가려면 어느 방향으로 가야 하나요?,오른쪽,뒤로 돌아감,왼쪽,직진,a
train_1513.jpg,train/train_1513.jpg,마스터키친에서 판매하는 메뉴 중 가격이 가장 비싼 음식은 무엇인가요?,일생 카레 돈가스,치즈 모카라이스,연어덮밥,꾸텐동,c
train_1514.jpg,train/train_1514.jpg,조동욱 선수의 시즌 기록 중 평균자책점은 얼마인가요?,4.20,3.00,1.80,2.50,b
train_1516.jpg,train/train_1516.jpg,이 사진에 보이는 축구 경기장 입구의 이름은 무엇인가요?,CHAMPS,SAINT-GERMAIN,AUTEUIL,PARIS,c
train_1517.jpg,train/train_1517.jpg,이미지 속 'Buldak Potato chips' 과자 맛은 무엇인가요?,Cheddar Cheese,Jalapeno & Cheese,Quattro Cheese,Seafood Flavor,c
train_1518.jpg,train/train_1518.jpg,이 건물은 무엇이라고 적혀 있나요?,서울역,광주역,부산역,대전역,c
train_1519.jpg,train/train_1519.jpg,이 사진에 보이는 육교의 이름은 무엇인가요?,서울육교,강남육교,한강육교,삼성육교,d
train_1521.jpg,train/train_1521.jpg,이 초콜릿 제품의 이름은 무엇인가요?,SilverQueen Bite,Choco Almond,Milk Chocolate Delight,Almond Joy,a
train_1523.jpg,train/train_1523.jpg,이 가게에서 전문적으로 판매하는 음식은 무엇인가요?,라면 & 만두,치킨 & 피자,떡볶이 & 김밥,불고기 & 비빔밥,c
train_1524.jpg,train/train_1524.jpg,이 간판에 적힌 문구 중에서 페스티벌 이름은 무엇인가요?,SOUND BERRY FESTA '26,SOUND BERRY FESTIVAL '26,SOUND BERRY FESTIVAL '27,SOUND BERRY FESTA '27,a
train_1525.jpg,train/train_1525.jpg,이 간판에 적힌 카페 이름은 무엇인가요?,카페 아모리,카페 아모렘,카페 아로마,카페 아모레,b
train_1526.jpg,train/train_1526.jpg,다음 중 이미지에 보이는 책 제목이 아닌 것은 무엇인가요?,TCP/IP 소켓 프로그래밍,유니티 교과서,이펙티브 C++,파이썬 완벽 가이드,d
train_1527.jpg,train/train_1527.jpg,이 건물 7층에 입주해 있는 병원 이름은 무엇인가요?,강남12의원,미네뜨 성형외과,처음처럼 성형외과,로하셀 한의원,b
train_1528.jpg,train/train_1528.jpg,사진 속 상점 중 여성 의류 매장의 이름은 무엇인가요?,광주은행,해담 약국,Pharmacy,CROCODILE LADIES,d
train_1529.jpg,train/train_1529.jpg,이 과자 한 개(20g)의 열량은 얼마인가요?,102 kcal,160 kcal,200 kcal,54 kcal,a
train_1531.jpg,train/train_1531.jpg,'오늘 두부' 가게 간판에 적힌 내용 중 맞는 것은 무엇인가요?,두부는 매주 월요일에 만듭니다.,두부는 20% 할인 중입니다.,저희 두부는 수입콩을 사용합니다.,100% 국산콩으로 매일 아침 두부를 만듭니다.,d
train_1533.jpg,train/train_1533.jpg,사진 속 제품 이름은 무엇인가요?,락토핏 코어맥스,락토핏 프로맥스,락토핏 베이직,락토핏 플러스,a
train_1534.jpg,train/train_1534.jpg,현수치킨에서 낮 타임 대박 이벤트로 제공하는 것은 무엇인가요?,음료 1+1,맥주 1+1,치킨 마늘소스 무료,치킨 1+1,b
train_1535.jpg,train/train_1535.jpg,이 이미지에 보이는 휴대폰 케이스 중 '아이폰 15 프로 맥스 호환용' 제품의 가격은 얼마인가요?,"\3,000","\2,000","\5,000","\4,000",a
train_1536.jpg,train/train_1536.jpg,사진 속 상자에 적힌 '시간을 달리는 트라이앵글'은 어떤 장르의 게임인가요?,3인용 머더 미스터리,2인용 롤플레잉 게임,1인용 퍼즐 게임,4인용 머더 미스터리,a
train_1537.jpg,train/train_1537.jpg,이 책의 제목은 무엇인가요?,제로 클릭 시대를 살아가는 마케터를 위한 새로운 필독서,"챗GPT야, 강남 맛집 추천해 줘!",AI가 우리 브랜드를 알아서 홍보해 준다고요?,우리는 광고비 없이 AI로 팝니다,d
train_1538.jpg,train/train_1538.jpg,이 음식점 간판에 적힌 상호명은 무엇인가요?,돼지촌,맛있는 돼지고기,두껍삼,삼겹살나라,c
train_1539.jpg,train/train_1539.jpg,사진 속 액자에 적힌 문구는 무엇입니까?,"책 한 권, 음반 한 장, 모두의 노력으로 유지됩니다.","책 두 권, 음반 두 장, 모두의 신뢰로 유지됩니다.","책 한 권, 음반 한 장, 모두의 신뢰로 유지됩니다.","책 한 권, 음반 한 장, 모두의 약속으로 유지됩니다.",c
train_1540.jpg,train/train_1540.jpg,모니터 받침대에 부착된 브랜드명은 무엇인가요?,SAMSUNG,HP,DELL,LG,a
train_1542.jpg,train/train_1542.jpg,이미지 속 '콘푸레이크 천마차' 상자에 적힌 가격은 얼마인가요?,"\4,000","\3,000","\2,500","\3,500",b
train_1543.jpg,train/train_1543.jpg,이 소금 제품의 브랜드 이름은 무엇인가요?,미원 맛소금,백설 소금,청정원 맛소금,오뚜기 소금,a
train_1544.jpg,train/train_1544.jpg,이 전시 부스의 이름은 무엇인가요?,스마트시티 연구센터,로봇자동화 연구소,인공지능그랜드ICT 연구센터,AI 기술혁신 센터,c
train_1546.jpg,train/train_1546.jpg,이 배너에 적힌 TRADERS CAFE 결제 방법으로 맞는 것은 무엇인가요?,신용/직불카드만 결제 가능하다,모든 결제 수단 가능하다,현금만 가능하다,QR코드 스캔 불가능하다,a
train_1547.jpg,train/train_1547.jpg,운동 결과 화면에 표시된 운동 시간은 얼마인가요?,4분 58초,20분 0초,8분 2초,33분 8초,d
train_1548.jpg,train/train_1548.jpg,이 사진에 있는 건물의 간판에는 무엇이라고 적혀 있나요?,삼성역,대전역,부산역,서울역,a
train_1549.jpg,train/train_1549.jpg,사진 속 바닥에 있는 경고문에 적힌 내용은 무엇인가요?,화재 경고,출입 금지,문 열림 주의,낙상 주의,c
train_1550.jpg,train/train_1550.jpg,이 건물에 붙어 있는 '임대' 안내문에 적혀 있는 전화번호 중 하나는 무엇인가요?,02-345-6789,010-9999-8888,010-6460-8152,010-1234-5678,c
train_1551.jpg,train/train_1551.jpg,사진 속 커피 전문점 'Now Coffee'에서 아메리카노 가격은 얼마인가요?,"1,000원","1,800원","1,400원","2,000원",c
train_1552.jpg,train/train_1552.jpg,사진 속 'BUSAN XYLITOL CANDY' 제품 중 레몬 맛으로 적힌 것은 무엇인가요?,Haeundae Lemon,Haeundae Mint,Gwangalli Mint,Gwangalli Lemon,a
train_1553.jpg,train/train_1553.jpg,이 영화 입장권에서 관람하는 영화의 제목은 무엇인가요?,어벤져스: 엔드게임,기생충,오디세이(IMAX 2D),인터스텔라,c
train_1554.jpg,train/train_1554.jpg,이 가게의 이름은 무엇인가요?,금강직영,엄마,신발 슈퍼,신사화 보세화,c
train_1555.jpg,train/train_1555.jpg,사진에 보이는 간판에 적힌 장소 이름은 무엇인가요?,新宿一丁目 (Shinjuku 1),京都四丁目 (Kyoto 4),銀座三丁目 (Ginza 3),?谷二丁目 (Shibuya 2),c
train_1558.jpg,train/train_1558.jpg,오레오 과자의 맛은 무엇이라고 적혀 있나요?,딸기 크림,민트 크림,바닐라 크림,초콜릿 크림,d
train_1559.jpg,train/train_1559.jpg,이 간판에 적힌 웹사이트 주소는 무엇인가요?,www.sansosu.com,www.sansosu.co.kr,www.sansosu.kr,www.sansosu.net,b
train_1560.jpg,train/train_1560.jpg,왼쪽 상자에 포함된 립 틴트의 종류는 무엇인가요?,수분 촉촉 히알루 립밤,브링그린 대나무 히알루 립 에센스,네이밍 오버 듀 글로시 립 틴트,부오이 헤어 클립,c
train_1561.jpg,train/train_1561.jpg,벽에 붙어 있는 노란색 안내판에 적힌 전화번호는 무엇인가요?,031-987-6543,010-6357-7834,02-123-4567,010-1234-5678,b
train_1562.jpg,train/train_1562.jpg,이 사진에 보이는 건물에 있는 태권도 학원의 전화번호는 무엇인가요?,221-2294,223-9191,010-8845-8374,02-706-6638,a
train_1563.jpg,train/train_1563.jpg,사진 속 텀블러에 적힌 브랜드 이름은 무엇인가요?,SAMSONITE,CAMELBAK,STANLEY,THERMOS,c
train_1564.jpg,train/train_1564.jpg,사진 속 'THOMAS STEARNS ELIOT'의 출생 연도는 언제인가요?,1809년,1892년,1843년,1888년,d
train_1565.jpg,train/train_1565.jpg,이 경고문에서 음식물 쓰레기는 어떻게 배출해야 한다고 되어 있나요?,재활용품과 함께 배출한다,종량제 봉투에 배출한다,전용 수거용기에 배출한다,대형업체에 맡긴다,c
train_1568.jpg,train/train_1568.jpg,해금강 횟집 민박에서 제공하는 메뉴가 아닌 것은 무엇인가요?,피자,비빔밥,칼국수,생선회,a
train_1569.jpg,train/train_1569.jpg,이 지하철역의 이름은 무엇인가요?,강남역,미금역,정자역,수서역,c
train_1570.jpg,train/train_1570.jpg,이 간판에 적힌 상호명은 무엇인가요?,부산카센터,대전모터,구미모터스,서울자동차,c
train_1572.jpg,train/train_1572.jpg,폰 노이만 병목 현상(Von-Neumann Bottleneck)에 대한 설명으로 옳은 것은 무엇인가요?,"중앙 처리 장치에서 명령어나 데이터를 메모리에서 가져와 처리한 후, 결과 데이터를 메모리에 다시 보내 저장한다.",양자 컴퓨터와 같은 비 폰 노이만 구조에 속한다.,프로그램 일부를 하드웨어화하여 고속 처리를 가능하게 한다.,병렬 처리 기능을 갖춘 컴퓨터 구조를 의미한다.,a
train_1573.jpg,train/train_1573.jpg,이 제품의 맛은 무엇이라고 적혀 있나요?,자몽향,민트향,레몬향,오렌지향,b
train_1574.jpg,train/train_1574.jpg,이 시장의 이름은 무엇인가요?,남대문시장,신흥시장,해방촌시장,광장시장,b
train_1575.jpg,train/train_1575.jpg,이 건물 외벽에 적힌 글씨 중 일부로 보이는 것은 무엇인가요?,INCHEON,BUSAN,GANGNAM,SEOUL,c
train_1576.jpg,train/train_1576.jpg,이 사진에 보이는 자외선 차단제의 SPF 지수는 무엇인가요?,SPF30,SPF45,SPF15,SPF50+,d
train_1578.jpg,train/train_1578.jpg,이 사진 속 역 이름은 무엇인가요?,대전역,서울역,부산역,동대구역,d
train_1579.jpg,train/train_1579.jpg,이 승차권의 이용 요금은 얼마인가요?,"10,000원","8,500원","7,500원","9,000원",d
train_1580.jpg,train/train_1580.jpg,이 이미지에 적힌 문구에서 2026년을 맞이하여 어떤 메시지를 전달하고 있나요?,"같이 달려요, 더 건강한 서울로!",행복 가득한 새해 되세요!,희망찬 2026년을 기원합니다!,"더 멀리, 더 높이 도약하자!",a
train_1582.jpg,train/train_1582.jpg,이 식당에서 '통삼겹살'에 대해 설명한 내용으로 맞는 것은 무엇인가요?,매운 양념이 잘 배어 있는 삼겹살이다.,껍질이 바삭하게 구워진 삼겹살이다.,고소한 육즙과 부드러운 육질이 특징이다.,채소와 함께 양념에 재운 삼겹살이다.,c
train_1583.jpg,train/train_1583.jpg,이미지 속 '인스티튜트'가 공지한 내일 교육 주제는 무엇인가요?,레버리지의 위험성 실전편,주식 투자 전략,시장 분석 방법,레버리지의 기본 개념,a
train_1586.jpg,train/train_1586.jpg,이 간판에서 전문적으로 판매하는 품목은 무엇인가요?,커피 전문점,생선 전문점,밀키트 전문점,과일 전문점,c
train_1587.jpg,train/train_1587.jpg,이 게시판의 제목은 무엇인가요?,장씨처녀와 소금장수의 전설,풍영정의 아름다운 이야기,소금장수와 장씨처녀의 풍영정 애사,풍영정의 역사 이야기,c
train_1589.jpg,train/train_1589.jpg,이 사진에 보이는 도로 표지판에 적힌 길 이름은 무엇인가요?,테헤란로 34길,강남대로,역삼로,삼성로,a
train_1591.jpg,train/train_1591.jpg,이 건물 공사 완료 예정 연도는 언제인가요?,2023년,2028년,2030년,2025년,b
train_1594.jpg,train/train_1594.jpg,이 구두수선 가게에서 제공하는 주요 서비스는 무엇인가요?,휴대폰 수리,이발 서비스,세탁 서비스,구두수선·열쇠,d
train_1595.jpg,train/train_1595.jpg,이 행사장의 벽에 적힌 문구 중 'KOREA SUPER-PIG'와 함께 아래에 적힌 문구는 무엇인가요?,돼지고기와 맥주의 만남!,맛있는 돼지고기 축제!,한국의 슈퍼 돼지 등장!,한돈과 함께하면 뭐든 돼지!,d
train_1596.jpg,train/train_1596.jpg,이 티켓의 유효기간은 언제까지인가요?,25.06.30(일),25.07.21(토),25.06.21(토),25.05.21(토),c
train_1597.jpg,train/train_1597.jpg,이 제품의 캡슐 수량은 몇 개인가요?,100 캡슐,150 캡슐,50 캡슐,200 캡슐,a
train_1598.jpg,train/train_1598.jpg,이 광고 배너에 적혀 있는 성형외과 전문의의 경력은 몇 년입니까?,30년,10년,23년,15년,c
train_1599.jpg,train/train_1599.jpg,6th Avenue 커피 전문점 입구 앞에 '여기가 커피 맛집'이라고 적힌 표지판에 적힌 문구 중 맞는 것은?,여기가 빙수 맛집,여기가 베이커리 맛집,여기가 아이스크림 맛집,여기가 커피 맛집,d
train_1600.jpg,train/train_1600.jpg,사진 속에서 1.5L 제품 중 가장 저렴한 가격으로 판매되는 것은 무엇인가요?,자뎅 복숭아이아이스티,자뎅 까페리얼망고에이드,오뚜기 양조식초,진국사골곰탕,c
train_1601.jpg,train/train_1601.jpg,이 사진에서 보이는 미용실의 이름은 무엇인가요?,스텔라헤어,헤어스타,헤어샵,스타일헤어,a
train_1602.jpg,train/train_1602.jpg,"'통오징어짬뽕' 메뉴 설명에 따르면, 이 음식에 들어가는 해산물 중 몇 마리의 오징어가 들어가나요?",네 마리,세 마리,한 마리,두 마리,c
train_1603.jpg,train/train_1603.jpg,'여름 라이트' 카드에 적힌 설명 중 옳은 것은 무엇인가요?,물방울 같은 투명한 무드,어둡고 무거운 이미지,강렬하고 선명한 색감,따뜻하고 부드러운 느낌,a
train_1604.jpg,train/train_1604.jpg,이 묘비에 새겨진 인물의 이름은 무엇인가요?,VICTOR HUGO,CHARLES DICKENS,MARK TWAIN,JANE AUSTEN,a
train_1605.jpg,train/train_1605.jpg,이 건물의 이름은 무엇인가요?,수협은행,스타벅스,POSCO TOWER,SH BANK,c
train_1606.jpg,train/train_1606.jpg,사진 속 파란 벽에 붙어 있는 금속 상자에 적힌 글자는 무엇인가요?,비상벨함,시험발브함,소화기함,전기차단함,b
train_1607.jpg,train/train_1607.jpg,옷에 붙어 있는 패치에 적힌 글자는 무엇인가요?,DARE,ADER,DEAR,READ,b
train_1608.jpg,train/train_1608.jpg,이 가게 출입문에 붙어 있는 안내문에 따르면 어떤 음식의 반입이 금지되어 있나요?,만두,호떡,떡볶이,김밥,b
train_1611.jpg,train/train_1611.jpg,사진 속 간판에 적힌 전화번호는 무엇인가요?,042)826-6603,042)123-4567,010 1234-5678,010 6401-6815,a
train_1612.jpg,train/train_1612.jpg,노란색 간판에 적힌 글자는 무엇인가요?,전방 카메라 블랙박스,후방 카메라 블랙박스,후방 센서 블랙박스,전방 센서 블랙박스,b
train_1613.jpg,train/train_1613.jpg,"이곳에 세워진 안내판에 따르면, 어떤 행위가 금지되어 있나요?",야외 흡연,쓰레기 무단 투기,도시공원 및 녹지 무단으로 점유하는 행위,주차 금지,c
train_1614.jpg,train/train_1614.jpg,이미지 속 '그림 6-5'에 따르면 RNN 계층에서 시간 방향으로 전파되는 신호는 무엇입니까?,오차 역전파,순전파,가중치 업데이트,기울기 전파,d
train_1615.jpg,train/train_1615.jpg,이 운동기구의 이름은 무엇인가요?,앉아서 걷기,팔 굽혀 펴기,다리 들기,허리 돌리기,d
train_1616.jpg,train/train_1616.jpg,사진 속 표지판에 적힌 '경성대학교'의 영어 표기는 무엇인가요?,KYUNGSUNG UNIVERSITY,KYUNGSUNG COLLEGE,KYUNGSUNG UNIV.,KYUNGSUNG INST.,c
train_1617.jpg,train/train_1617.jpg,현수막에 적힌 문구 중 올바른 내용은 무엇인가요?,딸들이 벌써 이래 컸나... 보고싶었다!,친구들이 벌써 이래 컸나... 보고싶었다!,손주들이 벌써 이래 컸나... 보고싶었다!,아들들이 벌써 이래 컸나... 보고싶었다!,c
train_1618.jpg,train/train_1618.jpg,포스터에서 '꼬리가 길면 피해가 커진다'라는 문구가 의미하는 것은 무엇인가요?,출입문과 방화문을 반드시 닫아야 화재 피해를 줄일 수 있다,화재 시에는 출입문을 열고 대피해야 한다,불이 나면 유독가스를 퍼뜨려야 한다,화재 발생 시 문을 열어 환기를 시켜야 한다,a
train_1619.jpg,train/train_1619.jpg,이 사진의 마스크 제품 중 할인된 가격은 얼마인가요?,"1,500원","4,000원","3,000원","6,000원",a
train_1620.jpg,train/train_1620.jpg,이 영수증에 적힌 대기번호는 무엇인가요?,11,12,13,10,a
train_1621.jpg,train/train_1621.jpg,음료수를 2개 구매할 경우 제공되는 할인율은 얼마인가요?,20% 할인,15% 할인,5% 할인,10% 할인,d
train_1622.jpg,train/train_1622.jpg,이 작품의 제목은 무엇인가요?,도시화,마카롱,초콜릿,로쉐,d
train_1624.jpg,train/train_1624.jpg,이 가게에서 전문적으로 판매하는 음식은 무엇인가요?,된장찌개,비빔밥,순두부,김치찌개,c
train_1625.jpg,train/train_1625.jpg,사진 속 인형이 들고 있는 팻말에는 무슨 내용이 적혀 있나요?,환영합니다,오늘 휴무입니다,맛있는 음식을 팔아요,한국어 메뉴가 있어요,d
train_1626.jpg,train/train_1626.jpg,이 사진에서 '네비게이션'과 관련된 서비스는 어디로 가야 하나요?,왼쪽,오른쪽,뒤로,직진,b
train_1627.jpg,train/train_1627.jpg,이 건물에 적힌 가게 이름은 무엇인가요?,BURGER KING,FIVE GUYS,SUBWAY,MCDONALD'S,b
train_1628.jpg,train/train_1628.jpg,이 사진에 보이는 간판 중 '닥터클린의원'에서 제공하는 주요 서비스는 무엇인가요?,피부과 및 토익 강의,한의원 진료,영어 학원,일반의원 및 피부과,d
train_1630.jpg,train/train_1630.jpg,사진 속 노트의 표지에 적힌 문구 중 올바른 내용은 무엇인가요?,STANLEY 생활을 즐기는 하루,SSAFY 생활을 즐기는 하루,SSAFY 생활을 기록하는 하루,STANLEY 생활을 기록하는 하루,c
train_1631.jpg,train/train_1631.jpg,이 음식점에서 제공하는 메뉴 중에 없는 것은 무엇인가요?,불고기정식,소바정식,치즈카츠,비빔소바,a
train_1632.jpg,train/train_1632.jpg,사진 속 노란색 표지판에 적힌 문구는 무엇인가요?,불법주정차 무인단속중,주차금지 구역입니다,차량 통행 금지,어린이 보호 구역,a
train_1633.jpg,train/train_1633.jpg,이 엘리베이터 검사합격증명서에 적힌 '검사 종류'는 무엇인가요?,수시검사,정기검사,특별검사,임시검사,b
train_1634.jpg,train/train_1634.jpg,이 자동차의 번호판에 적힌 번호는 무엇인가요?,727로6687,727나6687,727러6687,727더6687,c
train_1635.jpg,train/train_1635.jpg,이 사진에 보이는 간판에 적힌 문구는 무엇인가요?,MUSIC IS LIFE.,LISTEN TO MUSIC.,"NO MUSIC, NO LIFE.",TOWER RECORDS FOREVER,c
train_1637.jpg,train/train_1637.jpg,이 건물에 있는 간판 중 커피를 판매하는 곳의 이름은 무엇인가요?,감자동물병원,EDUYA COFFEE,EDIYA COFFEE,EDIVA COFFEE,c
train_1638.jpg,train/train_1638.jpg,이 현수막에 적힌 문구는 무엇인가요?,반려동물과 함께 사는 행복한 부산,반려동물과 함께 사는 즐거운 서울,반려동물과 함께 사는 행복한 광주,반려동물과 함께 사는 즐거운 대구,c
train_1639.jpg,train/train_1639.jpg,이미지 속 과자 상자에 적힌 과자의 이름은 무엇인가요?,프링글스,칙촉,초코파이,오레오,d
train_1641.jpg,train/train_1641.jpg,이 포스터에서 아메리카노 할인 혜택이 최대 얼마라고 안내하고 있나요?,최대 3천원 혜택,최대 1천원 혜택,최대 5천원 혜택,최대 2천원 혜택,d
train_1642.jpg,train/train_1642.jpg,왼쪽 텀블러에 붙어 있는 라벨에 적혀 있는 닉네임은 무엇인가요?,일필,테헤란로점,커피마니아,쑥쑥이네,d
train_1644.jpg,train/train_1644.jpg,이 건물의 상호명은 무엇인가요?,롯데몰,신세계백화점,현대백화점,갤러리아,a
train_1645.jpg,train/train_1645.jpg,이 도로 표지판에 따르면 '영등포' 방향으로 가려면 어느 쪽으로 가야 하나요?,직진,오른쪽,뒤로 돌아가기,왼쪽,b
train_1646.jpg,train/train_1646.jpg,이 식당을 자주 찾는 사람은 누구인가요?,김철수님,임영웅님,박지민님,이수민님,b
train_1648.jpg,train/train_1648.jpg,비상시 열차 출입문을 열기 위해 손잡이를 내리면 어떤 일이 발생한다고 안내되어 있나요?,즉시 열차가 멈춥니다,비상정차로 열차가 지연됩니다,자동으로 문이 닫힙니다,경고음이 울립니다,b
train_1649.jpg,train/train_1649.jpg,이 표지판에서 '절대 주차금지'가 적용되는 대상은 무엇인가요?,외부 차량,내부 차량,오토바이,자전거,a
train_1653.jpg,train/train_1653.jpg,이미지에 적힌 문구는 무엇인가요?,사랑은 영원하다,우리 함께 하자,행복한 가정 만들기,결혼하길 잘했다,d
train_1654.jpg,train/train_1654.jpg,이 사진에서 보이는 음식점의 이름은 무엇인가요?,KFC,롯데리아,버거킹,맘스터치,b
train_1655.jpg,train/train_1655.jpg,"책 제목 '아들아, 시간을 낭비하기에는 인생이 너무 짧다'의 부제는 무엇인가요?","To my son, as you Begin","To my friend, as you Live","To my daughter, as you Grow","To my son, as you Dream",a
train_1656.jpg,train/train_1656.jpg,피자스쿨 성수점의 전화번호는 무엇인가요?,010-1234-5678,555-1234,466-3162,123-4567,c
train_1657.jpg,train/train_1657.jpg,이 안내문에 따르면 소득을 목적으로 한 시간이라도 일했을 때 반드시 해야 하는 것은 무엇인가요?,일용근로자 등록을 해야 한다,신고하지 않아도 된다,근로 형태를 변경해야 한다,소득 신고를 해야 한다,d
train_1658.jpg,train/train_1658.jpg,이 리무진 내부에 적힌 문구 중 'FIRST CLASS'와 함께 어떤 단어가 쓰여 있나요?,Limousine,Comfort,Travel,Luxury,a
train_1659.jpg,train/train_1659.jpg,'오지마 포차' 가게에 붙어 있는 안내문에 적혀 있는 문구는 무엇인가요?,오지마 포차 예약 필수,"어서 오세요, 오지마 포차입니다",와!네~ 오지마 포차!,오늘만 특별 할인,c
train_1660.jpg,train/train_1660.jpg,평일 양식당의 석식 운영시간은 언제인가요?,16:30~18:00,17:00~18:30,17:30~19:30,18:00~20:00,c
train_1661.jpg,train/train_1661.jpg,햇반 제품 포장에 표시된 1회 제공량(중량)은 얼마인가요?,200g,150g,270g,180g,d
train_1662.jpg,train/train_1662.jpg,이 이미지 속 텍스트에 적힌 나라는 어디인가요?,UNITED ARAB EMIRATES,SAUDI ARABIA,KUWAIT,QATAR,a
train_1663.jpg,train/train_1663.jpg,이 자판기에서 밀키스 제로 캔 음료의 가격은 얼마인가요?,1200원,1300원,1100원,1000원,c
train_1664.jpg,train/train_1664.jpg,사진 속 두 약국 중 전화번호가 561-0396인 약국의 이름은 무엇인가요?,그린온누리약국,마전메디칼약국,다인안과,굿모닝부동산,b
train_1665.jpg,train/train_1665.jpg,이 제품의 이름은 무엇인가요?,초코칩쿠키,허니버터아몬드,카라멜팝콘,바나나칩,b
train_1666.jpg,train/train_1666.jpg,이 사진에서 회색 문에 붙어 있는 안내문에 적힌 내용은 무엇인가요?,비상계단,관리사무소,출입금지,소화전,a
train_1667.jpg,train/train_1667.jpg,사진 속 식당의 전화번호는 무엇인가요?,262-6619,7008,465-1234,465-4200,d
train_1669.jpg,train/train_1669.jpg,이 사진에서 판매하는 음식의 이름은 무엇인가요?,오사카 오지상 치즈케이크,서울 크림빵,부산 바나나빵,도쿄 모찌케이크,a
train_1670.jpg,train/train_1670.jpg,이 쿠폰의 유효기간은 언제까지인가요?,2024.12.31,2025.01.01,2023.10.01,2025.05.09,d
train_1671.jpg,train/train_1671.jpg,이 이미지에 적힌 행사 이름은 무엇인가요?,BIND pop-up SALE,BIND pop-up FESTIVAL,BIND pop-up STORE,BIND pop-up MARKET,d
train_1672.jpg,train/train_1672.jpg,이 벽화에서 'HELLO!!'라는 말풍선은 어떤 색 배경 안에 적혀 있나요?,파란색,흰색,분홍색,노란색,b
train_1673.jpg,train/train_1673.jpg,이 책의 제목은 무엇인가요?,진짜 재미있는거,진짜 어려운거,진짜 좋은거,진짜 나쁜거,c
train_1674.jpg,train/train_1674.jpg,이 사진 속 간판에 적힌 문구는 무엇인가요?,SUMMER SWAG 2025,WINTER FEST 2024,SPRING BLOOM 2023,AUTUMN LEAF 2026,a
train_1675.jpg,train/train_1675.jpg,이 표지판에서 서울(Seoul)까지의 거리는 몇 마일로 표시되어 있나요?,5617 mi,7357 mi,6443 mi,5376 mi,a
train_1676.jpg,train/train_1676.jpg,이 세탁기에서 '표준세탁' 모드로 설정하려면 어떤 다이얼 위치를 선택해야 하나요?,스피드워시,컬러케어,표준세탁,아기 옷,c
train_1678.jpg,train/train_1678.jpg,사진 속 알람시계 PLUGGET의 가격은 얼마인가요?,"\19,900","\14,900","\9,900","\24,900",b
train_1679.jpg,train/train_1679.jpg,이 제품의 원재료 중 함유량이 가장 높은 것은 무엇인가요?,메타중아황산나트륨,설탕 4.9%,이산화황,망고 95%,d
train_1680.jpg,train/train_1680.jpg,사진 속 커피숍 메뉴판에 적힌 글자가 아닌 것은 무엇인가요?,WHITE,ESPRESSO,FILTER,BLACK,b
train_1681.jpg,train/train_1681.jpg,이 명함에서 'Sam House'가 제공하는 서비스는 무엇인가요?,컴퓨터 수리 서비스,여행 안내 서비스,음식 배달 서비스,금속 세공 서비스,d
train_1684.jpg,train/train_1684.jpg,이미지 속 음료 중 'fuze tea'의 가격은 얼마인가요?,€0.90,€2.00,€1.50,€1.80,c
train_1686.jpg,train/train_1686.jpg,벤치에 붙어 있는 안내문에 적힌 내용 중 맞는 것은 무엇인가요?,"쓰레기, 담배꽁초를 버리지 마세요",담배를 피워도 괜찮습니다,벤치에서 음식을 먹어도 됩니다,쓰레기는 아무 곳에나 버려도 됩니다,a
train_1687.jpg,train/train_1687.jpg,"""""RAYMOND"""" 가게 간판에 적힌 문구 중 올바른 것은 무엇인가요?",PREMIUM CRAFT BEER BURGER CHICKEN,PREMIUM CRAFT WINE PIZZA CHICKEN,PREMIUM CRAFT BEER PIZZA CHICKEN,FRESH CRAFT BEER PIZZA CHICKEN,c
train_1688.jpg,train/train_1688.jpg,이 이미지에 보이는 방송국의 주파수는 무엇인가요?,102.3Mhz,99.9Mhz,107.7Mhz,88.5Mhz,c
train_1689.jpg,train/train_1689.jpg,전시된 '황화물계 전고체 배터리'의 타깃 Application으로 알맞은 것은 무엇인가요?,고성능 EV,가정용 배터리,태양광 발전소,휴대폰 충전기,a
train_1690.jpg,train/train_1690.jpg,왼쪽 액자에 적힌 내용은 무엇인가요?,교보문고 추천도서,교보문고 플레이리스트북,교보문고 신간안내,교보문고 베스트셀러,b
train_1691.jpg,train/train_1691.jpg,이 표지판에서 안내하는 'Titanic'과 관련된 장소는 무엇인가요?,White Star Line,Titanic Memorial Garden,Colman's Cathedral,Cunard Line Office,b
train_1692.jpg,train/train_1692.jpg,다음 중 '다니엘 여자 숙소 (2F)'에 있는 팀 이름이 아닌 것은 무엇인가요?,김예림팀,이민규팀,김주은팀,김지성팀,c
train_1693.jpg,train/train_1693.jpg,이 책의 제목은 무엇인가요?,이십대의 도전,"서른다섯, 직업을 바꿨습니다","사십, 새로운 시작","오십, 인생의 전환점",b
train_1694.jpg,train/train_1694.jpg,이미지 속 스타벅스 영수증에서 제공하는 무료 와이파이 이용 시간은 얼마인가요?,무료 와이파이 없음,30분,1시간,2시간,b
train_1695.jpg,train/train_1695.jpg,이 건물에 입점해 있는 '아름다운 화이트 치과'의 야간 진료가 가능한 요일은 무엇인가요?,토요일과 일요일,공휴일만,평일 매일,월요일과 목요일,d
train_1696.jpg,train/train_1696.jpg,'모두의 창업 프로젝트' 포스터에 명시된 신청 마감일은 언제입니까?,2026.6.15 (금) 16시까지,2025.5.15 (금) 16시까지,2026.5.15 (금) 16시까지,2026.4.15 (금) 16시까지,c
train_1697.jpg,train/train_1697.jpg,사진 속 여권 모양의 이미지에 적힌 출생지는 어디인가요?,"Tokyo, Japan","Orlando, Florida","Burbank, California","Paris, France",c
train_1698.jpg,train/train_1698.jpg,회원권 1개월 가격은 얼마인가요?,"80,000","360,000","210,000","600,000",a
train_1699.jpg,train/train_1699.jpg,사진 속 간판에 적힌 은행 이름은 무엇인가요?,우리은행,하나은행,국민은행,신한은행,b
train_1700.jpg,train/train_1700.jpg,이 표지판에서 '열린마당'에 대해 설명하는 문구는 무엇인가요?,열린마당은 24시간 개방되어 있습니다.,열린마당은 예약제로 운영됩니다.,열린마당은 관리자만 출입할 수 있습니다.,이곳은 모두가 이용 가능한 열린마당입니다.,d
train_1702.jpg,train/train_1702.jpg,사진 속 간판 중에서 '매운탕'을 판매하는 음식점 이름은 무엇인가요?,한돌소곱창,가우디 미술학원,연세본학원,하남 추어 매운탕,d
train_1703.jpg,train/train_1703.jpg,이 방 벽면에 붙어 있는 풍선 글자는 무엇이라고 적혀 있나요?,HAPPY BIRTHDAY,MERRY CHRISTMAS,HAPPY NEW YEAR,CONGRATULATIONS,a
train_1704.jpg,train/train_1704.jpg,이 식당의 이름은 무엇인가요?,복돈이네 삼겹살,자연의 손길과 엄마의 사랑이 만든 깊은 맛,한돈 숙성돼지 한상,카사필리체,a
train_1705.jpg,train/train_1705.jpg,이 식당 간판에 적힌 대표 메뉴는 무엇인가요?,불고기,김치찌개,된장찌개,돼지찌개,d
train_1706.jpg,train/train_1706.jpg,왼쪽에 놓여 있는 책자의 제목은 무엇인가요?,SSAFY AI 대전환 시대,SSAFY 프로그래밍 가이드,SSAFY 주니어 인재 이야기,SSAFY 취업 성공 후기집,d
train_1707.jpg,train/train_1707.jpg,이 건물에 적혀 있는 서비스 내용 중에 포함되지 않은 것은 무엇인가요?,네비게이션,타이어 교체,유리막코팅,후방카메라,b
train_1708.jpg,train/train_1708.jpg,사진 속 딸기 포장지에 적힌 원산지는 어디인가요?,미국산,중국산,수입산,국내산,d
train_1709.jpg,train/train_1709.jpg,이 건물의 간판에 적힌 명칭은 무엇인가요?,New York Art Center,Tokyo Art Gallery,Seoul National Museum,Honolulu Museum of Art,d
train_1711.jpg,train/train_1711.jpg,사진 속 '액티플루 노즈' 제품에 해당하지 않는 증상은 무엇인가요?,알레르기성 비염,코감기·코막힘,두통,콧물·재채기,c
train_1714.jpg,train/train_1714.jpg,자외선 소독고 사용 시 주의사항으로 옳지 않은 것은 무엇인가요?,"칼, 도마 등 용도별(색상별) 구분 보관 철저",보관된 용품은 건조될 때까지 겹치지 않게 보관,소독 완료된 식기류는 바로 사용한다,60℃로 설정하고 건조 완료 후 온도 OFF 가능,c
train_1715.jpg,train/train_1715.jpg,사진 속 대형 전광판 가운데에 있는 광고 속 주인공이 달리고 있는 브랜드는 무엇인가요?,Glico,CHINTAI,LOTTE,Promise,a
train_1716.jpg,train/train_1716.jpg,이 사진 속 가게의 이름은 무엇인가요?,대나무밥 대나무 삼계탕,임실 엔 치즈피자,치즈포장마차,구미 안동점 루미공식인증업체,b
train_1717.jpg,train/train_1717.jpg,사진 속 '청정원 Aglio olio' 파스타 소스의 가격은 얼마인가요?,"8,300원","10,500원","6,950원","12,000원",b
train_1718.jpg,train/train_1718.jpg,이 카페 메뉴판에서 'MOJITO & ADE' 음료 종류 중 하나가 아닌 것은 무엇인가요?,블루레몬에이드,자몽모히또,청포도모히또,초코모히또,d
train_1720.jpg,train/train_1720.jpg,프로젝터 화면에 표시된 노래 제목은 무엇인가요?,Night Walk,Evening Run,Day Run,Morning Walk,a
train_1721.jpg,train/train_1721.jpg,우리은행 ATM 부스에 적혀 있는 영업시간은 언제부터 언제까지인가요?,07:00~23:30,06:00~22:00,08:00~20:00,09:00~18:00,a
train_1722.jpg,train/train_1722.jpg,이 가게가 폐업하는 이유로 적혀 있는 내용은 무엇인가요?,직원 부족으로 인해,고객의 불만이 많아서,임대료가 너무 비싸서,절도와 키오스크 고장 등 영업 방해가 많아서,d
train_1723.jpg,train/train_1723.jpg,이 건물 3층에 위치한 곳에서 제공하는 서비스는 무엇인가요?,돼지찌개 전문점,커피 전문점,"1:1 PT, 그룹 PT, 다이어트, 체형교정, 근력향상",노래주점 및 바,c
train_1724.jpg,train/train_1724.jpg,파란색 통에 적힌 글씨 중 올바른 문구는 무엇인가요?,음식물 쓰레기,폐식용유,재활용품,일반 쓰레기,b
train_1725.jpg,train/train_1725.jpg,사진 속 미용실 간판에 적힌 전화번호는 무엇인가요?,477-6085,010-1234-5678,825-7019,123-4567,a
train_1726.jpg,train/train_1726.jpg,대형세탁기 코스 중에서 '살균세탁'의 가격은 얼마인가요?,"7,500원","4,500원","5,500원","6,500원",c
train_1728.jpg,train/train_1728.jpg,이 식당 간판에 적힌 전문 요리는 무엇인가요?,이탈리안 요리,전통한식,일본 요리,퓨전중화요리,d
train_1729.jpg,train/train_1729.jpg,이 건물의 주소는 무엇인가요?,테헤란로 172,테헤란로 271,테헤란로 127,테헤란로 217,d
train_1731.jpg,train/train_1731.jpg,이 사진에 보이는 간판의 한자 이름은 무엇인가요?,密林??,密會館,密碼學校,秘密書店,b
train_1732.jpg,train/train_1732.jpg,이 냉장고에 적힌 더치원액 1병의 가격은 얼마인가요?,"\23,900","\25,000","\19,800","\21,500",a
train_1733.jpg,train/train_1733.jpg,사진 속 수학 학원에서 문의할 수 있는 전화번호는 무엇인가요?,430-7290,233-1237,233-3373,225-4928,b
train_1735.jpg,train/train_1735.jpg,이 건물에 있는 공인중개사 사무소의 이름은 무엇인가요?,차백도,베트남 쌀국수,뉴 스타공인중개사,플랜두씨,c
train_1736.jpg,train/train_1736.jpg,이 자동차 번호판에 적힌 번호는 무엇인가요?,101소4036,101소4034,101소4033,101소4035,d
train_1737.jpg,train/train_1737.jpg,7월 14일 화요일 도시락 메뉴에 포함된 국 종류는 무엇입니까?,백미밥,미트볼조림,매운어묵국,포기김치,c
train_1738.jpg,train/train_1738.jpg,볶음밥을 먹기 전에 어떤 도구를 사용해 달라는 요청이 적힌 문구는 무엇인가요?,젓가락으로 먹어 주세요,포크를 사용해 주세요,숟가락으로 드세요,집게로 들고 가위 사용 부탁드립니다,d
train_1739.jpg,train/train_1739.jpg,'삼성청년SW·AI아카데미'에서 제시한 10가지 성공 수칙 중 '기본 에티켓을 충실히 지킨다'에 해당하는 행동은 무엇인가요?,과정 수료 후 본인의 모습을 그려보고 목표에 집중한다.,자신이 부족하거나 열정이 식지 않도록 꾸준히 노력한다.,"시간약속, 바른 언행, 정리정돈 등 에티켓을 준수한다.","매일 고생하고 학습하며, 대화를 잘하고 기록한다.",c
train_1740.jpg,train/train_1740.jpg,이 기차역 표지판에 적힌 역 이름은 무엇인가요?,新竹 Hsinchu,新竹市 東區,北新竹 North Hsinchu,三姓橋 Sanxingqiao,a
train_1741.jpg,train/train_1741.jpg,사진 속에 보이는 브랜드 이름은 무엇인가요?,HARRY WILSON,HARRY WINSTON,HARRIS WINTON,HARVEY WINSLOW,b
train_1742.jpg,train/train_1742.jpg,이 사진 속 상점의 이름은 무엇인가요?,스타벅스,이디야,빽다방,커피빈,a
train_1743.jpg,train/train_1743.jpg,이미지에 있는 '경고' 표지 옆에 적힌 문구는 무엇인가요?,안전모착용,출입금지,고장주의,고압전기경고,d
train_1744.jpg,train/train_1744.jpg,시그니처 튀김요리 세트에 포함된 메뉴가 아닌 것은 무엇인가요?,군만두,김치찌개,탕수육,깐풍기,b
train_1745.jpg,train/train_1745.jpg,화면에 보이는 피자의 가격 중에서 '고르곤졸라' 피자의 가격은 얼마인가요?,"\24,000","\19,400","\22,900","\18,500",b
train_1746.jpg,train/train_1746.jpg,사진 속 안내문에서 8월 일정과 관련하여 '실습 강의'는 어떤 특징을 가지고 있나요?,시험 준비를 위한 특별 강의이다,실습 중심으로 적용하고 익히는 시간이다,자율 학습 시간을 의미한다,이론 중심으로 개념을 익히는 시간이다,b
train_1748.jpg,train/train_1748.jpg,이 표지판에서 경고하는 내용은 무엇인가요?,손 조심,계단 미끄럼 주의,낙상 금지,화재 경고,b
train_1749.jpg,train/train_1749.jpg,"이 식당에서 소주, 맥주, 막걸리 1병의 가격은 얼마인가요?","6,000원","5,000원","2,000원","3,000원",d
train_1750.jpg,train/train_1750.jpg,이미지 속 프로틴 음료에 적힌 단백질 함량은 얼마인가요?,20g,10g,25g,15g,a
train_1752.jpg,train/train_1752.jpg,사진 속 네온사인에 적힌 글자는 무엇인가요?,JuJu,Ji Ju,Jiu Jiu,Jiu Ju,c
train_1753.jpg,train/train_1753.jpg,사진 속 광고판에 적힌 '일선정품'은 무엇과 관련된 상품을 의미하나요?,구미시 농특산물,전라북도 수산물,부산 해산물,서울시 특산품,a
train_1754.jpg,train/train_1754.jpg,이 전광판에 따르면 현재 지하철이 도착한 역은 어디인가요?,문래역,대림역,신도림역,구로디지털단지역,c
train_1755.jpg,train/train_1755.jpg,이미지에 적힌 안내문 중에서 '교육생 수기 장부'에 관한 설명으로 옳은 것은 무엇인가요?,혼선이 있어도 상관없다,작성할 수 있다,작성 불가하다,자유롭게 수정할 수 있다,c
train_1756.jpg,train/train_1756.jpg,이 제품의 1회 섭취량은 얼마인가요?,1포(20g),1회(50g),1회(100g),1포(40g),d
train_1757.jpg,train/train_1757.jpg,예감 감자칩의 한 봉지 무게는 얼마인가요?,64g,100g,204g,50g,a
train_1758.jpg,train/train_1758.jpg,사진 속 병에 적혀 있는 용액의 이름은 무엇인가요?,Nitric Acid,Hydrochloric Acid,Acetic Acid,Sulfuric Acid,b
train_1759.jpg,train/train_1759.jpg,이 서점의 이름은 무엇인가요?,영풍문고,교보문고,반디앤루니스,YES24,b
train_1760.jpg,train/train_1760.jpg,아래 도로에 노란색 글씨로 적힌 문구는 무엇인가요?,소방차 지선 응용,소방차 전용 구역,소방차 전용,소방차 진입 금지,c
train_1761.jpg,train/train_1761.jpg,사진 속 가게에서 직장인을 대상으로 제공하는 할인율은 얼마인가요?,15% 할인,20% 할인,10% 할인,25% 할인,b
train_1762.jpg,train/train_1762.jpg,사진 속 음식점에서 판매하는 '한우소고기 국밥'의 가격은 얼마인가요?,"7,000원","9,000원","10,000원","8,000원",b
train_1763.jpg,train/train_1763.jpg,㈜공간의파티에서 소개하는 기술의 주된 목적은 무엇인가요?,스마트폰 애플리케이션 개발,고객 맞춤형 웹사이트 제작,친환경 에너지 솔루션 제공,산업 현장의 효율적이고 가성비 있는 디지털 전환·AI 전환,d
train_1764.jpg,train/train_1764.jpg,이 건물에 입주해 있는 치과의원 이름은 무엇인가요?,삼성세탁,소아청소년과,래미안 인테리어,성원치과의원,d
train_1765.jpg,train/train_1765.jpg,이 사진 속 간판에서 'BYRONIC' 스튜디오에서 당신을 무엇한다고 적혀 있나요?,환영합니다,초대합니다,촬영합니다,캐스팅합니다,d
train_1766.jpg,train/train_1766.jpg,셀프빨래방에서 세탁기와 건조기의 요금은 각각 얼마인가요?,"세탁기 4,500원, 건조기 5,500원","세탁기 5,000원, 건조기 6,000원","세탁기 4,000원, 건조기 5,000원","세탁기 3,000원, 건조기 4,000원",c
train_1767.jpg,train/train_1767.jpg,이 '8 seconds' 롯데마트 광주수완점 오프닝 이벤트에서 'LUCKY BOX EVENT'의 가격은 얼마인가요?,단 1만원,단 10만원,단 3만원,단 5천원,a
train_1768.jpg,train/train_1768.jpg,건물에 크게 적혀 있는 '보드게임카페'의 영어 이름은 무엇인가요?,Green Button,Red Button,Blue Button,Yellow Button,b
train_1769.jpg,train/train_1769.jpg,이 간판에 적힌 상호명은 무엇인가요?,한강 미술관,서울 골동품,등대 갤러리,신촌 앤틱샵,c
train_1770.jpg,train/train_1770.jpg,오른쪽 사람의 흰색 티셔츠에 적힌 브랜드 이름은 무엇인가요?,patagonia,SPORTING CLUB CB,C.B MASTERS,Stand Dives,a
train_1771.jpg,train/train_1771.jpg,이 가게 간판에 적힌 가게 이름은 무엇인가요?,YUPPDUK,케이타워,BAS BURGER,CRAFTED BURGER,c
train_1772.jpg,train/train_1772.jpg,사진 속 책 제목 중 'ALGORITHMS' 책의 판(Edition)은 무엇인가요?,Fourth Edition,Third Edition,First Edition,Second Edition,b
train_1773.jpg,train/train_1773.jpg,이 표지판에서 자전거와 킥보드 이용자에게 어떤 행동을 요구하고 있나요?,자전거와 킥보드를 내려서 끌고 걸어가세요,자전거와 킥보드를 수리하세요,자전거와 킥보드를 타고 지나가세요,자전거와 킥보드를 주차하세요,a
train_1774.jpg,train/train_1774.jpg,'양산 스타 약국'의 간판 아래에 있는 큰 노란색 안내문에 적힌 영업 시간은 어떻게 되나요?,24시간 영업,주말 휴무,365일 밤 10시까지,월~금 오전 9시부터 오후 6시까지,c
train_1775.jpg,train/train_1775.jpg,이 차량 광고에 적힌 전화번호는 무엇인가요?,02-5895-8389,010-5895-8389,010-1234-5678,031-5895-8389,b
train_1776.jpg,train/train_1776.jpg,이 사진에 있는 안내문은 무엇에 대해 주의하라고 말하고 있나요?,고압 전기 위험,화재 발생 시 대피 요령,불 조심,눈 비올 때 미끄럼 주의,d
train_1777.jpg,train/train_1777.jpg,다음 중 이미지 속 포스트잇에 적힌 내용으로 올바른 것은 무엇인가요?,규동 ♥♥,우리 아빠 은환은 이 포즈 맞는 바보야~,정은 적인 윰녀!! 2023. 12. 29 하더쿠우어~~,"이재훈, 방상우 외과장",a
train_1778.jpg,train/train_1778.jpg,이 건물에 있는 치과 이름은 무엇인가요?,수학학원,대구안과,애플치과,홍익약국,c
train_1780.jpg,train/train_1780.jpg,드림팩토리짐 광고에서 '쉽고 빠른 다이어트 주사'에 대한 설명으로 올바른 것은?,주사는 운동 없이 체중을 줄여줍니다.,주사는 평생 건강을 보장합니다.,주사는 근육량 증가에 효과적입니다.,"주사는 체중계 속임 뿐, 진짜 몸을 바꾸지 못합니다.",d
train_1781.jpg,train/train_1781.jpg,이 과자의 내용량은 얼마인가요?,50 g,37 g,100 g,25 g,b
train_1782.jpg,train/train_1782.jpg,이 과자의 유통기한은 언제인가요?,2027.01.15 까지,2025.12.31 까지,2026.06.30 까지,2024.10.10 까지,a
train_1783.jpg,train/train_1783.jpg,이 사진에서 신호등이 어떤 색으로 켜져 있나요?,파란색,노란색,빨간색,초록색,c
train_1786.jpg,train/train_1786.jpg,노란색 안내문에 나오는 캐릭터 '미피'의 탄생 년도는 무엇인가요?,1985년,1955년,1965년,1975년,b
train_1787.jpg,train/train_1787.jpg,'서울온한의원' 간판에 적혀 있지 않은 진료 항목은 무엇인가요?,야간진료,다이어트,피부과 진료,추나통증,c
train_1788.jpg,train/train_1788.jpg,이미지에 보이는 상자에 적힌 문구 중 'SSAFY 16기'가 축하하는 것은 무엇인가요?,입학을 축하합니다,합격을 축하합니다,수료를 축하합니다,졸업을 축하합니다,a
train_1789.jpg,train/train_1789.jpg,이 사진 속 큰 글자 조형물에 적힌 단어는 무엇인가요?,OSAKA,TOYA,SAPPORO,TOKYO,b
train_1790.jpg,train/train_1790.jpg,이 약국의 이름은 무엇인가요?,수온누리약국,Rejuvenex,센스데이정,역삼문구,a
train_1793.jpg,train/train_1793.jpg,이 영화 포스터에 적힌 개봉일은 언제인가요?,12월 3일,11월 30일,12월 25일,1월 1일,a
train_1794.jpg,train/train_1794.jpg,사진 속 부동산 간판에 적힌 전화번호는 무엇인가요?,02-1234-5678,010-6263-7744,010-9876-5432,501-0008,d
train_1795.jpg,train/train_1795.jpg,자서전 쓰기 수행평가의 대상은 누구인가요?,전국 직장인,전국 게임마이스터고등학교에 재학중인 고2 청소년 남녀,전국 대학생,전국 초등학교 3학년 학생들,b
train_1796.jpg,train/train_1796.jpg,노란색 간판에 적힌 병원 이름은 무엇인가요?,구세산부인과의원,그랜드BS안과의원,서울성형외과,부산치과,b
train_1799.jpg,train/train_1799.jpg,이 건물 1층에 있는 미용실의 이름은 무엇인가요?,유암게 커피숍,아이러브헤어,메이아이헤어,뷰티헤어살롱,c
train_1801.jpg,train/train_1801.jpg,Mountain View Inn의 와이파이 비밀번호는 무엇인가요?,mtnview18,mountainview,mtview18,mountain18,a
train_1803.jpg,train/train_1803.jpg,W coffee에서 바닐라 라떼의 가격은 얼마인가요?,4.0,4.3,5.5,3.5,b
train_1804.jpg,train/train_1804.jpg,'오늘 하루가' 식당의 영업 시작 시간은 언제인가요?,오전 7시,오전 10시,오후 10시,오후 7시,b
train_1805.jpg,train/train_1805.jpg,사진 속 간판에서 제공하는 학원 과목 중에 없는 것은 무엇인가요?,영어,수학,국어,음악,d
train_1806.jpg,train/train_1806.jpg,물마신 종이컵은 어디에 버려야 하나요?,쓰레기통(Dust Box),음료 버리는 곳,정수기 옆,바닥에,a
train_1807.jpg,train/train_1807.jpg,다음 중 '검은 콩' 두유 음료에 포함된 견과류가 아닌 것은 무엇인가요?,호두,캐슈넛,잣,아몬드,b
train_1809.jpg,train/train_1809.jpg,'딸기쿠키프라페'의 가격은 얼마인가요?,"\4,900","\3,900","\2,900","\5,900",b
train_1810.jpg,train/train_1810.jpg,진열대 상단에 있는 '자동차 유막 제거제'의 가격은 얼마인가요?,"\2,000","\5,000","\3,000","\1,000",b
train_1811.jpg,train/train_1811.jpg,이 휴게소 건물에 있는 편의점 간판에 적힌 한글은 무엇입니까?,휴게소,편의점,식당가,행사,b
train_1812.jpg,train/train_1812.jpg,이 종이 포장지에 적힌 문구 중 올바른 내용은 무엇인가요?,一度食べたらやみつき♪,한 번 먹으면 멈출 수 없어요♪,맛있어서 자꾸 생각나요♪,먹으면 행복해져요♪,a
train_1813.jpg,train/train_1813.jpg,이 사진 속 파티용품 중에서 숫자 5가 두 개 달린 파티 캔들 가격은 얼마인가요?,"\2,000","\3,000",\500,"\1,000",c
train_1815.jpg,train/train_1815.jpg,녹색 책 표지에 적힌 도널드 노먼이 설명하는 책의 주제는 무엇인가요?,생물학 기초,한국 현대사,디자인의 심리학,컴퓨터 프로그래밍,c
train_1816.jpg,train/train_1816.jpg,이 건물 입구 위에 적힌 영어 문구는 무엇인가요?,HERE AND DO,WELCOME TO DO,DO IT HERE,HERE IS DO,d
train_1817.jpg,train/train_1817.jpg,이 식당의 전문 메뉴는 무엇인가요?,된장찌개 전문,불고기 전문,민물 매운탕 전문,해물 찜 전문,c
train_1818.jpg,train/train_1818.jpg,이 복권 티켓에서 '남아공' 팀이 어떤 결과를 예상했나요?,승리,무승부,패배,경기 취소,a
train_1819.jpg,train/train_1819.jpg,카페 '펠릭스 커피'의 오늘 메뉴 중 가격이 가장 비싼 것은 무엇인가요?,카푸치노,수제 쿠키,아메리카노,라떼,d
train_1820.jpg,train/train_1820.jpg,이 악보에 수록된 곡의 제목은 무엇인가요?,우주를 줄게,붉은 행성,추억의 노래,별빛 아래서,a
train_1821.jpg,train/train_1821.jpg,사진에 보이는 시장의 이름은 무엇인가요?,경기동전당포,통인시장,부암동시장,한전기,b
train_1822.jpg,train/train_1822.jpg,서준호 씨의 오늘 식사 메뉴 중에서 '왕돈까스'는 어떤 번호에 해당하나요?,D. 왕돈까스,B. 문어해물짬뽕밥,A. 산라면 + 도시락,C. 왕갈비탕,a
train_1823.jpg,train/train_1823.jpg,이 자판기에서 아이스 캐모마일을 주문할 때 기본 선택된 포장 방법은 무엇인가요?,캐리어(봉투)에만 담아주세요,캐리어(봉투) 불필요,캐리어(봉투)+음료랩핑,음료랩핑만 해주세요,b
train_1824.jpg,train/train_1824.jpg,이 주차장에서 제한 속도는 얼마인가요?,20km/h,30km/h,50km/h,40km/h,a
train_1825.jpg,train/train_1825.jpg,이 종합안내판에서 '범례'에 해당하지 않는 것은 무엇인가요?,자전거보관대,화장실,음수전,체육시설,b
train_1826.jpg,train/train_1826.jpg,이 사진에서 빨간 버튼 위에 적힌 글씨는 무엇인가요?,비상정지버튼,지구멸망버튼,긴급출동버튼,경고버튼,b
train_1827.jpg,train/train_1827.jpg,"이 비상벨에 대한 안내문에 따르면, 언제 비상벨을 눌러야 하나요?",버스 도착 관련 문의 시 눌러야 한다.,아무 때나 눌러도 된다.,비상시에만 눌러야 한다.,버스 출발 관련 문의 시 눌러야 한다.,c
train_1828.jpg,train/train_1828.jpg,이미지 속 뉴욕(New York) 번호판에 적힌 번호는 무엇인가요?,CCC 20K,550-EDP,695-VPG,S64 4078,b
train_1829.jpg,train/train_1829.jpg,이 상자에 들어있는 장갑의 크기는 무엇인가요?,Medium,Large,Extra Small,Small,d
train_1830.jpg,train/train_1830.jpg,이미지에 보이는 '일미닭갈비·파전' 식당은 건물 몇 층에 있나요?,2층,1층,4층,3층,a
train_1831.jpg,train/train_1831.jpg,이 사진에 보이는 간판 중 24시간 영업하는 음식점은 어떤 음식을 전문으로 하나요?,피자와 파스타,"순대, 수육, 국밥",치킨과 맥주,한식 뷔페,b
train_1833.jpg,train/train_1833.jpg,이 전시회의 제목은 무엇인가요?,THE GREAT PASSION VAN GOGH,THE GREAT ART VAN GOGH,THE PASSIONATE ARTIST VAN GOGH,THE GRAND EXHIBITION VAN GOGH,a
train_1834.jpg,train/train_1834.jpg,"사진전 굿즈 구매 제한은 1인당 몇 종류, 몇 개까지인가요?",3종류 3개,1종류 1개,2종류 5개,1종류 3개,d
train_1835.jpg,train/train_1835.jpg,이 세탁소에서 세탁과 건조를 하는 데 걸리는 시간은 얼마인가요?,1시간,3시간,2시간,30분,a
train_1836.jpg,train/train_1836.jpg,16기 1학기 8월 중식시간 안내에 따르면 5층의 중식시간은 언제인가요?,12:00 ~ 13:00,12:45 ~ 13:45,12:30 ~ 13:30,12:15 ~ 13:15,d
train_1837.jpg,train/train_1837.jpg,비상용 엘리베이터를 사용하지 말고 대신 이용하라고 안내된 것은 무엇인가요?,에스컬레이터,승강기,피난 계단,별도의 출입구,c
train_1838.jpg,train/train_1838.jpg,냉온 정수기 위에 놓여 있는 물컵의 브랜드 이름은 무엇인가요?,웰스,석수,삼다수,아이시스,b
train_1839.jpg,train/train_1839.jpg,이 제품의 소재는 무엇인가요?,폴리카보네이트,폴리프로필렌,폴리에틸렌,폴리스티렌,b
train_1840.jpg,train/train_1840.jpg,이 사진 속 표지판에 따르면 '비상송수관 앞'에 무엇이 금지되어 있나요?,쓰레기 투기 금지,흡연금지,주차금지,출입금지,c
train_1841.jpg,train/train_1841.jpg,사진 속 노란색 카카오톡 안내문에서 제공하는 혜택이 아닌 것은 무엇인가요?,케이스 교체,필름 교체,충전기,핸드폰 보험,d
train_1842.jpg,train/train_1842.jpg,이 건물의 간판에 적힌 회사 이름은 무엇인가요?,(주)금속코넥팅,(주)금속커넥팅,(주)금수코넥팅,(주)금수커넥팅,d
train_1843.jpg,train/train_1843.jpg,이 이미지에서 '하늘 극장'의 영어 표기는 무엇인가요?,THE SKY CINEMA,THE SKY THEATER,SKY THEATRE,THEATER SKY,b
train_1844.jpg,train/train_1844.jpg,이 문이 위치한 곳은 어디인가요?,7층 공조기계실,3층 전기실,5층 회의실,1층 사무실,a
train_1845.jpg,train/train_1845.jpg,이 매장 이름은 무엇인가요?,핑구스토어,무모한상점,펫샵,펭귄월드,b
train_1846.jpg,train/train_1846.jpg,이 뮤지컬 티켓에 적힌 가격은 얼마인가요?,"45,000원","30,000원","60,000원","15,000원",d
train_1847.jpg,train/train_1847.jpg,사진 속 'MADE MUSE' 제품 박스에 적힌 내용은 무엇인가요?,LEAST hair perfume,MOST hair perfume,BEST hair cream,FIRST hair oil,b
train_1848.jpg,train/train_1848.jpg,이 번호표는 어떤 업무를 보기 위한 것인가요?,여권 신청,운전면허 적성검사 및 재발급,주민등록증 발급,자동차 등록,b
train_1850.jpg,train/train_1850.jpg,이미지 속 음료수 병에 적힌 유통기한은 언제인가요?,2022. 12. 31,2023. 03. 15,2023. 04. 08,2024. 05. 01,c
train_1851.jpg,train/train_1851.jpg,이 장난감 세트의 이름은 무엇인가요?,MAGNETIC RAILWAY,MAGNETIC TRACK,MAGNETIC MONORAIL,MAGNETIC TRAIN SET,c
train_1853.jpg,train/train_1853.jpg,이미지 속에 보이는 두 개의 가게 이름은 무엇인가요?,"베스킨라빈스, 도넛킹","커피빈, 던킨커피","baskin BR robbins, DUNKIN' DONUTS","빙수천국, 도넛하우스",c
train_1854.jpg,train/train_1854.jpg,이 제품의 이름은 무엇인가요?,매운국수,옛날국수,새콤달콤국수,비빔국수,b
train_1855.jpg,train/train_1855.jpg,사진 속 왼쪽 과자의 이름은 무엇인가요?,망고 칩스,바나나 칩스,코코넛 칩스,감자 칩스,c
train_1856.jpg,train/train_1856.jpg,이 캔 음료의 브랜드명은 무엇인가요?,zero sugar,cola,brrr,감미료 함유,c
train_1857.jpg,train/train_1857.jpg,이 가게의 이름은 무엇인가요?,한짬뽕면,오븐,자연치가살리,떡볶이로 함께,a
train_1858.jpg,train/train_1858.jpg,두 표의 공연 날짜는 언제인가요?,2026년 07월 05일,2026년 06월 25일,2026년 07월 10일,2026년 06월 30일,a
train_1859.jpg,train/train_1859.jpg,샘터동물병원 간판에 적힌 전화번호는 무엇인가요?,573-9988,123-4567,555-1212,987-6543,a
train_1860.jpg,train/train_1860.jpg,"메가MGC커피 메뉴에서 영양성분, 카페인, 알레르기 정보 확인을 위해 무엇을 스캔하라고 안내하고 있나요?",QR코드,메뉴판,바코드,전화번호,a
train_1861.jpg,train/train_1861.jpg,포스터에 안내된 창의나눔튜터링 신청 마감일은 언제인가요?,4월 1일,3월 30일 12:00까지,3월 17일,3월 27일 15:00까지,d
train_1862.jpg,train/train_1862.jpg,이 거리에서 볼 수 있는 음식점 상호명으로 옳은 것은 무엇인가요?,광장시장,서울김치찌개,명동설렁탕,부산횟집,c
train_1863.jpg,train/train_1863.jpg,이 표지판에 적힌 '열린 마당'은 어떤 곳임을 알 수 있나요?,이곳은 모두가 이용 가능한 열린 마당입니다.,이곳은 출입 금지 구역입니다.,이곳은 주차장입니다.,이곳은 사유지입니다.,a
train_1865.jpg,train/train_1865.jpg,이 사진 속에서 '트러플 바질 페스토'의 가격은 얼마인가요?,"34,400원","42,400원","39,900원","31,200원",a
train_1866.jpg,train/train_1866.jpg,이 글에서 등(背)을 보여주는 것은 무엇이라고 설명하고 있나요?,지는 것이 아니다,과거의 잘못이다,숨겨야 할 일이다,부끄러운 일이다,a
train_1867.jpg,train/train_1867.jpg,다음 중 '음료/국물 버리는 곳'에 해당하는 표지판의 색상은 무엇인가요?,녹색,빨간색,노란색,파란색,a
train_1868.jpg,train/train_1868.jpg,이 가게의 영업 시작 시간은 언제인가요?,오전 10시,오전 11시,정오 12시,오전 9시,b
train_1869.jpg,train/train_1869.jpg,이 파란색 간판에 적힌 글자는 무엇인가요?,내과,정형외과,치과,소아과,c
train_1870.jpg,train/train_1870.jpg,엠지씨 텀블러의 가격은 얼마인가요?,"\30,000","\15,000","\19,800","\25,000",c
train_1871.jpg,train/train_1871.jpg,이 제어기 함을 함부로 열거나 기계를 만지는 사람은 어떤 법에 의해 처벌받게 됩니까?,형법 제 15조,전자통신법 제 5조,산업안전보건법 제 12조,도로 교통법 제 68조,d
train_1872.jpg,train/train_1872.jpg,이미지 속 떡도리탕 강남본점의 웨이팅 현황에서 2~4인 팀과 6인석 팀의 대기 인원은 각각 몇 팀인가요?,"2~4인 팀 0팀, 6인석 팀 8팀","2~4인 팀 4팀, 6인석 팀 4팀","2~4인 팀 5팀, 6인석 팀 3팀","2~4인 팀 8팀, 6인석 팀 0팀",d
train_1873.jpg,train/train_1873.jpg,이 건물에 있는 '너의하루 사진관'은 몇 층에 위치해 있나요?,1층,2층,3층,4층,d
train_1874.jpg,train/train_1874.jpg,"'CONVERSATION PLATES' 카드에 따르면, 다음 중 'HAY579'가 의미하는 것은 무엇인가요?",How are you?,Doing pretty good,Hold a conversation,License plates,a
train_1875.jpg,train/train_1875.jpg,이 사진에 보이는 두 개의 간판 중 오른쪽 간판에 적힌 가게 이름은 무엇인가요?,해변포차,성덕횟집,성덕회포차,해변치킨,c
train_1876.jpg,train/train_1876.jpg,이 엘리베이터의 최대 정원은 몇 명인가요?,10인승,25인승,20인승,15인승,d
train_1877.jpg,train/train_1877.jpg,이 지하철역 플랫폼에서 다음 역으로 향하는 방향은 어디인가요?,동작 방면,삼각지역 방면,신용산 방면,서울역 방면,c
train_1879.jpg,train/train_1879.jpg,포장지에 적힌 것 중 '쿠로미 네모블럭' 제품에 들어있는 조각 개수는 몇 개인가요?,491 pcs,600 pcs,800 pcs,575 pcs,a
train_1880.jpg,train/train_1880.jpg,이 건물 3층에 있는 학원 이름은 무엇인가요?,빌리언EM어학원,킹 당구클럽,리틀킹학원,기탄 사고력교실,c
train_1881.jpg,train/train_1881.jpg,이 사진 속 750mL 생막걸리 한 병의 가격은 얼마인가요?,"1,200원","1,500원","1,690원","2,000원",c
train_1882.jpg,train/train_1882.jpg,이곳에서 제공하는 와이파이의 ID는 무엇인가요?,KT-Internet-9X7Y,KT-GiGA-4G-7C8D,KT-GiGA-5G-8D9B,KT-WiFi-1234,c
train_1883.jpg,train/train_1883.jpg,사진 속 도로 표지판에 안내된 '테헤란로'의 길 번호 중 가장 작은 숫자는 무엇인가요?,40길,28길,32길,30길,b
train_1884.jpg,train/train_1884.jpg,이 가게의 오늘 메뉴에 없는 음식은 무엇인가요?,김치 호빵,야채 호빵,피자 호빵,팔 호빵,a
train_1885.jpg,train/train_1885.jpg,잭스빈 후무스의 현장 한정 특가에서 오리지날 후무스의 가격은 얼마인가요?,"7,800원","6,000원","5,500원","7,400원",c
train_1886.jpg,train/train_1886.jpg,이 건물에 입주한 금융기관의 이름은 무엇인가요?,MG새마을금고,KB국민은행,현대해상,삼성생명화재,a
train_1887.jpg,train/train_1887.jpg,이 광고에서 임플란트 고민이 있는 사람에게 권하는 방법은 무엇인가요?,운동요법으로 건강 회복,즉시 수술로 빠르게 해결,약물치료로 통증 완화,의식하진정요법으로 잠을 자듯 편안하게,d
train_1888.jpg,train/train_1888.jpg,2022년 HX-CES 사업단 1기 연구팀 모집의 지원 자격에 해당하는 내용은 무엇인가요?,대학 교수 1인 이상,공대생 포함 대학(원)생 5인 내외,고등학생 3인 이상,일반인 누구나 지원 가능,b
train_1889.jpg,train/train_1889.jpg,이 사진에 보이는 'SSAFY Lunch 취업쌀롱' 배너에는 어떤 상담 시간이 강조되어 있나요?,상담 시간에 대한 언급이 없음,30분 이상의 심층 상담,1시간 집중 상담,짧지만 임팩트 있는 5분 상담,d
train_1890.jpg,train/train_1890.jpg,이 커피 컵에 적힌 문구는 무엇인가요?,이번주도 고생하셨습니다 즐거운 주말 보내세요,오늘도 힘내세요 좋은 하루 되세요,감사합니다 또 방문해주세요,커피는 하루의 시작입니다,a
train_1891.jpg,train/train_1891.jpg,이 교재에서 제공하는 특별강의는 몇 강인가요?,30강,25강,35강,40강,c
train_1893.jpg,train/train_1893.jpg,이 사진에 보이는 간판에 적힌 가게 이름은 무엇인가요?,HISFFEE,HISFFFE,HISFREE,HISFEEE,a
train_1894.jpg,train/train_1894.jpg,병에 붙어 있는 라벨에 적힌 브랜드 이름은 무엇인가요?,SINGHA,ECIPSE,SAMSUNG,CHUPA CHUPS,a
train_1895.jpg,train/train_1895.jpg,이 도로 표지판에 따르면 '목원대학교' 방향으로 가려면 어떻게 해야 하나요?,유턴해야 한다,오른쪽으로 가야 한다,직진해야 한다,왼쪽으로 가야 한다,b
train_1896.jpg,train/train_1896.jpg,이 자동차 계기판의 주행거리는 몇 km인가요?,120 km,80 km,102000 km,58.3 km,c
train_1897.jpg,train/train_1897.jpg,이 과자 상자의 브랜드 이름은 무엇인가요?,Danisa,Lotte,Oreo,Pepero,a
train_1898.jpg,train/train_1898.jpg,2026년 주민등록 사실조사 비대면 조사는 언제까지 진행되나요?,7.20. ~ 9.7.,매주 금요일,9.8. ~ 11.9.,8.5. ~ 8.24.,a
train_1899.jpg,train/train_1899.jpg,이 가게의 간판에 적힌 상호명은 무엇인가요?,성세무회계,사가네 양꼬치,이가네 양꼬치,특허 장표,c
train_1901.jpg,train/train_1901.jpg,분리수거 기본규칙에서 빈 플라스틱을 어떻게 해야 한다고 적혀 있나요?,빈 플라스틱 뚜껑을 포개어 주세요.,빈 플라스틱을 씻어 주세요.,빈 플라스틱을 납작하게 눌러 주세요.,빈 플라스틱은 따로 분리하지 마세요.,a
train_1902.jpg,train/train_1902.jpg,이 이미지에 나온 SSAFY 14기 전시발표회에서 1등을 차지한 부문은 무엇인가요?,코딩부문 1등,최종 프로젝트 2등,디자인부문 1등,전시부문 1등,d
train_1903.jpg,train/train_1903.jpg,이 그림 속에 적힌 말은 무엇인가요?,즐거운 하루!,멋진 하루!,좋은 하루!,행복한 하루!,c
train_1904.jpg,train/train_1904.jpg,하삼동커피에서 아메리카노의 가격은 얼마인가요?,"1,800원","2,500원","3,000원","1,500원",a
train_1905.jpg,train/train_1905.jpg,이 제품에 적힌 전화번호는 무엇인가요?,02.1234.5678,031.1111.2222,010.6218.8646,010.9876.5432,c
train_1906.jpg,train/train_1906.jpg,모드코프S 목감기 약의 복용 방법으로 올바른 것은 무엇인가요?,1일 1회 1캡슐,1일 3회 1회 2캡슐,1일 2회 1회 2캡슐,1일 3회 1회 1캡슐,b
train_1907.jpg,train/train_1907.jpg,이 사진 속 간판에 적힌 글자는 무엇인가요?,체육지원센터,문화지원센터,교육지원센터,사회복지센터,c
train_1908.jpg,train/train_1908.jpg,서울청년문화패스 신청자 모집 안내에서 지원하는 문화관람비 금액은 얼마인가요?,20만원,10만원,25만원,15만원,a
train_1909.jpg,train/train_1909.jpg,이 식당의 간판에 적힌 전화번호는 무엇인가요?,02-207-9130,010-207-9130,207-9130,010-6225-4415,c
train_1910.jpg,train/train_1910.jpg,이 건물에 입주한 병원이나 센터 중 6층에 위치한 곳은 어디인가요?,하라라 성형외과 의원,예본치과의원,여의사 산부인과 전문의 ,임권일신경과의원,d
train_1912.jpg,train/train_1912.jpg,이 식당에서 주문을 하려면 어디로 가야 하나요?,베이컨 로제 파스타,Sprite 음료수,Order!,1327 번호 호출,c
train_1913.jpg,train/train_1913.jpg,이 차량에서 판매하는 음식은 무엇인가요?,찹쌀떡,순대포착,떡볶이,찰순대,d
train_1914.jpg,train/train_1914.jpg,사진 속 아이스크림과 냅킨에 적힌 카페의 이름은 무엇인가요?,Cafe Mocha,Sweet Time,Ocean Breeze,Hugely,d
train_1915.jpg,train/train_1915.jpg,이 자전거 주차장에 붙어 있는 안내문에 적힌 문구는 무엇인가요?,편리한 자동차 생활 안전한 도시철도 이용,편리한 자전거 생활 안전한 도시철도 이용,안전한 자전거 생활 안전한 도시철도 이용,안전한 자전거 생활 편리한 도시철도 이용,b
train_1916.jpg,train/train_1916.jpg,이대목동병원 셔틀버스 승하차장이 2026년 5월 1일부터 변경되는 출구는 어디인가요?,다이소 앞에서 10번 출구로 변경,12번 출구에서 11번 출구로 변경,10번 출구에서 11번 출구로 변경,11번 출구에서 12번 출구(다이소 앞)로 변경,d
train_1917.jpg,train/train_1917.jpg,이미지에 보이는 삼각김밥 중에서 '참치마요' 삼각김밥의 가격은 얼마인가요?,"1,700원","1,200원","1,500원","2,200원",b
train_1918.jpg,train/train_1918.jpg,이 제품의 이름은 무엇인가요?,TYSNES 퉤스네스,TYSNES 튀스네스,TYSNES 튜스네스,TYSNES 퉈스네스,b
train_1921.jpg,train/train_1921.jpg,이 광고판에서 TVING 구독료는 얼마라고 적혀 있나요?,"월 2,900원","월 4,900원","월 5,000원","월 3,900원",d
train_1924.jpg,train/train_1924.jpg,이미지 속 두 영화 포스터 중 아래쪽 포스터의 제목은 무엇인가요?,이터널스,블랙 위도우,토르: 러브 앤 썬더,닥터 스트레인지,c
train_1926.jpg,train/train_1926.jpg,이 이미지에 나온 커피 광고에서 '맛도 디자인도 NEW'라고 표현된 커피의 종류는 무엇인가요?,과테말라 안티구아 원두커피,에티오피아 예가체프 원두커피,브라질 산토스 원두커피,콜롬비아 수프리모 원두커피,d
train_1929.jpg,train/train_1929.jpg,"2026 하프레이스 서울 교통통제 안내에 따르면, 교통통제가 실시되는 날과 시간은 언제인가요?",2026.03.02 (월) 07:50 ~ 10:20,2026.04.02 (화) 07:00 ~ 09:30,2026.03.01 (일) 08:00 ~ 11:00,2026.03.02 (월) 09:00 ~ 12:00,a
train_1931.jpg,train/train_1931.jpg,이 휴게소의 이름은 무엇인가요?,부산남부휴게소,대전고속휴게소,청도새마을휴게소,서울중앙휴게소,c
train_1933.jpg,train/train_1933.jpg,이 이미지 속에서 붉은색 글씨로 적힌 문구는 무엇인가요?,인간은 다 평등하고 본래 귀천이 없다.,"국가는 한 사람의 국가가 아니요, 전 민족의 국가이다.",역사를 잊은 민족에게 미래는 없다.,선열들이 꿈꾼 나라,d
train_1934.jpg,train/train_1934.jpg,이 과자의 주 원료는 무엇인가요?,감자를 주 원료로 사용,고구마를 주 원료로 사용,파주 장단콩을 사용한 두부,옥수수를 주 원료로 사용,c
train_1935.jpg,train/train_1935.jpg,이 메뉴판에서 'ホットドッグ(핫도그)'의 가격은 얼마인가요?,?700,?1000,?800,?900,d
train_1936.jpg,train/train_1936.jpg,사진 속 오리온 카스타드 제품 상자에 적힌 문구 중 옳은 것은 무엇인가요?,한국 1등 카스테라,한국 1위 카스타드,대한민국 1위 카스테라,대한민국 1등 카스타드,d
train_1937.jpg,train/train_1937.jpg,사진에 보이는 병원 간판 중에서 피부과가 적혀 있는 곳은 어디인가요?,운남피부과의원,하나의원,푸른부부치과,행복한이비인후과의원,a
train_1938.jpg,train/train_1938.jpg,이 도로 표지판에 적혀 있는 내용은 무엇인가요?,보행자 전용 자전거 주의,자전거 금지 보행자 주의,자전거전용 보행자 보호 구역,자전거전용 보행자 횡단주의,d
train_1940.jpg,train/train_1940.jpg,이 사진 속 노란색 경고문에 적힌 내용으로 올바른 것은 무엇인가요?,미끄럼주의 바닥이 미끄러워 넘어질 위험이 있습니다. 주의 해 주세요.,화재주의 불이 날 위험이 있습니다. 조심해 주세요.,출입금지 안전을 위해 출입을 금합니다.,낙하주의 물건이 떨어질 위험이 있습니다. 주의 바랍니다.,a
train_1941.jpg,train/train_1941.jpg,이 가게에서 세일 중인 알로에 선스틱의 할인된 가격은 얼마인가요?,"19,900원","26,900원","9,900원","29,000원",c
train_1944.jpg,train/train_1944.jpg,퀴즈노스 매장에서 모닝 세트에 포함된 음료는 무엇인가요?,핫초코,에스프레소,카페라떼,아메리카노,d
train_1945.jpg,train/train_1945.jpg,이 깃발에 적힌 글자는 무엇인가요?,SYDNEY,PERTH,MELBOURNE,BRISBANE,d
train_1946.jpg,train/train_1946.jpg,이미지에 보이는 식당 중 '이자카야'라는 단어가 쓰인 간판의 상호명은 무엇인가요?,홈런 PC,한국?店,好 (하오),이자카야 미나상,d
train_1947.jpg,train/train_1947.jpg,이 사진에 보이는 간판에 적힌 이름은 무엇인가요?,Naver,Baidu,Kakao,Google,b
train_1949.jpg,train/train_1949.jpg,이 모형 전시회의 제목은 무엇인가요?,레고 축제,創意積木模型展,브릭 아트 전시,창작 모형 대회,b
train_1950.jpg,train/train_1950.jpg,이 건물 주차장 출입구에서 제한된 속도는 얼마인가요?,5 KM/H,20 KM/H,10 KM/H,15 KM/H,a
train_1952.jpg,train/train_1952.jpg,이 참가증에 적힌 참가자의 소속 대학은 어디인가요?,고려대학교,연세대학교,서울대학교,한양대학교,a
train_1953.jpg,train/train_1953.jpg,이 음식점의 상호명은 무엇인가요?,황떡 본점,황떡 분점,대복이 떡집,대복이의 명가,a
train_1955.jpg,train/train_1955.jpg,이 그래놀라 제품의 특징으로 옳은 것은 무엇인가요?,무설탕 그래놀라,저당 렌틸 오트 그래놀라,고당분 그래놀라,고지방 렌틸 오트 그래놀라,b
train_1956.jpg,train/train_1956.jpg,사진에 보이는 문에 붙어 있는 노란색 표지판에 적힌 글자는 무엇인가요?,잠궈라,당겨유,밀어유,열려라,b
train_1957.jpg,train/train_1957.jpg,홍천샌드 가게에서 아메리카노 커피의 가격은 얼마인가요?,2000원,3500원,3000원,2500원,d
train_1958.jpg,train/train_1958.jpg,이 등대에 적혀 있는 이름은 무엇인가요?,하멜등대,청사포등대,남항등대,동백등대,a
train_1959.jpg,train/train_1959.jpg,타임스퀘어에 있는 전광판에서 볼 수 있는 코카콜라 광고 문구는 무엇인가요?,Chalice Meikle,Failure,CocaCola,SAMSUNG,c
train_1960.jpg,train/train_1960.jpg,이 간판에 적힌 가게 이름은 무엇인가요?,대가금강,금강대왕,황금대가,금강대가,d
train_1961.jpg,train/train_1961.jpg,이 사전투표소가 위치한 장소는 어디인가요?,2층 대회의실,3층 강당,1층 로비,지하 1층 회의실,a
train_1962.jpg,train/train_1962.jpg,이 음료 제품에 적힌 내용 중 맞는 것은 무엇인가요?,덴마크 소화가 잘되는 우유,매일유업 100% 우유,빙그레 바나나맛 우유,서울우유 저지방,a
train_1963.jpg,train/train_1963.jpg,이 음식점의 간판에 적힌 음식 메뉴는 무엇인가요?,된장찌개,순두부찌개,부대찌개,김치찌개,d
train_1964.jpg,train/train_1964.jpg,이 장소의 이름은 무엇인가요?,전주동물원,부산동물원,서울동물원,대전동물원,a
train_1965.jpg,train/train_1965.jpg,가방에 붙어 있는 패치에 적힌 문구는 무엇인가요?,good luck,masma rulez.,hello kitty,welcome home,b
train_1967.jpg,train/train_1967.jpg,사진에 보이는 'Look' 간판에 적힌 서비스 내용 중 옳은 것은?,"커피, 디저트, 베이커리","헤어, 피부관리, 반영구","문구, 팬시, 사무용품","옷수선, 세탁, 드라이클리닝",b
train_1968.jpg,train/train_1968.jpg,이 장소의 이름은 무엇인가요?,FLOWER GARDEN,ORCHID HAVEN,GARDEN OF ROSES,TROPICAL PARADISE,b
train_1969.jpg,train/train_1969.jpg,이 가게의 간판에 적힌 상호명은 무엇인가요?,군산빵집,군산맛집,군산제과점,군산과자조합,d
train_1970.jpg,train/train_1970.jpg,이 건물의 주소는 무엇인가요?,1588-6400,ADT,34 장덕로,광주광역시교육청,c
train_1971.jpg,train/train_1971.jpg,이 표지판에 적힌 주소는 무엇인가요?,1000 VIN SCULLY AVENUE,100G VIN SCULLY AVENUE,100 VIN SCULLY AVENUE,10G VIN SCULLY AVENUE,a
train_1972.jpg,train/train_1972.jpg,사진 속 두 제품 중 'MANUKA'라는 이름이 적혀 있는 제품은 무엇인가요?,커피 제품,우유 제품,보리차 제품,꿀 제품,d
train_1973.jpg,train/train_1973.jpg,이 사진에 보이는 간판 중에서 '구미통신' 옆에 적혀 있는 문구는 무엇인가요?,무료 와이파이,할인 행사 중,영업 중,공식인증 판매점,d
train_1974.jpg,train/train_1974.jpg,이 광고판에 적힌 문구 중 'Toast Lab' 바로 위에 있는 문장은 무엇인가요?,Taste the Toast,made by the world's smartest Robot Chef,Robot Chef,Robot. Toast. Perfect,d
train_1975.jpg,train/train_1975.jpg,이 사진 속 간판에 적힌 문구는 무엇인가요?,새로운 2020 희망등대,옛날 1963 소원등대,새로운 2020 소원등대,옛날 1963 희망등대,b
train_1976.jpg,train/train_1976.jpg,이 포스터에서 안내하는 투어의 소요 시간은 얼마인가요?,4시간,2시간,1시간,3시간,d
train_1977.jpg,train/train_1977.jpg,사진 속 안내문에 적힌 자전거 대여 및 단체 예약 문의 전화번호는 무엇인가요?,02-3456-7890,010-1234-5678,031-9876-5432,010-9902-1591,d
train_1978.jpg,train/train_1978.jpg,이 화면 메뉴에서 선택된 항목은 무엇인가요?,시스템,인포메이션,OSD 설정,Adaptive-Sync,b
train_1979.jpg,train/train_1979.jpg,사진 속 카드에 적힌 커피 종류는 무엇인가요?,콜롬비아 수프리모,"케냐 커피, SL-34",과테말라 안티구아,에티오피아 예가체프,b
train_1980.jpg,train/train_1980.jpg,이 사진에 보이는 매장의 상호명은 무엇인가요?,PAUL BASSETT,NEW ARRIVAL / 신제품,TAMIYA,LIVING PARK,c
train_1981.jpg,train/train_1981.jpg,사진 속 간판에 적힌 '2025'는 무엇과 관련된 행사인가요?,OSAKA 게임 축제,EXPO 2025,도쿄 올림픽 2020,세계 박람회 2030,b
train_1982.jpg,train/train_1982.jpg,"STARLINK 기기 옆 안내문에 따르면, STARLINK가 제공하는 서비스는 무엇인가요?",전 세계 모바일 통신,전 세계 항공 교통 관제,전 세계 위성 TV 서비스,전 세계 고속 인터넷,d
train_1983.jpg,train/train_1983.jpg,이미지에 보이는 'NEW 베이직 스테인리스 텀블러'의 가격은 얼마인가요?,"30,000","15,000","20,000","25,000",d
train_1984.jpg,train/train_1984.jpg,이 표지판에 적힌 문구는 무엇인가요?,무료 주차,무료 와이파이,무료 음료,무료 충전,d
train_1985.jpg,train/train_1985.jpg,이 종이 쇼핑백에 적힌 브랜드 이름은 무엇인가요?,BURBERRY,BOTTEGA VENETA,BYREDO,BALENCIAGA,c
train_1988.jpg,train/train_1988.jpg,이 건물의 간판에 적힌 공인중개사의 이름은 무엇인가요?,구술동자 운도령,믿음 공인중개사,알파고등수학,행복한 부동산,b
train_1989.jpg,train/train_1989.jpg,이름표에 적혀 있는 사람의 이름은 무엇인가요?,김민수,최수진,박지은,이혜영,d
train_1990.jpg,train/train_1990.jpg,이 쓰레기 분리수거함에서 '스티로폼'은 어떤 종류의 쓰레기를 담는 곳인가요?,종이류,스티로폼,비닐류,병류,b
train_1991.jpg,train/train_1991.jpg,"버스 승객 안전 규칙에 따르면, 승객이 차량 운행 중에 반드시 해야 하는 행동은 무엇인가요?",자리 이동하기,손잡이 잡기,미리 일어나기,휴대폰 사용하기,b
train_1992.jpg,train/train_1992.jpg,CU 출입문이 어디에 있다는 안내문에 적힌 내용은 무엇인가요?,CU 출입문은 건물 입구에 있습니다,CU 출입문은 지하에 있습니다,CU 출입문은 옆 골목에 있습니다,CU 출입문은 2층에 있습니다,a
train_1993.jpg,train/train_1993.jpg,이 표지판에 적힌 놀이기구 이름 중 오른쪽 방향을 가리키는 것은 무엇인가요?,Let's TWIST,Rolling X-Train,Double Rock Spin,Championship Rodeo,d
train_1994.jpg,train/train_1994.jpg,이미지 속 비요뜨 요거트 중 베리콩포트 맛의 유통기한은 언제인가요?,2026.08.18,2025.12.31,2026.08.26,2026.08.23,a
train_1995.jpg,train/train_1995.jpg,이 가게에서 삼겹살과 목심을 카드 할인으로 5일간 얼마에 판매하나요?,"2,000원","1,500원","1,090원",500원,c
train_1996.jpg,train/train_1996.jpg,이 간판에서 판매하거나 취급하지 않는 서비스는 무엇인가요?,구두 수선,금이빨 매입,인감 도장,자동차 정비,d
train_1997.jpg,train/train_1997.jpg,이 사진 속 밥솥에 적힌 브랜드 이름은 무엇인가요?,SAMSUNG,CUCKOO,PN,LG,c
train_1998.jpg,train/train_1998.jpg,이 건물에 있는 가게 이름 중 '파리바게뜨'와 같이 빵이나 커피를 판매하는 곳은 무엇인가요?,MEGA COFFEE,개념일일수학,24시간 편의점,바짝독서실,a
train_1999.jpg,train/train_1999.jpg,이 거리의 간판들 중 24시간 영업을 하는 업소는 무엇인가요?,HONG's PC방 24시,커피와 디저트 - 오픈형 테라스,전주비빔밥 2층,갈비탕 전문점,a
train_2000.jpg,train/train_2000.jpg,소화전 사용 방법 중 두 번째 단계는 무엇인가요?,밸브 닫기,호스 빼내기,밸브 열기,불 끄기,c
train_2001.jpg,train/train_2001.jpg,이 가게에서 아메리카노의 가격은 얼마인가요?,"5,000원","4,500원","4,000원","3,500원",b
train_2002.jpg,train/train_2002.jpg,이 사진 속 제품들의 가격은 얼마인가요?,"\1,000","\1,500",\500,"\2,000",a
train_2004.jpg,train/train_2004.jpg,이 도로 표지판에 적힌 문구 중 올바른 내용은 무엇인가요?,고정식 단속구간 Photo enforcement 150m,이동식 단속구간 Photo enforcement 100m,이동식 단속구간 Photo enforcement 150m,이동식 단속구간 Speed enforcement 150m,c
train_2005.jpg,train/train_2005.jpg,사진 속 '인동 한의원'에서 월요일과 수요일에 하는 진료는 무엇인가요?,주간진료,응급실 진료,야간진료,응급진료,c
train_2006.jpg,train/train_2006.jpg,사진에 보이는 '미니 칼슘체다' 치즈 한 팩의 유통기한은 언제인가요?,2026.11.26,2024.10.10,2025.12.31,2026.11.17,a
train_2007.jpg,train/train_2007.jpg,이 사진 속 간판에 적힌 음식점 이름은 무엇인가요?,미소 치킨,미소 양꼬치,미소 떡볶이,미소 불고기,b
train_2008.jpg,train/train_2008.jpg,오리온 카스타드 상자에 적혀 있는 가성비 체크 개수는 몇 개인가요?,20개,40개,30개,10개,c
train_2009.jpg,train/train_2009.jpg,이 지하철 문에 붙어 있는 경고 문구는 무엇을 주의하라고 하고 있나요?,좌석을 양보하세요,소지품을 조심하세요,도어에 주의하세요,사진 촬영 금지,c
train_2010.jpg,train/train_2010.jpg,사진 속 책 제목 중 '처음 부모'라는 문구가 적힌 책의 제목은 무엇인가요?,마음 연습장,부모 마음 연습장,스터디 플래너,부모 마음 노트,b
train_2011.jpg,train/train_2011.jpg,이 제품의 가격은 얼마인가요?,$25.00,$20.00,$10.00,$16.00,d
train_2012.jpg,train/train_2012.jpg,도원빌딩 5층에는 어떤 종류의 클리닉이 있나요?,소아과 클리닉,내과 클리닉,피부과 성형외과 비만클리닉,치과 클리닉,c
train_2013.jpg,train/train_2013.jpg,이미지에 보이는 교회 건물의 이름은 무엇인가요?,양산 교회,중앙 성당,평화 교회,서울 대성당,a
train_2014.jpg,train/train_2014.jpg,이미지에 보이는 포장지에 적힌 브랜드 이름은 무엇인가요?,ТЕХНОНИКОЛЬ,ЭКО,МАСТЕР,ТЕХНОПЛАСТ,a
train_2017.jpg,train/train_2017.jpg,사진 속 가게 유리창에 적힌 문구 중 올바른 것은 무엇인가요?,WELCOME! IN OUR MANSION EVERY MOMENT IS SAD IN YOUR MANSION,WELCOME! IN OUR MANSION EVERY MOMENT IS HAPPY IN OUR MANSION,WELCOME! IN YOUR MANSION EVERY MOMENT IS HAPPY IN OUR MANSION,WELCOME! IN OUR MANSION EVERY MOMENT IS SAD IN OUR MANSION,b
train_2018.jpg,train/train_2018.jpg,이 간판에 적힌 회사 이름 중 옳지 않은 것은 무엇인가요?,(무)무진산업,(주)다온테크,(주)다온산업,광전물산 (주),c
train_2019.jpg,train/train_2019.jpg,이 도로에서 제한 속도는 얼마인가요?,30km/h,80km/h,50km/h,60km/h,a
train_2020.jpg,train/train_2020.jpg,이 노래의 제목은 무엇인가요?,사랑,희망,행복,노력,d
train_2021.jpg,train/train_2021.jpg,사진에 보이는 'BK' 간판 아래에 적힌 글자는 무엇인가요?,락커룸,락밴드 공연장,락볼링장,락클라이밍장,c
train_2022.jpg,train/train_2022.jpg,이 편의점에서 사용할 수 있다고 안내한 지원금은 무엇인가요?,농업 지원금,고유가 지원금,교육 지원금,청년 지원금,b
train_2023.jpg,train/train_2023.jpg,제품 포장에 적힌 가격은 얼마인가요?,2000원,2590원,3000원,2500원,d
train_2024.jpg,train/train_2024.jpg,"이 식당의 영업시간 안내에 따르면, 점심 마지막 주문 시간은 몇 시인가요?",17:00,19:50,14:20,15:00,c
train_2025.jpg,train/train_2025.jpg,에스컬레이터 앞에 설치된 노란색 표지판에 적힌 문구는 무엇인가요?,주의하세요 OTIS,출입금지 OTIS,안전제일 OTIS,접근금지 OTIS,d
train_2027.jpg,train/train_2027.jpg,사진 속 샌드위치의 이름은 무엇인가요?,THE CHICKEN TRIPLE,THE FISH SANDWICH,THE BEEF DOUBLE,THE VEGGIE DELIGHT,a
train_2028.jpg,train/train_2028.jpg,이 건물에 입점한 음식점의 이름은 무엇인가요?,광양본가,참숯 불고기 전문,지하아케이드,삼원타워,a
train_2029.jpg,train/train_2029.jpg,이 건물에 적힌 상호명은 무엇인가요?,상남마트,상남시장,통영멸치직판장,개미수산,b
train_2030.jpg,train/train_2030.jpg,이 간판에 적힌 문구는 무엇인가요?,OUT usual style,OUT unique style,IN usual style,IN unique style,d
train_2031.jpg,train/train_2031.jpg,이 카페에서 아침 11시까지 판매하는 모닝커피 가격은 얼마인가요?,"1,900원","4,500원","2,500원","3,900원",a
train_2032.jpg,train/train_2032.jpg,이 사진에 보이는 '연의 편지' 포스터에 적힌 개봉 예정일은 언제인가요?,2025.01.01,2023.06.15,2024.12.25,2025.10.01,d
train_2033.jpg,train/train_2033.jpg,벽에 적힌 화장실 위치 안내 문구는 무엇인가요?,Bathroom this way,WC over there,Restroom this way,Toilet here,d
train_2034.jpg,train/train_2034.jpg,이 안내판 상단에 적힌 문구는 무엇인가요?,ACADEMY INFORMATION,ACADEMY EVENTS,ACADEMY NOTICE,ACADEMY SCHEDULE,a
train_2035.jpg,train/train_2035.jpg,이 과자 봉지에 적힌 문구 중 옳은 것은 무엇인가요?,꼬소하게 뿌셔!,매콤하게 부셔!,달콤하게 녹여!,톡쏘게 부셔!,a
train_2036.jpg,train/train_2036.jpg,이 건물에 있는 식당 이름은 무엇인가요?,개사무소,명동식당,로맨틱 아로마,유월엔 베이커리,b
train_2037.jpg,train/train_2037.jpg,"다음 중 600g 유자 제품의 할인 전 가격이 21,350원인 제품은 무엇인가요?",유자생강,자당유자,유자감귤,완도유자,a
train_2038.jpg,train/train_2038.jpg,사진 속 '참 물티슈'에 적힌 물티슈 매수는 몇 매인가요?,100매,200매,150매,50매,c
train_2039.jpg,train/train_2039.jpg,이 사진이 찍힌 장소의 이름은 무엇인가요?,온천장,나가는 곳,ICE COFFEE,커피 & 차,a
train_2040.jpg,train/train_2040.jpg,이 한우육회용 고기의 가격은 얼마인가요?,5500원,14850원,10000원,12000원,c
train_2042.jpg,train/train_2042.jpg,분리수거 기본규칙에 따르면 남은 음료는 어디에 비워야 하나요?,일반 쓰레기통,음식물 쓰레기통,음료수거통,재활용 쓰레기통,c
train_2044.jpg,train/train_2044.jpg,이 지도에서 '현위치'가 표시된 곳에서 가장 가까운 지점 번호는 무엇인가요?,Y3-10,Y3-5,Y3-15,Y3-1,d
train_2045.jpg,train/train_2045.jpg,이 건물에 위치한 '빈에스테틱'과 '뷰티아카데미'는 몇 층에 있나요?,5층,3층,6층,4층,d
train_2046.jpg,train/train_2046.jpg,삼성청년 SW·AI 아카데미 16기 인터뷰 기간은 언제인가요?,6.20(화)~6.25(일),7.1(월)~7.5(금),5.15(월)~5.20(토),6.8(월)~6.12(금),d
train_2048.jpg,train/train_2048.jpg,이미지에 보이는 광고 문구에 따르면 경성대학교가 지원하는 금액은 얼마인가요?,3년간 1000억원 지원,5년간 1000억원 지원,1년간 500억원 지원,5년간 500억원 지원,b
train_2049.jpg,train/train_2049.jpg,사진 속 건물 입구에 적혀 있는 이름은 무엇인가요?,PUB,WINE25,HICKORY SMOKED BBQ,CHAEUM Hecto,d
train_2050.jpg,train/train_2050.jpg,이 교차로에서 보이는 신호등의 현재 색깔은 무엇인가요?,초록불,꺼져 있음,빨간불,노란불,c
train_2051.jpg,train/train_2051.jpg,이 건물에 있는 간판들 중 맞춤가발과 관련된 상호명은 무엇인가요?,본머리 커트 가능,가발명인,부건 옷수선,최미정 맞춤가발,d
train_2052.jpg,train/train_2052.jpg,'한우소머리국밥' 가게는 언제 폐업했나요?,5월 1일,4월 1일,12월 31일,3월 31일,d
train_2053.jpg,train/train_2053.jpg,이 장소에서 제공하는 무료 와이파이 비밀번호는 무엇인가요?,Twosomedc_5g,wifi_free123,free_wifi_pw,a0625122323,d
train_2054.jpg,train/train_2054.jpg,"공영주차장 이용 안내에 따르면, 어떤 행위를 할 경우 과태료가 부과됩니까?",장기방치 차량에 주차장 사용료 부과,"쓰레기, 담배꽁초 등 무단투기 시 과태료 부과",주차구획선 내에 주차하지 않을 경우 과태료 부과,"도난, 파손 등 피해 발생 시 과태료 부과",b
train_2056.jpg,train/train_2056.jpg,이 방의 이름은 무엇인가요?,홍길동,박지민,김철수,송가인,d
train_2057.jpg,train/train_2057.jpg,이 건물의 7층에 위치한 기관이나 업체가 아닌 것은 무엇인가요?,국제무용학원,태리프속눈썹,새온 에스테틱,오앤피 영수학원,b
train_2058.jpg,train/train_2058.jpg,이 건물 외벽에 적힌 상호명은 무엇인가요?,COFFEE BEAN,HOLLYS COFFEE,TERAROSA,STARBUCKS,c
train_2059.jpg,train/train_2059.jpg,이 식당의 상호명은 무엇인가요?,대구 막창 본가,서울 명동 찜닭,춘천 진미 닭갈비,부산 해운대 곱창,c
train_2060.jpg,train/train_2060.jpg,이 보안등 점멸기에서 안내하는 주간 연락 전화번호는 무엇인가요?,B.,1400,3423-8606,3423-6000,c
train_2061.jpg,train/train_2061.jpg,이 음료가 담긴 컵에 적혀 있는 문구는 무엇인가요?,taste the coffee,share good time,best cafe in town,enjoy every moment,b
train_2062.jpg,train/train_2062.jpg,사진 속 노란색 의자에 부착된 간판에 적힌 병원의 이름은 무엇인가요?,노원치과병원,서울치과병원,미주치과병원,한양치과병원,c
train_2063.jpg,train/train_2063.jpg,이 이미지에 보이는 그릭요거트 드링크의 사과맛 패키지에는 몇 개가 들어있다고 적혀 있나요?,특별기획 10개,특별기획 5개,특별기획 12개,특별기획 8개,d
train_2064.jpg,train/train_2064.jpg,이 식당에서 2인분 순대볶음의 가격은 얼마인가요?,"22,000원","11,000원","16,500원","10,000원",c
train_2065.jpg,train/train_2065.jpg,이 안내문에 따르면 계단걷기를 일주일에 몇 층 이상 하면 심근경색 사망위험이 20% 감소한다고 되어 있나요?,20층 이상,25층 이상,10층 이상,15층 이상,a
train_2066.jpg,train/train_2066.jpg,왼쪽에 놓여진 책 제목은 무엇인가요?,파이썬 프로그래밍,플러터 생존코딩,인공지능 입문,게임 기획 스쿨,d
train_2067.jpg,train/train_2067.jpg,이 건물 5층에는 어떤 학원이 있나요?,포인트 적성속독,M&M 학원,정상 어학원,알파 학원,b
train_2068.jpg,train/train_2068.jpg,이 건물 외벽에 붙어 있는 간판들에서 공통적으로 볼 수 있는 문구는 무엇인가요?,임대 문의 010 9468-1233,상가임대 최대한 절충,박선희 골프아카데미,급매 010-945-0000,b
train_2069.jpg,train/train_2069.jpg,이 두 영화 티켓에서 상영되는 영화의 제목은 무엇인가요?,기생충,라이온 킹,어벤져스,엘리멘탈(자막),d
train_2070.jpg,train/train_2070.jpg,책장에 있는 책 중 'C++ 기초 플러스' 책의 판수는 몇 판인가요?,7판,5판,1판,3판,b
train_2071.jpg,train/train_2071.jpg,사진 속 제품은 무엇을 처리하는 기기인가요?,로봇 청소기,음식물 처리기,세탁기,공기 청정기,b
train_2072.jpg,train/train_2072.jpg,사진 속 샌드위치 중에서 가장 비싼 가격은 얼마인가요?,"16,000원","5,000원","7,300원","9,700원",a
train_2073.jpg,train/train_2073.jpg,사진 속에 적힌 글귀 중 맞는 문장은 무엇인가요?,달속토끼가 오늘도 너를 보고 슬퍼하대,달속토끼가 오늘도 너를 보고 행복하대,달속토끼가 내일도 너를 보고 슬퍼하대,달속토끼가 내일도 너를 보고 행복하대,b
train_2074.jpg,train/train_2074.jpg,이 공연 티켓에 적혀 있는 공연 날짜는 언제인가요?,2025-09-17,2023-12-25,2025-11-01,2024-10-05,a
train_2075.jpg,train/train_2075.jpg,"이 매장의 좌석 이용에 관한 안내문에 따르면, 매장 이용 시 어떤 조건이 필요한가요?",1인당 최소 주문 금액이 정해져 있다,음식 반입이 금지되어 있다,매장이 협소해 일행이 모두 와야 좌석 이용 가능하다,예약 없이 방문하면 입장이 제한된다,c
train_2076.jpg,train/train_2076.jpg,이 간판에 적힌 호텔 이름은 무엇인가요?,GINZA HOTEL,MUJI HOTEL,GINZA INN,MUJI INN,b
train_2077.jpg,train/train_2077.jpg,2층 화장실을 이용하려면 어떻게 해야 하나요?,엘리베이터를 타세요,직진해서 가세요,계단을 이용하세요,화장실은 1층에 있습니다,c
train_2078.jpg,train/train_2078.jpg,이 배너에 적힌 즉석 원두커피 브랜드 이름은 무엇인가요?,coffee get,get coffee,coffee go,go coffee,b
train_2079.jpg,train/train_2079.jpg,오늘의 점심 메뉴 중 제육볶음 정식의 가격은 얼마인가요?,"9,000원","8,000원","7,500원","8,500원",d
train_2080.jpg,train/train_2080.jpg,대경사과원예농협에서 광고하는 정기예탁금의 최고 연 이자율은 얼마인가요?,3.5%,5.0%,4.0%,2.5%,a
train_2082.jpg,train/train_2082.jpg,이미지 속 'BioGrafting' 시술에 대해 설명한 내용 중 옳은 것은 무엇인가요?,BioGrafting 시술은 인공치아를 사용하는 방법이다.,BioGrafting 시술은 구미시에만 적용된다.,BioGrafting 시술은 자연치아를 제거하는 치료법이다.,BioGrafting 시술은 자연치아를 건강하게 보존하는 MTA 이식술이다.,d
train_2083.jpg,train/train_2083.jpg,2월 20일 오전 11시 30분경 분실된 물건은 무엇인가요?,가방,지갑,에어팟,핸드폰,a
train_2085.jpg,train/train_2085.jpg,이 전시 공간의 상단에 적혀 있는 회사 이름은 무엇인가요?,Panasonic,Sony,LG Electronics,Samsung,c
train_2086.jpg,train/train_2086.jpg,사진 속 라면 용기 중 '참깨라면'에 적힌 문구 중 옳은 것은 무엇인가요?,계란이 들어 있어요,매운맛이 강해요,즉석에서 조리하세요,해물 맛이 진해요,a
train_2087.jpg,train/train_2087.jpg,이 장소에서 와이파이 비밀번호는 무엇인가요?,ria30397777,ria3037977,ria303977,ria3039777,d
train_2089.jpg,train/train_2089.jpg,이 표지판에 따르면 이곳에서 흡연을 할 경우 부과되는 과태료는 얼마인가요?,5만원,3만원,1만원,10만원,a
train_2090.jpg,train/train_2090.jpg,사진 속 전광판에서 홍보하는 공연은 무엇인가요?,Nashville Symphony,Chicago Jazz Festival,Los Angeles Opera,New York Philharmonic,a
train_2091.jpg,train/train_2091.jpg,이 가게의 이름은 무엇입니까?,베지나랑,수변최고 돼지국밥,KT공방,명상센터,b
train_2092.jpg,train/train_2092.jpg,"사진 속 상품 중 1,000원에 판매되는 제품은 무엇인가요?",그때그 달고나 HANDMADE,팝핑 달고나,수제 달고나,달고나 크래커,b
train_2093.jpg,train/train_2093.jpg,이 소화전 사용법 중 3단계에 해당하는 것은 무엇인가요?,밸브 열기,호스 빼내기,밸브 닫기,불끄기,d
train_2094.jpg,train/train_2094.jpg,이 머그컵에 적힌 문구는 무엇인가요?,Cinnamon Haus,Sweet Aroma,Morning Brew,Coffee Time,a
train_2095.jpg,train/train_2095.jpg,이 엘리베이터 층 표시에서 36층에 적힌 문구는 무엇인가요?,EATANIC GARDEN THE GREAT HONG KANG,EATANIC GARDEN THE GREAT HONG YUAN,EATONIC GARDEN THE GREAT HONG YUAN,EATANIC GARDEN THE GREAT HONG YUN,b
train_2096.jpg,train/train_2096.jpg,이 사진에서 시식용 빵 옆에 놓여 있는 휴지 상자에 적힌 영어 단어는 무엇인가요?,purepiece,tissuebox,breadbox,freshpiece,a
train_2099.jpg,train/train_2099.jpg,사진 속 두 유니폼에 적힌 축구 클럽 이름은 무엇인가요?,REAL MADRID,FC BAYERN MUNCHEN,MANCHESTER UNITED,FC BARCELONA,b
train_2100.jpg,train/train_2100.jpg,프렌즈스크린 구미인동점의 오픈 할인 시행일은 언제부터인가요?,2025년 5월 1일,2025년 6월 1일,2026년 6월 1일,2026년 5월 1일,d
train_2101.jpg,train/train_2101.jpg,이 가게의 전화번호는 무엇인가요?,1208-6790,02-123-4567,482-2777,482-2778,c
train_2102.jpg,train/train_2102.jpg,이 팝콘의 맛은 무엇인가요?,버터맛,치즈맛,카라멜맛,들기름볶음김치맛,d
train_2104.jpg,train/train_2104.jpg,이 사진 속 가게의 간판에 적혀 있는 음식 이름은 무엇인가요?,김치찌개,부대찌개,삼계탕,불고기,b
train_2105.jpg,train/train_2105.jpg,이 사진 속 전광판에 적힌 '구두수선·광택'은 어떤 서비스를 의미하나요?,필라테스 운동을 하는 곳,순두부 요리를 제공하는 식당,신발을 수선하고 광택을 내는 서비스,상품권을 판매하는 서비스,c
train_2106.jpg,train/train_2106.jpg,이 음식점 다미에서 판매하지 않는 메뉴는 무엇인가요?,오징어볶음,된장찌개볶음,제육볶음,돼지찌개,b
train_2107.jpg,train/train_2107.jpg,영화관 매점에서 팝콘 리필 가격은 얼마인가요?,"3,000원","1,500원","2,000원","2,500원",d
train_2108.jpg,train/train_2108.jpg,사진 속 캐릭터들이 있는 표지판에 적힌 문구는 무엇인가요?,행복한 가족,우리 동네 친구들,즐거운 여행,꿈씨 패밀리,d
train_2110.jpg,train/train_2110.jpg,이 가게의 전화번호는 무엇인가요?,202-7070,203-7080,202-7800,202-7080,d
train_2111.jpg,train/train_2111.jpg,이 이미지에 보이는 'SSAFY' 스티커에 적힌 문구 중 올바른 것은 무엇인가요?,AI로 여는 나만의 미래,AI가 만드는 세상,미래를 여는 AI,AI와 함께하는 오늘,a
train_2113.jpg,train/train_2113.jpg,이 지하철역 안내판에 '東口地下通路'는 무슨 뜻인가요?,동쪽 출구 지상 통로,서쪽 출구 지하 통로,동쪽 출구 지하 통로,서쪽 출구 지상 통로,c
train_2115.jpg,train/train_2115.jpg,이 간판에서 볼 수 있는 헬스장 이름은 무엇인가요?,HOTEL RAMMOS,ORANGE FITNESS,JAMES GYM,FITNESS CENTER,c
train_2116.jpg,train/train_2116.jpg,사진 속 설명에 따르면 신라 경주 인근 무덤에서 발견된 철제 무기와 함께 출토된 무덤은 무엇이라고 하나요?,토광묘,석곽묘,돌무덤,널무덤,d
train_2117.jpg,train/train_2117.jpg,이 건물의 이름은 무엇인가요?,Ph? Bay,MOM'S TOUCH,PC GROUND,U·square 유·스퀘어,d
train_2120.jpg,train/train_2120.jpg,이 건설 현장의 출입문에 적힌 번호는 무엇인가요?,GATE #5,GATE #3,GATE #4,GATE #2,c
train_2121.jpg,train/train_2121.jpg,이 가게 앞에 붙어 있는 두 개의 '임대' 스티커에 적힌 전화번호 중 오른쪽 스티커에 적힌 번호는 무엇인가요?,010-5838-6320,010-387-2255,016-830-2255,010-3884-8527,d
train_2122.jpg,train/train_2122.jpg,이 가챠 머신에서 한 번 뽑는데 필요한 가격은 얼마인가요?,500원,1000원,2000원,1500원,b
train_2123.jpg,train/train_2123.jpg,이미지에 보이는 결제 화면에서 총 상품 개수와 결제 금액은 얼마인가요?,"총 상품 3개, 10,000원","총 상품 5개, 12,500원","총 상품 2개, 8,900원","총 상품 4개, 11,600원",d
train_2124.jpg,train/train_2124.jpg,이미지에 적힌 시 '부부'의 저자는 누구인가요?,박인환,윤동주,김소월,이정애,d
train_2125.jpg,train/train_2125.jpg,"이 책장에 꽂혀 있는 책 제목 중, 미래와 시간을 다룬 책은 무엇인가요?",데일 카네기 인간관계론,요령영어 100일의 기적,세계미래보고서 2026-2036,2030 부의 미래,c
train_2126.jpg,train/train_2126.jpg,이 화면에 나오는 만화 제목은 무엇인가요?,그남자그여자,나루토,소년탐정 김전일,슬램덩크,a
train_2127.jpg,train/train_2127.jpg,2026 서울 러닝 엑스포의 개최 기간은 언제인가요?,3월 14일 토요일부터 3월 16일 월요일까지,3월 13일 금요일부터 3월 15일 일요일까지,3월 15일 일요일부터 3월 17일 화요일까지,3월 10일 금요일부터 3월 12일 일요일까지,b
train_2128.jpg,train/train_2128.jpg,우리마트에서 오늘 할인하는 삼겹살의 가격은 얼마인가요?,"5,900원","2,480원","3,500원",900원,b
train_2129.jpg,train/train_2129.jpg,이 도넛 박스에 적힌 브랜드 이름은 무엇인가요?,배스킨라빈스,파리바게뜨,던킨 도넛,크리스피 크림,d
train_2131.jpg,train/train_2131.jpg,이 가게의 간판에 적힌 상호명은 무엇인가요?,바다횟집,수수원,행복한 빵집,달콤한 카페,b
train_2132.jpg,train/train_2132.jpg,위너축구교실에서 취미반은 주 몇 회 수업이 진행되나요?,주 5회,주 7회,주 1회~3회,주 3회~5회,c
train_2133.jpg,train/train_2133.jpg,이 사진 속에서 '진입 금지' 표지판이 붙어 있는 곳은 어디인가요?,수하물 보관소 입구,화장실 입구,도착장 입구,출발장 입구,c
train_2134.jpg,train/train_2134.jpg,이 건물 입구에 적힌 상호명은 무엇인가요?,영스퀘어 구미점,구미영스퀘어,대구영스퀘어,구미중앙광장,b
train_2135.jpg,train/train_2135.jpg,'목요오픈기도회'는 어느 요일에 진행되나요?,매주 화요일,매주 금요일,매주 목요일,매주 월요일,c
train_2136.jpg,train/train_2136.jpg,다음 중 'Signature Breakfast' 메뉴에 포함된 음식이 아닌 것은 무엇인가요?,Salmon and Pohang Spinach Eggs Benedict,Imsil Cheese French Omelet,Busan Daejeo Tomato Baked Eggs,Fried egg,d
train_2137.jpg,train/train_2137.jpg,이 건물 입구에 적힌 'KDB 꿈나무 어린이집'은 무엇을 의미하나요?,도서관 이름,카페 이름,어린이집 이름,병원 이름,c
train_2138.jpg,train/train_2138.jpg,이 건물에 있는 'FIT PLUS+ 헬스·PT'의 할인 이벤트에서 헬스 이용 가격은 얼마인가요?,"25,000원","20,000원","30,000원","15,000원",a
train_2139.jpg,train/train_2139.jpg,사진 속 노란색 용기 'ECO EARTH' 제품의 자외선 차단 지수(SPF)는 얼마인가요?,SPF100,SPF15,SPF50+,SPF30,c
train_2140.jpg,train/train_2140.jpg,이 건물에 적혀 있는 텍스트 중 올바른 내용을 고르세요.,평생교육원,음식점,병원,도서관,a
train_2141.jpg,train/train_2141.jpg,이 건물에 있는 은행의 주요 업무는 무엇인가요?,보험 상담,자산관리 전문은행,일반 은행 업무,외환 거래,b
train_2142.jpg,train/train_2142.jpg,사진에 보이는 '5번가' 간판에 그려진 여성은 어떤 소품을 들고 있나요?,책과 안경,커피잔과 신발,가방과 신발,꽃과 모자,c
train_2143.jpg,train/train_2143.jpg,이 가게 앞 칠판에 적힌 내용에 따르면 소금빵은 언제 다시 판매되나요?,내일 오전 9시에 다시 판매됩니다,오후 6시에 다시 판매됩니다,오전 11시에 다시 판매됩니다,PM 3:00시에 다시 판매됩니다,d
train_2144.jpg,train/train_2144.jpg,이 가게에서 '찐빵' 5개를 사면 얼마인가요?,5000원,6000원,3000원,4000원,d
train_2145.jpg,train/train_2145.jpg,이미지에 나온 약 중에서 'Ramipril'의 1.25mg 용량에 해당하는 알약의 색상은 무엇인가요?,분홍색과 흰색,노란색과 흰색,초록색과 흰색,파란색과 흰색,b
train_2146.jpg,train/train_2146.jpg,이 이미지에 보이는 초록색 카드에 적힌 브랜드 이름은 무엇인가요?,스타벅스,커피빈,던킨도너츠,파리바게뜨,a
train_2147.jpg,train/train_2147.jpg,사진에 보이는 옷 포장지에 적힌 '위너또또브이크롭 반팔티'의 색상은 무엇인가요?,검 백 파 2컬러,흰 검 회색 소라 4컬러,검 백 파 3컬러,흰 검 소라 핑 4컬러,b
train_2148.jpg,train/train_2148.jpg,이미지에 걸려 있는 티셔츠에 적힌 문구는 무엇인가요?,매일의 기록,데일리 베이직 - 코튼 티셔츠,한라산,숲 속 산책,b
train_2149.jpg,train/train_2149.jpg,이 가게에서 떡볶이 가격은 얼마인가요?,6000원,3500원,5000원,4000원,d
train_2150.jpg,train/train_2150.jpg,이 사진에 보이는 상점의 이름은 무엇인가요?,다이소,이마트,홈플러스,롯데마트,a
train_2151.jpg,train/train_2151.jpg,이 식당에서 전문으로 하는 음식은 무엇인가요?,냉면,비빔밥,찌개,석쇠구이,d
train_2152.jpg,train/train_2152.jpg,이 책 제목 중 영어로 적힌 것은 무엇인가요?,꿈이 자라는 우,서명,나의 성장 스토리,My Great Gift,d
train_2153.jpg,train/train_2153.jpg,사진 속 계단 위에 놓인 두 병 중에서 빨간 뚜껑이 달린 병의 색상은 무엇인가요?,녹색,갈색,노란색,빨간색,b
train_2154.jpg,train/train_2154.jpg,이 간판에 적힌 가게 이름은 무엇인가요?,SALT COFFEE,BREAD & COFFEE,BETON,SALTY BREAD,c
train_2155.jpg,train/train_2155.jpg,이 곳에서 갈아탈 수 있는 노선 번호는 무엇인가요?,4,3,1,2,c
train_2156.jpg,train/train_2156.jpg,"다음 중 이미지에 보이는 제품의 가격이 6,500원인 것은 무엇인가요?",촉촉한 우리 찐밤,고구마 바,초콜릿 피칸 사블레,고구마 크림빵,c
train_2157.jpg,train/train_2157.jpg,사진 속 음식점 해해해에서 주로 판매하는 음식 종류가 아닌 것은 무엇인가요?,불고기,해물파전,해물탕,해물찜,a
train_2158.jpg,train/train_2158.jpg,아리랑 주간보호센터에서 제공하지 않는 서비스는 무엇인가요?,피부관리,전문간호제공,치매예방,뇌건강학습,a
train_2159.jpg,train/train_2159.jpg,사진 속의 안내판에 적힌 글자는 무엇인가요?,모바일 트랙 TEST BED,모바일 트랙 TEST ZONE,모바일 트랙 TEST ROOM,모바일 트랙 TEST LAB,a
train_2160.jpg,train/train_2160.jpg,이 선반에 적힌 문구 중 '서로 함께 성장하고 나아가기 위한 캠페인!' 다음에 나오는 문구는 무엇인가요?,함께하는 행복,SSAFY TOGETHER,건강한 사회,미래를 여는 힘,b
train_2161.jpg,train/train_2161.jpg,이 식당에서 직접 만드는 음식은 무엇인가요?,두부,김치,된장,고추장,a
train_2162.jpg,train/train_2162.jpg,이 건물 B2층에는 어떤 공간이 있나요?,카페,노래방,방탈출 제로월드,헬스장,c
train_2163.jpg,train/train_2163.jpg,이 사진에 보이는 건물 간판에 적힌 상호명은 무엇인가요?,GAME,AHIBA,EDION,HAPPY,c
train_2164.jpg,train/train_2164.jpg,"다음 중 가격이 1,500원인 상품은 무엇인가요?",생수,쌀과자,라면,오렌지 주스,d
train_2166.jpg,train/train_2166.jpg,이 커피숍의 이름은 무엇인가요?,더베이커리 카페,카페모카,커피하우스,theventi COFFEE,d
train_2167.jpg,train/train_2167.jpg,이 건물에 입점해 있는 병원의 종류는 무엇인가요?,치과와 안과,내과와 정형외과,한의원과 내과,산부인과와 치과,d
train_2168.jpg,train/train_2168.jpg,사진 속 도로 표지판에 적힌 '양보'의 의미는 무엇인가요?,주차 금지 구역임을 알린다,차량이 멈추고 신호를 기다려야 한다,속도를 줄이고 천천히 운전해야 한다,차량이 다른 차량에게 길을 양보해야 한다,d
train_2169.jpg,train/train_2169.jpg,이 사진 속 건물에 적혀 있는 명칭은 무엇인가요?,부산 롯데자이언츠구장,서울 삼성라이프스타디움,광주 기아챔피언스필드,대전 한화생명볼파크,d
train_2170.jpg,train/train_2170.jpg,사진에 보이는 'objet' 제품에 적힌 내용 중 올바른 것은 무엇인가요?,Cotton in FRAGRANCE OIL,Cotton off FRAGRANCE OIL,Cotton on FRAGRAGRANCE OIL,Cotton on FRAGRANCE OIL,d
train_2171.jpg,train/train_2171.jpg,초록색 병에 적힌 소주의 이름은 무엇인가요?,좋은데이,참이슬,처음처럼,한라산,a
train_2172.jpg,train/train_2172.jpg,벽에 붙어 있는 표지판에 적힌 플랫폼 번호는 무엇인가요?,Platform 9,Platform 10,Platform 8,Platform 9 3/4,d
train_2173.jpg,train/train_2173.jpg,이 사진에서 매장 입구에 세워진 안내판에 적혀 있는 문구는 무엇인가요?,클리어 세일 런스,클리어 세일 랜스,클리어 SALE 런스,클리어 SALE 랜스,c
train_2174.jpg,train/train_2174.jpg,이 치킨 메뉴판에 적힌 후라이드 치킨 가격은 얼마인가요?,"15,000원","12,000원","13,000원","10,000원",b
train_2175.jpg,train/train_2175.jpg,이 장소는 무엇을 기념하는 곳인가요?,슈퍼마리오 35주년 기념,디지몬 25주년 기념,스타워즈 40주년 기념,포켓몬 30주년 기념,d
train_2176.jpg,train/train_2176.jpg,이 이미지에서 세일 가격으로 적힌 티셔츠 할인 가격은 얼마인가요?,"10,000원","5,000원","20,000원","15,000원",a
train_2177.jpg,train/train_2177.jpg,덕천빌딩 3층에 입주해 있는 기관은 무엇인가요?,이재화 / 예준국제 특허법률사무소,덕천연구소,세븐일레븐,니즈게임즈 주식회사,a
train_2178.jpg,train/train_2178.jpg,이 TV 뒷면에 붙어 있는 노란색 경고 표지판에 적힌 글자는 무엇인가요?,머리 조심해,주의 하세요,조심하세요,머리 조심,d
train_2179.jpg,train/train_2179.jpg,이미지에 적힌 문구 중에서 '지금 어디에 있나요?'라는 질문에 해당하는 영어 문장은 무엇인가요?,WHERE ARE YOU NOW?,HOW ARE YOU TODAY?,WHERE IS THE GRAY?,WHAT COLOR IS THIS?,a
train_2180.jpg,train/train_2180.jpg,이 식당 '팔복이네'에서 전문적으로 판매하는 음식은 무엇인가요?,흑염소탕 능이버섯백숙 삼계탕,된장찌개 김치찌개 불고기,김밥 떡볶이 순대,짜장면 짬뽕 탕수육,a
train_2181.jpg,train/train_2181.jpg,이 광고판에 적힌 문구 중 올바른 내용은 무엇인가요?,정통 이탈리안 카페 퀄리티 커피,정통 프랑스 카페 퀄리티 커피,정통 이탈리안 티 퀄리티 커피,정통 한국 카페 퀄리티 커피,a
train_2182.jpg,train/train_2182.jpg,이 이미지에 벽에 붙어 있는 문구 중 올바른 것은 무엇인가요?,GOODBYE,THANK YOU,WELCOME,HELLO,c
train_2183.jpg,train/train_2183.jpg,사진 속 도로 옆에 보이는 'MOS BURGER' 가게 간판에 적힌 영어 문구는 무엇인가요?,MOSS BURGER,MOS BURGE,MOS BURGER,MISTER BURGER,c
train_2184.jpg,train/train_2184.jpg,이 가게의 간판에 적힌 상호명은 무엇인가요?,김밥천국,스파이더 김밥,우영우 김밥,카자구루마,c
train_2185.jpg,train/train_2185.jpg,이 안내문에서 탈모 관리가 필요한 사람의 증상으로 올바른 것은 무엇인가요?,두피가 가렵거나 비듬이 있는 분,눈이 자주 피로한 분,손톱이 부러지는 분,피부가 건조한 분,a
train_2187.jpg,train/train_2187.jpg,사진 속 안내문에 따르면 꽃게를 먹을 때 주의해야 하는 점은 무엇인가요?,꽃게는 반드시 익혀서 드셔야 합니다.,꽃게는 특정 시간에만 제공됩니다.,꽃게를 먹을 때는 장갑을 착용해 주세요.,"낚싯바늘, 줄 등이 이물질로 나올 수 있으니 양해 부탁드립니다.",d
train_2188.jpg,train/train_2188.jpg,"이 가게 창문에 붙어 있는 글귀에 따르면, 사진은 무엇을 담는다고 설명하고 있나요?",풍경과 자연의 아름다움,시간의 흐름과 특별한 순간,빛과 색의 조화,사람의 얼굴과 감정,b
train_2189.jpg,train/train_2189.jpg,사진에 보이는 '애사비 톡! 매실' 제품의 가격은 얼마인가요?,"\5,000","\2,000","\1,500","\3,000",d
train_2190.jpg,train/train_2190.jpg,이 책의 제목은 무엇인가요?,함께 엮는 이야기,함께 여는 이야기,혼자 엮는 이야기,혼자 여는 이야기,a
train_2191.jpg,train/train_2191.jpg,"버스 문에 붙어 있는 안내문에 따르면, 하차문 승차에 대해 어떤 내용이 적혀 있나요?",하차문 승차 시 승객 할인,하차문 승차 금지 및 사고 책임 없음,하차문 승차 시 안전요원 도움 필요,하차문 승차 허용 및 안전 주의,b
train_2192.jpg,train/train_2192.jpg,"이 카페 입구에 붙어 있는 안내문 중 """"무료 Wi-Fi"""" 사용을 위해 필요한 비밀번호는 무엇인가요?",반려동물 출입 금지,OPEN 오전 9:00,CAFE_1234,12345678,d
train_2195.jpg,train/train_2195.jpg,이 아파트 주차장 입구 간판에 적힌 아파트 이름은 무엇인가요?,역삼롯데캐슬,역삼경남아파트,청담삼성아파트,논현푸르지오,b
train_2196.jpg,train/train_2196.jpg,이 건물은 어떤 기관임을 나타내고 있나요?,한국문화재단,한국교육개발원,한국산업인력공단,한국과학기술원,c
train_2197.jpg,train/train_2197.jpg,GS25 편의점에서 판매하는 블랙커피 500ml의 가격은 얼마인가요?,12000원,1900원,6000원,1400원,d
train_2198.jpg,train/train_2198.jpg,이 배너에 적힌 'Rubber Duck Project Seoul 2022' 행사의 기간은 언제인가요?,09.30-10.31,08.01-08.31,10.01-11.01,07.15-08.15,a
train_2199.jpg,train/train_2199.jpg,이 컵에 적힌 텍스트는 무엇인가요?,LONDON DRY GIN,TOKYO WHISKEY,BOMBAY SAPPHIRE,MOUNT VODKA,c
train_2200.jpg,train/train_2200.jpg,이미지 속 초코칩 쿠키 제품의 중량은 얼마인가요?,200g,180g,250g,160g,d
train_2201.jpg,train/train_2201.jpg,이 건물에 입주해 있는 곳 중 피부과가 있는 곳은 어디인가요?,법무법인 로하스,구미의원,블리비의원,스핀볼링,c
train_2202.jpg,train/train_2202.jpg,다음 중 이미지 속에 적혀 있는 무선 인터넷 비밀번호는 무엇인가요?,6FF0B34698,6FF0B34697,6FF0B34699,6FF0B34696,c
train_2203.jpg,train/train_2203.jpg,한화 이글스 선수 최인호의 현재 타율은 얼마인가요?,0-3,1-3,2-3,1-2,b
train_2205.jpg,train/train_2205.jpg,이재모피자에서 새로 출시한 메뉴의 이름은 무엇인가요?,OVEN CARBONARA Cream Spaghetti,치즈 스테이크 피자,마르게리타 피자,페퍼로니 피자,a
train_2206.jpg,train/train_2206.jpg,W. standard 에센셜 반팔티셔츠의 가격은 얼마인가요?,"\12,900","\15,900","\9,900","\10,900",a
train_2207.jpg,train/train_2207.jpg,이 건물의 몇 층에 해당하는 곳인지 표시된 숫자는 무엇인가요?,3층,4층,2층,1층,c
train_2208.jpg,train/train_2208.jpg,이 간판에서 판매하는 주 메뉴는 무엇인가요?,불고기,순두부 아이스크림과 커피,김치찌개,비빔밥,b
train_2209.jpg,train/train_2209.jpg,이 책의 제목은 무엇인가요?,채식주의,채식주의자들의 이야기,채식주의자,채소주의자,c
train_2211.jpg,train/train_2211.jpg,이 카페 메뉴판에 적힌 에이드 종류 중 가격이 다른 것은 무엇인가요?,청포도 에이드,"없음, 모두 가격이 같다",레몬 에이드,자몽 에이드,b
train_2212.jpg,train/train_2212.jpg,이 간판에 적힌 음식점의 전문 메뉴는 무엇인가요?,치킨 전문점,커피 전문점,국밥 전문점,피자 전문점,c
train_2213.jpg,train/train_2213.jpg,이 건물에 입주해 있는 병원 중 정신건강의학과 의원은 어디인가요?,상록편한재활의학과의원,강남비뇨의학과의원,마린플란트 치과의원,마음튼튼 정신건강의학과의원,d
train_2214.jpg,train/train_2214.jpg,다음 중 '우유 생크림 도넛'의 가격은 얼마인가요?,"5,500원","5,000원","4,500원","6,000원",c
train_2215.jpg,train/train_2215.jpg,이 건물에 적힌 전화번호 중 교육상담을 위한 번호는 무엇인가요?,824-9982,825-9982,824-3651,82,c
train_2216.jpg,train/train_2216.jpg,롯데 ABC 초코 72g의 1개 가격은 얼마인가요?,"1,200원","6,800원","2,000원","3,400원",d
train_2217.jpg,train/train_2217.jpg,이 강의 자료에서 '선호 학습(Preference Learning)'에 대해 설명한 내용 중 옳은 것은 무엇인가요?,사람이 더 선호하는 응답을 생성하도록 추가학습하는 방법이다.,ChatGPT 공식 문서에 완전히 공개된 알고리즘이다.,사람의 선호도와 무관하게 응답을 생성하는 방법이다.,인공지능이 스스로 선호도를 결정하는 학습법이다.,a
train_2219.jpg,train/train_2219.jpg,이 식당에서 제공하는 주요 메뉴는 무엇인가요?,칼국수 버섯 매운탕,김치찌개,비빔밥,된장찌개,a
train_2221.jpg,train/train_2221.jpg,스타벅스 매장 내에서 1회용품 사용이 금지된 이유는 무엇인가요?,가격 인상을 막기 위해,환경 보호를 위해,서비스 품질 향상을 위해,위생 관리를 위해,b
train_2222.jpg,train/train_2222.jpg,이 시험 응시자 허재훈 씨의 필기시험 수험번호는 무엇인가요?,2201030,2201019,2201028,2201029,d
train_2223.jpg,train/train_2223.jpg,다음 중 이미지에 보이는 카드에 적힌 문구가 아닌 것은 무엇인가요?,소중한,가슴,손을 잡고,행복한 웃음꽃 피어나게,d
train_2224.jpg,train/train_2224.jpg,딜리버리 푸드 118호에서 선택할 수 있는 메뉴가 아닌 것은 무엇인가요?,김치찌개,비빔밥,찌개,팔도 청국장,a
train_2225.jpg,train/train_2225.jpg,사진 속 과자 봉지에 적힌 내용 중 이 과자가 어떤 맛인지 설명하는 문구는 무엇인가요?,바삭하고 맛있어요,매콤하고 짭짤해요,상큼하고 시원해요,달콤하고 부드러워요,a
train_2226.jpg,train/train_2226.jpg,이 건물 2층에 위치한 가게의 이름은 무엇인가요?,크린토피아,yoajung,화이트365,원스타 헤어,d
train_2227.jpg,train/train_2227.jpg,이 팝콘 용기에는 어떤 문구가 적혀 있나요?,Enjoy popcorn,Movie time,Popcorn love,Say cheese,d
train_2229.jpg,train/train_2229.jpg,이 사진 속 글씨에서 주의해야 할 행동은 무엇인가요?,여기 조심해 위험하다 기대지마,여기 앉아도 안전하다,여기 뛰지 마 조용히 해,여기 물건 놓지 마,a
train_2231.jpg,train/train_2231.jpg,이 음료의 용량은 얼마인가요?,330ml,500ml,1L,250ml,b
train_2232.jpg,train/train_2232.jpg,이 이미지 속 노란색 상자에 적힌 제품 이름은 무엇인가요?,콩알탄 FESTIVAL SNAPPER,파티 폭죽 PARTY SNAPPER,불꽃놀이 PARTY SNAPPER,콩알탄 PARTY SNAPPER,d
train_2233.jpg,train/train_2233.jpg,이 건물 안내판에 적힌 2층 사무실 이름은 무엇인가요?,HTA,세무법인,THE WITH,청담 택스매니지먼트,c
train_2234.jpg,train/train_2234.jpg,도시철도 역구내 및 열차 내에서 반입 금지된 배터리는 무엇인가요?,일반 AA 배터리,니켈수소 배터리,대용량 리튬배터리(160Wh 초과),알카라인 배터리,c
train_2235.jpg,train/train_2235.jpg,사진에 보이는 즉석밥 제품의 브랜드 이름은 무엇인가요?,햇반,CJ,오뚜기,청정원,a
train_2236.jpg,train/train_2236.jpg,이 표지판에 적힌 '견인지역'은 무엇을 의미하나요?,자동차 수리점 위치 안내,견인차가 차량을 견인하는 지역,주차 금지 구역임을 알리는 표시,견인차가 주차할 수 있는 구역,b
train_2237.jpg,train/train_2237.jpg,이 건물 1층에 있는 가게의 이름은 무엇인가요?,세무사 박동현,CFO 아웃소싱,사내복지기금,나무 동물 병원,d
train_2238.jpg,train/train_2238.jpg,이미지 속에 보이는 한글 글자는 무엇인가요?,공,굼,곰,금,d
train_2239.jpg,train/train_2239.jpg,"메뉴판에 따르면, 'ICE CREAM LATTE'의 가격은 얼마인가요?",6.0,6.2,7.5,5.4,c
train_2240.jpg,train/train_2240.jpg,역삼와인 포레스트의 오늘 치즈플래터 가격은 얼마인가요?,18.0,20.0,12.0,19.0,d
train_2241.jpg,train/train_2241.jpg,"이미지에 나온 메모리 상태에서 0x102 주소에 저장된 int 값을 읽어 8을 더한 후 0x104 주소에 저장할 때, 원래 값을 유지하는 주소는 어디인가요?",0x102,0x105,0x107,0x104,a
train_2242.jpg,train/train_2242.jpg,사진에 보이는 두 개의 '마이쮸' 사탕의 맛은 각각 무엇인가요?,딸기와 애플망고,포도와 딸기,애플망고와 오렌지,딸기와 바나나,a
train_2243.jpg,train/train_2243.jpg,이 가게의 간판에 적힌 문구는 무엇인가요?,Hi - Today is Sweat Day,Today is a Good Day,Welcome to Sweat Day,Sweat Day Every Day,a
train_2244.jpg,train/train_2244.jpg,이미지 속 신발 모델 이름은 무엇인가요?,Cloud 6 Geo Waterproof,Ultra Boost,Air Max 90,Gel-Kayano 27,a
train_2245.jpg,train/train_2245.jpg,다음 중 21:01에 출발하는 KTX 열차의 도착역은 어디인가요?,강릉,대전,부산,서울/행신,d
train_2246.jpg,train/train_2246.jpg,타코벨 매장 앞에 붙어 있는 할인 행사 내용은 무엇인가요?,치즈 타코 50% 할인,타코 세트 1만원 할인,음료수 무료 제공,브랜드 타코 하나 더 2+1,d
train_2248.jpg,train/train_2248.jpg,이 진열대에서 '캐치! 피규어 키링' 박스에 적힌 문구는 무엇인가요?,두근두근! 어떤 포켓몬이 나올까?,귀여운 포켓몬 친구들 만나기,포켓몬 배틀 시작!,포켓몬과 함께 모험을 떠나요!,a
train_2250.jpg,train/train_2250.jpg,사진 속 왼쪽 건물 위에 적힌 호텔 이름은 무엇인가요?,TOSEI,ラオケ きねこ,APA HOTEL,TOKYU M,c
train_2251.jpg,train/train_2251.jpg,이 건물의 상호명은 무엇인가요?,하나은행,농협중앙회,농업종합유통센터,하나로마트,d
train_2252.jpg,train/train_2252.jpg,이 사진에 적힌 메뉴 중 '밥'은 몇 번 반복되어 있나요?,7번,5번,8번,6번,a
train_2253.jpg,train/train_2253.jpg,사진 속에서 '대추차' 제품의 가격은 얼마인가요?,"8,386원","5,590원","9,086원","6,980원",a
train_2254.jpg,train/train_2254.jpg,사진 속에 보이는 '모락셀라' 제품은 어떤 용도로 사용되는 제품인가요?,세탁 세제,냄새제거 부스터,손 세정제,섬유 유연제,b
train_2256.jpg,train/train_2256.jpg,이 자동차 서비스 센터의 이름은 무엇인가요?,KIA Service Auto Q 강남점,Hyundai Service Auto Q 갈마점,KIA Service Auto X 갈마점,KIA Service Auto Q 갈마점,d
train_2257.jpg,train/train_2257.jpg,삼성전자 패밀리몰 이용을 위해 STEP 1에서 해야 하는 것은 무엇인가요?,삼성전자 패밀리몰 카카오톡 친구 추가 및 APP 설치,인증코드 입력,재학증명서 첨부,삼성전자 패밀리몰 회원가입,a
train_2258.jpg,train/train_2258.jpg,이 전광판에 표시된 다음 역 이름은 무엇인가요?,신주쿠,닛뽀리,우에노,도쿄,b
train_2259.jpg,train/train_2259.jpg,이 사진 속 간판에 적힌 공원의 이름은 무엇인가요?,서울숲공원,한강공원,남산공원,올림픽공원,d
train_2260.jpg,train/train_2260.jpg,이 카페에서 '크루아상'의 가격은 얼마인가요?,2.8,3.5,6.0,4.0,b
train_2261.jpg,train/train_2261.jpg,이 간판에 적힌 음식점 이름 중 한국어로 올바르게 적힌 것은 무엇인가요?,보테쥬우,보테규,보테쥬,보테주,c
train_2262.jpg,train/train_2262.jpg,이 시리얼 제품의 맛은 무엇인가요?,초코 바닐라,딸기 바나나,카카오 호두,사과 시나몬,c
train_2264.jpg,train/train_2264.jpg,2026년 4월 7일부터 잠실주경기장 인근에서 전면 통제되는 도로는 무엇인가요?,올림픽대로와 동부간선도로,강남대로와 테헤란로,서초대로와 반포대로,봉은교와 탄천동로,d
train_2265.jpg,train/train_2265.jpg,이 건물 간판에 적힌 장소 이름은 무엇인가요?,인천 송도 센트럴파크,부산 사직 야구장,서울 월드컵 경기장,수원 케이티 위즈 파크,d
train_2267.jpg,train/train_2267.jpg,'술스타그램' 오픈 기념 행사에서 소주 한 병의 가격은 얼마인가요?,"2,500원","3,000원","2,000원","1,500원",a
train_2268.jpg,train/train_2268.jpg,이 건물에 있는 '성림부동산'의 전화번호는 무엇인가요?,T.545-5682,T.546-0356,T.545-0022,T.545-2345,c
train_2270.jpg,train/train_2270.jpg,이 사진 속에 보이는 유명한 간판에 적힌 브랜드 이름은 무엇인가요?,Glico,Sony,Panasonic,Toyota,a
train_2271.jpg,train/train_2271.jpg,이 제품 '고구마말이 치즈닭갈비'에 대해 설명한 내용 중 올바른 것은 무엇인가요?,어린 강아지에게는 적합하지 않아요,달콤한 고구마가 고기와 같이 더해졌어요,고구마가 들어있지 않아요,매운 맛이 강한 간식이에요,b
train_2273.jpg,train/train_2273.jpg,이 사진 속 식당에서 '광어회'의 가격은 얼마인가요?,"20,000원","25,000원","15,000원","23,000원",a
train_2274.jpg,train/train_2274.jpg,이미지 속 문구에서 무엇을 하지 말라고 안내하고 있나요?,온수를 사용하세요.,이물을 버리지 마세요.,기계를 청소하세요.,물을 많이 마시세요.,b
train_2275.jpg,train/train_2275.jpg,이 건물 2층에 있는 '탕화쿵푸'는 어떤 종류의 음식을 주로 판매하나요?,한식 김치찌개 전문점,중국식 마라탕 전문점,일식 초밥 전문점,이탈리안 피자 전문점,b
train_2276.jpg,train/train_2276.jpg,이 사진에 보이는 간판에 적힌 상호명은 무엇인가요?,커피고더,고더커피,더고커피,고커피더,b
train_2277.jpg,train/train_2277.jpg,이 약국의 이름은 무엇인가요?,한방과학,편의Shop,역삼문구,수온누리약국,d
train_2278.jpg,train/train_2278.jpg,"메뉴판에 따르면, '그린티 라떼'의 최대(Max) 사이즈 가격은 얼마인가요?","5,2","6,3","6,6","5,8",c
train_2279.jpg,train/train_2279.jpg,이 건물의 이름은 무엇인가요?,광주양동시장,서울중앙시장,부산자갈치시장,예산상설시장,d
train_2280.jpg,train/train_2280.jpg,벽에 붙어 있는 안내문 중 '폐기물 처리' 서비스에 적힌 전화번호는 무엇인가요?,010-5555-5555,010-8417-6566,031-9876-5432,02-1234-5678,b
train_2281.jpg,train/train_2281.jpg,이 건물 앞에 설치된 조명간판에 적힌 문구는 무엇인가요?,RIVIAN,RBC,THE AMAZING BRENTWOOD A SHAPE CENTRE,VIPS,c
train_2282.jpg,train/train_2282.jpg,컵에 적힌 글자는 무엇인가요?,W,m,M,w,b
train_2283.jpg,train/train_2283.jpg,사진 속 문구 중에서 환영하는 대상은 누구인가요?,지하상가에 오신 분,택시 운전자,버스 승객,지하철을 이용하는 사람,a
train_2284.jpg,train/train_2284.jpg,이 쿠키 포장지에 적힌 초코칩 함유량은 얼마인가요?,초코칩 5.25% 함유,초코칩 10% 함유,초코칩 7.5% 함유,초코칩 3.69% 함유,d
train_2286.jpg,train/train_2286.jpg,이 사진 속 간판에 적힌 PC방 이름은 무엇인가요?,NUDE CASTLE,스튜디오 나무,매직 PC방,런닝맨휘트니스,c
train_2287.jpg,train/train_2287.jpg,사진 속 여성용 양말 중 2개들이 세트 가격은 얼마인가요?,"3,900원","4,800원","5,500원","5,900원",d
train_2289.jpg,train/train_2289.jpg,이 문구가 적힌 장소는 어디인가요?,검사실,일반 진료실,약국,응급의료센터,d
train_2290.jpg,train/train_2290.jpg,이 사진 속 주차장 표지판에 적힌 문구는 무엇인가요?,5지구 무료 주차장 이용불가,5지구 유료 주차장 이용불가,5지구 유료 주차장,5지구 무료 주차장,c
train_2291.jpg,train/train_2291.jpg,이 이미지 속에 적힌 문구는 무엇인가요?,추억 속의 한 장면,깊게 각인된 잊혀진 시간,행복한 기억 모음,다음 단계로 이동,b
train_2292.jpg,train/train_2292.jpg,사진 속 '뉴욕 치즈케이크 초코볼' 제품에는 몇 개입이 적혀 있나요?,10개입,6개입,4개입,8개입,b
train_2293.jpg,train/train_2293.jpg,이 건물에 입점해 있는 업종이 아닌 것은 무엇인가요?,뷔페 웨딩홀,노래타운,커피숍,M BAR,c
train_2294.jpg,train/train_2294.jpg,사진 속에서 '버터향에 이슬' 소주 한 병의 가격은 얼마인가요?,"2,000원","1,800원","1,900원","3,600원",a
train_2298.jpg,train/train_2298.jpg,사진 속 노란색 바닥 표시문구에서 경고하는 내용은 무엇인가요?,승강장 미끄럼 주의!,열차 문 닫힘 주의!,열차와 승강장 사이 틈 빠짐 주의!,승강장 안전선 넘지 말 것!,c
train_2299.jpg,train/train_2299.jpg,유성구종합사회복지관은 몇 미터 떨어져 있나요?,400m,100m,200m,300m,d
train_2300.jpg,train/train_2300.jpg,사진 속 '가나 마일드 초콜릿' 포장지에 적힌 초콜릿의 무게와 칼로리는 각각 얼마인가요?,"50g, 250kcal","40g, 210kcal","34g, 190kcal","30g, 180kcal",c
train_2301.jpg,train/train_2301.jpg,이미지에 보이는 음료 캔의 브랜드 이름은 무엇인가요?,Ghana 초콜릿,Chana 초콜릿,Chana,Ghana,d
train_2302.jpg,train/train_2302.jpg,이 사진에 보이는 식당 간판의 이름은 무엇인가요?,일반음식점,진로집,두부두루치기,향토음식점,b
train_2303.jpg,train/train_2303.jpg,이 간판에서 제공하는 서비스는 무엇인가요?,눈썹 문신 새로 하기,눈썹 문신 색상 변경,기존 눈썹 문신 수정 및 지우기,눈썹 문신 제거만,c
train_2304.jpg,train/train_2304.jpg,이미지에 나온 향후 방향성 중 'No-code Agent Builder'에 대한 설명으로 옳은 것은 무엇인가요?,각 도메인 전문가가 직접 생성하고 등록,Agent가 먼저 인지하고 스스로 초동 분석,시스템 이벤트가 에이전트를 자동 트리거하는 구조,처리 기록을 Memory에 축적 평가로 품질 측정,a
train_2305.jpg,train/train_2305.jpg,이 건물에서 3층에 위치한 기관은 무엇인가요?,CURE PILATES,필라테스 아카데미,한국인재교육원 행정실,트레이닝 아카데미,d
train_2306.jpg,train/train_2306.jpg,적층형 수납 박스의 가격은 얼마인가요?,"\8,000","\3,000","\5,000","\10,000",c
train_2307.jpg,train/train_2307.jpg,이 건물 2층에 위치한 병원의 진료과목으로 올바른 것은 무엇인가요?,"치과, 피부과, 소아과","내과, 치과, 정신과","정형외과, 피부과, 내과","내과, 정형외과, 신경외과",d
train_2308.jpg,train/train_2308.jpg,이 사진에 적힌 일본어 텍스트 '大阪の自然誌'의 의미는 무엇인가요?,오사카의 자연사,도쿄의 역사,후쿠오카의 동물원,교토의 박물관,a
train_2309.jpg,train/train_2309.jpg,이 건물 입구에 있는 상호명은 무엇인가요?,LOTTE Mart,Home Plus,E-Mart,Costco,a
train_2310.jpg,train/train_2310.jpg,이 거리에서 보이는 간판 중 '좋은친구'는 어떤 업종과 관련된 곳인가요?,커피숍,미용실,호프(HOF) 주점,식당,c
train_2312.jpg,train/train_2312.jpg,"이 X-Ray실 앞에 붙어 있는 안내문에 따르면, X-RAY 촬영을 위해 어떻게 해야 하나요?",앞에서 대기하세요.,손을 소독하세요.,신분증을 제시하세요.,마스크를 착용하세요.,a
train_2313.jpg,train/train_2313.jpg,사진 속 과자 봉지에 적힌 내용 중 맞는 것은 무엇인가요?,감자칩 30g,2등 생감자칩,1등 생감자칩,감자칩 120g,c
train_2315.jpg,train/train_2315.jpg,이 이미지에 보이는 빨간색 보관함에는 무엇이 보관되어 있나요?,청소도구,화재대피용품,응급처치용품,비상식량,b
train_2316.jpg,train/train_2316.jpg,이디야 스페셜 모카블렌드 커피믹스 한 박스에 들어있는 스틱 수는 몇 개인가요?,20개,15개,10개,25개,a
train_2317.jpg,train/train_2317.jpg,다음 중 '상무지구 시청' 방향으로 가려면 어느 방향으로 가야 하나요?,유턴,직진,오른쪽,왼쪽,d
train_2318.jpg,train/train_2318.jpg,이 사진 속 간판과 문에 적힌 커피 브랜드 이름은 무엇인가요?,스타벅스,더벤티 커피,카페베네,커피빈,b
train_2319.jpg,train/train_2319.jpg,사진 속 건물에 적혀 있는 '치과'라는 글자는 무엇을 의미하나요?,치과 병원,치과 관련 상품 판매점,치킨 가게,치과 재료 제조업체,a
train_2320.jpg,train/train_2320.jpg,사진 속 손에 들린 종이에 적힌 문구는 무엇인가요?,여기 너희를 위해 반짝이는 보랏빛을 봐,입장권은 반드시 소지해주세요,모든 좌석은 금연 구역입니다,오늘 공연은 저녁 7시에 시작합니다,a
train_2321.jpg,train/train_2321.jpg,이 표지판에 적힌 숫자는 무엇입니까?,ON DECK 4,ON DECK 3,ON DECK 1,ON DECK 2,c
train_2322.jpg,train/train_2322.jpg,이 사진에서 초록색 간판에 적힌 가게 이름은 무엇인가요?,시온교회,우분투북스,아시아마트,쏘뷰티쌀롱,b
train_2323.jpg,train/train_2323.jpg,이 이미지에 보이는 종이봉투에 적힌 문구는 무엇인가요?,BEST Bakery,YOUR Bakery,OUR Bakery Shop,OUR Bakery,d
train_2324.jpg,train/train_2324.jpg,이 가게의 간판에 적힌 상호명은 무엇인가요?,All'Antico Vinaio,Firenze Pizzeria,Vinoteca Firenze,Antico Caff?,a
train_2325.jpg,train/train_2325.jpg,이 매장에서 판매하는 '호두과자' 400g의 가격은 얼마인가요?,"3,500원","7,000원","6,000원","3,000원",c
train_2326.jpg,train/train_2326.jpg,이 건물에 적혀 있는 문구 중 '모두의 예술이' 다음에 오는 문장은 무엇인가요?,즐거운 예술로,친절한 문화로,찬란한 문화로,아름다운 자연과,c
train_2328.jpg,train/train_2328.jpg,올바른속내과의 위치는 몇 층인가요?,3층,2층,4층,1층,a
train_2330.jpg,train/train_2330.jpg,이 제품의 가격은 얼마인가요?,"\5,000","\2,000","\1,000","\3,000",b
train_2331.jpg,train/train_2331.jpg,이 간판에 적힌 가게 이름은 무엇인가요?,텐동,온센,카페,천정,b
train_2332.jpg,train/train_2332.jpg,사진 속 텀블러 브랜드 중 'STANLEY'와 협업하여 나온 브랜드는 무엇인가요?,DUNKIN',TWG,STARBUCKS,TULLY'S COFFEE,c
train_2333.jpg,train/train_2333.jpg,이 가게의 이월상품 특가전에서 사용할 수 있는 결제 수단은 무엇인가요?,"구미사랑, 온누리상품권, 상생페이백 사용 가능",모든 결제 수단 불가,신용카드만 사용 가능,현금만 사용 가능,a
train_2334.jpg,train/train_2334.jpg,이 식당 메뉴판에서 '鐵板豆腐'의 가격은 얼마인가요?,70,60,50,110,b
train_2335.jpg,train/train_2335.jpg,이 도로 표지판에 적힌 '사당역' 방향으로 가려면 어떤 도로 번호를 따라가야 하나요?,1,101,92,31,c
train_2336.jpg,train/train_2336.jpg,사진 속 간판에 적힌 세차장 이름은 무엇인가요?,신속완벽 세차장,깨끗한 손 세차,빠른 자동 세차,최신필름식 명품세차,d
train_2338.jpg,train/train_2338.jpg,마리골드의 컵팥빙수 가격은 얼마인가요?,"3,000원","5,000원","4,000원","2,500원",c
train_2339.jpg,train/train_2339.jpg,사진 속 책의 제목 중 '2027 마더텅 수능기출문제집' 시리즈에 포함되지 않은 과목은 무엇인가요?,생활과 윤리,과학 탐구,국어 문학,영어 독해,b
train_2340.jpg,train/train_2340.jpg,가게의 네온사인에 적힌 문구는 무엇인가요?,휴무 안내입니다,영업 중입니다,여름 영업 안내,여름 휴무 안내,b
train_2341.jpg,train/train_2341.jpg,사진 속 빨간색 원형 도로 표지판에 적힌 문구는 무엇인가요?,주차금지,통행금지,진입금지,속도제한,c
train_2342.jpg,train/train_2342.jpg,이 맥주 캔의 용량은 얼마인가요?,500ml,330ml,1L,750ml,a
train_2343.jpg,train/train_2343.jpg,이 사진에 있는 빵집의 전문 품목은 무엇인가요?,케이크와 쿠키,샌드위치와 커피,피자와 파스타,식빵과 도넛,d
train_2344.jpg,train/train_2344.jpg,'CREAKETER' 동아리 모집 기간은 언제인가요?,07.15 - 08.15,08.03 - 08.21,08.10 - 08.25,09.01 - 09.30,b
train_2345.jpg,train/train_2345.jpg,병에 적힌 문구는 무엇인가요?,감사합니다,행복한 하루 되세요,사랑합니다,우리의 영원한 첫사랑 누구보다 큰 사랑에 조금이나마 보답할 수 있기를,d
train_2346.jpg,train/train_2346.jpg,이 정류장의 이름은 무엇인가요?,서초구청,신반포로,반포역,고속버스터미널,c
train_2347.jpg,train/train_2347.jpg,이 건물 2층에 있는 코인노래방을 이용하면 어떤 혜택이 있나요?,본 건물 시설 이용시 2곡 더 준다,할인 쿠폰 제공,1시간 무료 이용,무료 음료 제공,a
train_2348.jpg,train/train_2348.jpg,사진 속 간판 중 전화번호가 472*3660인 곳은 어디인가요?,하미 에스테틱,대구리 족발 보쌈,재즈 노래타운,인동 꽃집,d
train_2349.jpg,train/train_2349.jpg,사진 속 365 다가온의원이 위치한 층은 어디인가요?,4층,3층,2층,1층,b
train_2350.jpg,train/train_2350.jpg,이 건물의 1층에 있는 편의점은 어떤 브랜드인가요?,GS25,7-Eleven,Ministop,CU,d
train_2351.jpg,train/train_2351.jpg,이 영화 티켓에 적힌 영화 제목은 무엇인가요?,라이온 킹,주토피아 2(2D 더빙),어벤져스: 엔드게임,겨울왕국 3,b
train_2352.jpg,train/train_2352.jpg,이 가게의 영업 시작 시간은 언제인가요?,오후 12시,오전 9시,오후 1시,오전 10시,d
train_2353.jpg,train/train_2353.jpg,16기 1학기 8월 중식시간 안내에 따르면 5층의 중식시간은 언제인가요?,13:00 ~ 14:00,12:15 ~ 13:15,12:00 ~ 13:00,12:30 ~ 13:30,b
train_2354.jpg,train/train_2354.jpg,이 가게의 상호명은 무엇인가요?,찬앤찬 닭갈비,찬앤찬 곱창,찬앤찬 삼겹살,찬앤찬 막창,d
train_2355.jpg,train/train_2355.jpg,이 이미지에 보이는 'best sleep'이라는 문구가 적힌 물건은 무엇인가요?,책,가방,파우치,컵,c
train_2357.jpg,train/train_2357.jpg,'수학의 문' 학원에서 제공하지 않는 교육 과정은 무엇인가요?,수준 높은 개별 관리,초중고 대 코딩 전문 교육,중고등 수능 대비,초중고 내신 전문,b
train_2358.jpg,train/train_2358.jpg,사진 속 용기에 적힌 내용 중 고춧가루가 적힌 용기는 어떤 용기인가요?,뚜껑이 있는 작은 항아리 모양 용기,뚜껑이 없는 컵,뚜껑이 있는 네모난 상자,뚜껑이 없는 넓은 접시,a
train_2359.jpg,train/train_2359.jpg,사진 속 카드 중 '블랙 매지션 걸' 카드의 공격력(ATK)은 얼마인가요?,ATK 1500,ATK 2000,ATK 3000,ATK 2500,b
train_2360.jpg,train/train_2360.jpg,이 커피 자판기에서 제공하는 커피 종류는 무엇인가요?,디카페인,카페라떼,에스프레소,아메리카노,a
train_2362.jpg,train/train_2362.jpg,이 병원의 진료 과목에 포함되지 않은 것은 무엇인가요?,정형외과,치과,재활의학과,신경외과,b
train_2363.jpg,train/train_2363.jpg,이 리프트 탑승 시 주의해야 할 사항은 무엇인가요?,탑승 시 음식물 섭취를 금지합니다.,탑승 중 의자를 흔들지 마십시오.,탑승 전에 안전모를 착용하십시오.,탑승 중 휴대폰 사용을 금지합니다.,b
train_2365.jpg,train/train_2365.jpg,냉장고 안에 보이는 음료수 중 '아이시스' 생수의 pH 수치는 얼마인가요?,7.0,8.0,6.5,9.0,b
train_2367.jpg,train/train_2367.jpg,이미지에 따르면 초록색은 어떤 의미를 가지고 있나요?,사랑과 열정을 상징하는 색,슬픔과 우울을 나타내는 색,식물과 자연을 표현하고 집 밖을 상징하는 중요한 색,경고와 주의를 의미하는 색,c
train_2368.jpg,train/train_2368.jpg,이 장소에서 임대 문의 가능한 업종으로 옳은 것은 무엇인가요?,"의류점, 미용실, 학원","카페, 음식점, 서점","세탁소, 여행사, 보험사","병원, 약국, 편의점",c
train_2369.jpg,train/train_2369.jpg,사진 속 파란색 버스에 적힌 노선 번호는 무엇인가요?,16,62,341,26,c
train_2370.jpg,train/train_2370.jpg,이 지도는 어느 테마파크의 안내도인가요?,Disneyland,Everland,Lotte World,VinWonders Nha Trang,d
train_2371.jpg,train/train_2371.jpg,벽화에 그려진 가게 이름 중 'SAM WON' 옆에 적힌 숫자는 무엇인가요?,57,500,2021,805,c
train_2372.jpg,train/train_2372.jpg,이 건물 4층에 있는 곳은 무엇인가요?,약국,장영석 치과,미라클 피부 미용 화상 비뇨기과,ANN 뷰티아트센터,c
train_2373.jpg,train/train_2373.jpg,다음 중 사진 속 안내문에 적힌 영업 시작일은 언제인가요?,4월 30일,6월 1일,5월 1일,5월 24일,d
train_2374.jpg,train/train_2374.jpg,이 식당의 영업시간은 언제부터 언제까지인가요?,오전 11시부터 오후 9시 30분까지,오전 10시부터 오후 10시까지,오전 9시부터 오후 8시까지,오전 12시부터 오후 10시까지,a
train_2375.jpg,train/train_2375.jpg,이 지하철역 안내판에서 '뉴코아아울렛'으로 가려면 어느 번호 출구로 나가야 하나요?,1번 출구,3번 출구,2번 출구,4번 출구,c
train_2376.jpg,train/train_2376.jpg,이 주차장의 평일 운영 시간은 언제부터 언제까지인가요?,토요일 07:00 ~ 17:00,평일 06:00 ~ 22:00,평일 07:00 ~ 17:00,토요일 06:00 ~ 22:00,b
train_2377.jpg,train/train_2377.jpg,이 사진 속 간판에 적힌 상호명은 무엇인가요?,신세계백화점,삼성전자,도레미 레코드,롯데마트,c
train_2378.jpg,train/train_2378.jpg,이 장소에 놓여진 사료의 주된 목적은 무엇인가요?,고양이들이 도망가지 않도록 하기 위해서,사람들이 고양이와 가까워지지 못하게 하기 위해서,아이들이 고양이를 잡아가지 않도록 하기 위해서,길고양이들이 편하게 쉬고 약을 먹을 수 있도록 하기 위해서,d
train_2379.jpg,train/train_2379.jpg,'로앤 산부인과 건대점'의 진료 시간이 아닌 것은 무엇인가요?,토요일 AM 10:00 - PM 06:00,평일 AM 10:00 - PM 09:00,일요일 AM 10:00 - PM 03:00,공휴일 AM 10:00 - PM 03:00,c
train_2380.jpg,train/train_2380.jpg,이 차량 내비게이션 화면에 표시된 도로 이름은 무엇인가요?,서동구 유성대로,유성구 서동대로,동서구 유성대로,유성구 동서대로,d
train_2381.jpg,train/train_2381.jpg,이 상자에 적힌 캠페인 이름은 무엇인가요?,함께 성장 캠페인,SSAFY TOGETHER,나아가기 캠페인,성장하는 우리,b
train_2382.jpg,train/train_2382.jpg,싸트너십(SSARTNERSHIP) 제휴 플랫폼을 통해 SSAFY 구성원들이 할 수 없는 것은 무엇인가요?,카테고리별 탐색,온라인 매장 인증 없이 구매,SSAFY 인증 후 이용,캠퍼스별 혜택 확인,b
train_2384.jpg,train/train_2384.jpg,포스터에 나온 '초당옥수수 프라페'는 어떤 음료인가요?,초당옥수수 프라페,치즈케이크 딸기요거트 크레페,복숭아 요거트 스무디,포도딸기 젤리 크러쉬,a
train_2385.jpg,train/train_2385.jpg,이 사진에 보이는 피자 박스에 적힌 브랜드 이름은 무엇인가요?,맛있는피자,이재모Pizza,피자킹,서울피자,b
train_2386.jpg,train/train_2386.jpg,사진 속 빨간색 표지판에 적힌 문구는 무엇인가요?,에스원,CCTV 설치,경비 안내,보안 경비,a
train_2387.jpg,train/train_2387.jpg,이 가게들 중에서 '장판'을 전문으로 하는 곳의 전화번호는 무엇인가요?,010-1234-5678,311-3066,010-3598-0079,322-1126,c
train_2388.jpg,train/train_2388.jpg,이 영화 광고에서 '스파이더맨' 영화가 상영되는 날짜는 언제인가요?,6월 30일,9월 1일,7월 29일,8월 15일,c
train_2389.jpg,train/train_2389.jpg,이 사진 속 빨간색 표지판에 적힌 문구는 무엇인가요?,주차금지,보행자전용,차량통제,출입금지,a
train_2390.jpg,train/train_2390.jpg,이 사진 속 건물에 적힌 글자는 무엇인가요?,더샵 중앙로역 센터폴,중앙로 더샵 센터폴,중앙역 더샵 로센터폴,더샵 중앙역 로센터폴,a
train_2391.jpg,train/train_2391.jpg,이 공연장에서 보이는 무대 위 조명이 어떤 색인가요?,보라색,파란색,초록색,빨간색,a
train_2393.jpg,train/train_2393.jpg,이 승강장 표지판에 표시된 노선 중에 포함되지 않은 도시는 어디인가요?,목포,진주,부산,서울,d
train_2394.jpg,train/train_2394.jpg,"사진 속 3분 카레 제품 중 가격이 1,500원으로 행사 중인 카레는 무엇인가요?",3분 하이라이스,"3분 쇠고기 카레, 짜장",3분 쇠고기 짜장,3분 카레,b
train_2395.jpg,train/train_2395.jpg,이 제품의 용량은 얼마인가요?,350ml,500ml,709ml,1L,c
train_2396.jpg,train/train_2396.jpg,이 아이스크림 가게에서 '쿠키' 아이스크림 콘의 가격은 얼마인가요?,"4,500원","5,500원","4,000원","5,000원",d
train_2397.jpg,train/train_2397.jpg,이 위스키 병에 적힌 숙성 연수는 얼마인가요?,12년,30년,25년,18년,b
train_2398.jpg,train/train_2398.jpg,'코드코인 노래연습장'의 영업 시작 시간은 몇 시인가요?,오후 1시,오전 10시,오후 12시,오전 11시,c
train_2399.jpg,train/train_2399.jpg,이 출입문 앞에 설치된 안내문에 따르면 어떤 출입문을 이용해야 하나요?,정문 출입문,후문 출입문,비상 출입문,옆문 출입문,a
train_2400.jpg,train/train_2400.jpg,이 건물에 적힌 간판 중 '새명'과 관련된 업종은 무엇인가요?,커피숍,성형외과,약국,법무법인,d
train_2401.jpg,train/train_2401.jpg,이 편의점의 상호명은 무엇인가요?,7-ELEVEN,이마트24,GS25,CU,a
train_2402.jpg,train/train_2402.jpg,이 가게 간판에 적힌 글자는 무엇인가요?,국수,피자,베이커리,커피,a
train_2403.jpg,train/train_2403.jpg,이 사진 속 가게 간판에 적힌 전문 음식은 무엇인가요?,떡볶이 전문점,치즈피자 전문점,미용 재료 전문점,꼬막 요리 전문점,d
train_2404.jpg,train/train_2404.jpg,베트남 쌀국수 메뉴에서 소고기 쌀국수의 가격은 얼마인가요?,"6,000원","4,500원","7,500원","5,000원",d
train_2405.jpg,train/train_2405.jpg,이 건물 외벽에 적힌 문구 중에서 '꿈이 모이는 도시'라는 표현과 함께 어떤 지역명을 언급하고 있나요?,명동,이태원,강남,홍대,c
train_2406.jpg,train/train_2406.jpg,이 사진에 보이는 부동산 가게 이름은 무엇인가요?,강북 이진 탑 공인중개사 사무소,설동도 헤어숍,무영영어,이진캐스빌 부동산,d
train_2408.jpg,train/train_2408.jpg,이 식당 간판에 적힌 영업 시간은 어떻게 되어 있나요?,오후 5시부터 새벽 2시까지,오전 9시부터 오후 9시까지,주말만 영업,24시간 영업,d
train_2409.jpg,train/train_2409.jpg,이 건물에 있는 약국의 이름은 무엇인가요?,에스약국,황제사 황제해독,마음 클리닉,하니재가노인센터,a
train_2410.jpg,train/train_2410.jpg,이 가게의 여름휴가 기간은 언제인가요?,8월 15일 ~ 19일,8월 10일 ~ 14일,8월 1일 ~ 5일,7월 30일 ~ 8월 3일,b
train_2413.jpg,train/train_2413.jpg,이 병원에서 제공하지 않는 진료 과목은 무엇인가요?,관절클리닉,척추클리닉,통증클리닉,안과,d
train_2414.jpg,train/train_2414.jpg,빨간색 봉지에 들어있는 '빼빼포' 어체 과자의 가격은 얼마인가요?,"2,000원","1,000원",800원,"1,500원",b
train_2415.jpg,train/train_2415.jpg,사진 속 파란색 간판에 적힌 'SSAFY'의 뜻은 무엇인가요?,Samsung SW AI Academy For Youth,Samsung Software Advanced Future Yards,Seoul Software Advanced Facility for Youth,Smart System AI Foundation for Young,a
train_2416.jpg,train/train_2416.jpg,이 제품의 이름은 무엇인가요?,Gillette Cool Wave,Gillette Power Boost,Gillette Fusion ProGlide Sensitive,Gillette Classic,c
train_2417.jpg,train/train_2417.jpg,이 식당의 이름은 무엇인가요?,도쿄식당,동경밥상,동경식당,도쿄밥상,b
train_2418.jpg,train/train_2418.jpg,이 부동산 사무소의 전화번호는 무엇인가요?,010-3411-6189,031-555-1234,010-9876-5432,02-1234-5678,a
train_2419.jpg,train/train_2419.jpg,이 간판에 소개된 메뉴 중 '쫀득한 떡볶과 매콤한 국물이 어우러진 떡볶이'는 무엇인가요?,만쭈,청춘우동,국물떡볶이,청춘김밥,c
train_2420.jpg,train/train_2420.jpg,이 가게의 이름은 무엇인가요?,금미품,돈미풍,돈미품,돈미품식당,c
train_2422.jpg,train/train_2422.jpg,이 커피 자판기에서 '아메리카노 L 사이즈'의 용량은 얼마인가요?,465ml,60ml,500ml,245ml,d
train_2423.jpg,train/train_2423.jpg,다음 중 시에서 말하는 '기적'에 가장 가까운 의미는 무엇인가요?,수많은 사람들 중에서 인연을 맺는 희박한 확률,행운을 가져다주는 물건,매일 반복되는 일상,하늘에서 내리는 비,a
train_2424.jpg,train/train_2424.jpg,이 제품의 모델명과 저장 용량은 무엇인가요?,GALAXY S25 PLUS / 512GB,GALAXY S25 PLUS / 256GB,GALAXY S22 PLUS / 256GB,GALAXY S23 PLUS / 128GB,b
train_2425.jpg,train/train_2425.jpg,오른쪽 노란색 안내문에 적힌 주의사항은 무엇인가요?,넘어짐 주의,오토바이 통행 시 사람과 충돌 주의,미끄럼 주의,자전거 통행 주의,b
train_2426.jpg,train/train_2426.jpg,"교통안내 표지판에 따르면, 공사 구간은 전방 몇 미터에 있나요?",400m,100m,200m,300m,c
train_2427.jpg,train/train_2427.jpg,이 사진에서 보이는 간판에 적힌 음식점 이름은 무엇인가요?,네비게이션 임플란트,bana COFFEE,된장찌개,나주곰탕,d
train_2428.jpg,train/train_2428.jpg,이 초콜릿 제품의 특징으로 올바른 것은 무엇인가요?,SEA SALT가 첨가된 다크 초콜릿,카라멜 맛이 나는 화이트 초콜릿,견과류가 들어간 다크 초콜릿,우유가 들어간 밀크 초콜릿,a
train_2429.jpg,train/train_2429.jpg,이 건물에 위치한 병원 중 2층에 있는 곳은 어디인가요?,선한목자병원,노박치과,유안과,더맑은 신경정신과,a
train_2430.jpg,train/train_2430.jpg,이미지 속 파이썬 코드에서 'answer' 변수에 더해지는 값은 무엇인가요?,N의 절반 값,tc 변수의 값,crops[r][c]의 정수형 값,mid 변수의 값,c
train_2431.jpg,train/train_2431.jpg,이 건물에 있는 스핀 볼링장은 몇 층에 위치해 있나요?,6층,4층,5층,3층,c
train_2432.jpg,train/train_2432.jpg,이 건물에 입점해 있지 않은 곳은 어디인가요?,해아림 한의원,다이소,리라 의원,스타벅스,d
train_2433.jpg,train/train_2433.jpg,이 사진에 보이는 큰 초록색 표지판에는 어떤 부대 이름이 적혀 있나요?,제55보병사단,제54기계화사단,제56보병사단,제55기계화사단,a
train_2434.jpg,train/train_2434.jpg,이 사진 속 빨간색 표지판에 적힌 문구는 무엇인가요?,쓰레기투기금지,주차금지,출입금지,금연구역,b
train_2435.jpg,train/train_2435.jpg,이 지하철역에서 1호선과 2호선을 갈아타려면 어느 방향으로 가야 하나요?,뒤로 돌아감,오른쪽,왼쪽,직진,c
train_2436.jpg,train/train_2436.jpg,이 장소의 상호명은 무엇인가요?,Ocean World Cafe,Aqua Home,AQUAGARDEN Cafe & Aquarium,Fish Paradise,c
train_2437.jpg,train/train_2437.jpg,다음 중 이미지에 보이는 천의 색상 이름으로 올바른 것은 무엇인가요?,딥 블루 (Deep Blue),로즈 핑크 (Rose Pink),스카이 블루 (Sky Blue),선샤인 옐로우 (Sunshine Yellow),c
train_2438.jpg,train/train_2438.jpg,이 이미지에 보이는 컵라면 브랜드는 무엇인가요?,삼양라면,진라면,팔도비빔면,신라면,b
train_2439.jpg,train/train_2439.jpg,이 제품 박스에 적힌 렌즈의 초점 거리와 조리개 값은 무엇인가요?,FE 35mm F2.8,FE 55mm F1.8,FE 85mm F1.4,FE 24mm F1.8,b
train_2440.jpg,train/train_2440.jpg,벽에 적혀 있는 글자는 무엇인가요?,MES QUE UN HOTEL,MES QUE UN BAR,MES QUE UN CLUB,MES QUE UN CAFE,c
train_2441.jpg,train/train_2441.jpg,이 건물 간판에 적힌 음식점 이름은 무엇인가요?,서울 떡볶이,밴 수제돈까스 & 삼겹살,맛있는 김밥집,홍길동 치킨 & 피자,b
train_2442.jpg,train/train_2442.jpg,이 자판기에서 음료수를 사려면 얼마를 내야 하나요?,150엔,50엔,100엔,200엔,c
train_2443.jpg,train/train_2443.jpg,다음 중 이 이미지에 적힌 문구가 아닌 것은 무엇인가요?,주차 가능 구역,비상송수관 앞 주차금지,8만원 즉시 과태료 구간,송수해용 압력범위,a
train_2444.jpg,train/train_2444.jpg,이 행사 이름은 무엇인가요?,Summer Beach Festival,Water Music Pool Party,Ocean Dance Night,Blue Wave Concert,b
train_2446.jpg,train/train_2446.jpg,이 음식점에서 돼지 주물럭의 가격은 얼마인가요?,"10,000원","13,000원","9,000원","15,000원",a
train_2447.jpg,train/train_2447.jpg,이 가게 '솜씨방'에서 제공하는 서비스가 아닌 것은 무엇인가요?,모피 수선,가죽 수선,양장 수선,전자제품 수리,d
train_2448.jpg,train/train_2448.jpg,책꽂이에 꽂힌 책 중에서 '모비 딕(Moby Dick)'의 저자는 누구인가요?,어니스트 헤밍웨이,마크 트웨인,헤르만 멜빌,J.K. 롤링,c
train_2449.jpg,train/train_2449.jpg,건물에 적혀 있는 '장림어촌계'는 어떤 지역과 관련이 있나요?,인천시수협,서울시수협,부산시수협,대구시수협,c
train_2450.jpg,train/train_2450.jpg,사진 속 간판에 적힌 전화번호는 무엇인가요?,010.5555.6666,010.1234.5678,010.8996.3029,010.9876.5432,c
train_2451.jpg,train/train_2451.jpg,이 건물의 이름은 무엇인가요?,원룸투룸임대,삼성그린빌,조아부동산,체형교정사,b
train_2452.jpg,train/train_2452.jpg,제주 필리 포크 바게뜨 샌드위치의 스파이시 맛은 어떤 특징을 가지고 있나요?,매콤달달 스파이시,달콤짭짤 오리지널,달달한 맛만 있는,매운맛만 강한,a
train_2454.jpg,train/train_2454.jpg,사진 속 간판에 적힌 전화번호는 무엇인가요?,062) 227-2278,031) 123-4567,055) 111-2222,010) 9876-5432,a
train_2455.jpg,train/train_2455.jpg,사진에 보이는 '부자수산' 상점에서 판매하는 상품이 아닌 것은 무엇인가요?,치킨,생선구이,반건조 생선,손질장어,a
train_2456.jpg,train/train_2456.jpg,이 이미지에 있는 글귀 중 '사랑'에 대한 설명으로 옳은 것은 무엇인가요?,사랑은 '나'의 경계를 허무는 사건이다.,사랑은 결과에 대한 책임을 요구한다.,사랑은 고독에서 벗어나는 것이 아니다.,사랑은 모든 선택의 자유를 의미한다.,a
train_2457.jpg,train/train_2457.jpg,SPAO 건물 내 3층에 위치한 곳은 무엇인가요?,담앤더머 방탈출카페,데이즈,CrossFit BARO,노리터·보드게임카페3,d
train_2458.jpg,train/train_2458.jpg,샌드위치 포장지에 적힌 문구 중 올바른 것은 무엇인가요?,DAILY FRESH SANDWICH,DAILY SANDWICH FRESH,FRESH DAILY SANDWICH,FRESH SANDWICH DAILY,a
train_2459.jpg,train/train_2459.jpg,이 승강기의 운행 층은 어디인가요?,"5, 6, 7, 8층","1, 2, 3, 4층","13, 14, 15, 16층","9, 10, 11, 12층",a
train_2461.jpg,train/train_2461.jpg,이 라면 봉지에 적힌 문구 중 옳은 것은 무엇인가요?,매운 고추가 들어있음,40분간 끓여야 함,순한맛과 매운맛의 조화,닭육수로 순하고 깔끔한 맛,d
train_2463.jpg,train/train_2463.jpg,오른쪽 화면에서 10번째 프레임의 점수는 얼마인가요?,70,78,87,108,c
train_2464.jpg,train/train_2464.jpg,소화전 사용 방법 중 3번째 단계는 무엇인가요?,밸브 닫기,불 끄기,밸브 열기,호스 빼내기,b
train_2466.jpg,train/train_2466.jpg,사진 속 노란색 안내판에 적힌 문구는 무엇인가요?,흡연금지,출입금지,통행금지,주차금지,d
train_2467.jpg,train/train_2467.jpg,이 건물 2층에 입시전문 학원이란 문구와 함께 적혀 있는 전화번호는 무엇인가요?,010.5.628.3655,010.5.628.3605,010.5.628.3650,010.5.628.3600,b
train_2468.jpg,train/train_2468.jpg,이 사진 속에 보이는 케이크 접시에 적힌 글자는 무엇인가요?,HAPPY CAFE,SNOOPY HOUSE,PEANUTS CAFE,SNOOPY PLACE,d
train_2469.jpg,train/train_2469.jpg,벽에 분필로 적힌 문구는 무엇인가요?,희망과 미래,사랑과 평화,평화와 번영,행복과 건강,b
train_2470.jpg,train/train_2470.jpg,'혼잡구간' 안내문에 적힌 안전하게 이동하는 방법은 무엇인가요?,서둘러 뛰어가야 한다,빠르게 뛰어 이동하기,밀거나 뛰지 말고 질서있게 이동하기,서로 밀치며 이동하기,c
train_2471.jpg,train/train_2471.jpg,이 이미지에서 '네일샵'이라는 글자가 잘못 표기된 간판은 무엇인가요?,NAIL 0819,NAIL SALON,Sankatsu,NAIL SHOR,d
train_2472.jpg,train/train_2472.jpg,2023년 7월부터 변경된 배송료는 얼마입니까?,"1,480엔","1,500엔","1,000엔","1,320엔",a
train_2473.jpg,train/train_2473.jpg,사진 속 노란색 차단막에 적힌 문구는 무엇인가요?,주의 깊게,통행 금지,안전 제일,위험 경고,c
train_2474.jpg,train/train_2474.jpg,이 도로에 표시된 제한 속도는 얼마인가요?,40km/h,20km/h,50km/h,30km/h,d
train_2475.jpg,train/train_2475.jpg,이 가게의 이름은 무엇인가요?,SPICY CHICKEN HOUSE,DAVE'S HOT CHICKEN,HOT WINGS EXPRESS,CHICKEN KING,b
train_2476.jpg,train/train_2476.jpg,가 5호 음식부에서 판매하지 않는 품목은 무엇인가요?,한복,신발,컴퓨터,칼국수,c
train_2478.jpg,train/train_2478.jpg,사진 속 진열된 상품 중 '된장찌개용 간편 채소'의 가격은 얼마인가요?,"2,590원","1,000원","3,990원","2,990원",a
train_2479.jpg,train/train_2479.jpg,"출입문에 붙어 있는 안내문에 따르면, 어떤 문을 사용해야 하나요?",출입문을 사용하지 말아야 한다,후문 출입문을 사용해야 한다,모든 출입문을 사용할 수 있다,정문 출입문을 사용해야 한다,d
train_2480.jpg,train/train_2480.jpg,사진 속 노란색 과자 봉지에 적힌 맛은 무엇인가요?,딸기 맛,고구마 맛,패션프루트(백향과) 맛,초콜릿 맛,c
train_2481.jpg,train/train_2481.jpg,이 사진 속 상자에 적힌 문구는 무엇인가요?,손 소독제 사용,고객의 소리,음료수 자판기,주문서 작성,b
train_2482.jpg,train/train_2482.jpg,이 포스터에서 강조하는 문구는 무엇인가요?,성공을 위한 최고의 선택 삼성화재,당신에게 좋은 보험 삼성화재,오늘도 열심히 준비하는 당신이 프로!,고객을 위한 최상의 서비스,c
train_2483.jpg,train/train_2483.jpg,이 이미지에 보이는 제품 브랜드명은 무엇인가요?,rvm,rbo,rb n,rbm,d
train_2486.jpg,train/train_2486.jpg,이 노란색 안내판에 적힌 문구는 무엇인가요?,청소중,화재경보,출입금지,미끄럼주의,d
train_2487.jpg,train/train_2487.jpg,영수증에 적혀 있는 바닐라라떼 가격은 얼마인가요?,"6,000","4,500","5,500","5,000",c
train_2488.jpg,train/train_2488.jpg,2026년 비대면 주민등록 사실조사 참여 기간은 언제부터 언제까지인가요?,2026년 6월 1일 ~ 8월 31일,2026년 7월 20일 ~ 9월 7일,2026년 9월 8일 ~ 11월 9일,2026년 1월 1일 ~ 3월 31일,b
train_2489.jpg,train/train_2489.jpg,이 도로 표지판에 따르면 '창동문화체육센터'는 어느 방향에 있나요?,오른쪽,뒤,왼쪽,직진,a
train_2490.jpg,train/train_2490.jpg,CCTV 안내문에 따르면 CCTV는 몇 시간 동안 운영되고 있나요?,36시간,24시간,48시간,12시간,b
train_2491.jpg,train/train_2491.jpg,이 사진에 보이는 간판에 적힌 곳은 어디인가요?,Ximending Shopping District,Dongmen Market,Shilin Night Market,Raohe St. Night Market,d
train_2492.jpg,train/train_2492.jpg,이 건물의 이름은 무엇인가요?,제2공학관,제3공학관,제1공학관,제4공학관,d
train_2493.jpg,train/train_2493.jpg,IBK기업은행 캠퍼스리크루팅은 어느 대학에서 진행되나요?,서울대학교,연세대학교,전북대학교,고려대학교,c
train_2494.jpg,train/train_2494.jpg,사진 속 '곰 항균 행주' 제품에 적힌 설명 중 올바른 것은 무엇인가요?,부드러운 천연라텍스 재질로 제작됐습니다,세탁 후에도 변형이 없습니다,길이가 길어 더 편리합니다,건조 속도가 빨라 더 위생적입니다,d
train_2495.jpg,train/train_2495.jpg,이 안내판에 적힌 '미끄럼주의'의 영어 번역은 무엇인가요?,CAUTION WET FLOOR,FLOOR CLEANING IN PROGRESS,SLIPPERY WHEN WET,WATCH YOUR STEP,a
train_2496.jpg,train/train_2496.jpg,이 주유소에서 주유 거래 시 주차 자리에 대해 어떤 안내를 하고 있나요?,주차 금지 구역 안내,주유 후 차량 이동 금지 안내,승용차 주유거래시 주차자리 지정,화물차 주유거래시 주차자리 지정,d
train_2497.jpg,train/train_2497.jpg,이 바지의 허리 둘레는 얼마인가요?,70~75cm,98~104cm,75~81cm,80~90cm,c
train_2498.jpg,train/train_2498.jpg,사진 속 메뉴판에서 '트로피칼 아메리카노 (ICE)'의 가격은 얼마인가요?,"4,900원","3,900원","4,500원","5,900원",a
train_2499.jpg,train/train_2499.jpg,이 간판에서 제공하는 음식과 음료는 무엇인가요?,땡기면 & 땡비어,피자 & 콜라,김밥 & 떡볶이,치킨 & 맥주,a
train_2500.jpg,train/train_2500.jpg,이 가게에서 수리하지 않는 항목은 무엇인가요?,자동차 수리,조명전기,화장실 수리,문수리,a
train_2501.jpg,train/train_2501.jpg,컵에 적힌 문구는 무엇인가요?,Twyla Tharp,SEOUL BREW Since 2022 서울 브루 - 2022년,영감의 기록,THE CREATIVE HABIT 창조하는 습관,b
train_2502.jpg,train/train_2502.jpg,이 버스 정류장 이름은 무엇인가요?,명동역,한국자산신탁 센터필드,강남역,서울역,b
train_2504.jpg,train/train_2504.jpg,이 사진에 보이는 건물의 간판 중 '왕성철강(주)'은 어느 쪽에 위치해 있나요?,중앙 건물,왼쪽 건물,없다,오른쪽 건물,d
train_2505.jpg,train/train_2505.jpg,IPARK MALL과 PAYCO가 함께 진행하는 행사에서 10% 페이백을 받을 수 있는 기간은 언제인가요?,7월 1일 ~ 7월 31일,8월 1일 ~ 8월 31일,9월 1일 ~ 9월 30일,10월 1일 ~ 10월 31일,b
train_2506.jpg,train/train_2506.jpg,이 사진 속 푸른색 아치 구조물에 적힌 글귀 중 옳은 것은 무엇인가요?,유성 온천,서울 타워,부산 해변,제주 올레길,a
train_2507.jpg,train/train_2507.jpg,책상 위에 놓인 책 제목 중 '내가 틀릴 수도 있습니다' 책의 표지 색상은 무엇인가요?,노란색,빨간색,초록색,파란색,d
train_2509.jpg,train/train_2509.jpg,이 건물에 입주한 학원 중 '채은음악학원'의 전화번호는 무엇인가요?,010-5830-9282,032-716-6469,010-5830-9284,684-5797,d
train_2510.jpg,train/train_2510.jpg,소화전 사용법 중 두 번째 단계는 무엇인가요?,밸브 열기,밸브 닫기,불 끄기,호스 빼내기,a
train_2512.jpg,train/train_2512.jpg,이 제품은 무엇을 위한 위생장갑인가요?,실속형 HDPE 120매 위생장갑,고무장갑 50매,일회용 면장갑 30매,실리콘 소재 주방장갑,a
train_2513.jpg,train/train_2513.jpg,이 사진에 보이는 '네일' 간판에 적혀 있는 전화번호는 무엇인가요?,010-5352-4217,070-8671-4777,010-1234-5678,010-9876-5432,a
train_2516.jpg,train/train_2516.jpg,이 초콜릿의 브랜드 이름은 무엇인가요?,bon o ban,bon o bon,bon o bun,bon o bom,b
train_2517.jpg,train/train_2517.jpg,벽에 있는 두 장의 큰 포스터에 적힌 캐릭터 이름은 무엇인가요?,Bugs Bunny,Woody,Hello Kitty,Awesome Unit,a
train_2518.jpg,train/train_2518.jpg,옛날통닭 가게에서 한 마리 통닭의 가격은 얼마인가요?,"7,000원","9,000원","17,000원","12,000원",b
train_2519.jpg,train/train_2519.jpg,이 락커에서 '1-9' 번호가 붙은 락커는 어디에 위치해 있나요?,"두 번째 줄, 네 번째 칸","세 번째 줄, 두 번째 칸","첫 번째 줄, 다섯 번째 칸","두 번째 줄, 세 번째 칸",a
train_2520.jpg,train/train_2520.jpg,이 건물 벽에 붙은 노란색 안내판에 적힌 내용은 무엇인가요?,소화기 있음,출입금지,주차금지,금연구역,c
train_2521.jpg,train/train_2521.jpg,이 가게의 간판에 적힌 가게 이름은 무엇인가요?,한식뷔페,해피마트,속초종합어시장,정형외과야간진료,c
train_2523.jpg,train/train_2523.jpg,점심 회정식 할인 가격은 얼마인가요?,"35,000원","25,000원","40,000원","30,000원",a
train_2524.jpg,train/train_2524.jpg,사진 속 시계에는 몇 시 몇 분이 표시되어 있나요?,3시 14분,2시 40분,3시 40분,4시 30분,c
train_2525.jpg,train/train_2525.jpg,사진에 보이는 고양이 사료 봉투에 적힌 무게는 얼마인가요?,10KG,25KG,20KG,15KG,c
train_2526.jpg,train/train_2526.jpg,사진 속 중앙에 있는 광고판에 적힌 브랜드 이름은 무엇인가요?,Zetteria,Glico,MGM Resorts,CHIN,b
train_2528.jpg,train/train_2528.jpg,사진 속 가게 간판에 적힌 메뉴가 아닌 것은 무엇인가요?,석쇠불고기,김치찌개,등뼈,감자탕,b
train_2529.jpg,train/train_2529.jpg,이 티라미수 제품의 칼로리는 얼마인가요?,437 kcal,500 kcal,300 kcal,130 kcal,a
train_2531.jpg,train/train_2531.jpg,이 돌기둥에 적힌 글자는 무엇을 의미하나요?,버스 정류장,택시 승강장,주차장 입구,도시철도 입구,d
train_2532.jpg,train/train_2532.jpg,이 현수막에서 모집하고 있는 참가자는 무엇과 관련된 참가자입니까?,음악회 참가자,체육대회 참가자,축제 참가자,MD상담회 참가자,d
train_2533.jpg,train/train_2533.jpg,사진 속 간판에 적힌 전화번호의 앞 세 자리는 무엇인가요?,031,070,010,042,c
train_2534.jpg,train/train_2534.jpg,이 건물에 붙어 있는 간판 중 편의점의 이름은 무엇인가요?,이마트24,세븐일레븐,CU,GS25,d
train_2536.jpg,train/train_2536.jpg,아래 제품 중 '센카 퍼펙트 휩'과 관련된 문구로 올바른 것은 무엇인가요?,어성초 듬뿍 딥 클렌징,피지 모공 더블 클렌징,더 포뮬러 고보습 폼,퍼펙트 휩 스피디,d
train_2537.jpg,train/train_2537.jpg,사진 속 음료수 병에 적힌 제품명은 무엇인가요?,레몬에이드,그린티,오렌지주스,블랙보리,d
train_2538.jpg,train/train_2538.jpg,사진 속 가게 '수빈'의 전화번호는 무엇인가요?,033-642-5159,033-648-6068,033-648-5159,031-3569,b
train_2540.jpg,train/train_2540.jpg,이 사진에 보이는 편의점의 이름은 무엇인가요?,GS25,7-Eleven,이마트24,CU,a
train_2541.jpg,train/train_2541.jpg,이 표지판에 적힌 '식당 출구' 표시는 어느 방향을 가리키고 있나요?,위쪽,아래쪽,오른쪽,왼쪽,d
train_2542.jpg,train/train_2542.jpg,이 건물에 있는 '무키무키 키즈카페'는 어느 층에 위치해 있나요?,3층,1층,2층,4층,a
train_2543.jpg,train/train_2543.jpg,이 사물함 중 번호가 4-37인 사물함은 어디에 위치해 있나요?,오른쪽 위,오른쪽 아래,왼쪽 아래,왼쪽 위,b
train_2546.jpg,train/train_2546.jpg,이 자동차 번호판에 적힌 번호는 무엇인가요?,34다 9012,09하 4657,12나 5678,09가 1234,b
train_2548.jpg,train/train_2548.jpg,다음 중 사진에 보이는 식당 이름이 아닌 것은 무엇인가요?,길봉식당,제일장어,대양식당,삼거리식당,c
train_2549.jpg,train/train_2549.jpg,사진 속 음료와 디저트에 적힌 브랜드 이름은 무엇인가요?,earth 15,earth 16,earth 18,earth 17,d
train_2552.jpg,train/train_2552.jpg,이 부동산 매물 중에서 '물건 접수 상담문의'가 적혀 있는 항목은 무엇인가요?,월세 단독주택 1천/40,매매 래미안장전 9억6천,매매 임대 물건 접수 상담문의,매매 래미안장전 9억4천,c
train_2553.jpg,train/train_2553.jpg,이 사진에 보이는 버스에 적힌 회사 이름은 무엇인가요?,예향고속관광,한양고속관광,서울고속관광,대한고속관광,a
train_2554.jpg,train/train_2554.jpg,이 약국의 이름은 무엇인가요?,봉천새약국,봉천온누리약국,봉천행복약국,온누리건강원,b
train_2555.jpg,train/train_2555.jpg,'아이! 깨끗해' 핸드솝 용기에 적혀 있는 항균 효과는 몇 퍼센트인가요?,85%,90%,99.9%,95%,c
train_2556.jpg,train/train_2556.jpg,요거퐁당 견과믹스 제품 10g당 칼로리는 얼마인가요?,30kcal,70kcal,50kcal,100kcal,c
train_2557.jpg,train/train_2557.jpg,세 병의 술 중 가운데 병에 적힌 이름은 무엇인가요?,밤막걸리,1000억 유산균 막걸리,참이슬,옥수수 동동주,b
train_2558.jpg,train/train_2558.jpg,사진 속 간판에 적힌 식당 이름은 무엇인가요?,라이프엑스,역삼식당,명동칼국수,초밥족,c
train_2560.jpg,train/train_2560.jpg,이 제품들의 가격은 얼마인가요?,3000원,4000원,3500원,4500원,c
train_2561.jpg,train/train_2561.jpg,사진 속 전광판에 적힌 문구는 무엇인가요?,출입문 주의,대형 공기청정기 작동 중,모니터 미운영 (선로 미사용),도봉산 장암 방향,c
train_2562.jpg,train/train_2562.jpg,'낙원사우나' 입구 표지판에 표시된 영업시간은 언제부터 언제까지인가요?,09:00부터 23:00까지,07:00부터 22:00까지,08:00부터 20:00까지,06:00부터 21:00까지,d
train_2563.jpg,train/train_2563.jpg,THE BODY SHOP 제품 중 'BRITISH ROSE' 샤워 젤의 용량은 얼마인가요?,300 ml,100 ml,200 ml,250 ml,d
train_2564.jpg,train/train_2564.jpg,사진에 보이는 PC방의 이름은 무엇인가요?,별명 PC 카페,별 PC ZONE,NEW 오픈 PC방,명도엔지니어,b
train_2565.jpg,train/train_2565.jpg,사진 속 오토바이 번호판에 적힌 번호는 무엇인가요?,타 3737,경기 9999,부산 5678,서울 1234,a
train_2566.jpg,train/train_2566.jpg,사진 속 과자 중에서 허니통통 옆에 있는 과자의 이름은 무엇인가요?,허니통통,GOLD CORN CHIPS,체다 치즈포,별첨와플,b
train_2567.jpg,train/train_2567.jpg,이 전신주에 부착된 장비를 관리하려면 어디에 연락해야 하나요?,"서울시 강남구 1820 주간 1111-2222, 야간 3333-4444","강남구 역삼1동 1820 주간 1234-5678, 야간 8765-4321","강남구 역삼1동 1820 주간 3423-8606, 야간 3423-6000","역삼동 1번지 1820 주간 5555-6666, 야간 7777-8888",c
train_2568.jpg,train/train_2568.jpg,이 건물 앞에 걸려 있는 간판에 적힌 가게 이름은 무엇인가요?,헤어 스타일,눈썹 이야기,패밀리아,스마일 치과,b
train_2569.jpg,train/train_2569.jpg,이 가게의 간판에 적힌 상호명은 무엇인가요?,새한전기 조명,서울전기 조명,새빛전기 조명,한빛조명 전기,a
train_2571.jpg,train/train_2571.jpg,이 간판에서 판매하는 음식은 무엇인가요?,치킨·맥주,초밥·회,김밥·분식,피자·햄버거,c
train_2572.jpg,train/train_2572.jpg,에이스세탁에서 전문적으로 제공하는 서비스는 무엇인가요?,세탁기 수리 및 설치,가정용 세탁기 판매,일반 빨래 대행 서비스,명품의류 특수크리닝 전문점,d
train_2574.jpg,train/train_2574.jpg,이 가게의 상호명은 무엇인가요?,um Burger & Wings,롯데리아,Burger King,맥도날드,a
train_2576.jpg,train/train_2576.jpg,SSAFY 10 SUCCESS GUIDELINES 중 '초심을 잃지 않고 매 순간 몰입한다'는 몇 번째 항목인가요?,9번째,5번째,3번째,7번째,b
train_2577.jpg,train/train_2577.jpg,이 초콜릿 제품명은 무엇인가요?,Hershey's,Lotte,Bouchard,Nestle,c
train_2578.jpg,train/train_2578.jpg,이 광고판에서 진행하는 2023 연말 빅세일 최대 할인율은 얼마인가요?,50%,80%,60%,75%,d
train_2579.jpg,train/train_2579.jpg,사진 속 노란색 간판에 적힌 글자는 무엇인가요?,카페 드림,꾸악 꾸악,행복한 하루,코끼리,b
train_2581.jpg,train/train_2581.jpg,이 제품의 이름은 무엇인가요?,독도크림 1025,독도로션 1025,독도필링젤 1025,독도마스크 1025,c
train_2582.jpg,train/train_2582.jpg,이 도로 표지판에 따르면 '법원'과 '검찰청'은 어느 방향에 있나요?,직진,오른쪽,뒤쪽,왼쪽,a
train_2584.jpg,train/train_2584.jpg,"3통로 안내판에 따르면, 화장실은 몇 미터 거리에 있나요?",50m,60m,30m,40m,d
train_2585.jpg,train/train_2585.jpg,사진 속 컵라면의 이름은 무엇인가요?,짜짜로니,짜파게티,진짬뽕,짜왕,b
train_2586.jpg,train/train_2586.jpg,사진 속 건물에 입주해 있는 병원이나 의원 중 '성형외과'가 포함된 곳은 어디인가요?,미타임피부과,올리브 성형외과,서울위드치과,너-서울 의원,b
train_2587.jpg,train/train_2587.jpg,사진에 보이는 식당 간판에 적힌 가게 이름은 무엇인가요?,명동칼국수,LIFEX,옛날그맛 식당,주먹포,a
train_2588.jpg,train/train_2588.jpg,동서울 출발 시간 중 가장 이른 시간은 언제인가요?,07:00,09:00,07:55,08:10,a
train_2589.jpg,train/train_2589.jpg,이 식당에서 1인 고기 무제한 가격은 얼마인가요?,"10,900원","8,000원","12,000원","9,500원",a
train_2590.jpg,train/train_2590.jpg,사진 속 노란색 안내판에 적힌 내용은 무엇인가요?,녹색 공간 보호 구역,자전거 전용도로 안내,불법주차금지 과태료부과 및 견인,주차가능 구역입니다,c
train_2591.jpg,train/train_2591.jpg,이벤트 참여 방법 중 첫 번째로 해야 할 일은 무엇인가요?,딸기 바나나킥 2배 맛있게 먹기,바나나 캐릭터와 함께 사진을 찍고 인스타그램에 업로드,SNS 확인 후 선물이 가득한 룰렛 이벤트 참여,룰렛을 돌려 선물 수령,b
train_2593.jpg,train/train_2593.jpg,이 기둥에 붙어 있는 표지판에 적힌 문구는 무엇인가요?,흡연구역,조심하세요,주차금지,금연,d
train_2594.jpg,train/train_2594.jpg,이 건물의 몇 층에 '박선재 골프아카데미'가 위치해 있나요?,13층,11층,10층,12층,b
train_2595.jpg,train/train_2595.jpg,이 골목에 있는 가게 이름 중에서 '타로'와 관련된 가게는 무엇인가요?,금다방,지유 타로,즐거운 노래방,이백돈,b
train_2596.jpg,train/train_2596.jpg,이 건물에 적힌 상호명 중 올바른 것은 무엇인가요?,상원빌딩,상원빌딩지,상원빌딩지하1층,상원빌딩지하,a
train_2597.jpg,train/train_2597.jpg,이 표지판에 적힌 내용 중 '경기 도중 선수에게 욕설을 하거나' 다음에 오는 행동은 무엇인가요?,월담 또는 물건 투척 시 경기가 중단된다,경기 중 사진 촬영이 금지된다,음식물 반입이 금지된다,관중은 자리를 떠야 한다,a
train_2598.jpg,train/train_2598.jpg,2026년 8월 달력에서 15일에 표시된 특별한 날은 무엇인가요?,추석,설의 날,대체공휴일,광복절,d
train_2599.jpg,train/train_2599.jpg,이 가게의 전화번호는 무엇인가요?,222-7517,123-4567,333-1234,222-7577,d
train_2600.jpg,train/train_2600.jpg,사진 속 책 제목은 무엇인가요?,마루한 이야기,마루한의 모험,마루한,마루한 전설,c
train_2601.jpg,train/train_2601.jpg,이번 열차는 어떤 열차인가요?,무정차 열차,회송 열차,급행 열차,일반 열차,b
train_2603.jpg,train/train_2603.jpg,이미지에 적힌 '레몬드롭샷'의 가격은 얼마인가요?,10.0,8.0,15.0,3.0,d
train_2604.jpg,train/train_2604.jpg,이 현수막에 적힌 학부 이름은 무엇인가요?,컴퓨터공학부,화학공학부,기계공학부,전자공학부,c
train_2605.jpg,train/train_2605.jpg,이미지에 나오는 '6륜'에 해당하는 것은 무엇인가요?,응종,임종,태주,중려,c
train_2607.jpg,train/train_2607.jpg,이 표지판에서 경고하는 무단투기 과태료의 금액은 얼마인가요?,200만원 이하 과태료,과태료가 없다고 적혀 있음,100만원 이하 과태료,50만원 이하 과태료,c
train_2608.jpg,train/train_2608.jpg,이 사진 속 동물은 무엇인가요?,강아지,고양이,토끼,햄스터,b
train_2609.jpg,train/train_2609.jpg,"이 헬스장 광고에 따르면, 1년 이상 등록 시 월 헬스 비용은 얼마인가요?","월 29,000원","월 37,000원","월 25,000원","월 30,000원",a
train_2610.jpg,train/train_2610.jpg,"이미지 속 텍스트에 따르면, 'Gemini'가 제공하는 서비스는 무엇인가요?",실사 기반 포토 카드 직접 제작,가상현실 게임 제작,음악 스트리밍 서비스,온라인 동영상 스트리밍,a
train_2611.jpg,train/train_2611.jpg,이 장소에 적힌 'London Euston'은 무엇을 의미하나요?,런던의 쇼핑몰 이름,런던 유스턴 역,런던의 공원 이름,런던의 유명한 식당,b
train_2612.jpg,train/train_2612.jpg,이 건물 1층에 위치한 식당의 이름은 무엇인가요?,홍콩반점,원톰,너구리회관,쿠우쿠우,c
train_2613.jpg,train/train_2613.jpg,이 다리의 이름은 무엇인가요?,삼성육교,역삼육교,한강육교,강남대교,a
train_2615.jpg,train/train_2615.jpg,이 사진 속 노란색 표지판에 적힌 문구는 무엇인가요?,대림 부평구청 석남,뛰지 마세요 넘어짐 Do Not Run,안전 거리 두기,조심하세요 미끄럼 주의,b
train_2616.jpg,train/train_2616.jpg,이 건물 2층에 있는 곳은 무엇인가요?,치과의원,약국,마트,카페,a
train_2617.jpg,train/train_2617.jpg,이 사진에 보이는 과일 상자에 적힌 과일 이름이 아닌 것은 무엇일까요?,청포도,새콤달콤 자두,와촌자두,천도복숭아,a
train_2618.jpg,train/train_2618.jpg,이미지 속 무인주문기 위에 적힌 문구 중 맞는 것은 무엇인가요?,치킨버거를 들고,치킨버거를 먹고,불고기버거를 먹고,불고기버거를 들고,d
train_2619.jpg,train/train_2619.jpg,"이케아 레스토랑에서 시즌 한정 디저트 중 가격이 6,900원인 메뉴는 무엇인가요?",바닐라 아이스크림 콘,당근 케이크,베리 요거트,딸기 생크림 케이크,c
train_2620.jpg,train/train_2620.jpg,이 기계에서 영수증은 어디로 받을 수 있나요?,주문서 출력구,현금 넣는 곳,영수증 나오는 곳,카드 넣는 곳,c
train_2621.jpg,train/train_2621.jpg,이 책은 어떤 기업의 온라인 인적성검사 준비를 위한 기본서인가요?,현대자동차,CJ그룹,삼성전자,LG전자,b
train_2622.jpg,train/train_2622.jpg,사진 속 노래방 간판에 적힌 오픈 기념 서비스는 무엇인가요?,노래방 이용 시 안주 무료 제공,노래방 입장 시 1시간 무료,노래만 해도 맥주 2병 서비스,노래 3곡 부르면 음료수 서비스,c
train_2624.jpg,train/train_2624.jpg,사진 속 세로로 세워진 노란색 간판에 적힌 아메리카노 가격은 얼마인가요?,"1,000원","1,500원","1,200원","2,000원",b
train_2625.jpg,train/train_2625.jpg,계단에 붙어 있는 안내문 중 '계단조심'이라는 문구와 함께 영어로 적힌 문구는 무엇인가요?,Caution Steps,Step Carefully,Be Careful with Stair,Watch Your Step,d
train_2626.jpg,train/train_2626.jpg,이 떡의 총 중량은 얼마인가요?,600 g,450 g,540 g,500 g,c
train_2627.jpg,train/train_2627.jpg,이 서점에서 '경제·경영·자기계발·수험서'는 어느 방향으로 가야 하나요?,왼쪽,뒤,오른쪽,앞,a
train_2628.jpg,train/train_2628.jpg,이 행사는 언제 시작된다고 안내하고 있나요?,잠시 후 시작됩니다.,내일 시작됩니다.,지금 시작합니다.,오늘 오후 3시에 시작합니다.,a
train_2629.jpg,train/train_2629.jpg,'TAEYEON The 10th Anniversary Exhibition' 공식 MD 상품 중 후드티 세트(hoodie set)의 가격은 얼마인가요?,"\55,000","\32,000","\18,000","\79,000",d
train_2630.jpg,train/train_2630.jpg,이미지 속 텍스트에 따르면 'NEAR AND DEAR' 행사는 어느 도시에 열렸나요?,부산,대구,서울,인천,a
train_2631.jpg,train/train_2631.jpg,이 가게의 상호명은 무엇인가요?,황실주단,전통한복,한복나라,한복대여점,a
train_2633.jpg,train/train_2633.jpg,이 책의 제목은 무엇인가요?,소년과 두더지와 여우와 말,소년과 두더지와 여우와 닭,소년과 두더지와 고양이와 말,소년과 토끼와 여우와 말,a
train_2635.jpg,train/train_2635.jpg,이 음료수 캔에 적혀 있는 제품 이름은 무엇인가요?,고향집 식혜,서울우유,초코에몽,칸타타,a
train_2636.jpg,train/train_2636.jpg,이 가게의 간판에 적힌 가게 이름은 무엇인가요?,?き鳥 とりや,博多ラ?メン屋,?司 さかなや,もつなべ 前田屋,d
train_2637.jpg,train/train_2637.jpg,이 카페의 이름은 무엇인가요?,CAFE MOON,CAFE DONG,CAFE DAON,DAON CAFE,c
train_2638.jpg,train/train_2638.jpg,사진 속 잭 다니엘 위스키 병에 적힌 도수는 얼마인가요?,40% Vol,50% Vol,45% Vol,35% Vol,a
train_2640.jpg,train/train_2640.jpg,이 메모지에 적힌 글귀는 무엇인가요?,ICT 운영실 좋은 하루~,ICT 관리실 좋은 하루~,ICT 관리실 힘내세요!,ICT 운영실 힘내세요!,a
train_2641.jpg,train/train_2641.jpg,사진 속 'CUZ' 바버샵의 영업 시간은 어떻게 되나요?,매일 오전 9시부터 오후 6시까지,평일 오전 10시부터 오후 7시까지,매일 오전 11시부터 오후 8시까지,주말 오전 11시부터 오후 5시까지,c
train_2642.jpg,train/train_2642.jpg,이 장소의 이름은 무엇인가요?,길 따라 꽃드리,꽃길따라 민간정원,전북특별자치도 민간정원 15호,길따라 꽃길,a
train_2643.jpg,train/train_2643.jpg,각인 비용 안내에서 베스트펜 구매 제품의 각인 비용은 얼마부터 시작하나요?,"5,000원~","3,000원~","10,000원~","20,000원~",a
train_2644.jpg,train/train_2644.jpg,이 사진에 있는 역 이름은 무엇인가요?,Hauptbahnhof,Potsdamer Platz,Alexanderplatz,Berliner Tor,d
train_2645.jpg,train/train_2645.jpg,이 락커룸 벽에 적힌 문구는 무엇인가요?,WE ARE THE ARSENAL,ARSENAL FC LOCKER ROOM,THE GUNNERS UNITED,WELCOME TO THE ARSENAL,a
train_2646.jpg,train/train_2646.jpg,이 책의 제목은 무엇인가요?,빠르게 배우는 Vue.js 기본서,Vue.js 3.x 완전 정복,원쌤의 Vue.js 퀵스타트,ssamz.com Vue.js 가이드,c
train_2647.jpg,train/train_2647.jpg,사진에 보이는 'NIKKA' 간판은 무엇을 광고하고 있나요?,맥주,위스키,소주,와인,b
train_2648.jpg,train/train_2648.jpg,사진 속 편의점 이름은 무엇인가요?,7-Eleven,CU,GS25,Ministop,b
train_2650.jpg,train/train_2650.jpg,이 식당에서 오늘의 시세 100g당 가격은 얼마인가요?,"10,000원","12,000원","8,000원","15,000원",b
train_2651.jpg,train/train_2651.jpg,이 무대에서 열리는 콘서트의 이름은 무엇인가요?,MUSIC-POWER,LEVEL-UP,ORCHESTRA-PLAY,GAME-ON,b
train_2652.jpg,train/train_2652.jpg,코리아보드게임즈 POP-UP 행사 기간은 언제까지인가요?,7.15 - 7.30,8.3 - 8.16,8.11 - 8.23,9.1 - 9.15,c
train_2653.jpg,train/train_2653.jpg,사진 속 핑크색 향수 병에 적힌 브랜드명은 무엇인가요?,chanel,gucci,dior,narciso rodriguez,d
train_2654.jpg,train/train_2654.jpg,현대오토에버 채용설명회가 열리는 장소는 어디인가요?,신촌점 5F,홍대점 2F,명동점 1F,강남점 3F,a
train_2655.jpg,train/train_2655.jpg,이미지 속 택배차 뒷문에 적힌 문구 중 '한진아 일요일 공휴일엔' 다음에 나오는 내용은 무엇인가요?,안전 운행하자!,좀 쉬자!,더 일하자!,일찍 출발하자!,b
train_2656.jpg,train/train_2656.jpg,이 자동차의 번호판에 적힌 번호는 무엇인가요?,5JHG234,7CKH348,9PLM876,8DKL572,b
train_2657.jpg,train/train_2657.jpg,이 지하철 노선 안내에서 '동대신' 역의 역번호는 무엇인가요?,108,105,110,107,a
train_2659.jpg,train/train_2659.jpg,이 건물 벽에 적힌 '우체통 거리'의 영어 표현은 무엇인가요?,THE LETTERBOX STREET,THE MAIL STREET,THE POSTBOX STREET,THE MAILBOX STREET,d
train_2660.jpg,train/train_2660.jpg,"이 지하철역 안내판에 따르면, 모바일티머니 태그리스 게이트 서비스는 언제부터 시작될 예정인가요?",2024년 7월,2026년 7월,2025년 7월,2026년 12월,b
train_2663.jpg,train/train_2663.jpg,이 가게에서 제공하는 와이파이 비밀번호는 무엇인가요?,1811BANAPRESSO,BANAPRESSO1811,18111111,BANAPRESSO,c
train_2664.jpg,train/train_2664.jpg,이 책의 제목은 무엇인가요?,오늘을 만들어 줄 의미 찾기 철학,사마천,매우 예민한 사람들을 위한 책,성공관의대 삼성서울병원 전홍진 교수의 처방전,c
train_2665.jpg,train/train_2665.jpg,이 병에 적힌 술 이름은 무엇인가요?,吟純 (긴준),純吟 (준긴),純米 (준마이),吟? (긴조),b
train_2666.jpg,train/train_2666.jpg,이미지 속 안내문에서 폐토너통을 꺼낼 때 어떻게 해야 한다고 적혀 있나요?,천천히 꺼내야 한다,한 번에 꺼내야 한다,빠르게 꺼내야 한다,힘을 줘서 꺼내야 한다,a
train_2667.jpg,train/train_2667.jpg,사진 속 '핫브레이크' 제품의 내용량은 얼마인가요?,42g,135kcal,50g,45g,d
train_2668.jpg,train/train_2668.jpg,사진에 보이는 깃발에 적힌 문구는 무엇인가요?,경찰서,소방서,민방위,주민센터,c
train_2670.jpg,train/train_2670.jpg,이 가게 간판에 적힌 전문 음식이 아닌 것은 무엇인가요?,해장국,파전,김밥,감자탕,c
train_2673.jpg,train/train_2673.jpg,이 사진 속 안내판에 적힌 글자는 무엇인가요?,KT 맵핑,KT 맵,KT 맵스,KT 맵북,b
train_2674.jpg,train/train_2674.jpg,왼쪽 제품 '메디큐브 PDRN 핑크 펩타이드 앰플'의 2주 미백케어 한정기획에 포함된 앰플 용량은 얼마인가요?,60ml,80ml,100ml,40ml,b
train_2675.jpg,train/train_2675.jpg,이미지 속에서 QR코드 옆에 적혀 있는 주문 방법은 무엇인가요?,직접 주문해 주세요,전화로 주문해 주세요,QR로 주문해 주세요,카운터에서 주문해 주세요,c
train_2676.jpg,train/train_2676.jpg,브론즈가든에서 보유한 LED 머신 중 'WHITE' 머신은 어떤 효과가 있다고 설명되어 있나요?,"바디프로필, 대회준비","썬번, 기미 등 피부 부작용 방지","피부재생, 미백, 탄력","체질, 피부 타입 1:1 전문관리",c
train_2677.jpg,train/train_2677.jpg,이 도시철도 입구 안내판에 적힌 '편의시설이용안내'에서 안내하는 대상은 누구인가요?,노약자,관광객,어린이,장애인,d
train_2678.jpg,train/train_2678.jpg,이 소화전 사용 방법 중 두 번째 단계는 무엇인가요?,밸브 닫기,밸브열기,호스 빼내기,불 끄기,b
train_2679.jpg,train/train_2679.jpg,이 엘리베이터 안내 화면에 표시된 아카데미 이름은 무엇인가요?,LG AI 스쿨,카카오 SW 교육센터,삼성청년 SW·AI 아카데미 SSAFY,네이버 AI 아카데미,c
train_2680.jpg,train/train_2680.jpg,이미지 속 가게에서 제공하는 음식 종류는 무엇인가요?,Pasta,Sushi,Fried Chicken,Pizza,c
train_2681.jpg,train/train_2681.jpg,이 부동산 중개업소의 전화번호는 무엇인가요?,1234-5678,031-234-5678,010-9876-5432,2043-8945,d
train_2683.jpg,train/train_2683.jpg,이 문구는 무엇을 설명하고 있나요?,손잡이 청소 방법,엘리베이터 이용 방법,신대방 역 위치 안내,비상시 손잡이를 젖히면 문이 열린다,d
train_2684.jpg,train/train_2684.jpg,이미지에 적힌 'dust box'는 무엇을 의미하나요?,쓰레기통,진공 청소기,먼지 제거기,상자 포장,a
train_2686.jpg,train/train_2686.jpg,이 사진에 보이는 역 이름은 무엇인가요?,춘천역,강릉역,동해역,김유정역,d
train_2687.jpg,train/train_2687.jpg,이 돌담에 적힌 글씨는 무엇인가요?,평화의길,마음의정원,행복의숲,자연의품,b
train_2688.jpg,train/train_2688.jpg,사진 속 벽에 붙어 있는 담배 광고에서 언급된 담배 이름은 무엇인가요?,PETER STUYVESANT,YOU CAN BANK ON,COUGAR PRODUCTS,THE Lancia Beta Coupe,a
train_2689.jpg,train/train_2689.jpg,2026년 7월 10일에 '더페스타: 3보컬리스트' 공연에 참여하는 가수가 아닌 사람은 누구인가요?,이지훈,소냐,BMK,김창완,d
train_2690.jpg,train/train_2690.jpg,다음 중 메뉴판에 적힌 커피 종류와 가격이 올바른 것은 무엇인가요?,아메리카노 6.5,카페라떼 5.5,에스프레소 5.3,콜드브루 라떼 5.8,c
train_2691.jpg,train/train_2691.jpg,두 음료 컵에 공통으로 적혀 있는 문구는 무엇인가요?,fresh and delicious,best coffee in town,enjoy your drink,you make me feel like think fruit,d
train_2692.jpg,train/train_2692.jpg,중앙빌딩 6층에 위치한 곳은 무엇인가요?,고른이치과의원,이원기 내과,이성실 요리커피제빵학원,Fang PC Caffe,c
train_2693.jpg,train/train_2693.jpg,이 사진에서 '발빠짐 주의' 안내문에 적혀 있는 내용 중 올바른 것은 무엇인가요?,열차와 승강장 사이가 없습니다.,열차와 승강장 사이에 문이 없습니다.,승강장과 열차 사이가 좁습니다.,열차와 승강장 사이가 넓습니다.,d
train_2694.jpg,train/train_2694.jpg,맥도날드 매장에 게시된 '식품 안전 책임자' 안내문에 따르면 고객에게 무엇을 요청하고 있나요?,모든 직원에게 마스크 착용을 엄격히 요청하는 내용,매장 내 음식물 섭취 금지 안내,고객에게 방역 수칙을 철저히 지킬 것을 당부하는 내용,식품 안전과 관련된 의견이 있을 시 매니저를 찾아달라는 요청,d
train_2695.jpg,train/train_2695.jpg,사진 속에 놓여 있는 도시락에 들어있는 음식은 무엇인가요?,떡볶이,김밥,순대,라면,b
train_2696.jpg,train/train_2696.jpg,이 사진에서 보이는 상점 간판 중 일본어로 적힌 것은 무엇인가요?,アコム (Acom),ヤクルト (Yakult),イケア (Ikea),ユニクロ (Uniqlo),a
train_2697.jpg,train/train_2697.jpg,이 골목에서 볼 수 있는 상호명이 아닌 것은 무엇인가요?,대성조명,한성전자,삼아차륜상사,기원상사,b
train_2698.jpg,train/train_2698.jpg,이 도로에서 제한 속도는 얼마인가요?,30 km/h,50 km/h,40 km/h,20 km/h,a
train_2699.jpg,train/train_2699.jpg,이 영화 입장권에 적힌 상영관 종류는 무엇인가요?,3D 일반관,4DX 3D,일반 2D 상영관,IMAX LASER 2D,d
train_2701.jpg,train/train_2701.jpg,이 건물에 있는 영어학원의 층수는 몇 층인가요?,3층,5층,4층,2층,c
train_2702.jpg,train/train_2702.jpg,이 냅킨에 적힌 문구는 무엇인가요?,WELCOME HOME,THANK YOU,AFTER YOU,ENJOY YOUR MEAL,c
train_2704.jpg,train/train_2704.jpg,이 표지판에서 '식품코너'는 어느 방향을 가리키고 있나요?,위쪽 오른쪽 방향,왼쪽 방향,오른쪽 방향,아래쪽 방향,c
train_2705.jpg,train/train_2705.jpg,CCTV 안내문에 따르면 CCTV가 운영되는 시간은 언제인가요?,24시간,주말만,평일만,오전 9시부터 오후 6시까지,a
train_2706.jpg,train/train_2706.jpg,이 이미지 속 증명서의 제목은 무엇인가요?,골프 클럽 안내서,홀인원 증명서,골프 대회 안내문,회원 가입 신청서,b
train_2707.jpg,train/train_2707.jpg,파이론 전망대 및 박물관(Pylon Lookout & Museum)의 오늘 마지막 입장 시간은 언제인가요?,정오 12시,오후 3시 30분,오후 5시,오전 10시,b
train_2708.jpg,train/train_2708.jpg,이 승강장에서 11번과 12번 플랫폼으로 가는 방향은 어디인가요?,직진,오른쪽,왼쪽,뒤쪽,c
train_2709.jpg,train/train_2709.jpg,이 화면에서 소개하고 있는 게임의 이름은 무엇인가요?,Split Fiction,Open in Desktop App,Steam,Adventure Games,a
train_2711.jpg,train/train_2711.jpg,대한인력 간판에서 전화번호로 적힌 번호는 무엇인가요?,999-9999,357-0705,123-4567,010-2020-3030,b
train_2712.jpg,train/train_2712.jpg,코드 3-12에서 생성한 모델의 종류는 무엇인가요?,DecisionTreeClassifier(),SVC(),KNeighborsClassifier(),RandomForestClassifier(),a
train_2713.jpg,train/train_2713.jpg,이 안내문의 내용 중 방문객이 해야 할 행동은 무엇인가요?,방문순서안내표를 바구니에 넣고 서서 대기한다,방문순서안내표를 들고 서서 기다린다,방문순서안내표 없이 바로 들어간다,방문순서안내표를 바구니에 넣고 앉아서 대기한다,d
train_2714.jpg,train/train_2714.jpg,라면 자판기에서 라면 한 그릇의 가격은 얼마인가요?,"2,500원","4,200원","3,500원","3,800원",d
train_2715.jpg,train/train_2715.jpg,사진 속 라면 제품 'Samyang Buldak'의 맛은 무엇인가요?,짜장 맛,카르보나라 맛,탄탄멘 맛,김치 맛,b
train_2716.jpg,train/train_2716.jpg,이지웰블루치과원의 5층에서 제공하는 서비스가 아닌 것은?,청소년 교정,성인 교정,피부 관리,투명 교정,c
train_2717.jpg,train/train_2717.jpg,이 이미지에서 'SSAFY'와 함께 새롭게 시작하는 여정을 축하하는 문구는 무엇인가요?,SSAFY 16기 수료를 축하합니다,SSAFY 16기 입학을 축하합니다,SSAFY 15기 졸업을 축하합니다,SSAFY 17기 입학을 축하합니다,b
train_2718.jpg,train/train_2718.jpg,이 가게가 전문적으로 판매하는 품목은 무엇인가요?,과일 도매,전자제품 공장,신발 수선,장갑 납품 전문,d
train_2719.jpg,train/train_2719.jpg,이 지하철역 안내판에 표시된 동해선의 다음 역이 아닌 것은 무엇인가요?,교대,부전,서면,재송,c
train_2720.jpg,train/train_2720.jpg,진라면 순한맛 컵라면의 가격은 얼마인가요?,"1,400원","1,200원","1,600원","1,800원",a
train_2721.jpg,train/train_2721.jpg,"메뉴판에 따르면, '곱창 대창 덮밥'의 가격은 얼마인가요?","15,900원","14,900원","12,800원","13,500원",b
train_2722.jpg,train/train_2722.jpg,16기 1학기 8월 중식시간 안내에 따르면 3층의 점심 시간은 언제인가요?,12:00 ~ 13:00,12:45 ~ 13:45,12:15 ~ 13:15,12:30 ~ 13:30,d
train_2723.jpg,train/train_2723.jpg,사진에 보이는 책 중 '빅데이터분석기사 필기'와 관련된 책의 출판사 이름은 무엇인가요?,길벗,eduwill,이지스퍼블리싱,한빛미디어,b
train_2724.jpg,train/train_2724.jpg,밤에 찍힌 이 사진에서 가장 크게 보이는 간판에 적힌 내용은 무엇인가요?,Panasonic VIERA TV,SAMSUNG QLED TV,LG OLED TV,Sony Bravia TV,b
train_2725.jpg,train/train_2725.jpg,사진 속에서 아침 11시까지 판매하는 모닝커피 아메리카노의 가격은 얼마인가요?,"3,900원","2,500원","4,500원","1,900원",d
train_2726.jpg,train/train_2726.jpg,이 간판에 적힌 가게 이름은 무엇인가요?,대성 샷슈,샷슈 대문,원불 제작 수리공,각종천막 방충망,a
train_2727.jpg,train/train_2727.jpg,사진에 보이는 간판 중에서 PC방 이름은 무엇인가요?,홍계원,여우PC,고려이용원,한솔PC,b
train_2728.jpg,train/train_2728.jpg,사진 속 안내문에 따르면 CCTV 촬영 중일 때 어떤 조치가 이루어지나요?,매장 내 모든 고객에게 알림이 갑니다.,도난 발생 시 즉시 경고 방송이 나갑니다.,MD 분실 시 자료화면을 경찰에 제공 중입니다.,사고 발생 시 보험 처리가 자동으로 됩니다.,c
train_2730.jpg,train/train_2730.jpg,이 음료수 캔에 적힌 제품명은 무엇인가요?,애플망고 스마일,스마일 망고 애플,애플 망고 스마일,스마일 애플 망고,d
train_2731.jpg,train/train_2731.jpg,이 배너에 적힌 문구 중 강조된 두 단어는 무엇인가요?,"남김, 비워요","딱, 싹","딱, 많이","많이, 깨끗이",b
train_2733.jpg,train/train_2733.jpg,이 비행기 좌석 앞쪽에 꽂혀 있는 안내책자에는 어떤 항공기 기종이 적혀 있나요?,B777-300,A380-800,B737-900,A350-900,a
train_2734.jpg,train/train_2734.jpg,"사진 속 안내문에 따르면, 이 문은 왜 이용이 제한되나요?",실내 적정온도 유지 및 에너지 절감을 위해,보안상 출입이 금지되어서,수리 중이기 때문에,화재 안전을 위해 항상 닫혀 있어야 해서,a
train_2735.jpg,train/train_2735.jpg,사진에 보이는 올리브 오일 병에 적혀 있는 올리브 오일의 특징은 무엇인가요?,30°C 핫 프레스 유기농 올리브 오일,27°C 콜드 프레스 유기농 엑스트라 버진 올리브 오일,25°C 콜드 프레스 유기농 엑스트라 버진 올리브 오일,27°C 콜드 프레스 일반 올리브 오일,b
train_2736.jpg,train/train_2736.jpg,사진 속 음료수 캔의 브랜드 중 복숭아 맛이 있는 브랜드는 무엇인가요?,ABSOLUT VODKA,Cass,핫식스,코카콜라,a
train_2737.jpg,train/train_2737.jpg,현재 재생 중인 노래의 제목은 무엇인가요?,봄날 - 방탄소년단,눈의 꽃 - 김범수,꽃길 - 아이유,Loser - 빅뱅,d
train_2738.jpg,train/train_2738.jpg,이미지에 나오는 호랑이 캐릭터가 말하는 내용은 무엇인가요?,호랑이는 멸종위기 동물입니다,사회를 위해 자원으로 다시 활용해요,자원을 아껴 쓰지 맙시다,환경보호는 어렵지 않아요,b
train_2739.jpg,train/train_2739.jpg,이 주유기에서 9번 노즐은 어떤 연료를 주입하는 데 사용되나요?,LPG,등유,휘발유,경유,d
train_2740.jpg,train/train_2740.jpg,이미지 속 Marlboro 담배 케이스에 적힌 경고 문구 중 올바른 내용은 무엇인가요?,SMOKING IS HARMFUL TO YOUR HEALTH,SMOKING IS NEUTRAL TO YOUR HEALTH,SMOKING IS GOOD FOR YOUR HEALTH,SMOKING IS TASTY AND HEALTHY,a
train_2741.jpg,train/train_2741.jpg,'Typing Zone' 공간에서 허용되는 작업은 무엇인가요?,Typing만 가능,Typing 이외 작업만 가능,Typing과 다른 작업 모두 가능,어떤 작업도 불가능,a
train_2742.jpg,train/train_2742.jpg,2025 스테이블코인 제도화 국회 세미나가 개최되는 날짜는 언제인가요?,2023년 5월 1일,2024년 12월 10일,2026년 1월 15일,2025년 8월 25일,d
train_2743.jpg,train/train_2743.jpg,이 식당의 점심 추천 메뉴 중 메밀물냉면의 가격은 얼마인가요?,"10,000원","12,000원","9,000원","15,000원",c
train_2744.jpg,train/train_2744.jpg,냉장고 안에 진열된 음료 중에서 코코넛 주스의 가격은 얼마인가요?,1.00 €,1.70 €,1.50 €,2.00 €,b
train_2746.jpg,train/train_2746.jpg,이 간판에 적힌 영업일 휴무 요일은 언제인가요?,월요일,수요일,화요일,목요일,a
train_2747.jpg,train/train_2747.jpg,이 건물 앞에서 무엇이 금지되어 있나요?,주차 금지,쓰레기 투기 금지,흡연이 절대금지,음식물 반입 금지,c
train_2748.jpg,train/train_2748.jpg,이 치킨 가게의 이름은 무엇인가요?,교촌 CHICKEN,bHC CHICKEN,네네 CHICKEN,bbq CHICKEN,b
train_2749.jpg,train/train_2749.jpg,왼쪽 검은색 안내문에 적힌 문구는 무엇인가요?,출입 금지!,문 열림 주의!,조심하세요!,안전 제일!,b
train_2750.jpg,train/train_2750.jpg,꽃다발 포장지에 적힌 문구 중 옳은 것은 무엇인가요?,the flower Happiness shared is the seed,Happiness is the seed shared flower,the seed Happiness shared is the flower,shared Happiness the flower is seed,c
train_2752.jpg,train/train_2752.jpg,사진 속 간판에 적힌 내용 중 '예약 중'인 상품은 무엇인가요?,와인,꽃다발,케이크,책,b
train_2753.jpg,train/train_2753.jpg,이 트럭에 적혀 있는 회사 이름은 무엇인가요?,(주)만하,(주)만호,(주)만화방,(주)만화,a
train_2755.jpg,train/train_2755.jpg,"버스 좌석 뒤에 붙어 있는 광고에 따르면, 하지정맥류 관련 전문 진료는 몇 명의 진료/수술을 기준으로 하고 있나요?",3인 진료/수술,2인 진료/수술,4인 진료/수술,1인 진료/수술,b
train_2756.jpg,train/train_2756.jpg,사진 속 가게의 오픈 시간은 언제인가요?,09:00,07:00,22:00,10:00,b
train_2757.jpg,train/train_2757.jpg,이 건물의 3층에 입주한 회사 중 하나는 무엇인가요?,(주)STEP AI,(주)유니콘 브릿지 벤처스,(주)에스와이피,다름과이음(주),c
train_2758.jpg,train/train_2758.jpg,이 가방에 적힌 가게 이름은 무엇인가요?,JIN'S NEW YORK BAGEL,JIN'S COFFEE SHOP,JIN'S BAKERY,NEW YORK BAGEL HOUSE,a
train_2759.jpg,train/train_2759.jpg,이 건물의 간판에 적힌 상호명은 무엇인가요?,도큐핸즈,돈키호테,도톤보리,롯데마트,b
train_2760.jpg,train/train_2760.jpg,사진 속 '포톤 스트로베리 크림' 사탕 봉지에 적힌 내용으로 옳은 것은 무엇인가요?,Approx. 100 pcs.,Approx. 30 pcs.,Approx. 50 pcs.,Approx. 20 pcs.,c
train_2761.jpg,train/train_2761.jpg,회색 옷에 노란색 하트 모양 안에 적힌 글자는 무엇인가요?,HUMAN MADE!,HUMAN MADE,HUMAN MADE?,HUMAN MAD,b
train_2762.jpg,train/train_2762.jpg,이 영화관에서 제공하는 특별한 상영관 이름은 무엇인가요?,MEGA 4K,MEGA 3D,MEGA IMAX,MEGA MX4D,d
train_2763.jpg,train/train_2763.jpg,이 상자에 적힌 과일의 이름은 무엇인가요?,망고,리치,두리안,망고스틴,d
train_2764.jpg,train/train_2764.jpg,이 사진 속 '창억떡' 가게에서 현금 결제는 어떻게 되나요?,현금 결제가 불가능합니다.,현금과 카드 모두 결제 가능합니다.,현금 결제만 가능합니다.,현금은 10만원 이상만 결제 가능합니다.,a
train_2765.jpg,train/train_2765.jpg,냉장고 안에 있는 'Lala Sweet' 아이스크림 중 칼로리가 355kcal인 맛은 무엇인가요?,라라스윗 딸기,라라스윗 치즈케이크,라라스윗 바닐라,라라스윗 초콜릿,b
train_2766.jpg,train/train_2766.jpg,칠판에 적힌 오곡이 하루에 잠자는 시간은 몇 시간인가요?,15시간,12시간,8시간,10시간,a
train_2767.jpg,train/train_2767.jpg,치이카와야키 3개 세트 A의 구성품이 아닌 것은 무엇인가요?,팥앙금,초콜릿,피스타치오,크림,c
train_2769.jpg,train/train_2769.jpg,이 사진에 보이는 두 개의 간판 중 오른쪽 간판에 적힌 상호명은 무엇인가요?,"CAFE COMMA,",TOP LINE,macrogen,SINCE 1997,c
train_2770.jpg,train/train_2770.jpg,사진 속 표지판에 적힌 문구는 무엇인가요?,진입금지,속도제한,주차금지,주차허용,c
train_2773.jpg,train/train_2773.jpg,이미지 속 중앙에 있는 선수의 유니폼에 적힌 글자는 무엇인가요?,チ?ズ,メグミルク,ロッテリア,グリコ,d
train_2775.jpg,train/train_2775.jpg,이 건물에 입점해 있는 매장의 이름은 무엇인가요?,Starbucks,MUSINSA,Blue Archive,FANCY CLUB,b
train_2776.jpg,train/train_2776.jpg,이 화면에 표시된 오류의 정지 코드(Stop code)는 무엇인가요?,SYSTEM_SERVICE_EXCEPTION,PAGE_FAULT_IN_NONPAGED_AREA,DEVICE_DRIVER_ERROR,MEMORY_MANAGEMENT,a
train_2778.jpg,train/train_2778.jpg,다음 중 '투썸 오벌 티라미수' 케이크의 가격은 얼마인가요?,"40,000","36,000","38,000","39,000",b
train_2779.jpg,train/train_2779.jpg,이 거리에서 '명품 옷 수선' 가게 전화번호는 무엇인가요?,TEL. 123-4567,TEL. 010-1111-2222,TEL. 261-7907,TEL. 276-5452,c
train_2780.jpg,train/train_2780.jpg,이 전시회에 나온 작가의 이름은 무엇인가요?,Jeff Koons,Ron Mueck,Damien Hirst,Mark Quinn,b
train_2781.jpg,train/train_2781.jpg,이 조형물에 적힌 단어 중 가장 아래에 적힌 것은 무엇인가요?,배움과 나눔,LIBERTAS,VERITAS,VIRTUS,a
train_2782.jpg,train/train_2782.jpg,오렌지 주스 팩에 적힌 문구는 무엇인가요?,자몽 100%,오렌지 100%,사과 100%,포도 100%,b
train_2783.jpg,train/train_2783.jpg,이 건물에 입주해 있는 은행의 이름은 무엇인가요?,신한은행,BNK 부산은행,우리은행,국민은행,b
train_2784.jpg,train/train_2784.jpg,이 과일가게의 이름은 무엇인가요?,과일나라,과일천국,과일마을,과일촌,d
train_2785.jpg,train/train_2785.jpg,이 가게의 이름은 무엇인가요?,Community Patrons,No More Silence,BRICK LANE BIKES,The Common Press,d
train_2788.jpg,train/train_2788.jpg,이 모니터의 모델명은 무엇인가요?,LS32D600EAXXKR,LS24R350FZEXXKR,LS27R650FZEXXKR,LS32R750UQEXXKR,a
train_2789.jpg,train/train_2789.jpg,왼쪽 손에 들려 있는 노란색 박스에 적힌 빵 이름은 무엇인가요?,럭키브레드,행운의오백원빵,복권빵,행운의십원빵,d
train_2792.jpg,train/train_2792.jpg,이 이미지에 적힌 큰 글씨는 무엇인가요?,한울 마을,마을 백,백 마을,한울 동네,a
train_2793.jpg,train/train_2793.jpg,"3층 안내판에 따르면, 3층에 위치한 곳이 아닌 것은 무엇인가요?",의류·잡화·홈퍼니싱·스포츠·애완용품,식당가,Toysrus,유아동 의류,a
train_2794.jpg,train/train_2794.jpg,다음 중 이미지에 보이는 간판 이름이 아닌 것은 무엇인가요?,루나가든,푸르넷,코다리,블루베리,d
train_2795.jpg,train/train_2795.jpg,이 식당이 명절 휴무를 하는 기간은 언제인가요?,26.2.1 ~ 2.3(3일간),26.2.16 ~ 2.18(3일간),26.2.10 ~ 2.12(3일간),26.2.20 ~ 2.22(3일간),b
train_2796.jpg,train/train_2796.jpg,책장에서 보이는 책 제목 중 '행동하지 않으면 인생은 바뀌지 않는다'와 같은 저자는 누구인가요?,히가시노 게이고,김도연,김정운,브라이언 트레이시,d
train_2798.jpg,train/train_2798.jpg,사진 속 가게 간판에 적힌 영어 단어 중 올바른 것은 무엇인가요?,FLATSILPPER,FLATSLIPPER,FLATSLIPER,FLATSIPPER,b
train_2799.jpg,train/train_2799.jpg,이 배너에서 제공하는 훈련 수당 지급 대상은 누구인가요?,일반 근로자,산재근로자,학생,자영업자,b
train_2800.jpg,train/train_2800.jpg,사진 속에 보이는 간판의 상호명은 무엇인가요?,CHEVEE,CHVEE,CHAGE,CHAGEE,d
train_2802.jpg,train/train_2802.jpg,장자도 호떡마을 1호점에서 직접 반죽하는 것은 무엇인가요?,수제 만두,수제 떡볶이,수제 호떡,수제 김밥,c
train_2803.jpg,train/train_2803.jpg,구미강동교회 블레싱카페에서 매주 목요일 저녁 5시 반부터 7시까지 제공하는 것은 무엇인가요?,중고 서적 나눔,무료 영어 교실,커피와 디저트,따뜻한 집밥 한끼,d
train_2805.jpg,train/train_2805.jpg,사진 속 인형이 속한 영화 또는 애니메이션 시리즈의 제목은 무엇인가요?,Frozen,Inside Out 2,Toy Story,Always Bratz,b
train_2806.jpg,train/train_2806.jpg,아이맘 어린이집에서 모집하는 대상 연령은 어떻게 되나요?,3세 ~ 7세,1세 ~ 5세,0세 ~ 4세,2세 ~ 6세,c
train_2807.jpg,train/train_2807.jpg,이 방수용 기구함과 소화전에서 화재 시 소화전 사용 방법으로 올바른 순서는 무엇인가요?,호스 빼내기 - 벨브 열기 - 불 끄기 - 벨브 닫기,벨브 닫기 - 불 끄기 - 벨브 열기 - 호스 빼내기,불 끄기 - 벨브 닫기 - 호스 빼내기 - 벨브 열기,벨브 열기 - 호스 빼내기 - 벨브 닫기 - 불 끄기,a
train_2808.jpg,train/train_2808.jpg,이 건물 1층에 있는 상점에서 주로 판매하는 품목은 무엇인가요?,의류,전자제품,전동공구 및 알곤용접기,농산물,c
train_2809.jpg,train/train_2809.jpg,이 사진 속 식사에 포함된 음식이 아닌 것은 무엇인가요?,케첩이 담긴 작은 컵,토마토 소스와 바질이 올려진 튀긴 요리,치즈버거와 감자튀김,스파게티 면,d
train_2811.jpg,train/train_2811.jpg,이 사진에 보이는 햄버거 이름은 무엇인가요?,슈비버거,빅맥버거,치즈버거,불고기버거,a
train_2812.jpg,train/train_2812.jpg,이 안내문에 따르면 식당 출구로 가기 위해 먼저 어디로 이동해야 하나요?,계단으로 이동 후 19층 엘리베이터 이용,스마트폰 사용 후 이동,계단을 뛰어 올라가야 함,19층 엘리베이터를 바로 이용,a
train_2814.jpg,train/train_2814.jpg,사진에 보이는 2층 간판 중 '1:1 PT 전문'과 관련된 내용으로 옳은 것은 무엇인가요?,횟당 3만원대,횟당 4만원대,횟당 5만원대,횟당 6만원대,b
train_2815.jpg,train/train_2815.jpg,검은색 병에 적힌 브랜드 이름은 무엇인가요?,Gucci,Calvin Klein,Dior,Chanel,b
train_2816.jpg,train/train_2816.jpg,이 티켓의 공연 날짜는 언제인가요?,2025년 8월 22일 토요일 오후 6시,2026년 8월 22일 토요일 오후 6시,2026년 8월 22일 일요일 오후 5시,2026년 9월 15일 금요일 오후 7시,b
train_2817.jpg,train/train_2817.jpg,포스터에 적힌 'PINK VENOM'이라는 곡이 발매되는 날짜는 언제인가요?,2023년 1월 19일,2022년 8월 19일,2023년 8월 19일,2022년 12월 25일,b
train_2819.jpg,train/train_2819.jpg,이 가게의 상호명은 무엇인가요?,카카오,카페리코,카카리코,카리카,c
train_2821.jpg,train/train_2821.jpg,벽에 붙어 있는 나무판에 적힌 문구는 무엇인가요?,Happiness comes with every sunrise.,Enjoy the little things in life.,Dream big and dare to fail.,Life is better when you enjoy it.,d
train_2822.jpg,train/train_2822.jpg,이 건물에 위치한 병원의 이름은 무엇인가요?,에브리톡어학원,광산한방병원,골프존파크,미용학원,b
train_2823.jpg,train/train_2823.jpg,이 케이크 진열대에서 '금귤생' 케이크의 가격은 얼마인가요?,"38,000원","6,800원","8,800원","9,500원",a
train_2824.jpg,train/train_2824.jpg,이 건물 간판에 적힌 '자황 한의원'에서 주로 치료하는 내용은 무엇인가요?,피부미용,심리 상담,치과 치료,사상체질치료,d
train_2825.jpg,train/train_2825.jpg,LG U+ wifi기기와 셋탑박스가 반드시 유지해야 하는 상태는 무엇인가요?,전원만 연결되어 있으면 된다,항시 전원과 인터넷선이 연결된 상태,인터넷선은 빼도 된다,전원은 꺼도 무방하다,b
train_2826.jpg,train/train_2826.jpg,이미지에 나온 'G-STAR 2021' 국제게임전시회는 언제 개최되었나요?,2021년 11월 17일(수)부터 21일(일)까지,2021년 11월 10일(수)부터 15일(월)까지,2021년 10월 1일(금)부터 5일(화)까지,2021년 12월 1일(수)부터 5일(일)까지,a
train_2827.jpg,train/train_2827.jpg,이 사진 속 편의점 간판에 적힌 이름은 무엇인가요?,롯데프레시,롯데백화점,롯데슈퍼,롯데마트,a
train_2828.jpg,train/train_2828.jpg,파란색 포션 태그에 적힌 내용으로 맞는 것은 무엇인가요?,You got the BLUE POTION! It refills your energy! 100 MP Recovery,You got the GREEN POTION! It refills your energy! 75 HP Recovery,You got the YELLOW POTION! It refills your energy! 120 MP Recovery,You got the RED POTION! It refills your energy! 50 HP Recovery,a
train_2829.jpg,train/train_2829.jpg,이 전신주 표지판에 적힌 '테헤란로'의 주소 번호는 무엇인가요?,3-22,4-20,5-30,4-24,d
train_2830.jpg,train/train_2830.jpg,이 그래픽카드 박스에 적힌 메모리 용량은 얼마인가요?,4GB,16GB,8GB,6GB,c
train_2831.jpg,train/train_2831.jpg,사진에 보이는 식당 중 치킨을 판매하는 가게의 이름은 무엇인가요?,용왕노래방,대포항 횟집,웰빙 자담치킨 & 호프,세교시,c
train_2832.jpg,train/train_2832.jpg,이 사진 속에서 엠지씨 텀블러(MGC TUMBLER)의 가격은 얼마인가요?,"19,800원","12,500원","9,900원","15,000원",a
train_2834.jpg,train/train_2834.jpg,이 층별 안내도에서 'SSAFYnity ROOM' 옆에 위치한 방의 이름은 무엇인가요?,휴게공간,미래 ROOM,상담실1,도전 ROOM,d
train_2835.jpg,train/train_2835.jpg,마제소바(아부라소바)를 맛있게 먹는 방법으로 맞는 것은 무엇인가요?,밥은 따로 주문할 수 없다,먼저 고명을 잘 섞어 먹는다,처음부터 밥과 고기를 같이 먹는다,고기를 다 먹고 나서 밥을 달라고 한다,b
train_2836.jpg,train/train_2836.jpg,이 과자 봉지에 적힌 제품 이름은 무엇인가요?,TODAY'S NUT,TODAY NUT,NUT TODAY,NUTTY DAY,b
train_2837.jpg,train/train_2837.jpg,이 이미지의 시리얼 모니터 출력 창에 반복해서 나타나는 메시지는 무엇인가요?,"WiFi connection failed, retrying.",WiFi connection successful.,Device connected to COM3.,Arduino UNO R4 WiFi ready.,a
train_2839.jpg,train/train_2839.jpg,왕가네 닭갈비 점심 특가 판매 시간은 언제부터 언제까지인가요?,09:00~15:30,11:00~18:30,12:00~19:00,10:00~17:00,b
train_2840.jpg,train/train_2840.jpg,'라흐마니노프의 가을' 공연이 열리는 날짜는 언제인가요?,2024년 10월 24일,2025년 11월 24일,2023년 10월 24일,2025년 10월 24일,d
train_2841.jpg,train/train_2841.jpg,이 이미지에서 가장 크게 보이는 흰색 글자는 무엇인가요?,점사에서,소중한 계약서,중요하게 잘 보관,이사항 만나요,b
train_2842.jpg,train/train_2842.jpg,삼성청년SW·AI아카데미에서 제공하는 취업지원 서비스의 3단계는 무엇인가요?,JOB 매칭,맞춤형 취업 컨설팅,자기이해 및 진로 설정,취업역량 강화,b
train_2843.jpg,train/train_2843.jpg,이 티셔츠에 적힌 글자는 무엇인가요?,너 안녕...,나 웃어...,너 좋아...,나 안아...,d
train_2844.jpg,train/train_2844.jpg,2023 겨울&도서관 겨울방학특강 모집 기간은 언제부터 언제까지인가요?,1.4.(수) ~ 1.18.(수),1.5.(목) ~ 1.19.(목),12.19.(월) 10:00 ~ 12.26.(월) 18:00,1.2.(월) ~ 1.16.(월),c
train_2845.jpg,train/train_2845.jpg,사진 속 두찜 가게에서 판매하는 음식은 무엇인가요?,비빔밥,찜닭,불고기,김치찌개,b
train_2846.jpg,train/train_2846.jpg,서울특별시 강남구상공회에서 모집하는 CEO 아카데미 과정은 몇 기인가요?,제34기,제33기,제31기,제32기,b
train_2847.jpg,train/train_2847.jpg,엘리베이터 문에 붙어 있는 주의 표지판 중에서 '손대지 마시오'라는 문구는 어떤 표지판에 적혀 있나요?,엘리베이터 버튼 옆,왼쪽 표지판,오른쪽 표지판,위쪽 화면,b
train_2848.jpg,train/train_2848.jpg,이 기념비에 새겨진 인물의 이름은 무엇인가요?,ELISA LA FARINA,GIUSEPPE LA FARINA,RIPARATA ITALIA NEL 1860,LA LIBERT? RISORGENTE,b
train_2849.jpg,train/train_2849.jpg,"이 제품 상자에 적힌 내용 중, 제품의 길이는 얼마인가요?",350 mm,250 mm,450 mm,550 mm,c
train_2850.jpg,train/train_2850.jpg,요가 관련 배너에 적힌 프로그램 중에 없는 것은 무엇인가요?,플라잉,요가댄스,하타/아쉬탕가,체형교정,b
train_2851.jpg,train/train_2851.jpg,벽에 붙어 있는 노란색 표지판에 적힌 문구는 무엇인가요?,KEEP OUT,WATCH YOUR STEP!,NO PARKING,CAUTION,b
train_2852.jpg,train/train_2852.jpg,이 도로에서 차량 운행 제한 중 '축하중'의 최대 허용 무게는 얼마인가요?,10t,4.0m,40t,16.7m,a
train_2853.jpg,train/train_2853.jpg,이 경기장에서 화면에 가장 크게 표시된 문구는 무엇인가요?,HANWHA LIFE ESPORTS,RISE GROUP,FUTURE,LEGEND GROUP,c
train_2855.jpg,train/train_2855.jpg,사진에 보이는 상호명 중 옳은 것은 무엇인가요?,대성 전기 철물,대성 철물 전기점,대성 철물 전기,대성 철물 전,c
train_2856.jpg,train/train_2856.jpg,이 광고에서 소화를 잘 되게 하기 위해 위에 대해 해야 할 일은 무엇인가요?,위를 움직여 줘야 한다,위를 눌러야 한다,위를 차갑게 해야 한다,위를 따뜻하게 해야 한다,a
train_2857.jpg,train/train_2857.jpg,이 이미지를 촬영한 장소의 이름은 무엇인가요?,플래티넘 하이디라오 압구정,골드 하이디라오 홍대,실버 하이디라오 강남,골드 하이디라오 명동,b
train_2858.jpg,train/train_2858.jpg,이 사진에 보이는 가게의 이름은 무엇인가요?,주차금지,향꽃,신촌버거,할랄푸드,c
train_2859.jpg,train/train_2859.jpg,이 볼링점수판에서 2B팀의 최종 점수는 얼마인가요?,90점,115점,108점,205점,a
train_2861.jpg,train/train_2861.jpg,서울시정 안내 게시판에 소개된 2026 서울색의 이름은 무엇인가요?,그린포레스트,선샤인오렌지,모닝옐로우,미드나잇블루,c
train_2862.jpg,train/train_2862.jpg,이 건물 입구 간판에 적힌 문구 중 '음식백화점'이라는 글자의 색상 조합은 무엇인가요?,음식과 백화점 모두 파란색,음식과 백화점 모두 빨간색,"음식은 파란색, 백화점은 빨간색","음식은 빨간색, 백화점은 파란색",d
train_2864.jpg,train/train_2864.jpg,이 사진 속 표지판에 적힌 문구는 무엇인가요?,주차금지 협조 부탁드립니다,주차 가능 구역입니다,차량 출입금지 구역입니다,주차 요금 안내문입니다,a
train_2865.jpg,train/train_2865.jpg,이 과자 봉지에 적힌 브랜드명은 무엇인가요?,해태,오리온,농심,롯데,c
train_2866.jpg,train/train_2866.jpg,동네술집 메뉴판에 적힌 가격 중에서 가장 비싼 메뉴는 무엇인가요?,계란말이,일품진로,생맥주,청하,b
train_2867.jpg,train/train_2867.jpg,사진 속 맥주 병 라벨에 적힌 맥주 이름은 무엇인가요?,KIRIN LAGER,ASAHI SUPER DRY,SAPPORO BLACK,YEBISU BEER,a
train_2868.jpg,train/train_2868.jpg,테이블 위에 놓인 작은 명패에 적힌 문구는 무엇인가요?,고객 안내,직원 전용,면접 대기자,주문 확인,c
train_2869.jpg,train/train_2869.jpg,이 지하철역 출입구의 번호는 무엇인가요?,3번 출입구,1번 출입구,2번 출입구,4번 출입구,c
train_2872.jpg,train/train_2872.jpg,이 실험의 제목은 무엇인가요?,산화-환원 반응 : 요오드 적정,적정법 : 산-염기 적정,표준화 실험 : 중화 적정,산화-환원 적정 : 과망간산법,d
train_2873.jpg,train/train_2873.jpg,사진 속 술 코너에서 'NISHINOSEKI'라는 제품은 어떤 종류의 술인가요?,독일 맥주,한국 전통 소주,프랑스 와인,일본식 사케,d
train_2874.jpg,train/train_2874.jpg,메뉴판에 나와 있는 '프라페/블렌디드' 음료의 가격은 얼마인가요?,3.0~4.0,2.8~3.5,3.9~4.9,4.5~5.5,c
train_2875.jpg,train/train_2875.jpg,이 컵밥 제품 중에서 '진짬뽕밥'에 대해 어떤 문구가 적혀 있나요?,종이컵,국산쌀 100%,옛날 누룽지,20% UP,d
train_2876.jpg,train/train_2876.jpg,와플 상자 안에 적힌 문구 중 크림에 대한 내용으로 옳은 것은 무엇인가요?,크림은 달콤하게만,크림은 생크림만 사용,크림은 빵과 함께,크림 하나에도 진심,d
train_2877.jpg,train/train_2877.jpg,다음 중 이 이미지에 적힌 경고문 내용으로 맞는 것은 무엇인가요?,경고! 이곳은 고압 전기 시설이 있습니다.,잠깐! 전방에 공사장 출입구가 있습니다. 안전을 위해 주위를 둘러보세요!,알림! 이곳은 강남구청 관할 구역입니다.,주의! 이 지역은 출입금지 구역입니다.,b
train_2879.jpg,train/train_2879.jpg,사진 속 중앙에 있는 노란색 글씨가 적힌 표지판에 적힌 글자는 무엇인가요?,소년이 온다,동장군,함께 사는 특별시,소년이 간다,a
train_2880.jpg,train/train_2880.jpg,"이 식당에서 1인분 가격이 18,000원인 메뉴는 무엇인가요?",버섯두부전골,청국장/들깨옹심이,팥순두부전골,콩박사정식,d
train_2881.jpg,train/train_2881.jpg,이 커피땅콩 제품의 무게는 얼마인가요?,750g,500g,700g,650g,d
train_2883.jpg,train/train_2883.jpg,이 건물에 입주한 금융기관의 이름은 무엇인가요?,MG새마을금고,우리은행,제오금융공인중개사,KB국민은행,a
train_2884.jpg,train/train_2884.jpg,사진 속 건물에 있는 간판 중 '고등영어'를 가르치는 학원의 이름은 무엇인가요?,하이퍼고등영어,서울국어논술학원,에이스과학,펜톤미술학원,a
train_2886.jpg,train/train_2886.jpg,이 건물 옥상에 있는 큰 조형물은 무엇인가요?,고질라 머리,곰 인형,곰돌이 푸,킹콩 머리,a
train_2887.jpg,train/train_2887.jpg,이 건물의 상단에 적힌 글자는 무엇인가요?,SEOUL NATIONAL UNIVERSITY,SEOUL GRANDPARK,SEOUL CITY MUSEUM,SEOUL ART CENTER,b
train_2888.jpg,train/train_2888.jpg,방수용 기구함 사용법 중 세 번째 단계는 무엇인가요?,불 끄기,밸브닫기,밸브열기,호스 빼내기,a
train_2889.jpg,train/train_2889.jpg,이 사진에 보이는 주황색 차량 앞에 적힌 번호판 번호는 무엇인가요?,88라8888,12나3456,99다7777,88가1234,a
train_2890.jpg,train/train_2890.jpg,사진 속 지구본에 적힌 글자는 무엇인가요?,UNIVERSALITY,UNIVERSAL,UNIVERSITY,UNIVERSE,b
train_2891.jpg,train/train_2891.jpg,이 건물에 임대 중인 공간은 무엇인가요?,매장,카페,주차장,사무실 원룸,d
train_2892.jpg,train/train_2892.jpg,다음 중 이미지 속에서 '버터링 골드' 과자의 가격은 얼마인가요?,"4,580원","3,180원","5,440원","3,680원",d
train_2893.jpg,train/train_2893.jpg,'인왕산 수성동 계곡' 안내판에 적힌 내용 중 이 계곡이 위치한 산 이름은 무엇인가요?,관악산,인왕산,북한산,도봉산,b
train_2895.jpg,train/train_2895.jpg,이 건물에 있는 노란색 간판에 적힌 내용은 무엇인가요?,대구감골프,삼성성 의원,힐링 사우나 & 휘트니스,애플치과 2F,c
train_2896.jpg,train/train_2896.jpg,후렉스 밴드 제품 상자에 적힌 밴드 크기는 무엇인가요?,8 x 4 cm,7.0 x 3.5 cm,6.5 x 3 cm,7.6 x 3.8 cm,d
train_2898.jpg,train/train_2898.jpg,이 음료의 단백질 함량은 얼마인가요?,10g,15g,30g,21g,d
train_2899.jpg,train/train_2899.jpg,"이 락커 사용 안내에 따르면, 락커 운영 시간은 언제부터 언제까지인가요?",운영 시간 05:00 - 24:00,운영 시간 06:00 - 22:00,운영 시간 24시간,운영 시간 09:00 - 21:00,a
train_2900.jpg,train/train_2900.jpg,사진 속 '알뜰 쇼핑 정보' 안내문에 따르면 행사 기간은 언제부터 언제까지인가요?,10/15 ~ 10/25,11/1 ~ 11/15,10/26 ~ 11/1,10/1 ~ 10/15,c
train_2902.jpg,train/train_2902.jpg,이 장비에 붙어 있는 노란색 안내문에 언급된 강의장은 어디인가요?,"301호, 302호, 303호, 304호 강의장","101호, 102호, 103호, 104호 강의장","201호, 202호, 203호, 204호 강의장","401호, 402호, 403호, 404호 강의장",c
train_2903.jpg,train/train_2903.jpg,이 영화 입장권에서 상영 시작 시간은 언제인가요?,2026년 8월 9일 15:32,2026년 8월 9일 11:00,2026년 8월 9일 12:30,2026년 8월 10일 12:30,c
train_2904.jpg,train/train_2904.jpg,사진 속 파란색 표지판에 적혀 있는 내용은 무엇인가요?,장안문방향 주차장,장안문방향 횡단보도,장안문방향 버스정류장,장안문방향 신호등,d
train_2905.jpg,train/train_2905.jpg,영수증에 적힌 김밥 가격은 얼마인가요?,"3,500원","8,000원","5,000원","11,500원",a
train_2909.jpg,train/train_2909.jpg,이 가게의 이름은 무엇인가요?,분식 마을,행복한 분식,도란도란 슈퍼,도란 분식집,c
train_2911.jpg,train/train_2911.jpg,이 위스키 병 라벨에 적힌 숙성 기간은 얼마인가요?,18년,12년,15년,10년,c
train_2913.jpg,train/train_2913.jpg,응급환자가 발생했을 때 연락해야 하는 사내 방재센터 전화번호는 무엇인가요?,054-479-5119,119,1544-1234,02-345-6789,a
train_2914.jpg,train/train_2914.jpg,이 건물에 입주한 업체의 업종은 무엇인가요?,식당,서점,남성의류,여성의류,d
train_2915.jpg,train/train_2915.jpg,이 음식점에서 판매하는 두 가지 버거 이름은 무엇인가요?,"불고기 버거, 치즈버거","불고기 버거, 데리버거","핫 크리스피 버거, 데리버거","핫 크리스피 버거, 치즈버거",c
train_2916.jpg,train/train_2916.jpg,이 장소에서 주차가 금지된 이유는 무엇인가요?,주차 공간이 부족해서,소방차 전용 구역이기 때문에,비상송수관 앞이기 때문에,인근 주민 요청으로,c
train_2917.jpg,train/train_2917.jpg,사진 속 검은 칠판에 적힌 문구 중 옳은 내용은 무엇인가요?,CANNABIS IS NOW ILLEGAL!,CANNABIS IS STILL ILLEGAL!,CANNABIS IS NOW LEGAL!,CANNABIS IS STILL LEGAL!,d
train_2918.jpg,train/train_2918.jpg,야구장 전광판에 표시된 'JUNG JOOBIN' 선수의 기록 중 총 루타(TOTAL BASES) 수는 얼마인가요?,2000,2500,1000,1500,a
train_2919.jpg,train/train_2919.jpg,이미지에 나온 임윤찬 씨가 만든 플레이리스트의 이름은 무엇인가요?,J. S. Bach Playlist,클로드 Playlist,몽땅 Playlist,30년 차 Playlist,a
train_2920.jpg,train/train_2920.jpg,사진 속 노란색 배에 적혀 있는 글자는 무엇인가요?,DOTON,OSAKA,TOKYO,KOBE,a
train_2922.jpg,train/train_2922.jpg,3CE 드롭 글로우 젤의 현재 할인된 가격은 얼마인가요?,"18,000원","12,700원","10,000원","15,300원",b
train_2923.jpg,train/train_2923.jpg,이 표지판에 적힌 주의사항은 무엇인가요?,개가 위험하니 가까이 가지 마세요,출입 금지 구역입니다,낙석 주의 구역입니다,가끔 뱀이 나와요 조심하세요,d
train_2925.jpg,train/train_2925.jpg,이 이미지에서 벽에 적힌 문구 중 대회와 관련된 문구는 무엇인가요?,GRAY START,EASY HOLD,2024 COMPETITION CHALLENGE,NAVY TOP,c
train_2927.jpg,train/train_2927.jpg,이 곳 벽에 적혀 있는 문구는 무엇인가요?,WELCOME TO OUR CAFE,PLEASE KEEP THE AREA CLEAN,ENJOY YOUR COFFEE AND ENJOY YOURSELF,ENJOY YOUR MEAL AND HAVE FUN,c
train_2928.jpg,train/train_2928.jpg,위 사진에 보이는 '도야 짬뽕' 가게의 전화번호는 무엇인가요?,123-4567,987-6543,555-1234,956-2335,d
train_2929.jpg,train/train_2929.jpg,이 가게의 이름은 무엇인가요?,명랑핫도그 옥수수,명랑핫도그 밀,명랑핫도그 감자,명랑핫도그 쌀,d
train_2930.jpg,train/train_2930.jpg,2026년 농식품 바우처 사업 신청은 언제부터 시작되나요?,2026년 1월 1일,2025년 12월 1일,2026년 2월 1일,12월 22일 (월),d
train_2931.jpg,train/train_2931.jpg,노란색 포장지에 적힌 글자는 무엇인가요?,자유시간 Large,자유시간 Maxi,자유시간 Mini,자유시간 Regular,c
train_2932.jpg,train/train_2932.jpg,사진 속 노란색 간판에 적힌 상호명은 무엇인가요?,천지타일 위생도기,성지타일 설비공사,작업복 안전화,단체복의 모든 것,a
train_2933.jpg,train/train_2933.jpg,사진 속 간판에 적힌 Bon Bon Berry 제품의 가격은 얼마인가요?,650엔,"1,200엔","1,000엔",850엔,d
train_2934.jpg,train/train_2934.jpg,이 도로의 주차 금지 표지판 아래에 적힌 내용 중 벌금은 얼마인가요?,5만원,10만원,12만원,8만원,d
train_2935.jpg,train/train_2935.jpg,사진에 보이는 수제버거의 가격은 얼마인가요?,6900원,3900원,5900원,4900원,d
train_2937.jpg,train/train_2937.jpg,소화전 사용법에서 '벨브열기' 다음에 해야 할 행동은 무엇인가요?,호스 감기,불 끄기,호스 빼내기,벨브닫기,b
train_2938.jpg,train/train_2938.jpg,사진 속 음료 중에서 '프로핏 SPORTS' 제품의 가격은 얼마인가요?,"2,800원","2,900원","2,700원","2,400원",a
train_2939.jpg,train/train_2939.jpg,이 기둥에 붙어 있는 광고 중에서 연락처가 '010-3648-5950'인 업종은 무엇인가요?,일호지게차,무료대출,위성박사,달 스카이,a
train_2940.jpg,train/train_2940.jpg,이 음식점의 위생등급은 무엇인가요?,보통,불량,우수,매우 우수,d
train_2942.jpg,train/train_2942.jpg,이 버스가 운행하는 노선 번호는 무엇인가요?,홍성03,울산04,서광02,남구01,d
train_2944.jpg,train/train_2944.jpg,이미지의 술 진열대 위에 적힌 'SPIRITS' 아래에 쓰인 한글은 무엇인가요?,소주,맥주,와인,양주,d
train_2945.jpg,train/train_2945.jpg,이 사진에 보이는 책 중에서 '밤의 군대들'의 저자는 누구인가요?,노먼 메일러,허균,단테 알리기에리,윌리엄 포크너,a
train_2947.jpg,train/train_2947.jpg,이 간판에 적힌 상호명은 무엇인가요?,소리지움,아림장식,HYUNDAI,현대 L&C,b
train_2948.jpg,train/train_2948.jpg,이 가게의 이름은 무엇인가요?,소무시무법,백동화로,백화점,청수정,b
train_2949.jpg,train/train_2949.jpg,이 가게의 이름은 무엇인가요?,꽃게밥집 안마도,안마도 꽃게밥도둑,안마도 게밥집,꽃게밥 도둑나라,b
train_2952.jpg,train/train_2952.jpg,이 사진 속 MIZUHO 건물의 큰 광고판에 적힌 금액은 얼마인가요?,"500,000","50,000","5,000","30,000",b
train_2954.jpg,train/train_2954.jpg,기본메뉴에 있는 튀김 가격 중 3개 튀김의 가격은 얼마인가요?,"1,000","2,500","2,000","3,000",b
train_2955.jpg,train/train_2955.jpg,오늘통닭 가게 앞에 있는 메뉴판에서 '오늘통닭 신메뉴'에 포함된 음식은 무엇인가요?,오늘 바삭닭다리,직화오징어 훈제와 소면,커리머스터드 왕 감자튀김,페퍼로니 피자,a
train_2956.jpg,train/train_2956.jpg,이 간판에 적힌 가게 이름은 무엇인가요?,KING JUICE,JUICE QUEEN,QUEEN JUICE,JUICE KING,d
train_2957.jpg,train/train_2957.jpg,이 뮤지컬 포스터에 적힌 뮤지컬 제목은 무엇인가요?,슬픈남자,노래하는남자,웃는남자,행복한남자,c
train_2958.jpg,train/train_2958.jpg,이 사진에 보이는 역 이름은 무엇인가요?,부산역,광주역,서울역,순천역,d
train_2959.jpg,train/train_2959.jpg,이 사진 속 건물의 역 이름은 무엇인가요?,송정역,광주송정역,광주역,광산역,b
train_2960.jpg,train/train_2960.jpg,사진 속 노란 안내판에 적힌 내용 중 '집밥' 가게까지의 거리는 얼마인가요?,10m,20m,40m,30m,b
train_2961.jpg,train/train_2961.jpg,이 건물에 적힌 병원 이름은 무엇인가요?,한강서울병원,갑을녹산병원,동래중앙병원,부산대학병원,b
train_2962.jpg,train/train_2962.jpg,덕명남성컷트에서 컷트+염색 서비스 가격은 얼마인가요?,"40,000원","30,000원","10,000원","25,000원",b
train_2963.jpg,train/train_2963.jpg,사진 속 배너에 적힌 'Pat bingsu'는 무엇을 의미하나요?,이탈리아 젤라또,한국식 팥빙수 (팥이 들어간 얼음 디저트),중국식 빙수,일본 전통 디저트,b
train_2964.jpg,train/train_2964.jpg,이 사진 속 레코드 앨범의 제목은 무엇인가요?,TEEN TROUBLES,BLACK SKIRTS,THE BLACK SKIRTS,NOW PLAYING,a
train_2965.jpg,train/train_2965.jpg,이 식당 '메밀당'의 메뉴로 적혀 있지 않은 것은 무엇인가요?,김치찌개,숯불구이,막국수,메밀쌈,a
train_2966.jpg,train/train_2966.jpg,"이 사진 속 안내문에 따르면, 광고물을 부착할 경우 부과될 수 있는 과태료는 얼마인가요?",15만원 이하,10만원 이하,20만원 이하,5만원 이하,b
train_2967.jpg,train/train_2967.jpg,사진에 보이는 건물에 적힌 '성형외과' 전화번호는 무엇인가요?,02-922-7575,02-123-4567,010-9876-5432,031-555-1234,a
train_2968.jpg,train/train_2968.jpg,이 맥주 잔에 적힌 상호명은 무엇인가요?,GUINNESS,BUDWEISER,CARLSBERG,HEINEKEN,a
train_2969.jpg,train/train_2969.jpg,이 간판에 적힌 문구 중 옳은 것은 무엇인가요?,대한안경 브랜드 즐거운 안경쇼핑,국민안경 브랜드 행복한 안경쇼핑,대한안경 브랜드 행복한 안경쇼핑,국민안경 브랜드 즐거운 안경쇼핑,d
train_2970.jpg,train/train_2970.jpg,이 사진에서 'pie room' 매장 입구에 적힌 작은 간판에 적힌 문구는 무엇인가요?,빵 커피,빵과 커피,pie coffee,pie room,a
train_2972.jpg,train/train_2972.jpg,이 건물 4층에 위치한 '김영천 수학학원'의 문의 전화번호는 무엇인가요?,T. 02-1234-5678,T. 062-716-3800,T. 010-9876-5432,T. 959-2550,d
train_2974.jpg,train/train_2974.jpg,화면에 표시된 실습 과제에서 3개의 LED를 몇 비트 레지스터처럼 사용하라고 하고 있나요?,1비트,2비트,4비트,3비트,d
train_2975.jpg,train/train_2975.jpg,냉장고 문에 있는 고추장 용기에서 '해찬들 고추장' 제품에 적힌 영어 문구는 무엇인가요?,HOT PEPPER SAUCE,SWEET SOY BEAN PASTE,SEASONED SOY BEAN PASTE,HOT PEPPER PASTE,d
train_2976.jpg,train/train_2976.jpg,다음 중 이미지 속 포스터에 적힌 뮤지컬 제목이 아닌 것은 무엇인가요?,완벽한 하루,미르마니,에코의 노래,베드타임스토리,c
train_2979.jpg,train/train_2979.jpg,이 영화 관람권에 적힌 영화 제목은 무엇인가요?,러닝타임 85분,인디플러스 영화의전당,사랑의 5도(인디스데이),15세 관람가,c
train_2980.jpg,train/train_2980.jpg,"사진에 보이는 상점 중 '문구, 사무용품'을 판매하는 가게의 이름은 무엇인가요?",홍플키친,ACE BASIC,이레 문구 서점,복권판매점,c
train_2981.jpg,train/train_2981.jpg,화이트보드에 파란색 펜으로 적혀 있는 문구는 무엇인가요?,우리는 할 수 있다,우리는 할 수 없다,나는 할 수 없다,나는 할 수 있다,a
train_2982.jpg,train/train_2982.jpg,이 안내문에 따르면 매장 내 사용이 금지된 것은 무엇인가요?,다회용 컵,종이 빨대,1회용 컵,종이 포크,c
train_2983.jpg,train/train_2983.jpg,사진 속 메뉴에서 '지금이 가장 맛있는' 음식은 무엇인가요?,비빔밥,불고기,김치찌개,붓카케 우동,d
train_2984.jpg,train/train_2984.jpg,'유린기 돈까스' 메뉴가 위치한 층은 어디인가요?,스타시티몰 1층,스타시티몰 2층,스타시티몰 지하1층,스타시티몰 지하2층,c
train_2985.jpg,train/train_2985.jpg,이미지에 보이는 노란색 현수막에 적힌 문구 중 옳은 것은 무엇인가요?,"위험한 도시, 혼자 만들어요","안전한 도시, 혼자 만들어요","안전한 도시, 함께 만들어요","위험한 도시, 함께 만들어요",c
train_2986.jpg,train/train_2986.jpg,사진 속 두 티 박스에 적힌 차 종류는 무엇인가요?,녹차(Green tea),홍차(Black tea),허브차(Herbal tea),우롱차(Oolong tea),b
train_2987.jpg,train/train_2987.jpg,이 가게 유리창에 적힌 문구는 무엇인가요?,ENJOY YOUR BONTIME,BEST SNACKS HERE,WELCOME TO OUR STORE,HAVE A NICE DAY,a
train_2988.jpg,train/train_2988.jpg,이 방의 벽에 붙어 있는 5반 무야호 포스터에 적힌 내용이 아닌 것은 무엇인가요?,과자 매일 먹기,공손한 말씨 쓰기,혼자서 생각하지 않기,지각하지 않기,a
train_2989.jpg,train/train_2989.jpg,이 건물 입구에 적혀 있는 이름은 무엇인가요?,TOWER D,TOWER A,TOWER C,TOWER B,a
train_2990.jpg,train/train_2990.jpg,2026 쿠팡플레이 시리즈 경기 일정은 언제인가요?,7월 15일 (토) 오후 6시,8월 10일 (월) 오후 9시,9월 1일 (금) 오후 7시,8월 5일 (수) 오후 8시,d
train_2991.jpg,train/train_2991.jpg,이미지 속 옥수수 주물럭의 가격은 얼마인가요?,"\2,000","\1,500",\500,"\1,000",d
train_2992.jpg,train/train_2992.jpg,노란색 표지판에 적힌 내용으로 맞는 것은 무엇인가요?,주차는 10분 이내만 허용됩니다,이 지역은 CCTV가 설치되어 있지 않습니다,주차 금지 구역입니다,불법주·정차 CCTV 단속중,d
train_2993.jpg,train/train_2993.jpg,화면에 보이는 글자는 무엇인가요?,스트레스 OUT,텐션 UP,에너지 DOWN,기분 GOOD,b
train_2994.jpg,train/train_2994.jpg,맛나식당에서 가장 저렴한 메뉴는 무엇인가요?,계란말이,김치전,떡국,김밥,d
train_2995.jpg,train/train_2995.jpg,이 컵에 적힌 문구는 무엇인가요?,A TWOSOME PLACE,COFFEE BEAN,HOLLYS COFFEE,STARBUCKS,a
train_2996.jpg,train/train_2996.jpg,이 골목 상가를 지정한 명칭은 무엇인가요?,꽃돼,인동로데오상가 골목형상점가 지정,전국제일순대,LIVE CAFE MUSIC CLUB,b
train_2997.jpg,train/train_2997.jpg,이 사진에 보이는 도로 표지판에서 '대전동물원' 방향을 나타내는 표지판의 그림은 무엇인가요?,코끼리,호랑이,사자,기린,a
train_2998.jpg,train/train_2998.jpg,이 문서에서 'R 현실형' 유형의 A 세부 키워드는 무엇인가요?,데이터 기반으로 객관적으로 소통하는,새로운 오픈소스와 아키텍처를 우연하게 도입하는,아이디어를 시각화하여 코드로 구현하는,팀원들에게 심리적 안정감과 신뢰를 주는,c
train_2999.jpg,train/train_2999.jpg,이 식당의 간판에 적힌 음식 종류는 무엇인가요?,비빔밥,냉면,숯불구이,김치찌개,c
train_3000.jpg,train/train_3000.jpg,이 간판에 적혀 있는 식당의 이름은 무엇인가요?,SILVER THAI,GOLDEN KOREA,THAI GOLDEN,GOLDEN THAI,d
train_3002.jpg,train/train_3002.jpg,취업지원 서비스의 단계별 취업지원 프로그램 중 Step 3에 해당하는 내용은 무엇인가요?,취업 역량 강화,맞춤형 취업 컨설팅,JOB 매칭,자기이해 및 진로 설정,b
train_3003.jpg,train/train_3003.jpg,get coffee 매장에서 즉석 원두커피 가격 인하 행사 중입니다. ICE 아메리카노 XL의 가격은 얼마인가요?,"\1,200","\1,300","\1,500","\1,000",b
train_3005.jpg,train/train_3005.jpg,이 지하철역의 역 번호는 무엇인가요?,220,222,219,221,d
train_3006.jpg,train/train_3006.jpg,이 사진 속 광고판에 적힌 맥주 브랜드 이름은 무엇인가요?,Kirin,Sapporo,Yebisu,Asahi,d
train_3008.jpg,train/train_3008.jpg,이너시아 더프리즘 3P 중형 생리대 2개를 얼마에 살 수 있나요?,"4,900원","5,900원","6,900원","3,900원",a
train_3009.jpg,train/train_3009.jpg,1980년 일본이 강화한 교과서 검정제도의 주요 내용은 무엇인가요?,일본 중심의 역사를 강조하고 주변국 역사를 왜곡하는 교과서를 제작하였다.,역사 교과서 내용에 대한 검열을 완화하였다.,일본과 한국 역사를 동일하게 다루는 교과서를 제작하였다.,한국 중심의 역사를 강조하는 교과서를 제작하였다.,a
train_3010.jpg,train/train_3010.jpg,이 제품의 이름은 무엇인가요?,마리오 스타터팩,피치 공주 스타터팩,요시 스타터팩,루이지 스타터팩,b
train_3011.jpg,train/train_3011.jpg,다음 중 '왕 오징어 순대'에 관한 설명으로 맞는 것은 무엇인가요?,인기 메뉴로 포장용으로 판매된다,껍질이 없는 튀김이다,아이들이 좋아하는 손님 메뉴이다,"1개에 1,500원에 판매된다",a
train_3012.jpg,train/train_3012.jpg,위 이미지의 상단 간판에 소개된 책의 제목은 무엇인가요?,황현필의 진보를 위한 역사,올바른 역사관을 가지고 살아야 한다,기억하는 자가 사라지면 역사는 왜곡된다,"선생님, 경고가 많아요. 우리가 있잖아요!",a
train_3013.jpg,train/train_3013.jpg,이 거리의 간판 중 '테마 라이브'가 위치한 층은 어디인가요?,3층,1층,4층,2층,a
train_3014.jpg,train/train_3014.jpg,"이 수납함의 가로, 세로, 높이 중 가장 긴 길이는 얼마인가요?",약 44cm,약 27.5cm,약 26cm,약 33cm,a
train_3015.jpg,train/train_3015.jpg,인천보훈병원 순환버스 승강장은 어디에 있나요?,뒤쪽 방향 20m 앞,오른쪽 방향 50m 앞,직진 100m 앞,왼쪽 방향 30m 앞,b
train_3016.jpg,train/train_3016.jpg,이 건물의 역명은 무엇인가요?,난바역,오사카 아베노바시역,우메다역,신오사카역,b
train_3017.jpg,train/train_3017.jpg,이 식당의 이름은 무엇인가요?,FIVE GUYS BURGER,FIVE GUYS,FOUR GUYS,FIVE GUYS CAFE,b
train_3018.jpg,train/train_3018.jpg,이 건물 간판에 적힌 공인중개사 사무소 이름은 무엇인가요?,다온 부동산 중개사무소,엔터 공인중개사 사무소,스마트 부동산,행복한 집 공인중개사,b
train_3020.jpg,train/train_3020.jpg,다음 중 초록색 포장의 아이스크림 이름은 무엇인가요?,포도젤로,메가톤 쫀득 바나나,초코멜로,메가톤 쫀득 멜론,d
train_3021.jpg,train/train_3021.jpg,이 사진 속에서 '미국에 간 땡땡' 책의 가격은 얼마인가요?,7500원,27000원,15000원,10000원,b
train_3023.jpg,train/train_3023.jpg,이 식당 간판에 적힌 상호명은 무엇인가요?,강릉교동 짬뽕집,교동짬뽕 분점,원조 강릉교동반점 본점,강릉짬뽕 전문점,c
train_3025.jpg,train/train_3025.jpg,이 사진에 보이는 건물에 적힌 간판의 상호명은 무엇인가요?,한식당,아주식당,행복식당,맛있는집,b
train_3026.jpg,train/train_3026.jpg,이 표지판에 적힌 엘리베이터 홀 번호는 무엇인가요?,5·6·7호기,4·5·6호기,7·8·9호기,6·7·8호기,d
train_3028.jpg,train/train_3028.jpg,이 제품의 이름은 무엇인가요?,고구마 스낵,군고구마 말랭이,달콤한 고구마,구운 고구마칩,b
train_3029.jpg,train/train_3029.jpg,이 영화 입장권에서 관람하는 영화의 제목은 무엇인가요?,왕의 경비병,왕과 사는 남자,왕의 심복,왕과 사는 여자,b
train_3030.jpg,train/train_3030.jpg,사진에 보이는 흰색 봉투에 적힌 어린이 운동 활동 지원 사업 이름은 무엇인가요?,GOGO SING,성동구 보건소,서울특별시 성동구 마장로23길 10,어린이 운동 활동 지원 사업,a
train_3031.jpg,train/train_3031.jpg,이 전시회 포스터에 따르면 전시 기간은 언제부터 언제까지인가요?,2025. 10. 14. MON. ~ 2026. 3. 15. SUN.,2025. 11. 14. FRI. ~ 2026. 3. 15. SUN.,2024. 11. 14. FRI. ~ 2025. 3. 15. SUN.,2026. 11. 14. FRI. ~ 2027. 3. 15. SUN.,b
train_3032.jpg,train/train_3032.jpg,이미지에 적힌 '플레이 플레이트'에 관한 설명 중 맞는 것은 무엇인가요?,"자석을 캔버스에 착!붙이고, 완성된 우리들만의 세상을 마음껏 자랑해 보세요!",플레이 플레이트는 맛있는 음식을 파는 식당입니다.,플레이 플레이트는 운동 기구를 판매하는 곳입니다.,플레이 플레이트는 전자제품 수리점입니다.,a
train_3034.jpg,train/train_3034.jpg,이 건물에 입원실이 있다고 안내하는 곳은 어디인가요?,연세 부부치과 의원,경희 365 한의원,원종역 마디튼튼 의원,곡내과 상담소 운문,b
train_3035.jpg,train/train_3035.jpg,이 건물은 무엇이라고 적혀 있나요?,서울중앙교회,강남성당,신촌장로교회,한강교회,c
train_3036.jpg,train/train_3036.jpg,이 가게에서 브런치 구매 시 추가로 얼마에 아메리카노(R)를 살 수 있나요?,"1,500원","3,500원","3,000원","2,500원",d
train_3038.jpg,train/train_3038.jpg,"""""시범사업""""이 실시되는 날짜는 언제인가요?",2026년 4월 22일,2025년 4월 22일,2026년 2월 22일,2023년 4월 22일,a
train_3039.jpg,train/train_3039.jpg,이 주차장 요금은 어떻게 되나요?,"30분당 주차요금 1,000원","1시간 주차요금 5,000원","30분당 주차요금 2,000원","1일 주차요금 10,000원",c
train_3040.jpg,train/train_3040.jpg,첫 번째 책 제목은 무엇인가요?,오염된 재판 THE INNOCENT,CONVICTING THE INNOCENT 오염된 재판,THE INNOCENT CONVICTING 재판의 오류,THE INNOCENT 재판의 오류,b
train_3041.jpg,train/train_3041.jpg,이 이미지에 있는 은행의 이름은 무엇인가요?,우리은행,하나은행,국민은행,신한은행,a
train_3042.jpg,train/train_3042.jpg,주차장 출입구에 부착된 노란색 안내문에 적힌 문구는 무엇인가요?,"주차 요금은 시간당 2,000원입니다.",이곳은 무료 주차장입니다.,다음에도 역삼동 주차장에서 만나요!,주차 금지 구역입니다.,c
train_3043.jpg,train/train_3043.jpg,이 문구는 어느 층 EPS실에 해당하는가?,2층 EPS실 - A,5층 EPS실 - D,4층 EPS실 - C,3층 EPS실 - B,d
train_3044.jpg,train/train_3044.jpg,사진 속 건물 옆 간판에 적힌 업종은 무엇인가요?,철물점,건축 & 리모델링,부동산 중개업,카페 & 베이커리,b
train_3045.jpg,train/train_3045.jpg,이 식당의 상호명은 무엇인가요?,오늘 부산 돼지고기,어제 김해 앞고기,내일 서울 갈비,오늘 김해 뒷고기,d
train_3046.jpg,train/train_3046.jpg,이 제품의 정격 전원은 무엇인가요?,110 V~ 50 Hz,220 V~ 50 Hz,110 V~ 60 Hz,220 V~ 60 Hz,d
train_3047.jpg,train/train_3047.jpg,이 경기장 전광판 상단에 쓰여진 문구는 무엇인가요?,승리를 향해 전진하자,한계를 넘어 더욱 위대하게,우리 팀 파이팅!,끝까지 최선을 다하자,b
train_3048.jpg,train/train_3048.jpg,이 식당 간판에 적힌 전화번호는 무엇인가요?,135-1,662-0038,662-3380,662-0338,d
train_3050.jpg,train/train_3050.jpg,사진 속 담배 상자에 적힌 브랜드 이름은 무엇인가요?,Marlboro,Camel,MEVIUS,ESSE,c
train_3051.jpg,train/train_3051.jpg,책 제목에 포함된 내용 중 이 책이 다루지 않는 분야는 무엇인가요?,금융,경제,프로그래밍,경영,c
train_3052.jpg,train/train_3052.jpg,이 제품의 에너지 효율 등급은 무엇인가요?,1등급,5등급,7등급,3등급,d
train_3054.jpg,train/train_3054.jpg,이 건물 옆에 적힌 회사 이름은 무엇인가요?,한화건설,한화전자,한화에너지,한화전력,d
train_3055.jpg,train/train_3055.jpg,누텔라 비스킷의 가격은 얼마인가요?,"1,500원","12,000원","18,800원","2,000원",b
train_3056.jpg,train/train_3056.jpg,이 사진 속 표지판에 적힌 문구는 무엇인가요?,쓰레기투기금지,수영금지,출입금지,낚시금지,d
train_3057.jpg,train/train_3057.jpg,이 건물 1층에 위치한 '호재부동산'은 어떤 전문 분야를 다루고 있나요?,상가 전문,주택 매매 전문,사무실 임대 전문,토지 매매 전문,a
train_3058.jpg,train/train_3058.jpg,이 문에 붙어 있는 경고문에 적힌 내용은 무엇인가요?,출입 금지 구역입니다,반대편 사람 주의! 문 뒤에 사람이 있을 수 있습니다,문을 세게 당기지 마세요,화재 발생 시 문을 닫으세요,b
train_3060.jpg,train/train_3060.jpg,이 건물 외벽에 적힌 회사명은 무엇인가요?,BYSOL,BUSOL,BYSOLUTIONS,BUSINESS SOLUTIONS,a
train_3061.jpg,train/train_3061.jpg,사진 속 종이에 표시된 'Run-Time'은 무엇을 의미하나요?,난이도 레벨,게임 또는 활동의 소요 시간,총 점수,참가자 수,b
train_3062.jpg,train/train_3062.jpg,사진 속 종이에 적힌 문구는 무엇인가요?,어묵은 냉장 보관 중,어묵은 유료입니다,어묵은 1인당 3개 제한,어묵 서비스 마음껏 드세요,d
train_3063.jpg,train/train_3063.jpg,다음 중 '김영천 수학 학원' 간판에 적힌 문구로 옳은 것은 무엇인가요?,"배우고, 살며, 꿈꾸는 것이 중요하다.","오늘을 배우고, 내일을 살며, 어제를 꿈꿔라.","내일을 배우고, 어제를 살며, 오늘을 꿈꿔라.","어제를 배우고, 오늘을 살며, 내일을 꿈꿔라.",d
train_3065.jpg,train/train_3065.jpg,마그네슘 플러스 제품이 주로 도움을 주는 건강 분야는 무엇인가요?,알레르기 기능 개선,간 건강,멜라토닌 보충,"에너지, 신경, 근육건강",d
train_3066.jpg,train/train_3066.jpg,SSAFY 교육생에게 공지된 내용 중 숙소동 건물 출입이 금지되는 시간은 언제인가요?,연수원 퇴근 후,연수원 휴식시간,연수원 등하교 및 중식시간 외,연수원 등하교 및 중식시간 내,c
train_3067.jpg,train/train_3067.jpg,이 간판에 적힌 글자는 무엇인가요?,무릉,도롱,우동,두통,c
train_3068.jpg,train/train_3068.jpg,빵집 간판에 적힌 문구 중 올바른 것은 무엇인가요?,30대째 빵을 만들어온 집,34대째 빵을 만들어온 집,40대째 빵을 만들어온 집,3대째 빵을 만들어온 집,d
train_3069.jpg,train/train_3069.jpg,이름표에 적힌 이름은 무엇인가요?,진승경,이하늘,박지훈,김민수,a
train_3070.jpg,train/train_3070.jpg,사진 속 '체오미 귓속엔' 제품에 적힌 사용 방법은 무엇인가요?,제품을 뜨거운 물에 담근 후 사용하세요.,정확한 측정을 위해 제품을 수령하신 후 실내에서 1시간 이상 보관 후 사용하세요.,차가운 곳에 보관 후 바로 사용하세요.,제품을 바로 사용해도 무방합니다.,b
train_3071.jpg,train/train_3071.jpg,이 사진에 보이는 건물에 입점해 있는 커피 전문점의 이름은 무엇인가요?,이디야,빽다방,스타벅스,커피빈,c
train_3073.jpg,train/train_3073.jpg,이 건물 외벽에 적힌 상호명은 무엇인가요?,파리바게뜨,COFFEE BEAN,OLIVE YOUNG,스타벅스,c
train_3074.jpg,train/train_3074.jpg,창문에 붙어 있는 포스터에 적힌 문구 중 옳은 것은 무엇인가요?,레고 비즈,FIND MY WISH,MEGA COFFEE,푸른달 왁싱,b
train_3075.jpg,train/train_3075.jpg,이미지 속 비타민 제품 중 하루에 몇 개를 섭취하라는 안내가 적혀 있는가?,1개,5개,2개,3개,a
train_3076.jpg,train/train_3076.jpg,이 역 이름은 무엇인가요?,유노키,후지,오사카,도쿄,b
train_3077.jpg,train/train_3077.jpg,이 가게에서 판매하는 'カットメロン' 한 조각의 가격은 얼마인가요?,300엔,500엔,700엔,1000엔,b
train_3078.jpg,train/train_3078.jpg,이 제품의 맛은 무엇인가요?,플레인 요거트,망고 요거트,딸기 요거트,블루베리 그릭 요거트,d
train_3079.jpg,train/train_3079.jpg,굿윌치과병원에서 턱관절 치료와 관련하여 제공하는 서비스는 무엇인가요?,스케일링,임플란트,치아교정,충치 치료,c
train_3080.jpg,train/train_3080.jpg,이 역에서 나가는 곳 표지판에 적혀 있는 글자는 무엇인가요?,나가는 곳,출구,입구,개찰구,a
train_3081.jpg,train/train_3081.jpg,이 이미지에서 보이는 치킨 전문점의 이름은 무엇인가요?,맘스터치,BHC,bbq OLIVE CHICKEN cafe,KFC,c
train_3082.jpg,train/train_3082.jpg,왼쪽 가게 '짚시'에서 판매하는 주 메뉴는 무엇인가요?,짚불 돼지 바베큐,전통 한식집,생선구이 전문점,질문육이 전문점,a
train_3083.jpg,train/train_3083.jpg,이 글에서 '항상 긍정적인 태도로 임하기'는 몇 번째 항목인가요?,7번째,2번째,5번째,3번째,a
train_3084.jpg,train/train_3084.jpg,이미지에 보이는 '참치 볶음밥' 제품의 용량은 얼마인가요?,180g,200g,167g,150g,c
train_3085.jpg,train/train_3085.jpg,이 정수기에서 볼 수 있는 안내 문구는 무엇인가요?,음료수를 넣지 마세요.,뜨거운 물만 나옵니다.,이물을 버리지 마세요.,필터 교체 중입니다.,c
train_3086.jpg,train/train_3086.jpg,사진 속 아파트 건물에 적힌 이름은 무엇인가요?,대림,글로벌,한성,청운,b
train_3087.jpg,train/train_3087.jpg,이 곳에서 금연 구역임을 알리는 표지판에 적힌 문구는 무엇인가요?,흡연 구역입니다,흡연 가능 구역,금연 No Smoking Area,금연 구역 아님,c
train_3088.jpg,train/train_3088.jpg,"지하철 벽에 붙은 법무법인 프로스 광고에 따르면, 이 법무법인의 변호사들은 어떤 경력을 가지고 있나요?",전원 변호사 출신,전원 경찰 출신,전원 판사 출신,전원 검사 출신,d
train_3089.jpg,train/train_3089.jpg,이 글에서 임승균 작가는 어떤 재료를 주로 사용한다고 했나요?,산책을 하며 얻는 자연이나 일상에서 흔히 볼 수 있는 재료,해외에서 수입한 희귀한 재료,디지털 사진과 영상 자료,공장에서 만든 인공 재료,a
train_3090.jpg,train/train_3090.jpg,"'오늘의 부상자'에 대한 안내문에 따르면, 이 빵은 어떤 상태인가요?",모두 신선하고 상태가 완벽한 빵입니다.,"오늘 막 구워서 아주 맛있지만, 조금 상처가 나버린 아이들입니다.",오래되어서 맛이 떨어진 빵입니다.,냉동된 빵으로 해동 후 판매하는 제품입니다.,b
train_3091.jpg,train/train_3091.jpg,사진 속 건물에 적힌 상호명은 무엇인가요?,현대자동차,스팀봄,진영모터스 & 오토케어,서울카서비스,c
train_3092.jpg,train/train_3092.jpg,이 사진 속 간판 중에서 '허리케인 복싱'과 관련된 내용으로 옳은 것은 무엇인가요?,허리케인 복싱은 소프트웨어 회사이다,허리케인 복싱은 1층에 있다,허리케인 복싱은 노래 연습장이다,허리케인 복싱은 3층에 위치해 있다,d
train_3093.jpg,train/train_3093.jpg,이 책의 제목은 무엇인가요?,WEB 3.0 NEXT ECONOMY,디지털 마케팅 전략,인공지능과 미래 사회,블록체인 혁명,a
train_3094.jpg,train/train_3094.jpg,이 곳에서 물과 반찬을 이용하는 방법으로 적절한 것은 무엇인가요?,반찬은 무료가 아니다,셀프로 가져가야 한다,직원이 가져다 준다,주문할 때 요청해야 한다,b
train_3096.jpg,train/train_3096.jpg,이 건물 꼭대기에 표시된 회사 이름은 무엇인가요?,SK,KT,LG,GS,d
train_3097.jpg,train/train_3097.jpg,이 건물에서 'NIKE' 매장은 몇 층에 있나요?,10층,11층,9층,6층,a
train_3098.jpg,train/train_3098.jpg,이 약품 포장지에 적힌 제품명은 무엇인가요?,콜록,기침감기,12캡슐,코프연질캡슐,a
train_3099.jpg,train/train_3099.jpg,이미지 속 마우스 패드에 적힌 문구 중 올바른 것은 무엇인가요?,Let's Grow Fast!,Let's Grow Together!,Let's Grow Apart!,Let's Grow Alone!,b
train_3100.jpg,train/train_3100.jpg,이 버스정류장에 정차하는 버스 노선 중 번호가 700번대인 것은 무엇인가요?,700,470,89,270,a
train_3102.jpg,train/train_3102.jpg,이 순위표에서 경기가 35경기인 팀은 어느 팀인가요?,맨체스터 시티 FC,맨체스터 유나이티드 FC,첼시 FC,리버풀 FC,b
train_3103.jpg,train/train_3103.jpg,엘리베이터 안전수칙에서 '반려동물'에 대해 안내한 내용은 무엇인가요?,반려동물은 목줄 없이 함께 타도 무방합니다.,반려동물은 반드시 밖에 두고 타십시오.,반려동물은 엘리베이터를 이용할 수 없습니다.,반려동물은 반드시 안고 타십시오. 목줄이 문틈에 끼이면 위험합니다.,d
train_3104.jpg,train/train_3104.jpg,이 자전거 공기주입기 보관함에 적힌 문구는 무엇인가요?,사용 후 정리해주세요,고장 시 연락 바랍니다,무료로 사용하세요,공기 주입 중입니다,a
train_3106.jpg,train/train_3106.jpg,피코크 파슬리 9g의 가격은 얼마인가요?,"3,200원","5,000원","4,180원","4,640원",c
train_3107.jpg,train/train_3107.jpg,다음 중 이미지에 보이는 만화책 시리즈 이름은 무엇인가요?,하이큐!!,원피스,블리치,나루토,a
train_3109.jpg,train/train_3109.jpg,시내버스 114번 노선의 첫 출발 시간은 언제인가요?,07:44,08:34,09:39,07:19,d
train_3110.jpg,train/train_3110.jpg,이 가게의 상호명은 무엇인가요?,송세원 붕어빵,송세원 찐빵,송세원 호떡,송세원 만두,b
train_3111.jpg,train/train_3111.jpg,이 쓰레기 분리수거함 중에서 '플라스틱' 쓰레기를 버려야 하는 곳은 어느 것인가요?,페트병(생수),종이류,플라스틱,비닐류,c
train_3112.jpg,train/train_3112.jpg,이 가게의 상호명은 무엇인가요?,행복김밥,청춘김밥,맛있는김밥,달달김밥,d
train_3113.jpg,train/train_3113.jpg,사진 속 종이에 적힌 문구 중 맞는 것은 무엇인가요?,오늘 카나나와 힘든 하루를 보냈다.,오랜만에 날씨가 너무 좋았다.,4월 24일 토요일,날씨 흐림,b
train_3115.jpg,train/train_3115.jpg,이 돌에 새겨진 문구 중 'I-PLEX 광주' 바로 아래에 적힌 문구는 무엇인가요?,"INFORMATION, INTEGRITY, INSPIRATION","INNOVATE, INCUBATE, IMPLEMENT","IDEA, INCUBATION, INNOVATION","IDEAS, INCLUSION, INITIATIVE",c
train_3116.jpg,train/train_3116.jpg,사진 속 에어컨 실외기 브랜드는 무엇인가요?,캐리어,위니아,삼성,LG,a
train_3117.jpg,train/train_3117.jpg,대왕판교로 606번길은 어느 방향으로 가야 합니까?,직진,왼쪽,오른쪽,뒤로,b
train_3118.jpg,train/train_3118.jpg,유심 교체 시 삼성페이 이용을 위해 필요한 조치는 무엇인가요?,교체 전 해당 기능 해제 필요,본인 인증 1회 필요,재등록 필수,결제 수단 재등록 필요,b
train_3119.jpg,train/train_3119.jpg,사진 속 상점 이름 중 휴대폰 판매점의 이름은 무엇인가요?,큰손통신,한글학과 의원,비와이씨,덕수파스타,a
train_3120.jpg,train/train_3120.jpg,산본척척마취통증의학과의원에서 제공하는 치료 방법이 아닌 것은 무엇인가요?,물리치료,항암치료,체외충격파,도수치료,b
train_3121.jpg,train/train_3121.jpg,이 사진에 보이는 '주차 금지' 표지판의 의미는 무엇인가요?,주차 시 요금을 지불해야 한다,해당 구역에서만 주차가 허용된다,주차는 가능하지만 1시간만 허용된다,해당 구역에서 차량 주차가 금지되어 있다,d
train_3122.jpg,train/train_3122.jpg,이 간판에 적힌 치킨 메뉴 이름은 무엇인가요?,Chickenjoy,Chickenfest,Chickenbite,Chickensmile,a
train_3123.jpg,train/train_3123.jpg,사진에 보이는 '강남미소약국' 간판 옆에 붙어 있는 주황색 안내판에는 어떤 내용이 적혀 있나요?,주차 금지 구역,불법 주·정차 CCTV 단속중,소방차 전용 구역,주차 가능 구역,b
train_3124.jpg,train/train_3124.jpg,이 건물 외벽에 새로 오픈할 음식점에서 판매할 메뉴가 아닌 것은?,SALADS,BOWLS,BURRITOS,PIZZA,d
train_3125.jpg,train/train_3125.jpg,이미지 속에서 팔리고 있는 빵 중 'TRUFFLE SALT BREAD'의 가격은 얼마인가요?,3.5,6.0,5.8,3.8,d
train_3126.jpg,train/train_3126.jpg,이 비석에 적힌 글귀는 무엇을 기념하기 위한 것인가요?,자각사 6월민주항쟁 기념비,자각사 5.18민주화운동 기념비,자각사 독립운동 기념비,자각사 평화의 날 기념비,a
train_3127.jpg,train/train_3127.jpg,사진 속 터널 입구 위에 적혀 있는 '지역방위 주역'으로 언급된 지역이 아닌 것은?,용인,오산시,수원,화성,a
train_3128.jpg,train/train_3128.jpg,이 건물에 있는 치과 이름은 무엇인가요?,김준형치과,김진형치과,김준희치과,김태형치과,a
train_3129.jpg,train/train_3129.jpg,사진 속 노란색 등불에 적힌 은행 이름은 무엇인가요?,カ?フィックス,三井住友銀行,丸越,?立って,b
train_3130.jpg,train/train_3130.jpg,사진 속 노란색 표지판에 적힌 문구는 무엇인가요?,주의! 공사중,접근금지 KEEP OUT 禁止接近,흡연 구역,출입금지 NO ENTRY 출입금지,b
train_3131.jpg,train/train_3131.jpg,사진 속 도로 표지판에 적힌 '주정차금지'의 의미로 알맞은 것은 무엇인가요?,차를 주차할 수 없다,차를 잠시 세워도 된다,차를 주차할 수 있다,차가 지나갈 수 없다,a
train_3132.jpg,train/train_3132.jpg,이 락커룸에 걸려 있는 축구 유니폼 중 번호가 18번인 선수의 이름은 무엇인가요?,TIMBER,THOMAS,M.ELNENY,TOMIYASU,d
train_3133.jpg,train/train_3133.jpg,이 안내문에 따르면 언제 버튼을 눌러야 하나요?,문을 열 때 눌러야 한다,계단을 오를 때 눌러야 한다,언제든지 눌러도 된다,위급한 경우에만 눌러야 한다,d
train_3134.jpg,train/train_3134.jpg,사진 속 표지판에 적힌 문구는 무엇인가요?,쓰레기통 (waste bin),주차 금지,금연구역,위험 구역,a
train_3135.jpg,train/train_3135.jpg,이 이미지 속 입국장 입구 위에 적힌 문구는 무엇인가요?,Welcome to USA,Welcome to Japan,Welcome to Korea,Welcome to China,b
train_3137.jpg,train/train_3137.jpg,이 안내문에 따르면 식당 출구를 가려면 어떻게 해야 하나요?,계단으로 이동 후 19층 엘리베이터를 이용한다,엘리베이터를 타고 바로 식당 출구로 간다,직진하여 20층으로 간다,계단에서 뛰어내려 식당 출구로 간다,a
train_3139.jpg,train/train_3139.jpg,이 건물의 상호명은 무엇인가요?,동락공원안내센터,동락공원관리사무소,동래공원안내센터,동래공원관리사무소,b
train_3140.jpg,train/train_3140.jpg,사진 속 폰케이스 프린터기 위에 적힌 글씨는 무엇인가요?,폰케이스 프린터,폰케이스 프린트,폰케이스 프린팅,폰케이스 프린터기,a
train_3141.jpg,train/train_3141.jpg,이 제품의 원산지는 어디인가요?,콜롬비아,에티오피아,브라질,케냐,b
train_3142.jpg,train/train_3142.jpg,이 사진 속 노란색 소스 포장의 이름은 무엇인가요?,갈릭 파마산 드레싱,핫 바베큐 소스,허니 머스타드 드레싱3,스위트 칠리 소스,c
train_3143.jpg,train/train_3143.jpg,사진 속 가게 간판에 적힌 이름 중 떡과 관련된 가게 이름은 무엇인가요?,원조반찬,할인마트,인동반찬,이조떡집,d
train_3144.jpg,train/train_3144.jpg,사진 속 간판 중 '필즈더클래식'에서 제공하는 서비스는 무엇인가요?,브런치 카페,신경과 진료,사고력 수학,피자 배달,c
train_3147.jpg,train/train_3147.jpg,이 샴푸의 주요 효과로 맞는 것은 무엇인가요?,두피 비듬 완전 제거,모발 염색 유지,두피 가려움 완화 및 편안함 제공,탈모 예방,c
train_3148.jpg,train/train_3148.jpg,Busan Cloud Day 2023 행사는 어느 날짜에 개최되나요?,2023년 7월 5일,2023년 7월 15일,2023년 6월 5일,2023년 8월 5일,a
train_3149.jpg,train/train_3149.jpg,"간현관광지 진입로에 설치된 안내문에 따르면, 차 없는 거리 조성 시행 중일 때 등록된 차량 이외에는 어떻게 해야 하나요?",차량 출입이 자유롭게 허용됩니다.,모든 차량은 인터폰을 통해 호출해야 합니다.,차량 출입이 불가하니 이용객의 이해와 협조를 부탁드립니다.,차량 출입 시 별도의 통행료를 내야 합니다.,c
train_3150.jpg,train/train_3150.jpg,이미지에 보이는 편의점의 이름은 무엇인가요?,FamilyMart,7-Eleven,GS25,CU,a
train_3152.jpg,train/train_3152.jpg,이 사진 속 쟁반에 적혀 있는 글자는 무엇인가요?,brim,brimr,brimn,birm,a
train_3153.jpg,train/train_3153.jpg,이 열차의 모델명에 적힌 글자는 무엇인가요?,N700 Express,N700 Supreme,N700 Rapid,N700 Limited,b
train_3155.jpg,train/train_3155.jpg,"다음 중 '취향저격 범벅 시리즈' 와플의 가격이 5,000원인 것은 무엇인가요?",초코범벅,블루베리범벅,딸기범벅,망고범벅,a
train_3156.jpg,train/train_3156.jpg,이 이미지에서 SDLC의 전영역과 함께 AI가 적용되는 단계 중 가장 먼저 나오는 단계는 무엇인가요?,Requirement Analysis,Build & Test,Code Review,Code Generation,a
train_3157.jpg,train/train_3157.jpg,이 교차로 표지판에 적혀 있지 않은 곳은 어디인가요?,삼전사거리,삼성역,강남역,법원 검찰청,c
train_3158.jpg,train/train_3158.jpg,이 건물에 있는 상호명 중 마사지 의자 브랜드는 무엇인가요?,UNICO,BODYFRIEND,더 좋은 공인중개사,부로니에,b
train_3159.jpg,train/train_3159.jpg,이 그림에 적힌 문구의 내용은 무엇인가요?,차가 지나가니 잠시 기다려요,천천히 운전하세요 사고 조심,내 앞길 막지 마라 가보자고 드릉드릉,길을 비켜 주세요 안전하게 가요,c
train_3160.jpg,train/train_3160.jpg,이 가게 간판에 적힌 상호명은 무엇인가요?,참한우횡성,한우참횡성,횡성한우참,횡성참한우,d
train_3161.jpg,train/train_3161.jpg,테이블 위 소금 용기 옆에 같이 놓인 양념통에 적힌 글자는 무엇인가요?,SUGAR,SOY SAUCE,VINEGAR,RED PEPPER,d
train_3162.jpg,train/train_3162.jpg,이 가게의 간판에 적힌 주요 판매 품목은 무엇인가요?,한식 전문점,커피 & 디저트 베이커리,이탈리안 레스토랑,중식 요리,b
train_3163.jpg,train/train_3163.jpg,이 가게의 전문 메뉴는 무엇인가요?,해물탕,삼겹살 구이,치킨 바베큐,양갈비 숯불구이,d
train_3164.jpg,train/train_3164.jpg,이 교차로에서 '나주'로 가려면 어느 방향으로 가야 하나요?,유턴,오른쪽,직진,왼쪽,c
train_3166.jpg,train/train_3166.jpg,사진 속 노란색 안내판에 적힌 내용 중 맞는 것은 무엇인가요?,교내 음식물 반입 허용,교내 흡연/음주 금지,교내 애완동물 출입 가능,교내 자전거 주차 허용,b
train_3167.jpg,train/train_3167.jpg,이미지 속 붉은색 표지판에 적힌 물고기의 이름은 무엇인가요?,명태,고등어,옥돔,갈치,c
train_3168.jpg,train/train_3168.jpg,이미지에 보이는 'PartySmart Soft Chews' 제품의 주요 기능은 무엇인가요?,숙취 해소,진통제,소화제,해열제,a
train_3169.jpg,train/train_3169.jpg,"이 사진에 보이는 금연 거리 표지판에 따르면, 금연 구역에서 흡연 시 부과되는 과태료는 얼마인가요?",15만원,5만원,10만원,20만원,c
train_3170.jpg,train/train_3170.jpg,이 건물 1층에 입점해 있는 음식점은 무엇인가요?,KFC,홍떡 개미,스타벅스,KT 플라자,a
train_3171.jpg,train/train_3171.jpg,다음 중 '솔의눈' 음료의 용량과 가격은 무엇인가요?,"540ML, 2,500원","600ML, 2,400원","500ML, 2,200원","500ML, 2,000원",d
train_3172.jpg,train/train_3172.jpg,사진 속 두 개가 나란히 놓여 있는 제품의 이름은 무엇인가요?,Ginseng Honey,Hong Kong Soap,Mentholatum Nasal Relief,Herbal Candy Lemon Grass,c
train_3174.jpg,train/train_3174.jpg,이 사진에 보이는 노란색 간판에 적힌 전화번호는 무엇인가요?,010.9607.6682,010.5508.6355,010.1234.5678,010.7477.4489,d
train_3175.jpg,train/train_3175.jpg,DEEPX DX - M1의 ImageNet 2012 데이터셋에서의 정확도(Accuracy)는 얼마인가요?,80.37,85.12,80.84,75.00,c
train_3176.jpg,train/train_3176.jpg,이 문구가 붙어 있는 문 손잡이에 적힌 경고 문구는 무엇인가요?,당기시오,손 조심,밀지 마시오,미시오,d
train_3177.jpg,train/train_3177.jpg,이 건물 간판에 적힌 한자와 한글은 무엇인가요?,애심원,애심우,애신우,마음우,b
train_3179.jpg,train/train_3179.jpg,이 사진에서 보이는 자동차 브랜드 간판 중 하나는 무엇인가요?,MITSUBISHI MOTORS,HYUNDAI,FORD,TOYOTA,a
train_3180.jpg,train/train_3180.jpg,이 제품의 이름은 무엇인가요?,리얼 초임계 알티지 오메가3,리얼 초임계 알티지 오메가6,리얼 초임계 알티지 오메가9,리얼 초임계 알티지 오메가7,a
train_3181.jpg,train/train_3181.jpg,이 가게에서 판매하는 음식 메뉴가 아닌 것은 무엇인가요?,피자,대창소막창,닭갈비,소곱창구이,a
train_3182.jpg,train/train_3182.jpg,이미지 속에 보이는 햄버거 제품의 이름은 무엇인가요?,블랙페퍼 더블버거,화이트치즈 버거,스파이시 불고기 버거,베이컨 치즈 버거,a
train_3183.jpg,train/train_3183.jpg,에실로 스텔리스트 렌즈를 매일 12시간 착용하면 근시 진행을 몇 % 억제해 준다고 광고하고 있나요?,50%,67%,33%,75%,b
train_3184.jpg,train/train_3184.jpg,이 사진 속 주유소에서 휘발유 판매 가격은 얼마인가요?,1800,1852,1859,1886,c
train_3185.jpg,train/train_3185.jpg,잭 다니엘스 위스키 200ml 용량 제품의 할인된 가격은 얼마인가요?,"39,400원","9,900원","14,900원","17,900원",c
train_3186.jpg,train/train_3186.jpg,8월 18일은 무슨 날로 지정되어 있나요?,감자의 날,밀의 날,쌀의 날,옥수수의 날,c
train_3187.jpg,train/train_3187.jpg,이 사진에 보이는 큰 글씨는 무엇이라고 적혀 있나요?,인동중앙로,비뇨기과,신한은행,TOP 의원,a
train_3188.jpg,train/train_3188.jpg,모노닥에 대해 설명한 내용 중 옳은 것은 무엇인가요?,모노닥은 육지에서 산다.,모노닥은 바다와 강이 만나는 기수 지역에서 산다.,모노닥은 해양 심층에서만 산다.,모노닥은 민물에서만 산다.,b
train_3189.jpg,train/train_3189.jpg,에포메이커 G84 PRO 키보드의 온라인보다 저렴한 특가 가격은 얼마인가요?,"\109,900","\99,900","\129,000","\89,900",b
train_3190.jpg,train/train_3190.jpg,2인 세트 메뉴에 포함되지 않는 것은 무엇인가요?,후리가케 주먹밥,음료수,일본식 계란찜,후라이드 치킨,d
train_3191.jpg,train/train_3191.jpg,명일우성아파트 재건축사업 관련 현수막에서 축하 메시지를 전한 회사가 아닌 곳은 어디인가요?,삼성전자,ACRO,DL이앤씨,현대건설,a
train_3192.jpg,train/train_3192.jpg,사진 속 책장에 적힌 '허브깃'이라는 글자 옆에 적힌 숫자는 무엇인가요?,5,6,4,3,c
train_3194.jpg,train/train_3194.jpg,이 제품들 중에서 '글루타치온'이 함유된 제품의 가격은 얼마인가요?,"10,000원","5,000원","3,000원","7,000원",b
train_3195.jpg,train/train_3195.jpg,이 트럭에 적혀 있는 배송 서비스 이름은 무엇인가요?,마켓컬리,배달의민족,쿠팡은 당일배송!,쿠팡은 로켓배송!,d
train_3196.jpg,train/train_3196.jpg,사진에 보이는 간판 중에서 '로또 복권 판매점'이라고 적힌 곳의 이름은 무엇인가요?,알파문구,사진관,창고43,삼성 온누리약국,a
train_3197.jpg,train/train_3197.jpg,사진 속 식당의 이름은 무엇인가요?,강릉 동화가든 원조 짬순 박송자,강릉 동화가든 신조 짬순 안송자,서울 동화가든 원조 짬순 안송자,강릉 동화가든 원조 짬순 안송자,d
train_3199.jpg,train/train_3199.jpg,이 발표 자료의 제목은 무엇인가요?,Counterfactual Reasoning for Weak Interest Overfitting in Sequential Recommendation via Interest Segmentation,Deep Learning for Image Recognition,Big Data Analysis in E-commerce,Optimization Techniques for Neural Networks,a
train_3200.jpg,train/train_3200.jpg,사진 속 빌딩에 적힌 한의원 이름은 무엇인가요?,그린컴,PEARLY,경락한의원,GLASS 해녀안경,c
train_3202.jpg,train/train_3202.jpg,이 사진 속 빨간 표지판에 적힌 문구는 무엇인가요?,주차금지,쓰레기 투기 금지,출입금지,차량통행금지,a
train_3203.jpg,train/train_3203.jpg,사진 속 응모권에 적힌 번호 중 가장 큰 숫자는 무엇인가요?,1295,1155,1914,2374,d
train_3204.jpg,train/train_3204.jpg,이 가게 유리문에 적혀 있는 글귀 '노랑통닭'은 무엇을 의미하나요?,치킨 가게 이름,빵집 이름,카페 이름,서점 이름,a
train_3205.jpg,train/train_3205.jpg,이 제품의 이름은 무엇인가요?,채우란볶이,채우닭볶음탕,채우닭 순살,채우라면,a
train_3206.jpg,train/train_3206.jpg,"벽에 붙어 있는 안내문에 따르면, 이동 중에 무엇을 자제해야 하나요?",쓰레기를 버리지 마세요,큰 소리로 통화하지 마세요,음식물 섭취를 자제해주세요,휴대폰 사용을 자제해주세요,d
train_3208.jpg,train/train_3208.jpg,이 건물에 있는 간판들 중에서 노래방을 뜻하는 일본어 단어는 무엇인가요?,とめ手羽,ジャンカラ,ホルモン,ふとっぱら,b
train_3209.jpg,train/train_3209.jpg,이 이미지에 보이는 파란색 표지판에 적힌 문구는 무엇인가요?,주차금지,천천히 운전,출차주의,차량정지,c
train_3210.jpg,train/train_3210.jpg,'탐구생활' 교과서 표지에 그려진 아이들은 무엇을 하고 있나요?,운동을 하고 있다,음식을 먹고 있다,책을 읽고 있다,비눗방울을 불고 있다,d
train_3211.jpg,train/train_3211.jpg,이 건물 2층에 위치한 '작심스터디카페' 전화번호는 무엇인가요?,010-8845-5925,010-1234-5678,010-8845-5935,010-8255-5080,c
train_3212.jpg,train/train_3212.jpg,이 가게에서 판매하는 주된 상품은 무엇인가요?,옷,책,커피,전자 담배,d
train_3213.jpg,train/train_3213.jpg,오른쪽 액자에 적힌 시의 제목은 무엇인가요?,한국민조시인협회,달빛 소리,마음밭,나비 고무신,d
train_3214.jpg,train/train_3214.jpg,이 사진 속 상점이 영업하는 시간은 언제인가요?,오전 9시부터 오후 10시까지,오후 12시부터 오후 9시까지,오전 10시부터 오후 11시까지,24시간 영업,d
train_3215.jpg,train/train_3215.jpg,이 사진에 보이는 상점의 이름은 무엇인가요?,홈플러스,이마트,다이소,롯데마트,c
train_3216.jpg,train/train_3216.jpg,이 사진에 보이는 간판에 적힌 회사 이름 중 하나는 무엇인가요?,RIOT GAMES,Google,Samsung,Apple,a
train_3217.jpg,train/train_3217.jpg,이미지에 나온 '헤어짱' 미용실은 몇 층에 위치해 있나요?,4층,2층,5층,3층,a
train_3218.jpg,train/train_3218.jpg,이 사진 속 길거리 간판 중 '頂級麻辣鴛鴦火鍋'가 적힌 간판은 어떤 색인가요?,노란색,파란색,초록색,빨간색,d
train_3219.jpg,train/train_3219.jpg,이미지 속 로또 복권 용지에 적혀 있는 복권 종류는 무엇인가요?,골드복권 Lotto 8/60,행운복권 Lotto 7/50,슈퍼복권 Lotto 5/40,동행복권 Lotto 6/45,d
train_3220.jpg,train/train_3220.jpg,이 졸업식 현수막에 적힌 학년도는 무엇인가요?,2026학년도,2024학년도,2025학년도,2023학년도,c
train_3221.jpg,train/train_3221.jpg,이 주유소 기계에 적혀 있는 문구가 아닌 것은 무엇인가요?,안전 운전,지방의 바람,기름 아껴,빠른 주유,d
train_3223.jpg,train/train_3223.jpg,'SNACK | 스낵' 메뉴에서 즉석구이오징어의 가격은 얼마인가요?,"5,000원","5,500원","6,000원","4,500원",b
train_3224.jpg,train/train_3224.jpg,사진 속 간판에 적혀 있는 음식점 이름은 무엇인가요?,백년식당,바우명가,오복식당,오봉집,d
train_3226.jpg,train/train_3226.jpg,이미지에 나온 SSAFY 共 : ZONE 이용 수칙 중 '취식 전/후'에 해야 할 일은 무엇인가요?,마스크 착용 및 손소독제 사용,반출 금지,뒷정리,대화 금지,a
train_3227.jpg,train/train_3227.jpg,"프렌즈스크린 구미인동점의 오픈할인 안내에 따르면, 평일 12시부터 16시까지 18H 이용 요금은 얼마인가요?","8,000원","12,000원","10,000원","15,000원",c
train_3228.jpg,train/train_3228.jpg,포스터에 소개된 '추억의 수박화채 마빙'의 가격은 얼마인가요?,M 3.7 L 4.6,M 3.7 L 4.4,M 3.5 L 4.4,M 3.5 L 4.6,c
train_3229.jpg,train/train_3229.jpg,이 기계에 붙어 있는 안내문에 적힌 내용은 무엇인가요?,"끓인 물입니다 라면, 커피, 각종차 물 받아서 드십시오^^",이 기계는 커피 전용입니다,차가운 물만 나옵니다,음료를 구매해야 이용할 수 있습니다,a
train_3230.jpg,train/train_3230.jpg,사진에 보이는 파란색 아크릴 물감 튜브에 적혀 있는 문구는 무엇인가요?,ACRYLIC GREEN,ACRYLIC YELLOW,ACRYLIC BLUE,ACRYLIC RED,c
train_3231.jpg,train/train_3231.jpg,이 이미지에서 축하하는 대상은 무엇인가요?,개강식 안내,졸업식 행사,SSAFY 15기 입학,SSAFY 16기 입학,d
train_3232.jpg,train/train_3232.jpg,사진 속 파란색 안내판에 표시된 경동대학교까지의 거리는 얼마인가요?,3km,5km,10km,7km,d
train_3234.jpg,train/train_3234.jpg,화면 오른쪽 위에 표시된 게임기 이름은 무엇인가요?,HAPPY ZZANG 3000 II,ULTIMATE ARCADE 4000,SUPER GAME 2000,MEGA PLAY 5000,a
train_3235.jpg,train/train_3235.jpg,접시 위에 적힌 글자는 무엇인가요?,YUMMY PIZZA,UNCLE PIZZA,HAPPY PIZZA,BIG PIZZA,b
train_3238.jpg,train/train_3238.jpg,사진 속 화면에 표시된 날짜는 무엇인가요?,2024/01/01,2025/07/14,2023/12/25,2024/07/14,d
train_3239.jpg,train/train_3239.jpg,이 제품 '루테인지아잔틴'의 하루 섭취 권장량은 어떻게 되어 있나요?,1일 3캡슐,1일 4캡슐,1일 1캡슐,1일 2캡슐,c
train_3240.jpg,train/train_3240.jpg,이 전시회의 제목은 무엇인가요?,"샌드 플레이, 존재와 기억의 방식",존재와 기억의 모래놀이,기억과 존재의 모래놀이,모래놀이와 시간의 흐름,a
train_3241.jpg,train/train_3241.jpg,이 사진은 어떤 천문 현상을 보여주고 있나요?,월식,일식,유성우 관측,혜성 관측,b
train_3242.jpg,train/train_3242.jpg,사진 속 간판에 적힌 슈퍼 이름은 무엇인가요?,페인트 방수 공사,광주신용 슈퍼,광주신용 익스프레스,승희슈퍼,d
train_3243.jpg,train/train_3243.jpg,퀴즈노스 매장에서 모닝세트에 포함된 메뉴는 무엇인가요?,샌드위치 + 아메리카노,스리라차 불도크립,샌드위치 + 탄산음료,터키 샌드위치,a
train_3244.jpg,train/train_3244.jpg,이 과일 가게에서 사과 한 상자의 가격은 얼마인가요?,"5,000원","3,000원","1,000원","10,000원",a
train_3245.jpg,train/train_3245.jpg,바닐라빈 시리즈 중에서 가장 저렴한 음료의 가격은 얼마인가요?,"3,400원","3,100원","3,900원","4,500원",b
train_3246.jpg,train/train_3246.jpg,이 건물 입구에 적힌 글씨는 무엇인가요?,송도 GXT센트럴,송도 GTX센트럴,송도 GTS센트럴,송도 GTX센터,b
train_3247.jpg,train/train_3247.jpg,벽에 적힌 글자는 무엇인가요?,THE KAYS,THE WAYS,THE KEYS,THE DAYS,a
train_3248.jpg,train/train_3248.jpg,'분양가에 포함되지 않는 유상 품목' 중 '현관 중문'의 공급 금액은 얼마인가요?,"1,200,000","1,800,000","1,400,000","1,600,000",c
train_3249.jpg,train/train_3249.jpg,사진에 있는 '다크 초콜릿' 포장지에 적힌 칼로리는 몇 kcal인가요?,500 kcal,350 kcal,400 kcal,445 kcal,d
train_3250.jpg,train/train_3250.jpg,이 건물에서 4층에 위치한 공간은 무엇인가요?,3식당,GX2룸(스피닝룸),피트니스센터,모바일샵,b
train_3251.jpg,train/train_3251.jpg,이 간판에서 제공하는 서비스가 아닌 것은 무엇인가요?,필라테스,골프,팀트레이닝,요가,d
train_3252.jpg,train/train_3252.jpg,사진 속 가게 간판에 적혀 있는 가게 이름은 무엇인가요?,맛있는떡볶이,행복한베이커리,바른RC중장비카페,착한커피전문점,c
train_3253.jpg,train/train_3253.jpg,사진 속 음료의 단백질 함량은 얼마인가요?,20g,10g,15g,25g,a
train_3256.jpg,train/train_3256.jpg,딸기 와플콘 아이스크림을 이용할 수 있는 횟수는 몇 회인가요?,1회,2회,3회,무제한,a
train_3257.jpg,train/train_3257.jpg,이 제품 'MICROISSANT 4EA'의 가격은 얼마인가요?,"\2,500","\3,000","\2,000","\3,500",a
train_3259.jpg,train/train_3259.jpg,이 도로 표지판에서 '하남산단4번로' 방향으로 가려면 어느 쪽으로 가야 하나요?,오른쪽,직진,왼쪽,유턴,a
train_3260.jpg,train/train_3260.jpg,이 건물에 들어온 노래방 이름은 무엇인가요?,GS25,엄마 밥상,슈퍼스타 노래방,슈퍼스타 피자,c
train_3261.jpg,train/train_3261.jpg,사진 속 '프로메가' 제품의 주요 기능으로 올바른 것은 무엇인가요?,면역력 강화,혈행·혈중 중성지질 개선,소화 건강 증진,체중 조절 도움,b
train_3262.jpg,train/train_3262.jpg,사진 속 아이스크림 포장지에 적힌 맛은 무엇인가요?,바나나바,망고바,초코바,딸기바,d
train_3263.jpg,train/train_3263.jpg,이 사진에 보이는 소화전 송수구의 압력 범위는 무엇인가요?,0.5 ~ 1.0 MPa,1.0 ~ 1.5 MPa,0.7 ~ 1.2 MPa,0.3 ~ 0.8 MPa,c
train_3264.jpg,train/train_3264.jpg,이 표지판에 적힌 '올라감'의 영어 표현은 무엇인가요?,Entrance,Go Up,Exit,Go Down,b
train_3265.jpg,train/train_3265.jpg,이 건물의 이름은 무엇인가요?,호반빌리지,호반스위트타워,호반아파트,호반스위트빌,d
train_3267.jpg,train/train_3267.jpg,이 옷의 가격은 얼마인가요?,"25,900원","35,000원","19,900원","30,000원",a
train_3268.jpg,train/train_3268.jpg,사진 속 상자에 적힌 농심 라면 한 봉지의 가격은 얼마인가요?,3000원,1000원,5000원,2000원,a
train_3271.jpg,train/train_3271.jpg,봄날 카페 메뉴판에 있는 'Vanilla Bean Latte'의 가격은 얼마인가요?,5.8,6.5,6.2,6.0,c
train_3272.jpg,train/train_3272.jpg,이 가게의 영업시간은 어떻게 되나요?,11:00 - 21:00,10:00 - 22:00,12:00 - 20:00,09:00 - 18:00,c
train_3273.jpg,train/train_3273.jpg,이 사진 속 주차장 안내판에 적힌 학교 이름은 무엇인가요?,부산해운대초등학교,서울강남고등학교,대전덕명중학교,광주북구중학교,c
train_3274.jpg,train/train_3274.jpg,이 사진 속 말풍선에 적힌 문구는 무엇인가요?,항상 행복하세요,오늘도 좋은 하루,힘내세요,이제 남은 건 광기 뿐,d
train_3275.jpg,train/train_3275.jpg,이 그림 속 간판이나 표지판에 적힌 내용 중 '오늘의 메뉴'로 나온 음식은 무엇인가요?,마을광장,닭장,감자발,감자닭강정,d
train_3276.jpg,train/train_3276.jpg,이마트에서 판매 중인 펩시콜라 500ml 5병의 묶음 가격은 얼마인가요?,"7,120원","5,000원","6,000원","1,680원",c
train_3277.jpg,train/train_3277.jpg,미쓰비시 승강기 서비스 전화번호는 무엇인가요?,1899-9449,0110-631,119,02-3429-5119,a
train_3278.jpg,train/train_3278.jpg,이 장치 상단에 적힌 문구는 무엇인가요?,안전 운행,천천히 가세요,조심 운전,주의 보행,a
train_3279.jpg,train/train_3279.jpg,핑거커피 메뉴 중에서 '아이스 카페라떼'의 영어 표기는 무엇인가요?,Ice Cafe Mocha,Ice Cappuccino,Ice Cafe Latte,Ice Americano,c
train_3281.jpg,train/train_3281.jpg,이 사진 속 가게 이름은 무엇인가요?,MEXICALI,MEXICAN,MEXICAL,MEXICO,a
train_3283.jpg,train/train_3283.jpg,이 건물에 있는 가게 중 '럭키보이 스크린골프 연습장'이 제공하는 서비스는 무엇인가요?,스크린 골프 연습장,커피 전문점,음료 판매점,고기구이 전문점,a
train_3284.jpg,train/train_3284.jpg,이 영화 포스터에 적힌 개봉일은 언제인가요?,2024년 7월 15일,2026년 1월 1일,2026년 5월 20일,2025년 12월 25일,c
train_3285.jpg,train/train_3285.jpg,휘트니스 출입 시 지문인식 시스템이 잘 작동하지 않을 경우 안내문에 따르면 어떻게 해야 하나요?,바구니에 비치된 스프레이로 물을 한번 뿌린 후 이용한다,관리사무실에 직접 방문하여 신고한다,지문 인식을 다시 등록한다,출입을 중지하고 휴식을 취한다,a
train_3286.jpg,train/train_3286.jpg,이 표지판에서 '조명'과 함께 표기된 단어는 무엇인가요?,장판,전기,리모델링,도배,b
train_3287.jpg,train/train_3287.jpg,이 가챠 캡슐 뽑기 기계에서 한 번 뽑는데 드는 가격은 얼마인가요?,500원,2000원,1500원,900원,d
train_3288.jpg,train/train_3288.jpg,이 횡단보도 음향신호기는 주로 누구를 위해 설치된 것인가요?,노약자,청각장애인,시각장애인,어린이,c
train_3289.jpg,train/train_3289.jpg,이 문구 중 '통제구역' 안내문에 적힌 내용은 무엇인가요?,관계자출입허용,출입자외관계금지,관계자외출입금지,출입금지구역,c
train_3290.jpg,train/train_3290.jpg,간판에 적힌 상호명은 무엇인가요?,DON'S MARKET,LIQUOR STORE,MARKET LIQUOR,BEER-WINE SHOP,a
train_3291.jpg,train/train_3291.jpg,이 사진에 보이는 음료 브랜드 이름은 무엇인가요?,Budweiser,Stiegl,Heineken,Corona,b
train_3292.jpg,train/train_3292.jpg,"이 건물 1층 공간을 임대하고자 할 때, 연락해야 할 전화번호는 무엇인가요?",010-9876-5432,02-345-6789,010-8597-4495,010-1234-5678,c
train_3293.jpg,train/train_3293.jpg,다랑쉬오름 표지석에 적힌 이름은 무엇인가요?,한라산,다랑쉬오름,성산일출봉,사려니숲길,b
train_3294.jpg,train/train_3294.jpg,사진 속 와인 리스트에서 'RECOMMEND'는 어떤 색으로 표시되어 있나요?,빨간색,파란색,초록색,노란색,d
train_3296.jpg,train/train_3296.jpg,사진 속 음료수 중 '서울우유'에 적혀 있는 것은 무엇인가요?,허니버터칩,삼다수,나 100%,ED?YA COFFEE,c
train_3298.jpg,train/train_3298.jpg,이 건물에 있는 '별빛치과' 전화번호는 무엇인가요?,051-624-0000,051-624-1234,051-624-2875,051-624-2760,c
train_3299.jpg,train/train_3299.jpg,이 영수증에 적힌 맥도날드 매장의 영업시간은 무엇인가요?,9:00-21:30,7:00-23:30,6:30-24:00,8:00-22:00,b
train_3300.jpg,train/train_3300.jpg,사진 속 책 제목 중 '욕심 괴물' 책의 표지에는 어떤 그림이 그려져 있나요?,작은 집들과 사람들이 모여있는 모습,우주와 별이 그려진 그림,바다와 배가 보이는 해변 풍경,동물들이 뛰노는 숲속 풍경,a
train_3301.jpg,train/train_3301.jpg,사진 속 빨간색 주차금지 표지판에 적힌 문구는 무엇인가요?,협조 부탁 드립니다. 주차금지,주차 요금은 시간당 1000원입니다.,주차 허용 구역입니다.,주차 시 견인 조치합니다.,a
train_3302.jpg,train/train_3302.jpg,이미지 속 '웰니스 60구미 (30일분)' 제품의 할인율은 얼마인가요?,25% 할인,28% 할인,33% 할인,30% 할인,c
train_3303.jpg,train/train_3303.jpg,이 장소는 무엇을 타는 곳인가요?,셔틀버스 타는 곳,지하철 타는 곳,자전거 타는 곳,택시 타는 곳,a
train_3304.jpg,train/train_3304.jpg,이 간판에 적힌 상호명은 무엇인가요?,서울상회,群山商店,한성상점,강남문구,b
train_3305.jpg,train/train_3305.jpg,이 과자 이름은 무엇인가요?,매운고추과자,바삭감자칩,구운토마토링,달콤한옥수수,c
train_3308.jpg,train/train_3308.jpg,이 카페에서 주문한 음료의 이름은 무엇인가요?,아이스 아메리카노,따뜻한 라떼,카푸치노,에스프레소,b
train_3309.jpg,train/train_3309.jpg,이 사진에서 보이는 크레페 가게의 이름은 무엇인가요?,OH!CREPE,GALLETTE,CR?PES,CREPE HOUSE,a
train_3310.jpg,train/train_3310.jpg,"다음 중 '모든 사람들은 실수를 해, 그래서 연필 뒤에 지우개가 달려있는 거야'라는 문구가 적힌 문장은 무엇인가요?","If you love someone, you must have faith that he will do the right thing","Everyone makes mistakes, that's why they put erasers in the backs of pencils","If you find that you're not, I hope you have the strength to start all over again","No te arrepientas de nada, porque en un momento era exactamente lo que quer?as",b
train_3311.jpg,train/train_3311.jpg,이 건물 3층에 위치한 서비스는 무엇인가요?,"피부관리, 얼굴성형관리, 등관리",프리미엄 태닝 라운지,초밥 전문점,브론즈 태닝 효과,a
train_3314.jpg,train/train_3314.jpg,다음 중 이미지에 있는 메뉴의 가격이 가장 낮은 것은 무엇인가요?,"딸기모찌크림샌드 2,900원","딸기슈크림라떼 4,200원","딸기말랑피치스무디 4,300원","딸기말차폼라떼 4,100원",a
train_3316.jpg,train/train_3316.jpg,이 가게의 전화번호는 무엇인가요?,545-1555,154-5555,545-5555,554-1555,a
train_3317.jpg,train/train_3317.jpg,이 사진 속 흰색 종이에 적힌 전화번호는 무엇인가요?,010-2813-0500,010-2893-0482,010-5338-4763,010-4185-6362,b
train_3319.jpg,train/train_3319.jpg,이 가게의 이름은 무엇인가요?,태평소국밥,태평소김밥,태평소고기,태평소국수,a
train_3320.jpg,train/train_3320.jpg,"'간짜장' 메뉴 설명에 따르면, 간짜장의 특징으로 옳은 것은 무엇인가요?",진한 불 맛으로 즐기는 감칠맛,매운 맛이 강한 짜장,해산물이 들어간 짜장,달콤한 맛이 나는 짜장,a
train_3321.jpg,train/train_3321.jpg,이 글에서 '뜨는 씨실(가로 실)'이 주로 어떤 역할을 한다고 설명하고 있나요?,앞면에 섬세하고 다채로운 무늬를 표현한다,자연의 소리와는 관련이 없다,리본에 많은 실이 느슨하게 떠 있는 경우를 말한다,나란히 놓이거나 뒤섞이며 흔들리는 표현을 준다,d
train_3322.jpg,train/train_3322.jpg,사진 속 가게 이름이 아닌 것은 무엇인가요?,대화만두,DAEHWA,청년분식,청춘커피,d
train_3323.jpg,train/train_3323.jpg,이 표지판에서 금지하고 있는 행위는 무엇인가요?,소변 금지,쓰레기 투기 금지,흡연 금지,주차 금지,a
train_3324.jpg,train/train_3324.jpg,사진 속 도로 표지판에 적힌 도로 이름은 무엇인가요?,덕영구청,백양로,수원영통,어린이 보호구역,b
train_3325.jpg,train/train_3325.jpg,오뚜기 참깨라면 용기 겉면에 적힌 문구 중 올바른 것은 무엇인가요?,계란이 들어 있어요,새우가 많이 들어 있어요,매운맛 최고!,치즈가 포함되어 있어요,a
train_3326.jpg,train/train_3326.jpg,이 건물에 입점해 있는 약국의 이름은 무엇인가요?,연세비엔피의원,아리따운 여성의원,CUCKOO,유명 약국,d
train_3327.jpg,train/train_3327.jpg,이 표지판에서 무엇을 주의하라고 경고하고 있나요?,추락 위험,화재 위험,미끄럼 위험,전기 감전 위험,a
train_3328.jpg,train/train_3328.jpg,사진 속 파란색 도로 표지판에 적힌 '나주' 방향 안내에 표시된 국도 번호는 무엇인가요?,654,650,22,13,d
train_3329.jpg,train/train_3329.jpg,"이 사진 속에 보이는 간판 중에서 """"모모 뼈꼬시""""의 전화번호는 무엇인가요?",681-7388,685-4455,681-7839,681-7075,a
train_3330.jpg,train/train_3330.jpg,이 음식점의 전화번호는 무엇인가요?,031-987-6543,02-955-8252,02-123-4567,010-1111-2222,b
train_3331.jpg,train/train_3331.jpg,"식당 출구 안내문에 따르면, 식당 출구를 나가려면 어떻게 해야 하나요?",계단으로 바로 내려간다,계단으로 이동 후 19층 엘리베이터를 이용한다,직접 엘리베이터를 이용한다,19층까지 뛰어 올라간다,b
train_3332.jpg,train/train_3332.jpg,이 사진에서 보이는 도로명 표지판에 적힌 길 이름은 무엇인가요?,청담동로,테헤란로 34길,강남대로,삼성로,b
train_3333.jpg,train/train_3333.jpg,이 도로 표지판에 적힌 문구는 무엇을 의미하나요?,주차 금지 구역입니다.,차량 속도를 줄여야 하는 구역입니다.,어린이 보호 구역이 시작되는 곳입니다.,어린이 보호 구역이 끝나는 곳입니다.,d
train_3334.jpg,train/train_3334.jpg,사진에 보이는 '강남구' 관련 문구 중 강조된 단어가 아닌 것은 무엇인가요?,행복하게,대전환,힘차게,신나게,a
train_3335.jpg,train/train_3335.jpg,마구로젠의 점심 특선 회 정식 코스 정식 1인 가격은 얼마인가요?,"29,000원","39,000원","49,000원","25,000원",a
train_3337.jpg,train/train_3337.jpg,이 사진에 보이는 편의점 이름은 무엇인가요?,CU,emart24,GS25,7-Eleven,b
train_3338.jpg,train/train_3338.jpg,사진 속 큰 기둥에 적혀 있는 글자는 무엇인가요?,5번 상가거리,2번 쇼핑센터,3번 문화거리,4번 먹자골목,d
train_3339.jpg,train/train_3339.jpg,왼쪽 연결 송수구(스프링클러)의 사용 압력 범위는 얼마인가요?,0.4~1.0 MPA,0.5~1.1 MPA,1.0~1.5 MPA,0.3~0.7 MPA,b
train_3340.jpg,train/train_3340.jpg,이 골목에 있는 상점에서 판매하지 않는 물건은 무엇인가요?,신발,모자,전자제품,밸트,c
train_3341.jpg,train/train_3341.jpg,이 버스정류장 표지판에 적힌 아파트 단지 이름은 무엇인가요?,동천마을4단지,동천마을2단지,동천마을3단지,동천마을1단지,c
train_3342.jpg,train/train_3342.jpg,이 광고에서 헬스 월 이용 가격은 얼마인가요?,"50,000원","33,000원","20,000원","9,900원",b
train_3343.jpg,train/train_3343.jpg,이 이미지에서 초록색 병에 적혀 있는 음료 이름은 무엇인가요?,처음처럼,진로,한라산,참이슬,d
train_3346.jpg,train/train_3346.jpg,이 문서에 명시된 '금지 표지'에 해당하지 않는 내용은 무엇인가요?,흡연금지,화기금지,조작금지,출입금지,a
train_3347.jpg,train/train_3347.jpg,이 복도 벽에 붙어 있는 꽃 모양 장식의 표정은 어떤가요?,화난 표정,웃는 표정,슬픈 표정,무표정,b
train_3350.jpg,train/train_3350.jpg,이 식당에서 제공하는 메뉴가 아닌 것은 무엇인가요?,돼지연탄구이,김치찌개,돼지갈비,곰장어,b
train_3351.jpg,train/train_3351.jpg,이 캐릭터팩 아크릴 키링의 가격은 얼마인가요?,"5,000원","8,000원","10,000원","12,000원",b
train_3352.jpg,train/train_3352.jpg,이 표지판이 안내하는 한옥마을의 이름은 무엇인가요?,전주한옥마을,안동한옥마을,고창읍성 한옥마을,경주한옥마을,c
train_3353.jpg,train/train_3353.jpg,"이미지 속에 보이는 텍스트 중, 신발 광택용으로 준비된 물품은 무엇이라고 적혀 있나요?",shoe repair,laundry bag,shoe shine,shoe polish,c
train_3356.jpg,train/train_3356.jpg,이 가게 간판에 적힌 상호명은 무엇인가요?,책방골목 카페,책방골목 서점,책방골목 음식점,책방골목 사진관,d
train_3357.jpg,train/train_3357.jpg,이 영화 티켓에서 상영관 번호는 무엇인가요?,2관,3관,1관,6관,d
train_3358.jpg,train/train_3358.jpg,이 이미지의 글자 중에서 다음 중 빨간색으로 적힌 글자는 무엇인가요?,목,부,크,판,c
train_3360.jpg,train/train_3360.jpg,이 이미지에 보이는 작은 부적들의 가격은 각각 얼마인가요?,500원과 1000원,300원과 700원,1500원과 2500원,1000원과 2000원,a
train_3361.jpg,train/train_3361.jpg,서울둘레길 사당역갈림길까지의 거리는 얼마인가요?,1.0km,1.0m,2.6km,5.0km,d
train_3362.jpg,train/train_3362.jpg,이미지 속 '왕뚜껑' 용기의 조리 시간은 얼마인가요?,10분,15분,5분,3분,d
train_3363.jpg,train/train_3363.jpg,이 건물에 입주한 '탄벌점핑 다이어트'의 전화번호는 무엇인가요?,798-3568,010-8640-7614,761-5515,031-8027-9025,b
train_3364.jpg,train/train_3364.jpg,이 쓰레기통 중 '병·캔류'를 버리는 곳은 어디인가요?,쓰레기통이 아닙니다,오른쪽 쓰레기통,왼쪽 쓰레기통,가운데 쓰레기통,d
train_3365.jpg,train/train_3365.jpg,사진 속 간판에 적힌 한글 상호명은 무엇인가요?,파리바게뜨,카페베네,이니스프리,청담,d
train_3366.jpg,train/train_3366.jpg,탑승구 1A에서 16시 30분에 출발하는 항공편의 목적지는 어디인가요?,부산,대구,광주,김포,d
train_3367.jpg,train/train_3367.jpg,이 노선도에서 M27 역의 이름은 무엇인가요?,あびこ (Abiko),新金岡 (Shinkanaoka),長居 (Nagai),西田? (Nishitanabe),a
train_3368.jpg,train/train_3368.jpg,이 마트의 간판에 적혀 있지 않은 문구는 무엇인가요?,T.514-5400,무료 배달 서비스,회사 납품 전문,영업시간 오전 9시부터 오후 10시까지,d
train_3370.jpg,train/train_3370.jpg,이 사진 속 도로 표지판에 적힌 도로 이름은 무엇인가요?,청계천로 5길,강남대로 12길,올림픽로 35길,서울로 21길,c
train_3371.jpg,train/train_3371.jpg,이 건물에 있는 '논두렁갈비' 식당은 몇 층에 위치해 있나요?,3층,4층,1층,2층,d
train_3372.jpg,train/train_3372.jpg,이 건물은 어떤 병원인가요?,조선대학교 치과병원,고려대학교 치과병원,서울대학교 치과병원,연세대학교 치과병원,a
train_3374.jpg,train/train_3374.jpg,이 가게 '영희네 반찬'의 전화번호는 무엇인가요?,2-655-5331,2-655-5531,2-655-5313,2-655-3351,a
train_3375.jpg,train/train_3375.jpg,'워셔블 밀라노 립 크루넥 스웨터' 가격은 얼마인가요?,"\39,900","\69,900","\59,900","\49,900",d
train_3376.jpg,train/train_3376.jpg,이 가게의 이름은 무엇인가요?,짐 캐리,수하물 서비스,내 집은 곧바로 호텔로,짐 보관 및 운송,a
train_3377.jpg,train/train_3377.jpg,이곳에서 '진입금지' 표지판에 적힌 문구는 무엇인가요?,사람만 출입 가능,차량 출입 허용,차량 내려오는 곳,차량 올라가는 곳,c
train_3378.jpg,train/train_3378.jpg,사진 속 음료수 텐텐 비타튼튼의 맛 종류로 올바른 것은 무엇인가요?,블루베리와 스트로베리,블루베리와 망고,포도와 사과,딸기와 바나나,a
train_3379.jpg,train/train_3379.jpg,화이트 초콜릿 블루밍 머그의 가격은 얼마인가요?,"\25,000","\30,000","\15,000","\21,000",d
train_3380.jpg,train/train_3380.jpg,운행 중에 절대 사용하지 말아야 하는 것은 무엇인가요?,핸드폰,헤드폰,음식,담배,a
train_3381.jpg,train/train_3381.jpg,이 사진에 보이는 '부산영화체험박물관'은 어느 방향으로 얼마만큼 가야 하나요?,왼쪽으로 50m,직진 200m,오른쪽으로 100m,뒤로 30m,a
train_3382.jpg,train/train_3382.jpg,이 버스정류장 표지판에 적혀 있는 내용은 무엇인가요?,지하철역 출입구,택시승강장,주차장 안내,버스승강장,d
train_3384.jpg,train/train_3384.jpg,이 커피 전문점의 이름은 무엇인가요?,Philz Coffee,Dunkin' Donuts,Starbucks,Blue Bottle,a
train_3385.jpg,train/train_3385.jpg,이미지에 보이는 '프리렌' 상품의 가격은 얼마인가요?,"25,900원","23,900원","17,900원","19,900원",b
train_3386.jpg,train/train_3386.jpg,사진 속 파란색 네온사인에 적힌 맥주 브랜드 이름은 무엇인가요?,FUNG TONG,TERRA,Tiger,FORGOTTEN CINEMAS,c
train_3387.jpg,train/train_3387.jpg,이 이미지 속 상점에서 판매하는 것은 무엇인가요?,음식,전자제품,복권,옷,c
train_3391.jpg,train/train_3391.jpg,이 표지판에 적힌 '어린이보호' 표지의 의미는 무엇인가요?,어린이 놀이터 위치 안내,어린이 병원 안내,어린이 통학 금지 구역임을 알리는 표지,어린이 보호 구역임을 알리는 표지,d
train_3392.jpg,train/train_3392.jpg,이 이미지 속 캐릭터와 관련된 만화의 제목은 무엇인가요?,요리왕 비룡,개구리 중사 케로로,포켓몬스터,짱구는 못말려,d
train_3393.jpg,train/train_3393.jpg,초록색 봉지에 적힌 제품 이름은 무엇인가요?,하루 한줌 견과,리얼 데일리너츠,건강한 견과,매일 우유,b
train_3394.jpg,train/train_3394.jpg,이 전광판에 적힌 문구의 내용은 무엇인가요?,이번 열차는 오늘의 마지막 열차입니다,이번 열차는 다음 역에서 출발합니다,이번 열차는 특별 열차입니다,이번 열차는 지연되어 출발합니다,a
train_3395.jpg,train/train_3395.jpg,이 지하철역의 이름은 무엇인가요?,HARVARD,CAMBRIDGE,OXFORD,STANFORD,a
train_3396.jpg,train/train_3396.jpg,'더블 통 망고 산도' 샌드위치의 가격은 얼마인가요?,8.9,9.0,8.5,10.0,a
train_3397.jpg,train/train_3397.jpg,이 가게 간판에 적혀 있지 않은 것은 무엇인가요?,밧데리,타이어,에어콘,세차,d
train_3398.jpg,train/train_3398.jpg,피안카넬리 모스카토 다스티 와인의 현재 할인 가격은 얼마인가요?,"39,000원","29,000원","59,000원","45,000원",a
train_3399.jpg,train/train_3399.jpg,이 제품 AHC 홈 에스테틱 케어 아이크림이 한 번에 케어해 준다고 적힌 내용이 아닌 것은 무엇인가요?,리프팅,보습,미백,탄력,c
train_3401.jpg,train/train_3401.jpg,벽에 그려진 글씨 중에서 붉은색 글씨로 적힌 문구는 무엇인가요?,HYSTERIC GLAMOUR,Exposed,DIARY OF A BAD GIRL,NO PARKING ANYTIME,a
train_3402.jpg,train/train_3402.jpg,이 사진에 보이는 마우스의 브랜드는 무엇인가요?,애플,LG,삼성,델,c
train_3403.jpg,train/train_3403.jpg,이 건물의 이름은 무엇인가요?,중앙도서관,제3교육관,서울시청,국립박물관,b
train_3404.jpg,train/train_3404.jpg,사진 속 녹색 포장지에 적힌 유통기한은 무엇인가요?,2023.07.21,2022.07.21,2024.07.21,2027.07.21,d
train_3405.jpg,train/train_3405.jpg,스노캣을 타고 지나가다 발견할 수 있는 비밀스러운 장소는 어디인가요?,거대한 지하 금고실,넓은 사막 한가운데,깊은 호수 밑,높은 산 정상,a
train_3406.jpg,train/train_3406.jpg,사진 속 아이스크림 가게의 이름은 무엇인가요?,Sweet Factory,Solid Works,Ice Cream King,Gelato World,b
train_3407.jpg,train/train_3407.jpg,"단 팥, 슈크림, 피자 중에서 3마리에 2,000원인 것은 무엇인가요?",슈크림,슈,단 팥,피자,d
train_3408.jpg,train/train_3408.jpg,이 사진에 보이는 '인디아나 존스' 놀이기구의 현재 대기 시간은 몇 분인가요?,20분,15분,30분,10분,b
train_3409.jpg,train/train_3409.jpg,이 사진에 보이는 피자 가게 이름은 무엇인가요?,정식피자,루마피자,임실엔치즈피자,미용재료피자,c
train_3410.jpg,train/train_3410.jpg,이 건물의 이름은 무엇인가요?,서전빌,한성빌,동양빌,서울빌,a
train_3411.jpg,train/train_3411.jpg,이 가게에서 시원한 슬러시 한 잔의 가격은 얼마인가요?,"4,000원","4,500원","3,500원","5,000원",a
train_3412.jpg,train/train_3412.jpg,이 박물관 안내도에서 '기획전시실'은 몇 번으로 표시되어 있나요?,2번,4번,3번,5번,c
train_3414.jpg,train/train_3414.jpg,"이미지 속 안내문에 따르면, 케이크를 포장할 때 몇 종류를 골라야 하나요?",2종류,4종류,1종류,3종류,d
train_3415.jpg,train/train_3415.jpg,네이버 영수증 리뷰 이벤트에서 '사진 첨부'에 대한 설명으로 맞는 것은 무엇인가요?,사진 첨부를 하지 않아도 된다,사진 첨부 후 등록하기 필수,사진 첨부는 리뷰 작성 전에만 가능하다,사진 첨부는 선택 사항이다,b
train_3416.jpg,train/train_3416.jpg,이 사진에 보이는 커피 전문점의 이름은 무엇인가요?,HOLLYS COFFEE,Starbucks,Coffee Bean,MEGA COFFEE,d
train_3418.jpg,train/train_3418.jpg,이 세정제의 제품명은 무엇인가요?,동성클리너,동성만능크리너,세정제,만능크리너,b
train_3420.jpg,train/train_3420.jpg,이 책상의 명찰에 적힌 이름은 무엇인가요?,최기영,이서준,김민수,박지훈,a
train_3421.jpg,train/train_3421.jpg,사진 속 큰 분홍색 간판에 적힌 내용은 무엇인가요?,주말 휴진 안내,매일 야간 진료,긴급 연락처 안내,정기 휴일 공지,b
train_3423.jpg,train/train_3423.jpg,튀김소보로를 맛있게 먹기 위해 전자레인지에 돌리면 안 되는 이유는 무엇인가요?,더 부드러워져서,맛이 더 좋아져서,수분이 빠져나가서,더 바삭해져서,c
train_3424.jpg,train/train_3424.jpg,이 사진에 있는 안내문 중 '출입 금지'라고 적힌 곳은 어디인가요?,시립도서관 출입 금지,대학병원 입구,천주교 성지,신천지 출입 금지,d
train_3425.jpg,train/train_3425.jpg,음료 컵에 적힌 문구는 무엇인가요?,MONSTER COFFEE,BEAST TEA,MONSTER TEA,BEAST COFFEE,a
train_3426.jpg,train/train_3426.jpg,이 건물의 정면에 크게 적힌 글자는 무엇인가요?,SAY APARTMENT HOUSE,CGV,MODERN HOUSE,SAY TWO,d
train_3427.jpg,train/train_3427.jpg,"이미지 속 점수판에 따르면, 키움 히어로즈의 No.31 선수 이름은 무엇인가요?",박병호,김혜성,이창진,오석주,d
train_3428.jpg,train/train_3428.jpg,이 배송 라벨에 적힌 발송지 주소는 어디인가요?,"902 EAST 59TH STREET, LOS ANGELES CA 90001","123 MAIN STREET, NEW YORK NY 10001","500 BROADWAY, SAN FRANCISCO CA 94133","750 PARK AVENUE, CHICAGO IL 60611",a
train_3429.jpg,train/train_3429.jpg,사진 속 간판에 적힌 '創業100周年 ありがとう'의 의미는 무엇인가요?,창업 100주년 감사합니다,할인 행사 중입니다,영업 시간이 변경되었습니다,새해 복 많이 받으세요,a
train_3430.jpg,train/train_3430.jpg,사진 속 건물에 위치한 치과 이름은 무엇인가요?,V-BEAUTY 테라피,걸이고은에스테틱,Ohair studio,이지웰블루치과,d
train_3431.jpg,train/train_3431.jpg,이 식당의 상호명은 무엇인가요?,불고기백반,김치찌개,진한갈비탕,숯불갈비촌,d
train_3432.jpg,train/train_3432.jpg,사진 속 안내문에 따르면 비산먼지 저감을 위해 연결된 것은 무엇인가요?,상수도,가스,전기,인터넷,a
train_3435.jpg,train/train_3435.jpg,이 화면에 표시된 목차에서 3번째 항목은 무엇인가요?,"API, HTTP, requests 기초",JSON 파싱과 LLM 연결,변수와 자료형,"조건문, 반복문, 함수",a
train_3436.jpg,train/train_3436.jpg,이 제품의 에너지소비효율등급은 몇 등급입니까?,7등급,1등급,5등급,3등급,c
train_3440.jpg,train/train_3440.jpg,이 사진 속 글자는 무엇이라고 적혀 있나요?,"안녕, 해운대","안녕하세요, 해운대","안녕, 광안리","안녕하세요, 광안리",c
train_3441.jpg,train/train_3441.jpg,이미지 속 보드카 브랜드 이름은 무엇인가요?,CALINA,KAHLUA,MIDORI,ABSOLUT VODKA,d
train_3443.jpg,train/train_3443.jpg,이 건물에 있는 '후라이드 닭발 똥집 & 생맥' 가게는 어떤 층에 있나요?,지하 1층,3층,1층과 2층,4층,c
train_3446.jpg,train/train_3446.jpg,이 경기에서 두산 베어스 투수 '이영하'가 기록한 시즌 승리는 몇 개인가요?,3,5,4,2,b
train_3447.jpg,train/train_3447.jpg,이 건물 외벽에 적힌 글씨 중 노란색 별 모양이 포함된 문구는 무엇인가요?,DMM.com,team Lab★,team Lab,DMM,b
train_3448.jpg,train/train_3448.jpg,이 전기설비 박스에 붙어 있는 흰색 스티커에는 어떤 내용을 안내하고 있나요?,전기 케이블 절대 절단 금지,전기설비 점검 중,고장 시 연락처 안내,"중고차, 수출차, 폐차 전국 최고가 매입, 50만원 더",d
train_3449.jpg,train/train_3449.jpg,이 이미지에 보이는 자동차 번호판 중 중앙에 크게 적혀 있는 단어는 무엇인가요?,TROLLSTIGEN,NORWAY,I ♥ NORWAY,MOOSE,a
train_3450.jpg,train/train_3450.jpg,중앙대학교 차세대반도체학과 설명회는 언제 개최되나요?,2024년 7월 1일 오후 5시,2024년 6월 2일 오후 3시,2024년 5월 30일 오전 10시,2024년 6월 24일 오후 6시 30분,d
train_3451.jpg,train/train_3451.jpg,'보존식'에 대한 주의사항으로 맞는 내용을 고르세요.,보존식은 개봉 후 바로 폐기해야 한다.,보존식은 반드시 냉장실에 보관해야 한다.,매 메뉴 제공되는 모든 메뉴를 1인분(150g) 이상 충분히 채워야 한다.,보존식은 -5도 이하에서만 보관해야 한다.,c
train_3452.jpg,train/train_3452.jpg,이 지하철역 출입구 번호는 무엇인가요?,8,6,5,3,b
train_3453.jpg,train/train_3453.jpg,제품 설명에 따르면 모발 길이가 어깨선일 때 권장 사용량은 얼마인가요?,1개 반~2개,1개,3개 이상,5개 이상,a
train_3454.jpg,train/train_3454.jpg,계단 입구에 붙어 있는 두 개의 표지판 중 오른쪽 표지판에 적힌 문구는 무엇인가요?,천천히 걸으세요,기대지 마세요,손잡이 잡으세요,추락주의,b
train_3455.jpg,train/train_3455.jpg,이 음식점의 위생등급은 무엇인가요?,우수,보통,미흡,매우 우수,d
train_3456.jpg,train/train_3456.jpg,사진 속 버스 정류장 표지판에 적힌 버스 노선 번호 중에 없는 것은 무엇인가요?,342,333,350,301,c
train_3457.jpg,train/train_3457.jpg,이 가게의 영업시간 중 휴무일은 언제인가요?,일요일,토요일,수요일,화요일,d
train_3458.jpg,train/train_3458.jpg,파나소닉 전기면도기의 가격은 얼마인가요?,"87,150원","100,000원","75,000원","99,900원",d
train_3459.jpg,train/train_3459.jpg,이 건물 입구 앞에 세워진 표지판에 적힌 문구 중 맞는 것은 무엇인가요?,가장 빠른 인터넷 제공,24시간 보안 서비스,당신에게 집중하는 오피스,친환경 건물 인증 완료,c
train_3460.jpg,train/train_3460.jpg,이 가게의 전화번호는 무엇인가요?,043-2522,252-2723,252-2227,252-2722,d
train_3461.jpg,train/train_3461.jpg,"'핏타임 헬스' 포스터에 따르면, 12주 변신 프로그램에서 지원하지 않는 것은 무엇인가요?",바디 프로필 도전 지원,요요 없는 건강한 다이어트,체계적인 PT 관리,근력 증진 및 체력 강화,c
train_3462.jpg,train/train_3462.jpg,한샘리하우스 매장 안내에서 110동에 위치한 호수는 무엇인가요?,3003호,1002호,407호,1006호,d
train_3464.jpg,train/train_3464.jpg,이 입장권에 적힌 장소 이름은 무엇인가요?,うみたまご,湯布院,かまど地獄,別府?泉,c
train_3466.jpg,train/train_3466.jpg,이미지의 노란 버스에 붙어 있는 현수막에 적힌 가을학기 개강일은 언제인가요?,9월 1일,9월 15일,10월 1일,8월 20일,a
train_3467.jpg,train/train_3467.jpg,누룽지 POP 제품의 맛은 무엇이라고 적혀 있나요?,매운맛,달콤한맛,짭짤한맛,신맛,b
train_3468.jpg,train/train_3468.jpg,이 커튼 제품은 자외선과 빛을 몇 퍼센트 이상 차단한다고 적혀 있나요?,70% 이상,80% 이상,99.9% 이상,90% 이상,c
train_3469.jpg,train/train_3469.jpg,사진 속 교통 표지판에 표시된 제한 속도는 얼마인가요?,60 km/h,50 km/h,30 km/h,40 km/h,b
train_3470.jpg,train/train_3470.jpg,여름 점심 특선 메뉴 중 '만두냉면'의 가격은 얼마인가요?,"15,000원","11,000원","10,000원","13,000원",d
train_3471.jpg,train/train_3471.jpg,이 건물 창문에 적힌 글자 중에 포함되지 않은 단어는 무엇인가요?,비누,여성,요로,결석,a
train_3472.jpg,train/train_3472.jpg,이 버스 정류장의 이름은 무엇인가요?,시커먼노,마을버스 수협,대양씽크공장,마을버스 서구2-2,b
train_3475.jpg,train/train_3475.jpg,이 음식점 간판에 적힌 음식 이름은 무엇인가요?,제육볶음,된장찌개,간바지 연탄 고추장 불고기,김치찌개,c
train_3476.jpg,train/train_3476.jpg,사진 속에 보이는 치약 브랜드는 무엇인가요?,크레스트,아쿠아플러스,센소다인,콜게이트,c
train_3477.jpg,train/train_3477.jpg,사진에 보이는 간판에 적힌 전화번호는 무엇인가요?,051-972-0750,010-9999-8888,02-345-6789,031-123-4567,a
train_3479.jpg,train/train_3479.jpg,이 자판기에서 판매하는 도넛 브랜드 이름은 무엇인가요?,Paris Baguette,Dunkin' Donuts,Krispy Kreme,Mister Donut,c
train_3480.jpg,train/train_3480.jpg,이 울타리에 붙어 있는 표지판에 적힌 내용은 무엇인가요?,주차 금지 구역입니다,관계자 외 출입금지,출입구는 오른쪽입니다,안전모를 착용하세요,b
train_3481.jpg,train/train_3481.jpg,사진 속 투명 병에 적혀 있는 브랜드 이름은 무엇인가요?,Pepsi,Sprite,SINGHA,Coca-Cola,c
train_3483.jpg,train/train_3483.jpg,이 가게의 간판에 적힌 가게 이름은 무엇인가요?,한우 전문점,사계절 한우,사계절 흑염소,흑염소 전문점,c
train_3484.jpg,train/train_3484.jpg,이 제품의 단백질 함량은 얼마인가요?,12g,9g,20g,15g,a
train_3486.jpg,train/train_3486.jpg,이 가게에서는 어떤 음식을 주로 판매하는가?,김치찌개와 불고기,냉면과 삼겹살,곰탕과 직화뼈구이,비빔밥과 떡볶이,c
train_3487.jpg,train/train_3487.jpg,이 사진 속 간판에 적힌 숙박 시설의 이름은 무엇인가요?,OCEAN VIEW HOTEL,BLUE HORIZON INN,SOL BEACH HOTELS & RESORTS,SUNNY BAY RESORT,c
train_3490.jpg,train/train_3490.jpg,이 책 시리즈에서 3번째 책의 제목은 무엇인가요?,TOWERING PRIDE AND TRUE LIFE,RAIN OF FIRE,CREATION,VOYAGE OF THE ARK,a
train_3491.jpg,train/train_3491.jpg,이 건물에 있는 식육점의 이름은 무엇인가요?,능금101,토끼 식육점,초원 한우,명성 꽃집,c
train_3492.jpg,train/train_3492.jpg,포스터에 따르면 1시간 운동 시 소모되는 칼로리는 얼마인가요?,"2,000칼로리","1,000칼로리",500칼로리,"1,500칼로리",b
train_3493.jpg,train/train_3493.jpg,사진 속 켈로그 제품에 적힌 맛은 무엇인가요?,딸기&요거트,카라멜&피칸,바닐라&아몬드,초코&바나나,b
train_3494.jpg,train/train_3494.jpg,이 사진에 보이는 컵과 유리잔에 적힌 글자는 무엇인가요?,SECTOR TEA ROASTERS,SECTOR COFFEE ROASTERS,SECTOR COFFEE TOASTERS,SEASON COFFEE ROASTERS,b
train_3495.jpg,train/train_3495.jpg,이 건물 3층에 있는 가게 이름은 무엇인가요?,Queen 노래방,Star 카페,Moon 서점,King PC방,a
train_3496.jpg,train/train_3496.jpg,이 책의 제목은 무엇인가요?,C++ for Beginner 4판,파이썬 for Beginner 4판,파이썬 for Intermediate 4판,자바 for Beginner 3판,b
train_3497.jpg,train/train_3497.jpg,벽에 붙어 있는 작은 종이에 적힌 전화번호는 무엇인가요?,02) 3471-5638,02) 1234-5678,010) 1234-5678,031) 9876-5432,a
train_3498.jpg,train/train_3498.jpg,이미지에서 포장지에 'Potato Chips'라고 적힌 감자칩의 맛은 무엇인가요?,Multigrain,Sweet Corn,Classic,Real,c
train_3499.jpg,train/train_3499.jpg,이 이미지에 있는 안내문에 따르면 2026년 4월 7일부터 봉은교와 탄천동로 구간에서 어떤 조치가 시행된다고 적혀 있나요?,부분 통제,주차 허용,통행 자유,전면 통제,d
train_3502.jpg,train/train_3502.jpg,이미지 속 'CLEVER MUSCLE' 제품에 적힌 문구 중 올바른 것은 무엇인가요?,100% WPI WEY PROTEIN ISOLATE,100% WPI HEY PROTEIN ISOLATE,100% WPI WHEY PROTEIN ISOLAT,100% WPI WHEY PROTEIN ISOLATE,d
train_3503.jpg,train/train_3503.jpg,이 편의점의 상호명은 무엇인가요?,CU,7-Eleven,GS25,이마트24,a
train_3504.jpg,train/train_3504.jpg,벽에 적힌 문구 중 '성공의 비밀'에 대해 무엇이라고 말하고 있나요?,Success is the result of hard work and talent.,"Put Your heart, mind, and soul into even your smallest acts.",Dream big and work hard every day.,Failure is the stepping stone to success.,b
train_3505.jpg,train/train_3505.jpg,이 이미지에 적힌 문구의 출처 영화 제목은 무엇인가요?,블레이드 러너 Blade Runner (1982),이터널 선샤인 Eternal Sunshine (2004),매트릭스 The Matrix (1999),인셉션 Inception (2010),c
train_3507.jpg,train/train_3507.jpg,"청춘 꼬마김밥 가게의 영업시간 안내에 따르면, 어떤 요일이 휴무인가요?",일요일,월요일,토요일,화요일,d
train_3509.jpg,train/train_3509.jpg,이 가게의 이름은 무엇인가요?,오통복닭,오복통닭,복닭오통,복오통닭,b
train_3512.jpg,train/train_3512.jpg,이 잡지 광고에 소개된 과일의 이름은 무엇인가요?,리치,파파야,망고스틴,두리안,d
train_3513.jpg,train/train_3513.jpg,이 장바구니에 붙어있는 주의 문구 중 '카트에서 아이가 떨어질 경우' 일어날 수 있는 상황은 무엇인가요?,장바구니가 부서질 수 있다,심각한 안전사고를 입을 수 있다,다른 손님에게 방해가 될 수 있다,상품이 손상될 수 있다,b
train_3514.jpg,train/train_3514.jpg,"이미지의 안내판에 따르면, 'Pig-nosed Turtle'은 어느 지역에서 발견되나요?",북부 호주와 뉴기니,남부 아프리카,서부 미국,동부 유럽,a
train_3515.jpg,train/train_3515.jpg,이 가게에서 판매하는 상품으로 맞는 것은 무엇인가요?,운동기구,식품,전자제품,패션가방,d
train_3516.jpg,train/train_3516.jpg,사진 속 약국의 전화번호는 무엇인가요?,031-987-6543,02-1234-5678,952-8513,952-3324,c
train_3518.jpg,train/train_3518.jpg,이 사진에 보이는 상점의 이름은 무엇인가요?,홈플러스,다이소,이마트,롯데마트,b
train_3519.jpg,train/train_3519.jpg,사진 속 책 중에서 '빵빵한 어린이' 시리즈에 포함되지 않은 책은 무엇인가요?,빵빵한 어린이 수수께끼,빵빵한 어린이 한국위인 1,빵빵한 어린이 세계일주,나는 스도쿠 천재가 될 거야,d
train_3520.jpg,train/train_3520.jpg,사진에 보이는 치과의원은 몇 층에 위치해 있나요?,4층,2층,7층,10층,c
train_3521.jpg,train/train_3521.jpg,다음 중 메뉴판에 적힌 '스파이시 치킨 케사디아'의 가격은 얼마인가요?,"13,900원","14,900원","12,900원","15,900원",d
train_3522.jpg,train/train_3522.jpg,이 이미지에 등장하는 영화의 제목은 무엇인가요?,공각기동대,블레이드 러너,체인소 맨,아키라,c
train_3526.jpg,train/train_3526.jpg,사진 속 누전차단기 중에서 정격전류가 20A인 제품의 형식명은 무엇인가요?,S-32,SEH-32,SGO-2N,GB-2C,d
train_3527.jpg,train/train_3527.jpg,이 지하철역 승강장 스크린도어에 적힌 경고 문구는 무엇인가요?,승강장 내 흡연 금지!,선로 침범 금지!,발빠짐 주의!,문에 손 끼임 주의!,c
train_3528.jpg,train/train_3528.jpg,사진에 보이는 초콜릿 제품 중 '가나 마일드' 초콜릿의 카카오 함량은 얼마인가요?,16%,19%,34%,20%,b
train_3529.jpg,train/train_3529.jpg,이 사진에 보이는 지하철역 출입구는 어느 역입니까?,서울역,홍대입구역,신촌역,강남역,c
train_3530.jpg,train/train_3530.jpg,이 지하철역에서 볼 수 있는 역 이름은 무엇인가요?,봉화산,명동역,상림역,홍대입구역,a
train_3531.jpg,train/train_3531.jpg,2026 국제 ACE 일러스트레이션 페어는 언제 열리나요?,9.10 ~ 9.13,9.1 ~ 9.5,9.20 ~ 9.23,9.12 ~ 9.15,a
train_3533.jpg,train/train_3533.jpg,사진 속 가게 이름은 무엇인가요?,마이커피,샐러드박스,마이샐러드,그린테이블,c
train_3534.jpg,train/train_3534.jpg,FEARX CAFE의 영업시간은 언제부터 언제까지인가요?,09:00부터 18:00까지,11:00부터 19:00까지,10:00부터 21:00까지,12:00부터 20:00까지,b
train_3536.jpg,train/train_3536.jpg,관리사무소의 평일 업무시간은 언제부터 언제까지인가요?,오전8시 ~ 오후5시,오전9시 ~ 오후6시,오전7시 ~ 오후4시,오전10시 ~ 오후7시,a
train_3537.jpg,train/train_3537.jpg,이 건물에 있는 병원 중 전화번호가 '951-3200'인 곳은 어디인가요?,박주형 내과 의원,THE GLASS 안경,수 치과 의원,운남 으랏차 마취 통증의학과 의원,a
train_3538.jpg,train/train_3538.jpg,이 교통관리시스템 장비가 설치된 도로 이름은 무엇인가요?,서현로,테헤란로,청계천로,분당로,a
train_3539.jpg,train/train_3539.jpg,이 이미지에 보이는 텍스트는 무엇인가요?,Caribbean Bay,Pacific Ocean,Golden Beach,Sunny Island,a
train_3540.jpg,train/train_3540.jpg,강릉 길감자 메뉴에서 기본으로 제공되는 소스 개수는 몇 개인가요?,2개,4개,3개,1개,a
train_3541.jpg,train/train_3541.jpg,방수용 기구함과 소화전 사용 방법에서 두 번째 단계는 무엇인가요?,밸브 열기,호스 빼내기,밸브 닫기,불 끄기,a
train_3542.jpg,train/train_3542.jpg,사진 속에 보이는 파란색 글자는 무엇인가요?,KOREA,PYTHON,SEOUL,SSAFY,d
train_3543.jpg,train/train_3543.jpg,소화전 사용법에서 화재 시 두 번째로 해야 할 일은 무엇인가요?,호스 빼내기,밸브 열기,불 끄기,밸브 닫기,b
train_3544.jpg,train/train_3544.jpg,사진 속 과자 '에이스'의 내용량은 얼마인가요?,45개,72g,198g,73g,d
train_3546.jpg,train/train_3546.jpg,이 사진에 보이는 축구 클럽의 이름은 무엇인가요?,Chelsea,Liverpool,Arsenal,Manchester United,c
train_3547.jpg,train/train_3547.jpg,이 식당에서 '직화 무뼈 닭발'을 먹을 때 제공된 김에 닭발을 올리고 찍어 먹으라고 안내된 소스는 무엇인가요?,케첩 또는 머스타드,간장 또는 고추장,마요네즈 또는 청양마요소스,된장 또는 쌈장,c
train_3549.jpg,train/train_3549.jpg,이 영화관에서 상영 예정인 영화의 제목은 무엇인가요?,호퍼스,어벤져스,스파이더맨,겨울왕국,a
train_3550.jpg,train/train_3550.jpg,"이 엘리베이터 내부에 붙어 있는 안내문에 따르면, 강의실 확인은 어디에서 가능한가요?",교육지원센터,1층 안내데스크,엘리베이터 앞,관리사무소,a
train_3553.jpg,train/train_3553.jpg,아이스크림 메뉴 중에서 '자두 샤워'라는 이름이 붙은 메뉴의 영어 이름은 무엇인가요?,POTATO ATTACK,PISTA FOREST,PLUM SHOWER,TUKA BACON,c
train_3554.jpg,train/train_3554.jpg,빨간 배경에 있는 말풍선 중 '인생은 아름다운 것...'이라고 적힌 문구는 무엇이라고 시작되나요?,유후~ 유후~ 인생은 아름다운 것...,좋은 쪽으로 해석하라고... 항상 긍정적으로 생각해야 한다니까...,"여보세요, 여기는 이제 언","한번 안아 보자! 안아 보자고! 다시 만나서 정말 기뻐, 땡땡!",a
train_3555.jpg,train/train_3555.jpg,이 건물의 5층에는 어떤 병원이 있나요?,V-BEAUTY 테라피,이지웰블루치과,걸이고은 에스테틱,Ohair studio,b
train_3556.jpg,train/train_3556.jpg,이 건물의 이름은 무엇인가요?,연세대학교,한국과학기술원,조선이공대학교,서울대학교,c
train_3557.jpg,train/train_3557.jpg,이 노란색 자전거에 적혀 있는 서비스 이름은 무엇인가요?,빨간 자전거,카카오 T 바이크,서울 자전거 따릉이,킥고잉 전동킥보드,b
train_3558.jpg,train/train_3558.jpg,이 건물 입구 위에 적혀 있는 글자는 무엇인가요?,CCTV 촬영중,푸른마을,공동현관,종이 캔 플라스틱,c
train_3559.jpg,train/train_3559.jpg,"이미지 속에서 가격표에 표시된 3,500엔 상품은 어떤 캐릭터인가요?",회색 정장을 입은 캐릭터,하얀 머리와 선글라스를 낀 캐릭터,검은 옷을 입고 안대를 낀 캐릭터,근육질의 문신이 있는 캐릭터,b
train_3561.jpg,train/train_3561.jpg,책장에 꽂힌 책 중에서 'C++' 프로그래밍과 관련된 책 제목은 무엇인가요?,성찰과 표현,C++ 프로그래밍,Java의 정석,디지털 디자인,b
train_3562.jpg,train/train_3562.jpg,이 벽에 적힌 글에서 '어찌하여 우리는 헤어지고 생각나는 사람들입니까?' 다음에 나오는 문장은 무엇인가요?,울지 않는다면서 먼저 눈썹이 젖어,들국화: 2,말로는 잊어버리라고 잊어버리라고......,말로는 멋있다면서 다시 생각이 나서,c
train_3563.jpg,train/train_3563.jpg,이 세탁소 문에 적힌 문구 중에서 이 가게의 운영 시간을 나타내는 것은 무엇인가요?,24시,금연구역,셀프 빨래방,Laundry Day,a
train_3564.jpg,train/train_3564.jpg,다음 중 '내일'이라는 곡의 OST 가수는 누구인가요?,멜로망스,ELLIE GOULDING,김범수,한희정,d
train_3565.jpg,train/train_3565.jpg,이 건물 1층에 위치한 편의점의 이름은 무엇인가요?,CU,GS25,7-Eleven,Ministop,b
train_3567.jpg,train/train_3567.jpg,카페 온화에서 오늘의 추천 메뉴는 무엇인가요?,딸기 케이크,초코 케이크,바닐라 아이스크림,카라멜 마끼아또,a
train_3568.jpg,train/train_3568.jpg,이 공사 안내문에서 방문자에게 전하는 말은 무엇인가요?,공사 기간은 2주간 진행됩니다,안전모 착용이 의무입니다,공사 구역에 출입 금지입니다,통행에 불편을 드려 대단히 죄송합니다,d
train_3569.jpg,train/train_3569.jpg,이 사진 속 소주병 중에서 '좋은데이' 브랜드가 아닌 것은 무엇인가요?,좋은데이 청포도,참이슬,좋은데이,좋은데이 복숭아,b
train_3570.jpg,train/train_3570.jpg,이미지 속 중앙 모니터에 표시된 'LOCAL FLOW' 아래에 적혀 있는 문구는 무엇인가요?,함께하는 힘으로 더 나은 세상을 만든다,지금 이 순간을 즐기세요,"당신은, 어디에서 미래를 그리고 있나요?",새로운 도전을 환영합니다,c
train_3571.jpg,train/train_3571.jpg,이 건물 2층에 있는 노래연습장의 이름은 무엇인가요?,소풍 노래연습장,행복 노래연습장,뚝배기 노래연습장,부대찌개 노래연습장,a
train_3572.jpg,train/train_3572.jpg,포토 티켓에 소개된 10월 31일 공연의 장소는 어디인가요?,세종문화회관 대극장,롯데시네마,무인정산기 위치,지하 1층,a
train_3574.jpg,train/train_3574.jpg,이미지 속 상자에 적힌 문구 중 'SSAFY'와 관련된 내용으로 옳은 것은 무엇인가요?,SSAFY 16기 입학을 축하합니다,SSAFY 16기 수료를 축하합니다,SSAFY 17기 입학을 축하합니다,SSAFY 15기 졸업을 축하합니다,a
train_3575.jpg,train/train_3575.jpg,이 승차권은 어디에서 어디까지 가는 티켓인가요?,삿포로에서 도쿄까지,도쿄에서 삿포로까지,삿포로에서 신치토세 공항까지,신치토세 공항에서 삿포로까지,c
train_3577.jpg,train/train_3577.jpg,사진 속 '나눔문화 확산 프로젝트'에서 사용되는 나눔 키오스크를 통해 1회 체크 시 기부되는 금액은 얼마인가요?,2천 원,5백 원,1만 원,1천 원,d
train_3579.jpg,train/train_3579.jpg,'테이블야자' 화분의 가격은 얼마인가요?,"5,000원","6,000원","7,000원","8,000원",b
train_3580.jpg,train/train_3580.jpg,이 사진에 보이는 간판 중에서 영문으로 적힌 상호명은 무엇인가요?,STARBUCKS,뉴트리코어,광주,수완퍼스트,a
train_3582.jpg,train/train_3582.jpg,다음 중 국립경주박물관까지의 거리가 올바르게 적힌 것은 무엇인가요?,1.5km,8.1km,2.3km,0.8km,c
train_3583.jpg,train/train_3583.jpg,이 가게의 메뉴 중 가격이 가장 높은 음식은 무엇인가요?,"차항 8,530원","하루마끼 12,345원","야끼동 9,680원","아부라소바 11,000원",b
train_3584.jpg,train/train_3584.jpg,이미지에서 초록색 박스에 적혀 있는 건강 보조제의 가격은 얼마인가요?,20.00 바트,30.00 바트,40.00 바트,79.00 바트,a
train_3585.jpg,train/train_3585.jpg,사진 속 안내문에 적힌 내용은 무엇에 대한 설명인가요?,도착 지역 안내,이동식 물막이판 설치 방법,긴급 대피 방법,주차 요금 안내,b
train_3588.jpg,train/train_3588.jpg,이 가게 '투다리'는 무엇을 주로 판매하는 곳인가요?,호프주점,한식 전문점,베이커리,커피숍,a
train_3589.jpg,train/train_3589.jpg,이 지하철 역 출구 번호는 무엇인가요?,4번 출구,2번 출구,1번 출구,3번 출구,a
train_3590.jpg,train/train_3590.jpg,'추론 품질 구조적 향상' 항목에서 에이전트당 도구 수가 어떻게 최적화되었나요?,60+개에서 20개로 최적화,100개에서 50개로 최적화,80개에서 40개로 최적화,30개에서 10개로 최적화,a
train_3591.jpg,train/train_3591.jpg,상자 안에 있는 과자 중 '크라운' 브랜드의 이름이 적힌 과자는 무엇인가요?,초코하임,에이스,고래밥,윌리,a
train_3592.jpg,train/train_3592.jpg,식당 출구를 이용하려면 어떻게 해야 하나요?,스마트폰을 사용하며 계단을 이용하세요.,계단으로 이동 후 19층 엘리베이터를 이용하세요.,19층에서 바로 출구로 나가세요.,20층에서 엘리베이터를 이용하세요.,b
train_3593.jpg,train/train_3593.jpg,이 사진에서 보이는 응급차의 전화번호는 무엇인가요?,02-1234,9988-7705,999-9999,119,d
train_3594.jpg,train/train_3594.jpg,이 가게의 정기휴일은 언제인가요?,매주 화요일,매주 월요일,매주 금요일,매주 수요일,a
train_3595.jpg,train/train_3595.jpg,이 가게에서 '생태탕'의 가격은 얼마인가요?,"9,000원","15,000원","6,000원","12,000원",d
train_3596.jpg,train/train_3596.jpg,탑 공인중개사 사무소에서 제공하는 서비스는 무엇인가요?,자동차 수리 서비스,음식 배달 서비스,부동산과 인테리어를 한 번에,여행 예약 서비스,c
train_3598.jpg,train/train_3598.jpg,다음 중 이미지에 보이는 한의원의 이름은 무엇인가요?,해미경희한의원,삼성구이,은성,헤어바리,a
train_3599.jpg,train/train_3599.jpg,이 이미지에 보이는 두산 베어스 공식 어택팬 샵의 이름은 무엇인가요?,WeFAN,BearShop,FanZone,DoosanShop,a
train_3601.jpg,train/train_3601.jpg,사진 속 사과주스 상자에 적힌 칼로리는 얼마인가요?,163kcal,250kcal,200kcal,100kcal,a
train_3602.jpg,train/train_3602.jpg,이 음식점의 간판에 적힌 전문 요리는 무엇인가요?,한국 전통 음식,이탈리아 파스타 전문,일본 우동 전문,중국 요리 전문,c
train_3603.jpg,train/train_3603.jpg,모션데스크 프리미엄의 매장 할인가격은 얼마인가요?,"630,000원","770,000원","1,000,000원","887,000원",b
train_3604.jpg,train/train_3604.jpg,이 이미지에 나온 뮤지컬의 제목은 무엇인가요?,캣츠,안나 카레니나,레미제라블,오페라의 유령,b
train_3605.jpg,train/train_3605.jpg,이 건물에 입주해 있는 기관이나 업체 중 '법무법인'이라는 명칭이 붙은 곳은 어디인가요?,근로복지공단 구미의원,블리비의원 피부과,스핀볼링,법무법인 로하스,d
train_3606.jpg,train/train_3606.jpg,이미지에서 AI 에이전트(Agent)가 실행 환경과 상호작용할 때 사용하는 실행 환경에 포함되지 않은 것은 무엇인가요?,DB,File System,웹 브라우저,API,c
train_3607.jpg,train/train_3607.jpg,이 전광판에 표시된 현재 접근하는 열차의 목적지는 어디인가요?,Daerim,Sinlim,Bongseon,Sindebang,a
train_3608.jpg,train/train_3608.jpg,사진 속 강의자료에서 다루는 주제는 무엇인가요?,생물학적 세포 분석,기계공학의 기본 원리,폴리머의 입체구조 분석,금속의 전기적 특성,c
train_3609.jpg,train/train_3609.jpg,이 도로 표지판에서 '백양터널'로 가려면 어느 방향으로 가야 하나요?,우회전,직진,후진,좌회전,b
train_3610.jpg,train/train_3610.jpg,여자화장실 비밀번호는 무엇인가요?,5678,0303*,9999,1234,b
train_3611.jpg,train/train_3611.jpg,이 소화전 사용법에서 '불 끄기' 단계는 몇 번째인가요?,2번째,4번째,3번째,1번째,c
train_3612.jpg,train/train_3612.jpg,이 과자 제품의 맛은 무엇인가요?,바삭한 버터맛 팝콘,짭짤한 감자칩,달콤한 상상 크리미 카라멜팝콘,매콤한 치즈 맛 팝콘,c
train_3614.jpg,train/train_3614.jpg,"다음 중 가격이 1,200원인 과자는 무엇인가요?",구운감자칩,허니버터칩,양파링 오리지널,초코퐁당 비스킷,c
train_3615.jpg,train/train_3615.jpg,이 음료수 병에 적혀 있는 제품 이름은 무엇인가요?,마운틴 듀,게토레이,파워에이드,포카리 스웨트,d
train_3616.jpg,train/train_3616.jpg,이 병원은 어떤 진료 분야에 전문성을 강조하고 있나요?,"치과, 안과, 이비인후과","척추, 관절, 신경, 시술, 스포츠재활","소아과, 내과, 피부과","내과, 정신과, 재활의학과",b
train_3617.jpg,train/train_3617.jpg,왼쪽 제품에 적힌 리얼 커버 리퀴드의 색상 이름은 무엇인가요?,라이트 크림 08,세미 매트 06,세미 매트 08,라이트 크림 06,b
train_3618.jpg,train/train_3618.jpg,이 가게의 이름은 무엇인가요?,77양념치킨,99후라이드치킨,66치킨하우스,88켄터키치킨,d
train_3619.jpg,train/train_3619.jpg,"이 트럭에 적힌 문구에 따르면, 위스키와 와인은 어디에서 사라고 안내하고 있나요?",앱스토어에서 데일리샷을 검색하세요,한국TDB 신용정보에서 구매하세요,근처 편의점에서 구매하세요,트럭 운전사에게 문의하세요,a
train_3620.jpg,train/train_3620.jpg,서울 암사동 유적 표지판에 적힌 내용 중 '서울 암사동 유적'을 영어로 올바르게 표기한 것은 무엇인가요?,Seoul Amsa Historic Site,Seoul Amsadong Ruins,Seoul Amsa Ruins,Seoul Amsadong Relics,b
train_3621.jpg,train/train_3621.jpg,이 도로 표지판에 따르면 순천과 학산으로 가려면 어느 방향으로 가야 하나요?,왼쪽으로 가야 한다,직진해야 한다,오른쪽으로 가야 한다,유턴해야 한다,b
train_3622.jpg,train/train_3622.jpg,사진 속 간판에 적힌 '순남시래기' 역삼점의 전화번호는 무엇인가요?,7-ELEVEN,566-8116,508.0887,116아5601,c
train_3624.jpg,train/train_3624.jpg,사진 속 건물에 위치한 어학연수 유학센터는 몇 층에 있나요?,2층,지하 1층,1층,3층,d
train_3625.jpg,train/train_3625.jpg,이 포스터에서 QR 스탬프 랠리 참여를 위해 방문해야 하는 장소는 어디인가요?,롯데월드타워 월드파크,남산타워,서울숲 공원,한강시민공원,a
train_3627.jpg,train/train_3627.jpg,이 지하도 입구의 이름은 무엇인가요?,TOKYO MALL,SUBNADE,SHINJUKU STATION,NANBA PLAZA,b
train_3628.jpg,train/train_3628.jpg,따순국물 식당의 오늘 메뉴 중에서 가장 저렴한 음식은 무엇인가요?,계란말이,된장찌개,김치찌개,제육덮밥,a
train_3629.jpg,train/train_3629.jpg,이미지에 보이는 '보드게임카페'는 어느 층에 위치해 있나요?,4층,3층,1층,2층,b
train_3630.jpg,train/train_3630.jpg,이 음료의 이름은 무엇인가요?,바닐라라떼 ICE,아메리카노 HOT,피스타치오라떼 ICE,카라멜마끼아또 HOT,c
train_3632.jpg,train/train_3632.jpg,이 비행기의 항공사는 어디인가요?,에어부산,대한항공,아시아나항공,진에어,b
train_3633.jpg,train/train_3633.jpg,오른쪽 주문기기에 표시된 샌드위치 이름은 무엇인가요?,맘모스샌드 초당옥수수,불고기샌드,감자샌드,치즈샌드,a
train_3634.jpg,train/train_3634.jpg,계약 단계별 전세사기 예방 체크리스트에서 '계약서 작성' 단계에 포함되지 않은 항목은 무엇인가요?,집배달 서비스 신청,집주인과 대면 작성,대리인 계약 시 위임장,등기부등본 확인,a
train_3635.jpg,train/train_3635.jpg,제이숲 셀프클리닉 손상모 샴푸 2X 기획 제품에 포함된 추가 증정 용량은 얼마인가요?,200ml,50ml,150ml,100ml,d
train_3636.jpg,train/train_3636.jpg,이 건물의 4층에 위치한 병원 이름은 무엇인가요?,기찬 통증의학과,행복한 치과,서울 정형외과,속시원 내과,d
train_3637.jpg,train/train_3637.jpg,이 작품의 제목은 무엇인가요?,내 주식은 왜 오르지 않는가,오정현의 작품 세계,왜 내 주식만 떨어지는가,주식 투자 성공기,c
train_3638.jpg,train/train_3638.jpg,이 건물 옥상에 적힌 사무실 임대 월세 금액은 얼마인가요?,월 15만,월 10만,월 30만,월 20만,a
train_3639.jpg,train/train_3639.jpg,이 벽화에 쓰인 문자는 무엇인가요?,히에로글리프(상형문자),한글,한자,라틴 문자,a
train_3641.jpg,train/train_3641.jpg,이 건물 옥상에 적혀 있는 글자는 무엇인가요?,HYUNDAI,LG,SONY,SAMSUNG,d
train_3642.jpg,train/train_3642.jpg,이 건물 지하에 위치한 시설 중 24시간 영업하는 곳은 어디인가요?,동성 락 볼링장,무인카페,사우나·찜질방 헬스,당구장,c
train_3644.jpg,train/train_3644.jpg,사진 속 도로 표지판에 따르면 '장덕도서관'이 있는 방향은 어디인가요?,뒤쪽 방향,오른쪽 방향,왼쪽 방향,직진 방향,b
train_3645.jpg,train/train_3645.jpg,책 표지에 적힌 제목은 무엇인가요?,세계의 다양한 빵,세계의 빵 이야기,세계의 귀여운 빵,세계의 맛있는 빵,c
train_3646.jpg,train/train_3646.jpg,이 건물의 2층에 위치한 부동산 사무소의 전화번호는 무엇인가요?,123-4567,755-2400,010-1234-5678,02-987-6543,b
train_3647.jpg,train/train_3647.jpg,영수증에 적힌 '슈프림순살치킨'의 가격은 얼마인가요?,"3,900원","9,900원","4,300원","4,900원",b
train_3648.jpg,train/train_3648.jpg,이미지 속 봉투에 적힌 손 씻기 방법 중 한 가지는 무엇인가요?,손을 비누 없이 물로만 헹굼,손을 씻은 뒤 바로 눈을 문지름,손을 깨끗이 씻고 수건 등으로 가볍게 닦음,손을 씻지 않고 바로 약을 바름,c
train_3649.jpg,train/train_3649.jpg,이 광고에서 강조하는 생토마토 주스의 특징은 무엇인가요?,"무설탕, 무첨가물의 건강한 주스",시원한 얼음이 가득한 토마토 주스,신선한 바질이 들어간 토마토 주스,100% 리얼 생토마토가 듬뿍 들어간 생토마토주스,d
train_3650.jpg,train/train_3650.jpg,출렁다리 통행이 금지되는 강풍의 순간 최대풍속은 몇 m/s인가요?,20m/s,14m/s,10m/s,25m/s,a
train_3651.jpg,train/train_3651.jpg,이 역의 이름은 무엇인가요?,서울역,대전역,광주역,부산역,b
train_3652.jpg,train/train_3652.jpg,위 두 청소포 제품 중에서 40매가 들어있는 제품의 가격은 얼마인가요?,"\3,000","\2,000","\1,000",\500,c
train_3654.jpg,train/train_3654.jpg,이 AED(자동 심장 제세동기) 보관함에 적힌 경고 문구는 무엇인가요?,AED는 24시간 사용 가능합니다.,사용 후 즉시 문을 닫아 주세요.,문을 열 때 조심하세요.,문을 열면 경고음이 울립니다.,d
train_3657.jpg,train/train_3657.jpg,우리동네 알뜰유심 전문매장에서 가장 저렴한 요금제의 월 요금은 얼마인가요?,"월 4,950원","월 10,000원","월 33,500원","월 17,400원",a
train_3658.jpg,train/train_3658.jpg,이 가게의 이름은 무엇인가요?,해드림김밥,모든메뉴포장됩니다,Sanitec,CLOSED,a
train_3659.jpg,train/train_3659.jpg,배달의민족에서 진행하는 이디야커피 프로모션 기간은 언제부터 언제까지인가요?,8월 1일(화)부터 8월 15일(화)까지,7월 27일(월)부터 8월 2일(일)까지,6월 20일(화)부터 7월 20일(목)까지,7월 1일(월)부터 7월 31일(수)까지,b
train_3660.jpg,train/train_3660.jpg,이 이미지에 보이는 어린이보호구역 표지판에 적힌 제한 속도는 얼마인가요?,30km/h,20km/h,50km/h,40km/h,a
train_3661.jpg,train/train_3661.jpg,이 부동산 사무소의 대표자 이름은 무엇인가요?,이철수,강하린,박지영,김민수,b
train_3662.jpg,train/train_3662.jpg,이 사진 속 도로명 표지판에 적힌 도로 이름은 무엇인가요?,이계북로,이계남로,이계서로,이계동로,a
train_3663.jpg,train/train_3663.jpg,이 과자의 이름은 무엇인가요?,초코건,초코바,초코칩,초콜릿 쿠키,a
train_3664.jpg,train/train_3664.jpg,이 제품은 무엇을 위한 가루입니까?,파우더 치즈,고추 가루,마늘 가루,생강 가루,c
train_3665.jpg,train/train_3665.jpg,이 MacBook Pro 14의 메모리 용량은 얼마인가요?,64GB,16GB,24GB,32GB,c
train_3666.jpg,train/train_3666.jpg,이 조형물 아래에 적힌 글자는 무엇인가요?,#부산걷기대회,#서울마라톤,#인천하프마라톤,#제주런닝맨,d
train_3667.jpg,train/train_3667.jpg,이 주차된 차량들에 적힌 전화번호는 무엇인가요?,1800-1234,1522-8820,031-123-4567,010-9876-5432,b
train_3671.jpg,train/train_3671.jpg,이 매장의 영업시간은 언제부터 언제까지인가요?,토~일 11:00~23:00,월~금 10:00~22:00,매일 08:00~20:00,월~일 09:30~24:00,d
train_3672.jpg,train/train_3672.jpg,이미지 속 술병 중 'Wild Turkey' 라벨에 적힌 술의 종류는 무엇인가요?,Scotch Whisky,Irish Whiskey,Japanese Whisky,Bourbon Whiskey,d
train_3673.jpg,train/train_3673.jpg,이 건물에 입주한 약국의 이름은 무엇인가요?,열린가정의원,조은약국,송월먹자골,수학단과,b
train_3674.jpg,train/train_3674.jpg,이 장소의 이름은 무엇인가요?,라면 박물관,라면 도서관,라면 가게,라면 카페,b
train_3675.jpg,train/train_3675.jpg,이 상품의 가격은 얼마인가요?,"\1,000","\1,500",\500,"\2,000",a
train_3677.jpg,train/train_3677.jpg,이 책 표지에 적힌 문구는 무엇인가요?,책은 보물이다,책은 친구다,책은 도끼다,책은 여행이다,c
train_3678.jpg,train/train_3678.jpg,이 사진이 찍힌 장소의 특징으로 가장 알맞은 것은 무엇인가요?,대학교 캠퍼스이다.,야시장 거리이다.,공항 출입구이다.,지하철 역 내부이다.,b
train_3679.jpg,train/train_3679.jpg,이 역의 이름은 무엇인가요?,Shizuoka,Numazu,Mishima,Katahama,b
train_3680.jpg,train/train_3680.jpg,이 계단 입구에 있는 지하철역 이름은 무엇인가요?,연수역,부평역,부산역,망미역,d
train_3681.jpg,train/train_3681.jpg,물병에 적힌 문구는 무엇인가요?,UNDERWOOD HOUSE - 2019,"Real Coffee Anytime, Anywhere",KOPIKO Cappuccino,SAMSUNG W ACADEMY SOUTH,a
train_3682.jpg,train/train_3682.jpg,이 게시판에 붙일 때 사용하면 안 되는 것은 무엇인가요?,일체의 테이프 및 접착제,끈,핀,자석 이용,a
train_3683.jpg,train/train_3683.jpg,이 사진 속 키보드에 적힌 브랜드명은 무엇인가요?,LOGITECH,RAZER,CORSAIR,DAREU,d
train_3684.jpg,train/train_3684.jpg,우리동네마트 복권판매점에서 강조하는 번호는 무엇인가요?,3등 5번,1등 4번,1등 7번,2등 3번,b
train_3685.jpg,train/train_3685.jpg,구미시 청춘남녀 만남행사 신청 기간은 언제부터 언제까지인가요?,2026.8.3 ~ 8.23,2023.8.1 ~ 8.15,2024.6.1 ~ 6.15,2025.7.1 ~ 7.20,a
train_3686.jpg,train/train_3686.jpg,성심당 창업 70주년 기념전시의 제목은 무엇인가요?,오래된 진심,성심당 이야기,70년의 역사,새로운 시작,a
train_3687.jpg,train/train_3687.jpg,이 제품의 이름은 무엇인가요?,알리오 올리오 파스타,토마토 스파게티,크림 파스타,해산물 파스타,a
train_3689.jpg,train/train_3689.jpg,이 사진 속 노란색 교통 표지판에 적힌 문구는 무엇인가요?,주차금지구역,통행금지구역,어린이보호구역,과속단속구역,c
train_3690.jpg,train/train_3690.jpg,이 사진에서 보이는 카페의 이름은 무엇인가요?,겨울겨울,가을가을,봄봄,여름여름,c
train_3691.jpg,train/train_3691.jpg,이 도로 표지판에 적힌 방향은 무엇을 의미하나요?,오른쪽 출구,직진 출구,왼쪽 출구,유턴 출구,c
train_3692.jpg,train/train_3692.jpg,이 벽화에 적힌 문구 중 'LENNON WALL' 바로 아래에 적힌 내용은 무엇인가요?,OF UNITY & STRENGTH,OF FREEDOM & ENERGY,OF PEACE & LOVE,OF HOPE & DREAMS,b
train_3693.jpg,train/train_3693.jpg,이 사진에 보이는 간판의 한자 이름은 무엇인가요?,東京動物園,動物公園,日本動物園,上野動物園,d
train_3694.jpg,train/train_3694.jpg,이 사진에 보이는 기둥에 적힌 문구는 무엇인가요?,어린이 보호,횡단보도,주차 금지,속도 제한,a
train_3695.jpg,train/train_3695.jpg,이 광고 문구에서 약속하는 내용은 무엇인가요?,제10대 서울특별시의회 의원 118명 일동,"앞으로 4년, 더 나은 서울을 만들겠습니다!",서울시의회 의원 100명 모두 일동,서울시 공공의 안전을 책임지겠습니다,b
train_3696.jpg,train/train_3696.jpg,사진에 보이는 파란색 도로 표지판에 적힌 '언주로'까지의 거리는 얼마인가요?,500m,1km,100m,300m,d
train_3697.jpg,train/train_3697.jpg,이 이미지에 나온 '애플 PC' 가게가 언제 영업하는지에 대한 안내문에는 무엇이라고 적혀 있나요?,평일 오후 1시부터 10시까지,24시간 영업,주말 휴무,오전 9시부터 오후 6시까지,b
train_3698.jpg,train/train_3698.jpg,이 건물에 있는 병원 이름으로 옳은 것은 무엇인가요?,그린골프,코엘존,대한수학학원,구로디지털바른본의원,d
train_3699.jpg,train/train_3699.jpg,"이 행사 배너에 따르면, CVPR 2025 행사는 언제 열리나요?",2026년 8월 10일~14일,2024년 7월 1일~5일,2023년 5월 20일~25일,2025년 6월 11일~15일,d
train_3700.jpg,train/train_3700.jpg,이 메뉴판에 적힌 '카페일부'에서 '웨딩피치결혼은미친짓이다'의 가격은 얼마인가요?,"12,000억","19,000억","9,000억","11,000억",a
train_3701.jpg,train/train_3701.jpg,이 이미지에 보이는 그래픽 카드의 모델명은 무엇인가요?,Radeon RX 6800,GeForce RTX 3060,GeForce GTX 1660,GeForce RTX 3090,b
train_3702.jpg,train/train_3702.jpg,다음 중 사진에 보이는 네 개의 만화 또는 영화 제목이 아닌 것은 무엇인가요?,E.T.,INSPECTOR GADGET,GUMBY,Big Boy Burgers,d
train_3703.jpg,train/train_3703.jpg,사진 속 유리문에 적힌 웹사이트 주소는 무엇인가요?,naver.com,google.com,daum.net,dcinside.com,d
train_3704.jpg,train/train_3704.jpg,"고시원 건축기준에 따르면, 5층 이상의 건물에는 무엇이 필요합니까?",별도의 피난 계단,주차장 면적 134㎡당 1대,비상구 설치 가능,가스렌지 설치 가능,a
train_3705.jpg,train/train_3705.jpg,사진 속 상품의 세일 가격은 얼마인가요?,"\3,000","\5,000","\7,000","\10,000",b
train_3706.jpg,train/train_3706.jpg,이 사진에서 '소화기' 표지판은 무엇을 나타내고 있나요?,화재 발생 시 사용할 수 있는 소화기 위치,건물 내 화재 경보기 위치,화재 진압 후 대피 장소,비상구 출입구 위치,a
train_3707.jpg,train/train_3707.jpg,이 공사 현장 안내판에 적힌 공사 기간은 언제부터 언제까지인가요?,'26.5.10 ~ '31.8.25,'24.1.1 ~ '29.12.31,'23.7.15 ~ '28.9.30,'25.11.20 ~ '30.3.4,d
train_3708.jpg,train/train_3708.jpg,이 가게의 이름은 무엇인가요?,G마켓,G스토어,G숍,G마트,d
train_3711.jpg,train/train_3711.jpg,이 표지판에 적힌 문구는 무엇인가요?,Keep right,Keep left,Stop,Keep straight,b
train_3713.jpg,train/train_3713.jpg,이 문구 중 '통제구역' 아래에 적힌 문장은 무엇인가요?,출입자제,관계자외출입금지,안전모 착용,주의하세요,b
train_3714.jpg,train/train_3714.jpg,"이미지에 붙어 있는 라벨에 따르면, 행사용의자의 재질은 무엇인가요?",플라스틱(청색),유리(투명),나무(갈색),금속(은색),a
train_3715.jpg,train/train_3715.jpg,이 도로 표지판에 나와 있는 '서강대교'의 도로명은 무엇인가요?,연세로,백범로,신촌로,서강로,d
train_3717.jpg,train/train_3717.jpg,이 이미지 속 빨간색 표지판에 적힌 글자는 무엇인가요?,응급처치,소화기,비상구,화재경보기,b
train_3719.jpg,train/train_3719.jpg,이 건물에 있는 상호명은 무엇인가요?,CU 편의점,TAMASI HAIR,SEOLLEUNG CAFE,TAMASI BOOKS,b
train_3721.jpg,train/train_3721.jpg,이 간판에서 제공하는 '매직' 시술의 가격은 얼마인가요?,60000원,50000원,35000원,55000원,b
train_3723.jpg,train/train_3723.jpg,노란색 경고문에 적힌 내용 중 올바른 것은 무엇인가요?,여기는 쓰레기 배출장이 맞습니다!,이곳은 배출장소가 아닙니다!,이곳은 주차장입니다!,이곳은 흡연 구역입니다!,b
train_3724.jpg,train/train_3724.jpg,이 이미지에 나온 문구 중 '하루종일 기운을 잃지 않게 도와' 다음에 나오는 내용은 무엇인가요?,취업 준비를 더욱 원활하게 해줄 것이오.,통밀빵에 스키피와 아보카도를 얹어.,한 입 먹으면 뇌에 좋은 기름이 흐르오.,집중력을 높여 주오.,a
train_3725.jpg,train/train_3725.jpg,이 게시판에서 '소식란'과 '신착도서' 중 오른쪽에 위치한 항목은 무엇인가요?,공지사항,이벤트 안내,소식란,신착도서,d
train_3726.jpg,train/train_3726.jpg,사진 속 간판에 적힌 미용실 이름은 무엇인가요?,미스도로시 미용실,한솔학원,전기부동산,강북교회,a
train_3727.jpg,train/train_3727.jpg,방수용 기구함의 화재 시 소화전 사용방법 중 2단계는 무엇인가요?,밸브 열기,불 끄기,호스 빼내기,밸브 닫기,a
train_3728.jpg,train/train_3728.jpg,책상 위에 놓인 초콜릿의 카카오 함량은 얼마인가요?,72%,82%,90%,75%,b
train_3729.jpg,train/train_3729.jpg,이 아파트 단지의 이름은 무엇인가요?,센트럴시티,센트럴하우스,센트럴파크,센트럴빌,c
train_3730.jpg,train/train_3730.jpg,쿠키에 써져 있는 이름 중 '송재'가 적힌 쿠키는 어느 박스에 있나요?,모든 박스에 있음,아래 박스,오른쪽 위 박스,왼쪽 위 박스,d
train_3731.jpg,train/train_3731.jpg,사진에 보이는 'Enaak Extra' 라면의 맛은 무엇인가요?,치킨맛,해물맛,매운맛,김치맛,a
train_3732.jpg,train/train_3732.jpg,이 이미지에서 노란색 간판에 적힌 문구는 무엇인가요?,네일빛깔라,네일빚깔,네일빚깔라,네일빛깔,d
train_3733.jpg,train/train_3733.jpg,이 거리의 간판 중에서 '꼬마 김밥'이라는 글자가 적힌 간판은 어떤 색인가요?,노란색,빨간색,초록색,파란색,b
train_3735.jpg,train/train_3735.jpg,이 가게에서 판매하는 '호떡'의 가격은 얼마인가요?,"3,000원","5,000원","2,000원","4,000원",a
train_3737.jpg,train/train_3737.jpg,아메리카노 빅사이즈 2샷의 가격은 얼마인가요?,1500원,4500원,3900원,3500원,a
train_3738.jpg,train/train_3738.jpg,사진에 보이는 상점 간판 중 'QIAODAN' 옆에 있는 다른 상점의 이름은 무엇인가요?,LI-NING,NIKE,ADIDAS,PUMA,a
train_3740.jpg,train/train_3740.jpg,벽에 적힌 글자 중 상호명은 무엇인가요?,가파도소나이,일일농수산점,15,010-6821-3213,a
train_3741.jpg,train/train_3741.jpg,이 계단에 적힌 '을지다방'은 몇 층에 있나요?,4층,1층,2층,3층,c
train_3742.jpg,train/train_3742.jpg,이 지하철역 출입구의 역 이름은 무엇인가요?,부산역,해운대역,망미역,서면역,c
train_3743.jpg,train/train_3743.jpg,이 이미지 속에서 판매되는 상품의 가격은 얼마인가요?,"8,500엔","9,000엔","8,900엔","9,500엔",c
train_3744.jpg,train/train_3744.jpg,이 건물 벽에 그려진 그림에서 주인공이 입고 있는 옷에 적힌 글자는 무엇인가요?,チ?ズ,エステム,グリコ,ピップ,c
train_3745.jpg,train/train_3745.jpg,이 행사 참가자 명찰에 적힌 이름 중 옳지 않은 것은?,이수민,박수빈,서울시립대,최진영,a
train_3746.jpg,train/train_3746.jpg,이 책의 제목에 포함된 자격증 명칭은 무엇인가요?,정보처리기사,빅데이터분석기사,네트워크관리사,데이터분석준전문가,d
train_3747.jpg,train/train_3747.jpg,이 표지판에 따르면 식당 출구로 가려면 어떻게 해야 하나요?,계단으로 이동 후 19층 엘리베이터를 이용한다,19층으로 바로 이동한다,계단 대신 에스컬레이터를 이용한다,엘리베이터를 타고 1층으로 간다,a
train_3748.jpg,train/train_3748.jpg,다음 중 '자기소개서 심화 분석' 취업특강이 열리는 날짜는 언제인가요?,8월 25일(화),8월 20일(일),8월 15일(월),8월 30일(수),a
train_3750.jpg,train/train_3750.jpg,이 트럭에 붙어 있는 '우회전시 주의' 표지판에서 주의하라고 하는 것은 무엇인가요?,사각지대 때문,화물 고정 미흡,과속 운전,적재물 낙하 위험,a
train_3751.jpg,train/train_3751.jpg,도로 건너편에 설치된 빨간색 구조물에 적힌 문구는 무엇인가요?,PEACE PEACE PEACE,HAPPY HAPPY HAPPY,SAFE SAFE SAFE,LOVE LOVE LOVE,d
train_3752.jpg,train/train_3752.jpg,이 이미지에서 SSAFY 16기 입학을 축하하는 문구 아래에 적힌 문구는 무엇인가요?,SSAFY와 함께하는 미래 비전,SSAFY와 함께하는 행복한 시간,SSAFY와 함께하는 성공 스토리,SSAFY와 함께 피어나는 새로운 여정,d
train_3756.jpg,train/train_3756.jpg,이 가게의 간판에 적힌 상호명은 무엇인가요?,요거트바,요아정,요거트 카페,동덕여대점,b
train_3757.jpg,train/train_3757.jpg,벽에 걸린 초록색 액자에 적힌 문구는 무엇인가요?,WE LOVE OUR COFFEE & DESSERTS FILL YOUR NIGHTS,A Twosome Place Presents Pleasant Coffee & Dessert Experience.,WE HOPE OUR COFFEE & DESSERTS FILL YOUR DAYS,A Twosome Place,c
train_3759.jpg,train/train_3759.jpg,이 식당 간판에 적힌 가게 이름은 무엇인가요?,대구짬뽕집,공짬뽕집,공현준식 대구 짬뽕,공짬뽕,d
train_3760.jpg,train/train_3760.jpg,이미지에 나온 '마그비 액티브' 제품이 개선하는 증상으로 옳지 않은 것은 무엇인가요?,어깨·목 결림,소화불량,운동 후 근육통,"근육경련, 눈떨림",b
train_3761.jpg,train/train_3761.jpg,"너구리 출몰 주의 안내문에 따르면, 야생 너구리는 보통 어떤 행동을 하나요?",사람에게 다가온다,사람을 공격한다,사람을 피하고 공격성이 없다,사람과 싸운다,c
train_3762.jpg,train/train_3762.jpg,이 전기 설비에 붙어 있는 경고 문구 중 '특고압 위험' 다음에 적힌 문구는 무엇인가요?,작업 금지,절대 접근 금지,접근 엄금,출입 금지,c
train_3763.jpg,train/train_3763.jpg,이 건물 임대 안내문에 따르면 2층의 면적은 몇 평인가요?,85평,60평,100평,25평,b
train_3764.jpg,train/train_3764.jpg,이 식당의 간판과 메뉴판에 적힌 음식의 종류는 무엇인가요?,된장찌개,김치찌개,불고기,마라탕,d
train_3765.jpg,train/train_3765.jpg,사진에 보이는 간판 중 '원룸 아파트 오피스텔 상가 사무실 토지 빌딩'을 전문으로 하는 가게는 무엇인가요?,c들이다,소풍김밥,우리다,강남공인중개사사무소,d
train_3766.jpg,train/train_3766.jpg,이 이미지에서 '소화전 방수구'라는 문구가 적힌 곳의 의미는 무엇인가요?,소화전을 사용할 때 물이 나오는 곳,소화기 보관함,전기 설비가 있는 곳,화재 경보기가 설치된 곳,a
train_3767.jpg,train/train_3767.jpg,이 스티커에 적혀 있는 포켓몬의 번호와 이름은 무엇인가요?,0007 꼬부기,0015 파이리,0025 피카츄,0001 이상해씨,a
train_3769.jpg,train/train_3769.jpg,이 옷에 적힌 글자는 무엇인가요?,SSAFY,STYLE,SMART,SAFETY,a
train_3770.jpg,train/train_3770.jpg,이 건물 임대 문의 전화번호는 무엇인가요?,02) 6030-5034,02) 6003-5034,02) 6003-5043,02) 7003-5034,b
train_3771.jpg,train/train_3771.jpg,소화기 받침대에 적힌 글자는 무엇인가요?,비상구,소화기,소화전,화재경보기,b
train_3773.jpg,train/train_3773.jpg,초콜릿과 젤리의 가격은 각각 얼마인가요?,"초콜릿 1,000원, 젤리 1,000원","초콜릿 1,000원, 젤리 500원","초콜릿 1,500원, 젤리 1,000원","초콜릿 500원, 젤리 1,500원",a
train_3774.jpg,train/train_3774.jpg,이 사진 속 상점의 이름은 무엇인가요?,유니크,유니클로,유니코,유니큐로,b
train_3775.jpg,train/train_3775.jpg,'The 온' 더 온 소불고기 덮밥 제품에 표시된 칼로리는 얼마인가요?,450kcal,800kcal,500kcal,677kcal,d
train_3776.jpg,train/train_3776.jpg,이 건물의 2층에 입주해 있는 회사 이름은 무엇인가요?,니즈게임즈 주식회사,세븐일레븐,(주)에이전트에이아이랩스,connect 법무법인 커넥트,d
train_3777.jpg,train/train_3777.jpg,이 사진 속 파란색 표지판에 적힌 문구는 무엇인가요?,횡단보도,장신로,수원서울병원,주정차금지,a
train_3778.jpg,train/train_3778.jpg,사진 속 아이스크림 컵에 적힌 문구는 무엇인가요?,초코 아이스크림,바닐라 아이스크림,딸기 아이스크림,순두부 아이스크림,d
train_3779.jpg,train/train_3779.jpg,이 건물 외벽에 적혀 있지 않은 브랜드는 무엇인가요?,TUMI,ADIDAS,LACOSTE,TOMMY HILFIGER,b
train_3780.jpg,train/train_3780.jpg,이 건물 안에 적힌 텍스트 중 올바른 상호명은 무엇인가요?,갤러리아 백화점,신세계 남산,현대 백화점,롯데 백화점,b
train_3781.jpg,train/train_3781.jpg,에스컬레이터 이용 시 어떤 행동이 금지되어 있나요?,반려견 동반,어린이 보호자 동반,"카트, 유모차 탑승 금지",노란색 라인 안에 탑승,c
train_3782.jpg,train/train_3782.jpg,이 도로 표지판에 적힌 문구 중 올바른 것은 무엇인가요?,주차금지,횡단보도,속도제한 30,주정차금지,d
train_3783.jpg,train/train_3783.jpg,사진 속 제품의 브랜드 이름은 무엇인가요?,monami,마카,모나미유성매직,유성마카,a
train_3784.jpg,train/train_3784.jpg,이 전시물에서 소개하고 있는 시리즈의 이름은 무엇인가요?,Star Wars: The Mandalorian,Star Trek,Avengers,Guardians of the Galaxy,a
train_3785.jpg,train/train_3785.jpg,이 사진에 보이는 꽃의 주요 색상은 무엇인가요?,빨간색과 노란색,파란색과 흰색,초록색과 갈색,분홍색과 보라색,a
train_3787.jpg,train/train_3787.jpg,사진에 보이는 '크라운 옥수수' 포장지에 적혀 있는 내용 중 옳은 것은 무엇인가요?,Sweet Potato Snack,Super Sweet Corn,Crispy Fried Chicken,Extra Hot Corn,b
train_3789.jpg,train/train_3789.jpg,이 가게의 간판에 적힌 음식 종류는 무엇인가요?,김밥,순두부,비빔밥,떡볶이,b
train_3790.jpg,train/train_3790.jpg,이 명찰에 적힌 학회 이름은 무엇인가요?,한국통계학회,한국컴퓨터과학회,한국정보기술학회,한국데이터정보과학회,d
train_3791.jpg,train/train_3791.jpg,이 제품의 에너지 소비효율 등급은 무엇인가요?,3,1,4,2,b
train_3792.jpg,train/train_3792.jpg,메뉴에 적힌 '캐비어와 달걀' 요리는 추가 비용이 얼마인가요?,"+55,000 for additional black truffle",추가 비용 없음,"+85,000 supplement","+100,000 supplement",c
train_3793.jpg,train/train_3793.jpg,왼쪽 포스터에 적힌 문구 중 옳은 것은 무엇인가요?,프로님 말씀을 잘듣자,프로님 말씀을 따르자,프로님 말씀을 잊지말자,프로님 말씀이 중요하다,a
train_3794.jpg,train/train_3794.jpg,이 식당에서 판매하는 메뉴가 아닌 것은 무엇인가요?,된장찌개,김밥,갈치찌개,동태찌개,b
train_3795.jpg,train/train_3795.jpg,이 간판에 적힌 가게 이름은 무엇인가요?,부평통야시장,부산깡통시장,서울깡통시장,부평깡통야시장,d
train_3796.jpg,train/train_3796.jpg,이 건물의 간판에 적힌 이름은 무엇인가요?,ESCAPES THE SUITE,SCAPES THE SUITE HOTEL,SCAPES THE SUITE,SCAPES THE SUIT,c
train_3797.jpg,train/train_3797.jpg,사진 속 영수증에 적힌 '아메리카노(ice)'의 가격은 얼마인가요?,"5,800원","5,000원","6,500원","10,800원",b
train_3798.jpg,train/train_3798.jpg,사진 속 도로 표지판에 적힌 '중부대로1299번길'은 어느 방향을 가리키고 있나요?,뒤쪽,오른쪽,직진,왼쪽,d
train_3799.jpg,train/train_3799.jpg,이 영화 예매권에 적힌 영화 제목은 무엇인가요?,스파이더맨: 브랜드 뉴 데이,배트맨: 다크 나이트,아이언맨: 퍼스트 클래스,어벤져스: 엔드게임,a
train_3800.jpg,train/train_3800.jpg,이 건물 2층에 위치한 병원의 진료과목이 아닌 것은 무엇인가요?,요로결석 치료,내과,피부과,비뇨기과,b
train_3801.jpg,train/train_3801.jpg,이 역의 이름은 무엇인가요?,ゆす (YUSU),ふくおか (FUKUOKA),ちょうじゃばる (CH?JABARU),はるまち (HARUMACHI),d
train_3802.jpg,train/train_3802.jpg,이 표지판에 적힌 '소방용수'는 몇 호인가요?,제214호,제421호,제241호,제124호,a
train_3804.jpg,train/train_3804.jpg,이 간판에 적힌 음료의 종류는 무엇인가요?,리얼 수박주스,리얼 포도주스,리얼 사과주스,리얼 오렌지주스,a
train_3806.jpg,train/train_3806.jpg,이 접시에 담긴 재료 중에서 'れんこん'은 무엇인가요?,버섯,상추,연근,배추,c
train_3807.jpg,train/train_3807.jpg,책장에서 보이는 '세계 철학 전집' 시리즈의 출판사는 어디인가요?,모모북,열린책들,민음사,문학동네,a
train_3809.jpg,train/train_3809.jpg,이 식당 간판에 적힌 '호박회수산물포차'에서 제공하지 않는 메뉴는 무엇인가요?,치킨볶음탕,활어회,왕새우소금구이,굴찜 무한리필,a
train_3810.jpg,train/train_3810.jpg,냅킨 상자에 쓰여진 문구의 내용은 무엇인가요?,"식사후, 의자는 제자리에 :) 휴지는 한 장 씩","식사전, 손을 씻으세요",음식은 남기지 말고 다 드세요,음료는 여기에서만 드세요,a
train_3811.jpg,train/train_3811.jpg,사진 속 나비 표본에서 '나모우나나방'의 학명은 무엇인가요?,Epicopla polydora,Erasmia pulchera,Amesia namouna,Chrysiridia rhipheus,c
train_3812.jpg,train/train_3812.jpg,사진 속 컵에 적힌 문구는 무엇인가요?,NINE COFFEE,COFFEE TIME,COFFEE NINE,COFFEE SHOP,c
train_3813.jpg,train/train_3813.jpg,왼쪽 포스터에 적힌 문구 중 올바른 내용은 무엇인가요?,화재에는 대피 먼저 안전에는 소화 먼저,화재에는 대비 먼저 안전에는 대피 먼저,화재에는 대피 먼저 안전에는 대비 먼저,화재에는 소화 먼저 안전에는 대피 먼저,c
train_3814.jpg,train/train_3814.jpg,의성역 건물에 적힌 문구 중 '고객과의 소중한 약속' 다음에 이어지는 내용은 무엇인가요?,"안전, 편리, 쾌적한 철도여행","편안, 빠른, 안전한 이동","친절, 신뢰, 만족 보장","신속, 정확, 친절한 서비스",a
train_3815.jpg,train/train_3815.jpg,이 가게 간판에 적힌 음식 메뉴가 아닌 것은 무엇인가요?,순대,소사골,김치찌개,육개장,c
train_3816.jpg,train/train_3816.jpg,다음 중 이미지에 보이는 식사 메뉴의 이름이 아닌 것은 무엇인가요?,김밥,샌드위치 COMBO,샐러드,도시락,a
train_3817.jpg,train/train_3817.jpg,[활용방안] 자기 이해와 분석 표에서 예술형 직업유형의 성격특징은 무엇인가요?,"자연 및 사회현상의 탐구, 이해, 해석 및 뜻풀이","경험에 대한 개방적 성격, 감성적 풍부, 자유로움, 독창성, 개성적","다른 사람을 돕는, 가르치는, 봉사하는, 돌보는","현실적, 신중함, 순종적, 성실, 근면, 규칙, 절제",b
train_3818.jpg,train/train_3818.jpg,포스터에 적힌 문구 중 '자체 OEM 제품 생산을 통해' 다음에 나오는 내용은 무엇인가요?,유통 마진을 줄인 합리적인 가격 제시!,24시간 신선하게 제조합니다.,친환경 재료로 만든 음료입니다.,고품질 원두만을 사용합니다.,a
train_3819.jpg,train/train_3819.jpg,이미지 속에 나란히 놓인 병들 중 오른쪽에 위치한 두 병에 적힌 맥주 브랜드 이름은 무엇인가요?,HITE,Cass,참이슬,처음처럼,b
train_3820.jpg,train/train_3820.jpg,이 사진에서 일반쓰레기와 재활용 쓰레기를 버리는 분리수거함에 적힌 문구 중 올바른 것은 무엇인가요?,일반쓰레기 General waste,일반쓰레기 Recycling,재활용 Recycle bin,재활용 General waste,a
train_3821.jpg,train/train_3821.jpg,이미지 속 'London Bagel Museum' 봉투에 적힌 문구 중 'fresh bagels'와 함께 제공되는 것은 무엇인가요?,homemade soup,fresh juice,hot coffee,green tea,a
train_3822.jpg,train/train_3822.jpg,이 건물의 2층에 입주해 있는 곳은 어디인가요?,센츄리부동산 매머드커피,연세 A+치과,한강종합게임랜드,옵티멈존 PC 카페,d
train_3825.jpg,train/train_3825.jpg,이 경기 티켓에 적힌 팀 이름은 무엇인가요?,롯데 VS 두산,삼성 VS NC,LG VS 넥센,한화 VS KIA,d
train_3826.jpg,train/train_3826.jpg,8월 18일(화) 중식 메뉴에 포함되지 않은 음식은 무엇인가요?,비빔만두,김치 콩나물국,그린 샐러드,된장찌개,d
train_3827.jpg,train/train_3827.jpg,이 상자에 적힌 문구 중 맞는 것은 무엇인가요?,'주유 중 엔진정지'를 생활화 합시다.,'주유 중에는 휴대폰을 사용합시다.','자동차는 안전하게 주차합시다.','주유 시에는 담배를 피웁시다.',a
train_3828.jpg,train/train_3828.jpg,이 조형물에 적힌 글자는 무엇인가요?,청풍호수공원,청풍리조트,청풍호수,청풍관광지,c
train_3829.jpg,train/train_3829.jpg,이 장소가 몇 층에 위치해 있는지 알려주는 표시는 무엇인가요?,5층,3층,4층,6층,a
train_3831.jpg,train/train_3831.jpg,"지하철 객차 내 안내문에 따르면, 냉난방 온도는 어떻게 자동으로 조절되나요?",냉난방모드로 자동으로 설정되어 운행됩니다.,승객이 직접 온도를 조절할 수 있습니다.,냉방만 자동으로 조절됩니다.,온도는 항상 22도로 고정되어 있습니다.,a
train_3832.jpg,train/train_3832.jpg,이 이미지에 적힌 문구 중에서 SSAFY와 관련된 문구는 무엇인가요?,SSAFY 16기 입학을 축하합니다,SSAFY 15기 졸업을 축하합니다,SSAFY 17기 입학을 축하합니다,SSAFY 16기 합격을 축하합니다,a
train_3834.jpg,train/train_3834.jpg,"구로역에서 6, 7번 승강장이 폐쇄되어 있을 때, 승차하기 편리한 위치는 어디인가요?",1~7호차 앞쪽에서 승차하면 편리하다,8~10호차 뒷쪽에서 승차하면 편리하다,5~6호차 앞쪽에서 승차하면 편리하다,3~4호차 중간에서 승차하면 편리하다,a
train_3835.jpg,train/train_3835.jpg,"가구 관리 시 주의사항에 따르면, 가구를 손상시킬 수 있으므로 절대 사용하지 말아야 할 것은 무엇인가요?",세제,물,솔벤트,물티슈,d
train_3837.jpg,train/train_3837.jpg,이 광고에서 '명함' 제작 가격은 얼마인가요?,오백장 사만원,오백장 이만원,오백장 만원,오백장 삼만원,c
train_3838.jpg,train/train_3838.jpg,이 술병 라벨에 적힌 이름은 무엇인가요?,참이슬,청하,한라산,맑은린,d
train_3839.jpg,train/train_3839.jpg,이 건물 입구에 적힌 '육가온'은 무엇을 의미하나요?,카페 이름,고기의 중심,전자제품 매장,신선한 채소 가게,b
train_3840.jpg,train/train_3840.jpg,이 식당의 정기휴일은 언제인가요?,매주 금요일,매주 월요일,매주 수요일,매주 일요일,b
train_3841.jpg,train/train_3841.jpg,이 가게에서 제공하는 할인 혜택은 무엇인가요?,낮 12시부터 밤 10시까지 음식 30% 할인,밤 열시부터 아침까지 음료 50% 할인,주말에만 모든 메뉴 20% 할인,오전 9시부터 오후 6시까지 커피 무료 제공,b
train_3842.jpg,train/train_3842.jpg,사진 속 간판에 적힌 공인중개사 사무소 이름은 무엇인가요?,이화 공인중개사,서울 공인중개사,행복 공인중개사,한빛 공인중개사,a
train_3843.jpg,train/train_3843.jpg,민방위 훈련이 전국 동시에 실시되는 날짜와 시간은 언제인가요?,9월 1일(금) 오전 10시부터 1시간,8월 20일(목) 오후 2시부터 20분간,8월 15일(토) 오후 3시부터 30분간,7월 25일(월) 오후 5시부터 15분간,b
train_3844.jpg,train/train_3844.jpg,이 시 '저녁의 참기름'의 시인은 누구인가요?,고은,김종태,이상,윤동주,b
train_3846.jpg,train/train_3846.jpg,이 비석에 새겨진 글의 제목은 무엇인가요?,관동별곡,청산별곡,동해물과 백두산이,서동요,a
train_3848.jpg,train/train_3848.jpg,이 가게에서 현금 인출 시 수수료는 얼마인가요?,수수료 0원,수수료 100원,수수료 500원,"수수료 1,000원",a
train_3849.jpg,train/train_3849.jpg,건물 입구에 있는 부동산 간판에 적힌 전화번호는 무엇인가요?,02-123-4567,02-557-7235,02-557-7239,02-999-8888,b
train_3850.jpg,train/train_3850.jpg,이 건물에 입주해 있는 치과 이름은 무엇인가요?,안경매니저,더바른치과의원,신호위너스 영수학원,24시 헬스,b
train_3851.jpg,train/train_3851.jpg,이 버스정류장 이름은 무엇인가요?,금연버스 정류장,한국자산신탁 센터필드,대한사회복지회,역삼역 포스코타워역삼,c
train_3852.jpg,train/train_3852.jpg,이 도로 표지판에서 '주정차금지' 표지판이 의미하는 것은 무엇인가요?,최대 속도 30km/h를 준수해야 한다,도로 구간이 100m 앞부터 시작된다,차를 주차하거나 정차할 수 없다,왼쪽 방향으로 100m 이동해야 한다,c
train_3853.jpg,train/train_3853.jpg,이 사진에 보이는 가게 이름은 무엇인가요?,미가 참숯구이,한식당 도리,김밥천국,다락 숯불구이,a
train_3854.jpg,train/train_3854.jpg,이 사진 속 건물의 이름은 무엇인가요?,한국외국어대학교,서울대학교,연세대학교,고려대학교,a
train_3855.jpg,train/train_3855.jpg,이 책 표지에 적힌 문구 중에서 저자가 더 이상 하지 않겠다고 한 행동은 무엇인가요?,책을 100만 부 이상 팔겠다,타인과 비교하며 작아지지 않겠다,350주 연속 베스트셀러가 되겠다,매일 글을 쓰겠다,b
train_3856.jpg,train/train_3856.jpg,이 박스에 적힌 제품 이름은 무엇인가요?,AirPods Max,AirPods 2세대,AirPods Pro,AirPods 3세대,c
train_3857.jpg,train/train_3857.jpg,이 태양광 발전 현황판에 표시된 '현재발전량'은 얼마입니까?,69.7 천원,55.0 Ton,0.0 kW,124.7 MWh,c
train_3858.jpg,train/train_3858.jpg,이 사진에 보이는 놀이기구의 이름은 무엇인가요?,정글 사파리,우주탐험,콜럼버스의 모험,해적선,c
train_3859.jpg,train/train_3859.jpg,이재모 Pizza 부산역점의 영업 시작 시간은 몇 시인가요?,오전 9:00,오후 5:00,오전 10:30,오후 12:00,c
train_3860.jpg,train/train_3860.jpg,이 표지판에 적힌 문구의 의미는 무엇인가요?,흡연 가능,흡연 금지,흡연 구역,흡연 권장,b
train_3862.jpg,train/train_3862.jpg,이 창문에 붙어 있는 포스터에 적힌 음료 메뉴는 무엇인가요?,vanilla bean frappe,cotton candy latte,strawberry smoothie,chocolate mocha,b
train_3863.jpg,train/train_3863.jpg,이미지에 나온 미트볼 꼬치의 맛은 무엇인가요?,카레맛,간장맛,매운맛,갈비양념맛,d
train_3864.jpg,train/train_3864.jpg,국제식 대대 쿠션 당구클럽은 몇 층에 있나요?,6층,5층,3층,4층,d
train_3866.jpg,train/train_3866.jpg,노란 바탕의 세로로 쓰인 큰 글씨는 무엇을 광고하고 있나요?,가전제품 세일,중고 가구,사무용 가구,커튼 블라인드,d
train_3868.jpg,train/train_3868.jpg,"사진 속 회색 박스에 붙어 있는 안내문에 따르면, 이 박스를 임의로 열거나 기계에 장난을 치면 어떤 처벌을 받게 되나요?",서울특별시 조례에 따라 처벌받는다,형사법에 따라 처벌받는다,도로교통법에 따라 처벌받는다,개인정보보호법에 따라 처벌받는다,c
train_3869.jpg,train/train_3869.jpg,롯데 자이언츠 경기 중단 사유는 무엇인가요?,선수 부상으로 인한 경기 중단,조명 고장으로 인한 경기 중단,콘서트 행사로 인한 불꽃 연기,우천으로 인한 경기 중단,c
train_3870.jpg,train/train_3870.jpg,이 이미지에 있는 간판에 적힌 이름은 무엇인가요?,Pokemon Magic Woods,Pokemon Secret Forest,Pokemon Hidden Grove,Pokemon Mystery Land,b
train_3871.jpg,train/train_3871.jpg,다음 중 이미지에 적힌 학원에서 제공하는 서비스가 아닌 것은 무엇인가요?,학생부 관리,입시상담,운동 경기 중계,자기소개서,c
train_3872.jpg,train/train_3872.jpg,이 이미지에서 'SSAFY 16기' 입학 축하 카드에 적힌 문구는 무엇인가요?,SSAFY 16기 환영합니다,SSAFY 15기 입학을 축하합니다,SSAFY 16기 입학을 축하합니다,SSAFY 16기 졸업을 축하합니다,c
train_3873.jpg,train/train_3873.jpg,명가만두 메뉴판에 따르면 김치만두 5개의 가격은 얼마인가요?,"4,500원","5,500원","7,000원","6,000원",b
train_3874.jpg,train/train_3874.jpg,사진 속 책장에서 '기억' 시리즈 책은 몇 권이 있나요?,1권,3권,2권,4권,c
train_3875.jpg,train/train_3875.jpg,이 책 판매대의 할인 행사 조건은 무엇인가요?,"3개 10,000원","5개 20,000원","1개 5,000원","2개 15,000원",a
train_3876.jpg,train/train_3876.jpg,메뉴판에서 '체리콜라' 음료는 어느 종류에 속하나요?,MOJITO & ADE,JUICE & TEA,BROWN SUGAR,SMOOTHIE & FRAPPE,a
train_3877.jpg,train/train_3877.jpg,이 카페의 이름은 무엇인가요?,EDIYA COFFEE,HOLLYS COFFEE,A TWOSOME PLACE,STARBUCKS,c
train_3878.jpg,train/train_3878.jpg,이 열차 내부에서 'Bug is over'라는 문구가 적힌 광고 판넬에 적힌 회사 이름은 무엇인가요?,SHIFT,SHIFTS,SHIIFT,SHIF,a
train_3879.jpg,train/train_3879.jpg,사진 속 간판에 적힌 문구 중 '튀는여자'와 함께 쓰인 문자는 무엇인가요?,T=Woman,T=Lady,T=Girl,T=Boy,c
train_3881.jpg,train/train_3881.jpg,보배반점이 2025년에 수상한 브랜드 대상 부문은 무엇인가요?,양식 프랜차이즈 부문 대상,중식 프랜차이즈 부문 대상,일식 프랜차이즈 부문 대상,한식 프랜차이즈 부문 대상,b
train_3882.jpg,train/train_3882.jpg,생활 쓰레기 수거가 휴가로 인해 중단되는 기간은 언제부터 언제까지인가요?,7월 29일(수)부터 8월 2일(일)까지,7월 31일(금)부터 8월 2일(일)까지,8월 1일(토)부터 8월 3일(월)까지,7월 30일(목)부터 8월 1일(토)까지,d
train_3883.jpg,train/train_3883.jpg,이 사진 속 화장실 표지판에 적힌 문구는 무엇인가요?,화장실,출입문,회의실,휴게실,a
train_3884.jpg,train/train_3884.jpg,이미지에 보이는 '본가 밀면 전문점'에서 판매하는 밀면의 종류로 올바른 것은?,콩국수와 칼국수,냉면과 칼국수,된장찌개와 김치찌개,물밀면과 비빔밀면,d
train_3887.jpg,train/train_3887.jpg,영수증에 적힌 매장 주소는 어디인가요?,부산광역시 해운대구 우동,서울특별시 강남구 역삼동,대전광역시 유성구 봉명동,경북 안동시 용상동 송천1,d
train_3889.jpg,train/train_3889.jpg,이 사진에 보이는 가게 이름은 무엇인가요?,연희네 카페,연희네 다방,연희슈퍼,연희마트,b
train_3890.jpg,train/train_3890.jpg,이 제품의 브랜드 이름은 무엇인가요?,다우니,강력탈취,페브리즈,미스틱,c
train_3891.jpg,train/train_3891.jpg,'막창천국' 가게 간판에 적힌 내용 중 맞는 것은 무엇인가요?,대한민국 5대 막창,서울시 3대 막창,서울시 5대 막창,대한민국 3대 막창,d
train_3892.jpg,train/train_3892.jpg,맥스웰하우스 커피믹스 오리지날 50개입의 가격은 얼마인가요?,"5,000원","7,500원","8,200원","6,850원",d
train_3893.jpg,train/train_3893.jpg,16기 7월 취업특강 안내에서 언급된 취업특강 날짜 중에 없는 날짜는 무엇인가요?,7월 30일,7월 27일,7월 28일,7월 29일,a
train_3895.jpg,train/train_3895.jpg,'로큰롤은 멈추지 않아!' 부스에서 판매하는 LILY/토모리 일러스트의 크기는 얼마인가요?,100 x 150mm,148 x 105mm,210 x 297mm,200 x 200mm,b
train_3896.jpg,train/train_3896.jpg,사진 속 상호명 중 'APT 리모델링' 서비스를 제공하는 곳은 어디인가요?,주거공간 상업공간,청송 양동 사과 도소매,현대인테리어,테성 건설 산업,c
train_3897.jpg,train/train_3897.jpg,이 건물 2층의 간판에 적힌 업종은 무엇인가요?,노래 연습장,법무사 사무소,맥주 판매점,커피 전문점,a
train_3898.jpg,train/train_3898.jpg,이 닌텐도 스위치 박스에 적힌 모델 이름은 무엇인가요?,Nintendo Switch OLED 모델 스플래툰 3 에디션,Nintendo Switch OLED 모델 마리오 에디션,Nintendo Switch 라이트 모델 스플래툰 2 에디션,Nintendo Switch 기본 모델 젤다 에디션,a
train_3899.jpg,train/train_3899.jpg,사진에 보이는 파란색과 흰색 포장의 과자 이름은 무엇인가요?,크라운 산도,오리온 초코파이,크라운 샌도,롯데 샌드,a
train_3900.jpg,train/train_3900.jpg,이 이미지에 보이는 음료 캔에 적힌 문구 중 옳은 것은 무엇인가요?,당신의 건강을 위해 설탕이 첨가되었습니다.,본 제품은 학교 판매 가능 음료입니다.,지금 석약하세요?,이 음료는 알코올이 포함되어 있습니다.,b
train_3901.jpg,train/train_3901.jpg,이 사진 속 기차에 적혀 있는 이름은 무엇인가요?,THE RED TRAIN,THE BLUE TRAIN,THE GOLDEN TRAIN,THE SILVER TRAIN,c
train_3902.jpg,train/train_3902.jpg,이 안내문에 따르면 SSAFY 교육생이 삼성 스마트폰을 구입할 때 받을 수 있는 혜택은 무엇인가요?,학생 할인 혜택 제공,무료 액세서리 증정,무이자 할부 혜택 제공,임직원 동일 혜택 구입 가능,d
train_3903.jpg,train/train_3903.jpg,다음 중 이미지에 보이는 간판 이름이 아닌 것은 무엇인가요?,드림수학학원,커피빈,유미카츠,좋은날 헤어팡팡,b
train_3904.jpg,train/train_3904.jpg,사진 속 간판에 적힌 서점 이름은 무엇인가요?,청계천서점,헌책사고팝니다,만물상,만물점,a
train_3905.jpg,train/train_3905.jpg,사진에 보이는 '주차금지' 표지판에 적힌 문구는 무엇인가요?,승용차만 주차금지,모든차량 주차금지,내부차량 주차금지,외부차량 주차금지,d
train_3906.jpg,train/train_3906.jpg,이 전철역의 이름은 무엇인가요?,화서,세류,병점,수원,d
train_3907.jpg,train/train_3907.jpg,사진 속 통에 뚜껑 색깔은 무엇인가요?,노란색,파란색,빨간색,초록색,b
train_3908.jpg,train/train_3908.jpg,벽에 붙어 있는 빨간색 표지판에 적혀 있는 내용은 무엇인가요?,세콤경비구역 SECOM 1588-8259,화장실 위치 안내,출입금지 구역,화재경보장치 작동중,a
train_3909.jpg,train/train_3909.jpg,이 책장에 꽂혀 있는 책들 중 파이썬 관련 책 제목이 아닌 것은 무엇인가요?,파이썬으로 배우는 딥러닝 입문,누구나 파이썬,컴퓨터 구조와 운영체제,파이썬 자동화,c
train_3910.jpg,train/train_3910.jpg,"사진 속 현수막에 따르면, 소상공인·중소기업 대상 정부정책자금 금리는 얼마부터 시작하나요?",1%,5%,3%,2%,d
train_3911.jpg,train/train_3911.jpg,이 버스 정류장은 어느 역 6번 출구에 위치해 있나요?,역삼역 6번 출구,삼성역 2번 출구,강남역 3번 출구,선릉역 1번 출구,a
train_3912.jpg,train/train_3912.jpg,이 영화관 상영관 번호는 무엇인가요?,5,10,3,7,a
train_3913.jpg,train/train_3913.jpg,"이 자전거 대여소 안내문에 따르면, 1시간 동안 자전거를 대여하는 비용은 얼마인가요?","KRW 5,000","KRW 2,000","KRW 3,000","KRW 1,000",d
train_3914.jpg,train/train_3914.jpg,이 도로 표지판에 적힌 도로 이름은 무엇인가요?,국회의사당로,여의서로,KBS로,의원회관로,b
train_3915.jpg,train/train_3915.jpg,다음 중 이미지에 보이는 안내 표지판의 내용으로 맞는 것은 무엇인가요?,보행자 전용 구역,자전거 주차 금지,자전거도로 및 산책로 시점,자동차 전용 도로 시작,c
train_3916.jpg,train/train_3916.jpg,이 미용실의 이름은 무엇인가요?,아르보,헤어살롱,도고헤어,이쁘머리,c
train_3917.jpg,train/train_3917.jpg,이 동상 받침대에 적힌 글자는 무엇인가요?,TEAMMATES,PLAYERS,CHAMPIONS,FRIENDS,a
train_3919.jpg,train/train_3919.jpg,이곳은 어느 구를 나타내는 표지판인가요?,마포구,송파구,강남구,서초구,c
train_3921.jpg,train/train_3921.jpg,사진 속 간판에 적힌 가게 이름은 무엇인가요?,숯불갈비,다온카페,대도식당,정우당,d
train_3922.jpg,train/train_3922.jpg,이 사진 속 도로 표지판에 적힌 제한 속도는 얼마인가요?,30km/h,50km/h,20km/h,40km/h,a
train_3923.jpg,train/train_3923.jpg,메뉴판에서 '바닐라 라떼'의 가격은 얼마인가요?,7.0,6.5,5.5,6.0,b
train_3924.jpg,train/train_3924.jpg,이 건물 입구 벽면의 금연구역 표지판에 적힌 내용은 무엇인가요?,금연구역,출입금지,흡연구역,주차금지,a
train_3925.jpg,train/train_3925.jpg,엘리베이터에서 현재 눌린 층은 몇 층인가요?,1층,3층,7층,2층,d
train_3926.jpg,train/train_3926.jpg,이 터널 벽면에 적힌 거리 안내문에 따르면 화성시까지의 거리는 얼마인가요?,1km,100m,108m,81m,d
train_3928.jpg,train/train_3928.jpg,이 건물 앞에 붙어 있는 안내문에 따르면 무엇이 절대 금지되어 있나요?,흡연,음주,쓰레기 투기,주차,a
train_3929.jpg,train/train_3929.jpg,이 표지판에 적힌 주의사항은 무엇인가요?,화재주의 불을 가까이하지 마세요,낙상주의 계단을 조심하세요,고압주의 전기 위험 지역입니다,미끄럼주의 난간을 잡고 이동하세요,d
train_3930.jpg,train/train_3930.jpg,구미시 안내판에 적혀 있지 않은 곳은 어디인가요?,구미종합사회복지관,소나무유치원,미래로청원,구미소망교회,c
train_3931.jpg,train/train_3931.jpg,이 지하도 상가 출입구의 번호는 무엇인가요?,9,8,10,7,b
train_3932.jpg,train/train_3932.jpg,이 맥주잔에 적힌 브랜드 이름은 무엇인가요?,SAPPORO,KIRIN,ASAHI,HITE,a
train_3933.jpg,train/train_3933.jpg,이 가게의 칠판에 적힌 문구 중 맞는 것은 무엇인가요?,"Fresh baked Bagels, Homemade soup, Tea & Drink, Beer, Sandwich","Fresh baked Bagels, Homemade salad, Coffee & Drink, Beer, Sandwich","Fresh baked Bagels, Homemade soup, Coffee & Drink, Beer, Sandwich","Fresh baked Cookies, Homemade soup, Coffee & Drink, Beer, Sandwich",c
train_3934.jpg,train/train_3934.jpg,사진 속에서 보이는 '홈런볼' 과자의 맛은 무엇인가요?,초코,바닐라,딸기,카라멜,a
train_3935.jpg,train/train_3935.jpg,이미지 속 블랙 아메리카노 음료에 적힌 내용 중 옳은 것은 무엇인가요?,450 mL (12 kcal),600 mL (20 kcal),350 mL (10 kcal),500 mL (15 kcal),d
train_3936.jpg,train/train_3936.jpg,"이 사진 속 교통 통제 안내문에 따르면, 교통 통제가 예정된 날짜는 언제인가요?",2025년 3월 6일,2025년 4월 6일,2024년 4월 6일,2024년 3월 6일,b
train_3937.jpg,train/train_3937.jpg,2025년 외교 공공데이터 활용 경진대회 시상식은 언제 열리나요?,2025년 9월 11일 목요일 15시,2025년 10월 11일 금요일 14시,2024년 9월 11일 목요일 15시,2025년 9월 12일 금요일 16시,a
train_3938.jpg,train/train_3938.jpg,이 현수막에서 제공하는 무료 서비스는 무엇을 대상으로 하나요?,초등학생,전 교직원·학생,기업 고객,일반 시민,b
train_3941.jpg,train/train_3941.jpg,"화면에 적힌 내용 중, ① KPI에 해당하는 질문은 무엇인가요?",CHANGE UP,"나는 OO 직무를 지원하는 취업 준비생인데, OO 경험을 OOO KPI와 연결하려고 해. 이때 KPI에 기반하여 나올 수 있는 결과물을 수치화와 함께 추천해줘.","내가 OO 경험이 있어. OO 직무를 지원하려고 하는데, 이 경험으로 OO 직무에 지원하기에 객관적으로 가장 좋은 KPI를 추천해줘.",출석 코드: jekfs102,c
train_3942.jpg,train/train_3942.jpg,이 인형 상자에 붙어 있는 문구는 무엇이라고 적혀 있나요?,암컷입니다 사랑해 주세요,수컷입니다 사랑해 주세요,수컷입니다 귀여워해 주세요,암컷입니다 귀여워해 주세요,c
train_3943.jpg,train/train_3943.jpg,타코야키 메뉴 중 크랩 앤 치즈의 가격은 얼마인가요?,58,90,40,85,b
train_3944.jpg,train/train_3944.jpg,이 건물에 입점해 있는 학원 이름으로 옳은 것은 무엇인가요?,에르샤몽 미용학원,웨일수학학원,서울베스트 이의 건강검진센터,헤르카몬 성형외과,b
train_3945.jpg,train/train_3945.jpg,이 건물 입구에 적힌 관리실 위치는 어디인가요?,관리실은 1층 있습니다,관리실은 5층 있습니다,관리실은 3층 있습니다,관리실은 지하 1층 있습니다,b
train_3946.jpg,train/train_3946.jpg,이 도로 표지판에 따르면 인천공항으로 가려면 어떤 도로 번호를 따라가야 합니까?,99,77,110,120,c
train_3947.jpg,train/train_3947.jpg,이 건물에 입주한 학원 중에서 '유라클학원'이 전문적으로 가르치는 과목은 무엇인가요?,체육과 건강,과학과 사회,음악과 미술,영어와 수학,d
train_3948.jpg,train/train_3948.jpg,이 사진 속 문구 중 제주공항에서 방문객을 환영하는 문구는 무엇인가요?,혼저옵서 INTERNATIONAL AIRPORT,INTERNATIONAL AIRPORT 제주공항,WELCOME to 제주공항,WELCOME JEJU 혼저옵서 환영합니다,d
train_3949.jpg,train/train_3949.jpg,이 사진에 보이는 도로명 표지판에 적힌 도로 이름은 무엇인가요?,신길로,대림삼거리로,동작세무서로,사도동길,a
train_3951.jpg,train/train_3951.jpg,이 버스에 적혀 있는 노선 번호는 무엇인가요?,365,362,360,363,c
train_3953.jpg,train/train_3953.jpg,이 행사에서 Sony Interactive Entertainment Korea의 대표로 소개된 사람의 이름은 무엇인가요?,김민수,이서연,박지훈,안도 테츠야,d
train_3954.jpg,train/train_3954.jpg,이 방의 이름은 무엇인가요?,EPS-D,EPS-B,EPS-C,EPS-A,b
train_3955.jpg,train/train_3955.jpg,건물 외벽에 적힌 '아름다운 화이트 치과'의 야간 진료 가능한 요일은 무엇인가요?,월 목,화 금,수 토,일,a
train_3956.jpg,train/train_3956.jpg,이 영화 포스터에 적힌 영화 제목은 무엇인가요?,업,토이 스토리,인사이드 아웃 2,인사이드 아웃,c
train_3959.jpg,train/train_3959.jpg,"엘리베이터 안전수칙에 따르면, 반려동물을 엘리베이터에 탈 때 주의할 점은 무엇인가요?",반려동물을 꼭 목줄 없이 타십시오.,반려동물을 위해 엘리베이터 문을 열어두십시오.,반려동물을 혼자 태우지 마십시오.,반려동물은 반드시 안고 타십시오.,d
train_3960.jpg,train/train_3960.jpg,이미지에 적힌 '플렉스 라이트' 안경의 가격은 얼마인가요?,"\20,000","\15,000","\25,000","\18,500",d
train_3961.jpg,train/train_3961.jpg,이 건물의 간판에 적힌 호텔 이름은 무엇인가요?,프리티 호텔,프리마 호텔,프리미어 호텔,프리즌 호텔,c
train_3962.jpg,train/train_3962.jpg,사진에 보이는 큰 현수막에 적힌 문구 중 올바른 것은 무엇인가요?,수퍼스타를 키우는 곳 서울대학교,수퍼스타를 키우는 곳 고려대학교,수퍼스타를 키우는 곳 연세대학교,수퍼스타를 키우는 곳 전주대학교,d
train_3963.jpg,train/train_3963.jpg,책에 설명된 프로그래밍 언어는 무엇인가요?,Python,C++,Java,JavaScript,c
train_3964.jpg,train/train_3964.jpg,레이즈 클래식 감자칩 한 봉지의 무게는 얼마인가요?,184g,320g,150g,67g,a
train_3965.jpg,train/train_3965.jpg,이 주차장 출입구에서 '출차'와 '입차'는 각각 어느 쪽에 위치해 있나요?,출차와 입차 모두 왼쪽,"출차는 왼쪽, 입차는 오른쪽","출차는 오른쪽, 입차는 왼쪽",출차와 입차 모두 오른쪽,b
train_3966.jpg,train/train_3966.jpg,녹색 교통봉사 장소 중 '이디야카페' 앞에 관한 안내문에 적힌 내용은 무엇인가요?,학교 정문 앞 횡단보도,주왕토파스나카 앞,하나의 도로 입 마을교차로 앞,이디야 카페 주차장 주차금지,d
train_3967.jpg,train/train_3967.jpg,경사면 주차 시 경고문에 따르면 이 지역에 설치된 장치가 아닌 것은 무엇인가요?,고임목,자동 주차 요원 배치,조향장치(핸들) 가장자리 돌려놓기 구역,주차브레이크 잠금 장치,b
train_3968.jpg,train/train_3968.jpg,이 표지판은 어떤 층을 안내하고 있나요?,3층,1층,4층,2층,a
train_3969.jpg,train/train_3969.jpg,이 제품의 맛은 무엇인가요?,말차 맛,딸기 맛,바닐라 맛,초콜릿 맛,a
train_3970.jpg,train/train_3970.jpg,사진 속 손에 들린 카드 팩에 적힌 문구는 무엇인가요?,EXCLUSIVE TRADING CARD,LIMITED EDITION CARD,SPECIAL PROMOTIONAL CARD,RANDOM COLLECTIBLE CARD,d
train_3972.jpg,train/train_3972.jpg,이 가게에서 제공하는 서비스는 무엇인가요?,음식 배달,구두수선 및 열쇠 제작,자동차 세차,컴퓨터 수리,b
train_3973.jpg,train/train_3973.jpg,이 교통 표지판에서 '운남지구'는 어느 방향을 가리키고 있나요?,뒤,직진,오른쪽,왼쪽,c
train_3974.jpg,train/train_3974.jpg,이 표지판에 있는 'KHARUEF'의 TT 번호는 무엇인가요?,TT.414,TT.192,TT.100,TT.279,b
train_3975.jpg,train/train_3975.jpg,이 카페에서 제공하는 무료 Wi-Fi의 ID는 무엇인가요?,cafe_free_wifi,g0428223778,그린브라우니,brownie1234,c
train_3976.jpg,train/train_3976.jpg,이 과자의 이름은 무엇인가요?,홈런볼,초코파이,마가렛트,오레오,c
train_3977.jpg,train/train_3977.jpg,"이 스키틀즈 오리지널 포장지에 적힌 내용 중, 포장지 무게와 칼로리 정보는 무엇인가요?",50 g (200 kcal),40 g (150 kcal),60 g (210 kcal),45 g (180 kcal),d
train_3978.jpg,train/train_3978.jpg,이미지 속 제품 포장지에 적힌 내용 중 이 제품이 없는 성분은 무엇인가요?,설탕,보존료,합성향료,인공색소,a
train_3980.jpg,train/train_3980.jpg,이 사진 속 조명으로 밝혀진 대형 글자의 내용은 무엇인가요?,창경궁,경복궁,덕수궁,창덕궁,c
train_3981.jpg,train/train_3981.jpg,사진 속 과자 봉지에 적힌 내용 중 올바른 것은 무엇인가요?,Sweet & Sour Fruit Candy,Fresh Melon,Pure PREMIUM,Kanro Melon Gummy,c
train_3982.jpg,train/train_3982.jpg,이 포스터에서 홍보하는 공연은 언제 열리나요?,2024년 3월 1일 오후 6시,2024년 2월 27일 오후 7시 30분,2024년 2월 28일 오후 8시,2024년 2월 26일 오후 7시,b
train_3984.jpg,train/train_3984.jpg,이 이미지에 있는 간판의 문구 중 음식과 관련된 내용은 무엇인가요?,음식 남기기,플라스틱 다이어트,플라스틱 사용하기,음식 남기지 않기,d
train_3985.jpg,train/train_3985.jpg,사진에 나온 '베트남 쌀국수' 가격은 얼마인가요?,"5,000원","3,000원","7,500원","10,000원",a
train_3986.jpg,train/train_3986.jpg,이 이미지에 있는 상가 임대 안내에서 1층의 임대 면적은 얼마인가요?,160㎡,304㎡,200㎡,158㎡ + 20㎡,d
train_3987.jpg,train/train_3987.jpg,THE DAILY GRIND BAKERY의 아침 식사 스페셜 메뉴 중에서 가장 비싼 음식은 무엇인가요?,Croissant,Avocado Toast & Egg,Sourdough Toast,Pain au Chocolat,b
train_3988.jpg,train/train_3988.jpg,사진 속 음식점의 이름은 무엇인가요?,박영희 Restaurant,이재모 Pizza,김철수 Bakery,홍길동 Cafe,b
train_3989.jpg,train/train_3989.jpg,영수증에 적힌 구매한 상품은 무엇인가요?,초코파이,새콤달콤복숭아,바나나킥,포카칩,b
train_3990.jpg,train/train_3990.jpg,이 지하철 출구 안내에서 '해운대 해수욕장' 방향은 몇 번 출구인가요?,4번 출구,3번 출구,1번 출구,2번 출구,b
train_3991.jpg,train/train_3991.jpg,"카페 벽에 붙어 있는 안내문에 따르면, 1인당 무엇을 한 잔씩 주문해야 하나요?",1인 1디저트,1인 1음식,1인 1주문,1인 1음료,d
train_3992.jpg,train/train_3992.jpg,이 할인 행사에서 30만원 이상 구매 시 제공되는 추가 할인 금액은 얼마인가요?,8만원 추가 할인,4만원 추가 할인,6만원 추가 할인,2만원 추가 할인,b
train_3993.jpg,train/train_3993.jpg,이 간판에 적힌 가게 이름은 무엇인가요?,농민 식자재 마트,동백 슈퍼마켓,행운 식품점,산들마을 마트,a
train_3994.jpg,train/train_3994.jpg,이 사진에 보이는 가게 간판에 적힌 상호명은 무엇인가요?,1059-3 BAGEL & COFFEE HOUSE,1059-3 BAGEL & TEA HOUSE,1059-3 DONUT & TEA HOUSE,1059-3 BAKERY & COFFEE SHOP,a
train_3995.jpg,train/train_3995.jpg,이 건물에 있는 '소호헤어' 가게의 상태는 무엇인가요?,이사했다,휴무이다,영업 중이다,예약만 받는다,c
train_3996.jpg,train/train_3996.jpg,잔느 랑방 EDP 50ml의 할인된 가격은 얼마인가요?,"69,000원","97,000원","58,200원","50,000원",c
train_3997.jpg,train/train_3997.jpg,이 역에서 1호선을 타려면 어디로 가야 하나요?,화장실 옆으로 가야 한다,직진해야 한다,계단을 내려가야 한다,엘리베이터를 타야 한다,c
train_3998.jpg,train/train_3998.jpg,이미지 속 원형 종이 받침에 적힌 문구는 무엇인가요?,취하니까 얼마나 좋아요!,건강을 위해 한잔!,오늘도 힘내자!,술 한잔 하자!,a
train_3999.jpg,train/train_3999.jpg,사진 속 포스터에 적힌 영화관 리뉴얼 오픈 날짜는 언제인가요?,2025.12.25,2024.11.11,2026.07.31,2027.01.01,c
train_4000.jpg,train/train_4000.jpg,이 게시물에 따르면 말굽센서 제조사는 어디인가요?,삼성전자,OMRON,LG전자,현대자동차,b
train_4002.jpg,train/train_4002.jpg,'운명적인 16116반' 포스터에 적힌 규칙 중 '질문 적극적으로 하기'는 몇 번째 규칙인가요?,5번째,7번째,9번째,3번째,b
train_4004.jpg,train/train_4004.jpg,이 장소의 입구에 크게 적힌 글자는 무엇인가요?,JAWS,AMITY,OCEAN,SHARK,a
train_4005.jpg,train/train_4005.jpg,이 사진에 보이는 두 가게의 상호명은 무엇인가요?,"플러스 약국, 하삼동 커피","플러스 병원, 하삼동 차","플러스 약국, 하남동 커피","삼성 약국, 하남동 커피",a
train_4006.jpg,train/train_4006.jpg,"사진 속 노트에 적힌 수식 중, cosθ에 관한 식으로 옳은 것은 무엇인가요?",cosθ = a × b,cosθ = a·b / |a||b|,cosθ = a - b,cosθ = a + b,b
train_4007.jpg,train/train_4007.jpg,이 건물 입구에 적힌 문구는 무엇인가요?,Welcome to the National Art Museum,Welcome to the National Science Museum,Welcome to the National Football Museum,Welcome to the National History Museum,c
train_4008.jpg,train/train_4008.jpg,이 입장권은 어디에서 사용 가능한가요?,여의도 한강공원,서울광장 스케이트장,잠실 야구장,코엑스 아쿠아리움,b
train_4009.jpg,train/train_4009.jpg,이곳에 세울 수 없는 차에 대해 안내하는 표지판에 적힌 내용은 무엇인가요?,주정차금지 견인지역,주차가능 지역,차량통행금지,주차장 입구,a
train_4010.jpg,train/train_4010.jpg,이 사진에 보이는 매장은 무엇인가요?,KFC,버거킹,롯데리아,맘스터치,c
train_4011.jpg,train/train_4011.jpg,이 식당의 간판에 적힌 상호명은 무엇인가요?,한식전문점,육회비빔밥집,생고기전문점,갈비탕전문점,c
train_4013.jpg,train/train_4013.jpg,3층(3F)에는 어떤 종류의 상품이 있나요?,"전자제품, 가구, 스포츠용품","인테리어용품, 취미, 공구, 문구, 완구, 홈데코, 식품","미용, 패션, 시즌상품","욕실, 청소, 세탁, 주방용품, 도자기",d
train_4014.jpg,train/train_4014.jpg,이 가게의 전화번호는 무엇인가요?,1111-2222,1234-5678,6648-8929,9876-5432,c
train_4015.jpg,train/train_4015.jpg,이 광고판에 적힌 문구 중 '제로 슈거'와 관련된 문구는 무엇인가요?,이슬같이 깨끗한 다음날,이슬같은 깨끗함 참이슬,제로 슈거 더 초깔끔할껍!,제로 슈거는 맛있다!,c
train_4016.jpg,train/train_4016.jpg,이미지에 보이는 건강기능식품 중에서 '면역애 아연츄어블'의 1일 섭취량 당 아연 함량은 얼마인가요?,12mg,5mg,8.5mg,10mg,c
train_4017.jpg,train/train_4017.jpg,책 『착각에 빠진 리더들』에서 다루는 리더십 전략의 수는 몇 가지인가요?,10가지,5가지,8가지,12가지,c
train_4018.jpg,train/train_4018.jpg,이 무인카페에서 '자리를 비울 땐' 무엇을 부탁하고 있나요?,자리를 깨끗이 청소해 주세요,음식을 먹지 말아 주세요,음료 주문은 매너를 지켜 주세요,다른 손님이 사용 할 수 있도록 자리정리 부탁드립니다,d
train_4020.jpg,train/train_4020.jpg,사진 속 현수막에 적힌 문구는 무엇인가요?,입학을 환영합니다! 메가캠퍼스 in 강남,졸업을 축하합니다! 메가캠퍼스 in 강남,졸업을 축하합니다! 메가캠퍼스 in 홍대,입학을 환영합니다! 메가캠퍼스 in 홍대,d
train_4021.jpg,train/train_4021.jpg,사진 속 간판에 적힌 공인중개사의 상호명은 무엇인가요?,미래 공인중개사,한솔 공인중개사,삼성 공인중개사,다원 공인중개사,d
train_4022.jpg,train/train_4022.jpg,이 벽화에 나오는 조선 시대 인물들이 타고 있는 탈것은 무엇인가요?,자전거,말,기차,자동차,b
train_4023.jpg,train/train_4023.jpg,엠지씨 텀블러의 가격은 얼마인가요?,"\15,000","\21,500","\25,000","\19,800",d
train_4024.jpg,train/train_4024.jpg,이 건물 간판에 적힌 상호명은 무엇인가요?,nyunyu Boys,nyunyu Girls,nyunyu Adults,nyunyu Kids,b
train_4025.jpg,train/train_4025.jpg,사진 속 두 개의 쇼핑백에 적힌 상호명은 무엇인가요?,성심원,삼성당,성심당,성산당,c
train_4028.jpg,train/train_4028.jpg,이 이미지에서 '식당 출구입니다.' 안내문에 따르면 식당 출구로 가려면 어떻게 해야 하나요?,엘리베이터를 바로 이용한다,계단으로 이동 후 19층 엘리베이터를 이용한다,직진하여 1층으로 내려간다,통역실 옆 문을 통해 나간다,b
train_4029.jpg,train/train_4029.jpg,이 간판에 적힌 업소 이름은 무엇인가요?,한라산농장,지리산육묘장,설악산농원,백두산육묘장,b
train_4031.jpg,train/train_4031.jpg,이 표지판에서 너구리 출몰 지역에서 지켜야 할 행동으로 올바른 것은 무엇인가요?,너구리 근처에서 큰 소리를 낸다,너구리에게 먹이를 주어 친해진다,너구리와 직접 접촉한다,너구리를 발견해도 만지거나 먹이를 주지 않는다,d
train_4032.jpg,train/train_4032.jpg,다음 중 막차가 가장 늦게 출발하는 행선지는 어디인가요?,광운대 행,동묘앞 행,노량진 행,청량리 행,b
train_4035.jpg,train/train_4035.jpg,사진 속 포스터에 소개된 도넛의 이름은 무엇인가요?,딸기 도넛,꿀 꽈배기,초코 도넛,시나몬 롤,b
train_4036.jpg,train/train_4036.jpg,사진 속 카페 'AVANT BAKERY' 유리창에 적힌 문구 중 '봄'과 관련된 단어가 아닌 것은 무엇인가요?,설레나,꽃을 보고자 하는 가슴에는 어디에나 꽃이 피어있다.,봄,가을,d
train_4038.jpg,train/train_4038.jpg,"장덕로 표지판에 따르면, 하남산단(산업단지)은 어느 방향으로 가야 합니까?",직진,오른쪽,왼쪽,유턴,c
train_4039.jpg,train/train_4039.jpg,이 가게의 전문 음식은 무엇인가요?,닭갈비,해산물,소고기구이,돼지구이,d
train_4041.jpg,train/train_4041.jpg,이 이미지 속에서 '콘푸로스트' 제품에 적힌 문구 중 맞는 것은 무엇인가요?,보여줘! 너의 호랑이 기운!,맛있는 아침식사,자연에서 온 순수한 맛,건강한 하루를 위한 선택,a
train_4042.jpg,train/train_4042.jpg,이 사진에 보이는 포켓몬 행사 이름은 무엇인가요?,포켓몬 느긋느긋 바캉스,포켓몬 신나는 모험,포켓몬 마스터 대회,포켓몬 월드 챔피언십,a
train_4043.jpg,train/train_4043.jpg,'후라이드 참 잘하는 집'에서 후라이드 방문포장 가격은 얼마인가요?,"8,000원","15,000원","12,000원","10,000원",c
train_4044.jpg,train/train_4044.jpg,사진 속 맥도날드 버거의 이름은 무엇인가요?,불고기 버거,치즈버거,빅맥,크림치즈 비프 버거,d
train_4045.jpg,train/train_4045.jpg,이 건물에 위치한 병원 이름은 무엇인가요?,건강검진센터,삼성연합의원,연동치과,서울병원,b
train_4046.jpg,train/train_4046.jpg,이 간판에 적힌 내용 중 무엇을 알 수 있나요?,영업 시간이 적혀 있다는 것,주차장 입구가 있다는 것,전화번호가 적혀 있다는 것,음식 메뉴판이라는 것,b
train_4047.jpg,train/train_4047.jpg,이 건강기능식품의 이름은 무엇인가요?,비타민C 플러스,오메가-3 피쉬오일,프로바이오틱스,듀얼+ 이뮨 멀티비타민 & 미네랄,d
train_4048.jpg,train/train_4048.jpg,이 사진은 어느 공항의 출입국 심사대인지 텍스트를 보고 알 수 있는 것은 무엇인가요?,나리타 공항,김포공항,인천국제공항,이스탄불 공항,d
train_4050.jpg,train/train_4050.jpg,이 가게 창문에 붙어 있는 포스터에 적혀 있는 빵 이름은 무엇인가요?,밤티말빵 마리또쪼쪼,밤티빵 마리또쪼,밤티말빵 마리또,밤티말빵 마리또쪼,d
train_4051.jpg,train/train_4051.jpg,소화전 사용법 중 두 번째 단계는 무엇인가요?,밸브 열기(왼쪽),불끄기,호스 감기,호스 꺼내기,a
train_4053.jpg,train/train_4053.jpg,"사진 속에 보이는 대형 광고판에서 'SUPER """"DRY""""'라고 적힌 맥주 브랜드는 무엇인가요?",Asahi,Yebisu,Sapporo,Kirin,a
train_4054.jpg,train/train_4054.jpg,이 건물에 입주해 있는 병원이나 클리닉 이름으로 올바른 것은 무엇인가요?,리앤웰성형외과의원,서울중앙내과,청춘피부과,강남한의원,a
train_4055.jpg,train/train_4055.jpg,이 사진에서 볼 수 있는 학교 이름은 무엇인가요?,서울중앙초등학교,광주서부초등학교,대전목동초등학교,부산남부초등학교,c
train_4056.jpg,train/train_4056.jpg,이 그림에 적힌 문구 중에서 '수리수리 마수리' 다음에 나오는 말은 무엇인가요?,호이호이 호이호이,마수리 마수리,짜짜 짜짜,호이짜 호이짜,d
train_4057.jpg,train/train_4057.jpg,이 사진에서 보이는 상점의 이름은 무엇인가요?,LOTTIE,HARIBO,M&M'S,KINDER,b
train_4058.jpg,train/train_4058.jpg,사진 속 노란색 표지판에 적힌 문구는 무엇인가요?,잠깐! 보행자 횡단,경고! 출입 금지,주의! 차량 통행,안내! 주차 가능,a
train_4060.jpg,train/train_4060.jpg,이 간판에서 보이는 음식 메뉴는 무엇인가요?,쭈꾸미 샤브샤브,생꼬치,불고기,삼겹살,a
train_4061.jpg,train/train_4061.jpg,이 별 모양 표지에 적힌 이름은 무엇인가요?,HANS ZIMMER,HARRY POTTER,STEVEN SPIELBERG,JOHN WILLIAMS,a
train_4062.jpg,train/train_4062.jpg,이 안내문에 따르면 이 문을 나가면 어떤 일이 발생합니까?,직원 출입구입니다,재진입이 불가합니다,입장이 가능합니다,수하물을 찾을 수 있습니다,b
train_4063.jpg,train/train_4063.jpg,이미지에 나온 '부산밀면'에서 제공하지 않는 메뉴는 무엇인가요?,새우쭈꾸미,삼겹쭈꾸미,보쌈,돼지국밥,c
train_4064.jpg,train/train_4064.jpg,이 건물 6층에 위치한 의원은 무엇인가요?,김은영내과의원,청담진의원,명인통증의학과,소중한이치과의원,a
train_4065.jpg,train/train_4065.jpg,이 사진 속에서 리처드 오스만(Richard Osman)의 책 가격은 얼마인가요?,$24.99,$29.99,$19.99,$22.99,d
train_4067.jpg,train/train_4067.jpg,이 사진에 있는 안내판에 적힌 다리 이름은 무엇인가요?,낙동강철교,금강철교,대동강철교,한강철교,c
train_4068.jpg,train/train_4068.jpg,이 주차장 출입구 안내문에 적힌 출입구 이름은 무엇인가요?,후문 출입구,정문 출입구,별관 출입구,본당 출입구,d
train_4069.jpg,train/train_4069.jpg,이 식당에서 여름철 별미로 추천하는 메뉴는 무엇인가요?,콩국수,김치찌개,비빔밥,칼국수,a
train_4071.jpg,train/train_4071.jpg,엘포트몰에 방문한 손님에게 환영 인사를 하는 문구는 무엇인가요?,엘포트몰에 방문을 환영합니다,엘포트몰에 오신 것을 환영합니다,엘포트몰에 방문해 주셔서 감사합니다,엘포트몰에 감사합니다,c
train_4072.jpg,train/train_4072.jpg,이 카페의 이름은 무엇인가요?,코메다 커피,이디야 커피,커피빈,스타벅스,a
train_4073.jpg,train/train_4073.jpg,사진에 보이는 두 과자의 공통된 맛은 무엇인가요?,초콜릿 맛,딸기 맛,바닐라 맛,치즈 맛,d
train_4074.jpg,train/train_4074.jpg,이 사진에서 1층으로 올라가는 곳과 주차장으로 내려가는 곳은 어디에 있나요?,앞쪽,오른쪽,뒤쪽,왼쪽,d
train_4075.jpg,train/train_4075.jpg,사진 속 간판에 적힌 '현대문화사'에서 제공하는 서비스가 아닌 것은 무엇인가요?,출력,음식 배달,복사,인쇄,b
train_4076.jpg,train/train_4076.jpg,다음 중 텍스트에 언급된 장소는 어디인가요?,인도 사막,아프리카 사막,사막 없음,사하라 사막,a
train_4077.jpg,train/train_4077.jpg,이 공원의 이름은 무엇인가요?,은평공원,서울숲,한강공원,남산공원,a
train_4078.jpg,train/train_4078.jpg,이 병 맥주의 이름은 무엇인가요?,Brewing Company,DUCHESSE DE BOURGOGNE,The Hand and Malt,Hand Malt,b
train_4080.jpg,train/train_4080.jpg,"헤이리 예술마을 안내판에 따르면, '한국근현대사박물관'은 몇 번으로 표시되어 있나요?",15번,5번,10번,1번,d
train_4081.jpg,train/train_4081.jpg,이 건물 창문에 붙어 있는 '임대문의' 안내문에 적힌 연락처 번호는 무엇인가요?,02-9468-1233,010-5678-1234,010-9468-1233,010-1234-5678,c
train_4082.jpg,train/train_4082.jpg,메뉴판에 적힌 '杯裝' 600cc 음료의 기본 가격은 얼마인가요?,55元,70元,140元,75元,b
train_4083.jpg,train/train_4083.jpg,사진 속 간판에 적힌 문구 중에서 올바른 것은 무엇인가요?,새대열 Local Party 지향 새로운 부산을 열자는,새대열 Local Party 지향 새로운 대구를 열자는,새대열 Local Party 지향 새로운 서울을 열자는,새대열 Local Party 지향 새로운 인천을 열자는,b
train_4084.jpg,train/train_4084.jpg,이 사물에 붙어 있는 숫자는 무엇인가요?,342,432,243,234,c
train_4085.jpg,train/train_4085.jpg,이 음료수 병의 라벨에 적힌 제품 이름은 무엇인가요?,게토레이,델몬트,파워에이드 제로,포카리스웨트,c
train_4086.jpg,train/train_4086.jpg,이미지에 등장하는 '하이터'의 설명 중 올바른 내용은 무엇인가요?,모험 중에는 항상 큰 도움이 되었다.,힘펠과는 적대적인 관계이다.,술을 매우 좋아하는 탓에 주변을 애먹이는 '애주가 성직자'이다.,말년에는 마법을 포기하였다.,c
train_4087.jpg,train/train_4087.jpg,"삼성청년SW·AI아카데미 취업지원 서비스 안내에 따르면, 2단계 취업지원 프로그램에서 제공하는 내용은 무엇인가요?",직업 심리검사 및 취업역량 진단,전문 컨설턴트의 진로 및 취업 상담,단계별 취업 경쟁력 제고 교육 실시 및 자기소개서 작성법 등,기업과의 만남의 장 제공 및 채용박람회,c
train_4088.jpg,train/train_4088.jpg,SSAFY 웰컴킷 인증 이벤트에서 참여 방법 중 STEP01에 해당하는 내용은 무엇인가요?,이벤트 페이지에 접속해 회원가입을 한다,아래 QR로 참여 인증을 한다,참여 신청서를 작성한다,인증샷 찍은 사진 후기를 SNS에 올린다,d
train_4089.jpg,train/train_4089.jpg,"이 장소에 붙어 있는 안내문에 따르면, 이곳은 어떤 구역인가요?",쓰레기 투기 금지 구역,주차 금지 구역,음주 운전 단속 구역,흡연신고 상습구역,d
train_4090.jpg,train/train_4090.jpg,이 장소는 어디인가요?,파리 디즈니랜드,홍콩 디즈니랜드 리조트,디즈니월드 플로리다,도쿄 디즈니랜드,b
train_4091.jpg,train/train_4091.jpg,이 장바구니에 담긴 라면 봉지에 적힌 브랜드 이름은 무엇인가요?,비빔면,너구리,신라면,진라면,a
train_4092.jpg,train/train_4092.jpg,오른쪽에 있는 삼양 불닭볶음면의 맛은 무엇인가요?,치즈 맛,순한 맛,화끈한 매운맛,짜장 맛,c
train_4093.jpg,train/train_4093.jpg,"이미지에 나온 버스 노선 안내에 따르면, 직행 2번 버스의 정류장 위치는 어디인가요?",동대구역복합환승센터앞 (260M),동대구역복합환승센터건너 (260M),"동구1-1(그랜드호텔, 수성시장네거리)",동대구역복합환승센터앞 (220M),d
train_4094.jpg,train/train_4094.jpg,2026 전남광주 미래산업 박람회는 어느 날짜에 열리나요?,10.1(일) - 10.4(수),8.15(화) - 8.18(금),7.20(목) - 7.23(일),9.2(수) - 9.5(토),d
train_4096.jpg,train/train_4096.jpg,이 곳에서 제공하지 않는 서비스는 무엇인가요?,음식 배달,컵 소독기,음수대,손 세정대,a
train_4097.jpg,train/train_4097.jpg,이 화면에서 안내하는 오류 내용 중 맞는 것은 무엇인가요?,랭크게임 승패가 자동으로 결정된다.,랭크게임 결과가 반영되지 않는 오류가 있어 담당자가 확인 중이다.,관전 모드가 영구적으로 비활성화되었다.,게임 실행이 불가능하다는 오류이다.,b
train_4098.jpg,train/train_4098.jpg,이 버스의 이번 정류장은 어디인가요?,하차태그 미태그시 추가요금 발생,잠실대교북단(미),잠실광역환승센터,이중,c
train_4099.jpg,train/train_4099.jpg,사진 속 스티커 세트 중 '50 조각 틴케이스 스티커 세트'에 포함된 디자인 종류는 무엇인가요?,레트로 스타일 스티커 20가지 디자인 x 5개입,빈티지 무드 화지 스티커북 25장의 리믹스 디자인 x 4매,"오브젝트 10가지 디자인 x 4개입, 프레임 5가지 디자인 x 2개입",플라워 패턴 스티커 15가지 디자인 x 3개입,c
train_4100.jpg,train/train_4100.jpg,이 제품의 이름은 무엇인가요?,에이스)후쿠오카밀크푸딩,에이스)도쿄저지푸딩,에이스)홋카이도저지푸딩,에이스)홋카이도밀크푸딩,c
train_4101.jpg,train/train_4101.jpg,성심당에서 포장 주문 시 배달이 가능한 음식은 무엇인가요?,빙수,케이크,빵,커피,a
train_4102.jpg,train/train_4102.jpg,이 광고에서 'Torri den' 수분 세럼이 강화한 성분은 무엇인가요?,콜라겐 5배 강화,비타민 C 3배 강화,녹차 추출물 함유,히알루론산 2배 강화,d
train_4103.jpg,train/train_4103.jpg,사진에 보이는 과자 중 '버터구이' 맛이 적혀 있는 제품은 무엇인가요?,제철 생초감자칩 어니언,오징어집 매운맛,오징어집 버터구이,제철 생초감자칩 핫,c
train_4104.jpg,train/train_4104.jpg,벽에 붙어 있는 포스터에 반복적으로 적혀 있는 문구는 무엇인가요?,WELCOME TO OUR RESTAURANT.,ENJOY YOUR MEAL.,"IT'S A JOKE, NOT A DICK. DON'T TAKE IT SO HARD.",HAVE A NICE DAY.,c
train_4106.jpg,train/train_4106.jpg,"이 배너에 따르면, 삼성과 5대 은행이 동행하는 목적은 무엇인가요?",청년들의 취업경쟁력 제고 및 디지털 인재 육성,환경 보호를 위한 캠페인 진행,신제품 금융 서비스 홍보,고객 대상 금융 상담 서비스 제공,a
train_4107.jpg,train/train_4107.jpg,유리병에 붙어 있는 라벨에 적힌 글자는 무엇인가요?,진열용,원두용,보관용,시음용,a
train_4108.jpg,train/train_4108.jpg,이 사진에 나온 현수막에 적혀 있는 단체명은 무엇인가요?,한국 고양이 협회,한국 앵무새 협회,한국 강아지 협회,한국 조류 협회,b
train_4109.jpg,train/train_4109.jpg,이 건물의 이름은 무엇인가요?,성심모텔,성심펜션,성실모텔,성심호텔,a
train_4110.jpg,train/train_4110.jpg,이 건물에 있는 간판에 적힌 상호명은 무엇인가요?,daiso,emart,muji,lotte,a
train_4111.jpg,train/train_4111.jpg,"이 와인 프로모션 안내문에 따르면, 'FRANCLIZER' 와인의 알코올 도수는 얼마인가요?",5.0%,7.5%,12.5%,0.0%,d
train_4112.jpg,train/train_4112.jpg,이미지에 보이는 에너지 음료 캔의 맛은 무엇인가요?,복숭아 맛,사과 맛,파인애플 맛,포도 맛,d
train_4113.jpg,train/train_4113.jpg,온치과의원은 어느 층에 위치해 있나요?,2층,4층,5층,1층,b
train_4114.jpg,train/train_4114.jpg,이 간판에서 '광양본가' 예약문의 전화번호는 무엇인가요?,567-1662,555-4849,555-8494,567-6162,c
train_4118.jpg,train/train_4118.jpg,이 버스 내 안내문에서 모집하는 임상시험 대상자는 어떤 질병을 가진 사람들인가요?,천식 및 알레르기 환자,심장질환 환자,제2형 당뇨 및 고혈압 환자,관절염 환자,c
train_4121.jpg,train/train_4121.jpg,이 건물에 입주한 식당의 이름은 무엇인가요?,부대포령 쭈빠기,GS25,한발 뒷고기,남성컷트 전문점,c
train_4122.jpg,train/train_4122.jpg,2026년 아파트 힐링원 프로그램 참여자 모집 공고에서 신청 기간은 언제부터 언제까지인가요?,5월 1일 ~ 5월 15일,3월 5일 ~ 3월 15일,3월 1일 ~ 3월 10일,4월 1일 ~ 4월 15일,b
train_4123.jpg,train/train_4123.jpg,이 건물 1층에 위치한 음식점은 무엇인가요?,피자헛,맘스터치,파파존스,버거킹,a
train_4124.jpg,train/train_4124.jpg,사진에 보이는 'ONE STEP AWAY'는 무엇과 관련된 행사명인가요?,이경준 사진전 부산,한국 미술 전시회,부산 국제 영화제,서울 패션 박람회,a
train_4125.jpg,train/train_4125.jpg,이 건물 외벽에 크게 적혀 있는 브랜드 이름은 무엇인가요?,DIOR,PRADA,GUCCI,CHANEL,a
train_4126.jpg,train/train_4126.jpg,왼쪽 병에 적혀 있는 제품은 무엇인가요?,PANCAKE Shaker,PFANNKUCHEN Shaker,WAFFLE Shaker,CREPE Shaker,a
train_4129.jpg,train/train_4129.jpg,이미지 속 '락토핏 골드' 프로바이오틱스 제품의 가격은 얼마인가요?,"12,900원","10,900원","9,900원","11,900원",b
train_4130.jpg,train/train_4130.jpg,가운데 가게의 이름은 무엇인가요?,모통이 카페,모두 카페,오후 커피,라온 카페,c
train_4131.jpg,train/train_4131.jpg,이 건물 4층에 위치한 업체 이름은 무엇인가요?,우대빵 부동산,관리사무실,아이엠이엔에이,강남 부동산,a
train_4132.jpg,train/train_4132.jpg,사진 속 간판에 적힌 부동산 이름은 무엇인가요?,골프존 전용 주차장,역삼역삼역점,The미래부동산,골프존파크,c
train_4134.jpg,train/train_4134.jpg,이 냉장고의 에너지소비효율등급은 무엇인가요?,5등급,3등급,1등급,2등급,d
train_4136.jpg,train/train_4136.jpg,이 건물 명판에 적힌 사업명은 무엇인가요?,강남 스타타워,현대 아파트,서울시청,삼성 멀티 캠퍼스,d
train_4137.jpg,train/train_4137.jpg,축구장 광고판에 적힌 병원 이름은 무엇인가요?,LG에너지솔루션,미담한우,신한카드,강철병원,d
train_4138.jpg,train/train_4138.jpg,빨간색 포장지에 적힌 아이스크림의 맛은 무엇인가요?,바닐라,딸기,녹차,밀크초코,d
train_4141.jpg,train/train_4141.jpg,포스터에 적힌 앨범 릴리스 파티의 날짜는 언제인가요?,2024.01.10(TUE),2026.07.24(FRI),2025.12.01(WED),2023.06.15(THU),b
train_4142.jpg,train/train_4142.jpg,BBQ 고추튀김 2개의 가격은 얼마인가요?,"12,000원","5,000원","15,000원","9,000원",d
train_4143.jpg,train/train_4143.jpg,이 행사 포스터에 따르면 'International COFFEE HOUR' 행사는 언제 열리나요?,"August 20, 1 PM-3 PM","September 5, 12 PM-2 PM","October 10, 3 PM-5 PM","September 15, 10 AM-12 PM",b
train_4144.jpg,train/train_4144.jpg,이 건물에 있는 커피숍의 이름은 무엇인가요?,TOM N TOMS COFFEE,EDIYA COFFEE,HOLLYS COFFEE,STARBUCKS COFFEE,a
train_4145.jpg,train/train_4145.jpg,승차권에 적힌 출발역과 도착역은 어디인가요?,대전 → 동대구,서울 → 부산,동대구 → 대전,부산 → 서울,c
train_4146.jpg,train/train_4146.jpg,이 소화기에 붙어 있는 스티커에서 '대전광역시 소방본부'가 기증한 물품임을 알 수 있습니다. 이 스티커에 적혀 있는 문구 중 올바른 것은 무엇인가요?,광주광역시 소방본부 기증,서울특별시 소방본부 기증,대전광역시 소방본부 기증,부산광역시 소방본부 기증,c
train_4147.jpg,train/train_4147.jpg,"삼성역 확장 공사로 인해 임시 출입구로 이용하라는 안내문에 따르면, 기존 출입구 중 어떤 번호를 사용하는 사람들은 임시 출입구 5번을 이용해야 하나요?","기존 출입구 3번, 4번","기존 출입구 7번, 8번","기존 출입구 1번, 2번","기존 출입구 5번, 6번",d
train_4148.jpg,train/train_4148.jpg,이 가게는 매월 몇째 주 월요일과 매주 어느 날을 휴무로 정하고 있나요?,매월 둘째 주 화요일과 매주 토요일,매월 둘째 주 월요일과 매주 토요일,매월 첫째 주 화요일과 매주 일요일,매월 첫째 주 월요일과 매주 일요일,d
train_4149.jpg,train/train_4149.jpg,화면에 표시된 411번 주문 번호의 주문 상태는 무엇인가요?,주문 대기,메뉴 준비중,배달 중,제조완료,d
train_4150.jpg,train/train_4150.jpg,이 음료 캔에 적힌 총 내용량은 얼마인가요?,500 ml,355 ml,250 ml,400 ml,b
train_4152.jpg,train/train_4152.jpg,미남역 1번 출구로 나가면 어디로 갈 수 있나요?,연산시장,대동병원,동래구청,내성교차로,d
train_4153.jpg,train/train_4153.jpg,"사진 속 도로 안내 표지판에 따르면, '성산'과 '세화' 방향으로 가려면 어느 도로 번호를 따라야 하나요?",1150,1200,1132,1100,c
train_4154.jpg,train/train_4154.jpg,사진 속 '오일내' 가게에서 소주 한 병 가격은 얼마인가요?,"1,900원","5,000원","2,500원","11,000원",a
train_4156.jpg,train/train_4156.jpg,이 경기장에서 은퇴식을 가진 롯데 자이언츠 선수의 등번호는 무엇인가요?,9,7,8,10,a
train_4158.jpg,train/train_4158.jpg,이 식당의 간판에 적힌 상호명은 무엇인가요?,큰맘할매순대,할매순대국,작은맘할매순대,큰맘할매국밥,a
train_4159.jpg,train/train_4159.jpg,사진 속 빨간색 표지판에 적힌 문구는 무엇인가요?,주차금지,진입금지,주차가능,출입금지,a
train_4160.jpg,train/train_4160.jpg,이 표지판에 안내된 장소들이 모두 가리키는 방향은 어디인가요?,왼쪽,아래쪽,위쪽,오른쪽,d
train_4161.jpg,train/train_4161.jpg,다음 중 '노은 일침 한의원' 안내문에 적힌 전화번호는 무엇인가요?,892-9,042-710-7770,825-9969,822-7588,d
train_4164.jpg,train/train_4164.jpg,사진 속 음료 캔에 적힌 문구 중 올바른 것은 무엇인가요?,ZERO SUGAR,SUGAR ZERO,SUGAR FREE,NO SUGAR ADDED,a
train_4165.jpg,train/train_4165.jpg,이 가게의 상호명은 무엇인가요?,애견 호텔,애견 셀프 전문 상,내가 할 개!,셀프 미용,c
train_4166.jpg,train/train_4166.jpg,이 이미지 속 'No Brand' 제품 중에서 물비빔막국수의 가격은 얼마인가요?,"3,500원","6,200원","4,480원","5,980원",c
train_4167.jpg,train/train_4167.jpg,사진 속 고투명 특수비닐 중형(2m x 2.2m)의 가격은 얼마인가요?,"\2,000","\5,000","\3,000","\4,000",c
train_4169.jpg,train/train_4169.jpg,이 지하철역 기둥에 적혀 있는 문구는 무엇인가요?,포켓몬 카드 게임,포켓몬스터 게임,포켓몬 카드 판매,포켓몬 카드 모음,a
train_4171.jpg,train/train_4171.jpg,이 건물 2층에 위치한 학원의 이름은 무엇인가요?,필그림 미용학원,우리동네 슈퍼,슈퍼마트,필그림 음악학원,d
train_4172.jpg,train/train_4172.jpg,이 음료수의 제품명은 무엇인가요?,포카리스웨트,레몬에이드,게토레이,파워에이드,a
train_4173.jpg,train/train_4173.jpg,이 공기청정기의 정격 전원은 무엇인가요?,220 V~ 60 Hz,110 V~ 50 Hz,110 V~ 60 Hz,220 V~ 50 Hz,a
train_4174.jpg,train/train_4174.jpg,왼손에 들고 있는 과자 포장지에 적힌 맛은 무엇인가요?,Spicy Chicken Chip,Sweet Honey Cookie,Cheese Flavor Snack,Black Truffle Tomato Cracker,d
train_4175.jpg,train/train_4175.jpg,이 배너에 따르면 '이재모 피자'는 언제 개업하나요?,5월 5일,5월 1일,6월 5일,4월 5일,a
train_4176.jpg,train/train_4176.jpg,이 가게에서 서귀포 감귤 한 봉지의 가격은 얼마인가요?,"12,000원","8,000원","5,000원","10,000원",b
train_4177.jpg,train/train_4177.jpg,이 가게에서 판매하는 '히레 소주'의 가격은 얼마인가요?,"7,500원","10,000원","13,000원","4,500원",a
train_4178.jpg,train/train_4178.jpg,이 그림의 제목은 무엇인가요?,가을,겨울,봄,여름,c
train_4179.jpg,train/train_4179.jpg,사진 속 '더블픽 원데이' 렌즈 가격은 얼마인가요?,"50,000원","33,000원","20,000원","10,000원",b
train_4180.jpg,train/train_4180.jpg,ICCES2026 컨퍼런스에서 점심 식사가 제공되는 장소는 어디인가요?,The Hong Kong Polytechnic University Cafeteria,City Center Food Court,"Conference Hall 3, Main Building","VA Student Canteen (The Forest) G/F, Shaw Amenities Building",d
train_4181.jpg,train/train_4181.jpg,이 사진에 보이는 건물의 간판 중에서 '하늘공인중개사'의 전화번호는 무엇인가요?,1234-5678,473-7878,010-1234-5678,070-4230-9691,b
train_4182.jpg,train/train_4182.jpg,다음 중 이 냉장고에 진열된 크림 치즈 종류가 아닌 것은 무엇인가요?,Chocolate cream cheese,Fig cream cheese,Scallion cream cheese,Peach cream cheese,a
train_4183.jpg,train/train_4183.jpg,이 건물 입구에 적힌 글자는 무엇인가요?,multiversity,multicampus,multilibrary,multiservice,b
train_4184.jpg,train/train_4184.jpg,이 영수증에서 '황제소갈비살 6'의 가격은 얼마인가요?,"48,000원","56,900원","1,000원","6,900원",a
train_4185.jpg,train/train_4185.jpg,사진 속 상가 임대 광고에 적힌 전화번호 중 하나가 아닌 것은?,010-1234-5678,062-434-6666,010-3920-8111,010-5700-3138,a
train_4186.jpg,train/train_4186.jpg,이 가게의 대표 음식 이름은 무엇인가요?,소고기국밥,비빔밥,닭갈비,돼지국밥,d
train_4187.jpg,train/train_4187.jpg,이 표지판의 노란색 안내문에 적힌 내용 중 맞는 것은 무엇인가요?,교량 위로 물이 넘칠 때는 건너도 된다.,교량 위로 물이 넘칠 때는 위험하니 건너지 마시오.,교량 위로 물이 넘치면 안전하니 건너시오.,교량 위에 물이 넘쳐도 통행금지와는 상관없다.,b
train_4188.jpg,train/train_4188.jpg,사진 속 간판에 적힌 수학 학원의 이름은 무엇인가요?,신고수 수학 학원,대방천로 181-1,예수남처럼예닮교회,신풍 주짓수 MMA,a
train_4189.jpg,train/train_4189.jpg,이 책의 제목은 무엇인가요?,컴퓨터활용생산,수원하이텍고등학교 안내서,GV CNC 사용 설명서,CNC선반 프로그램과 가공,d
train_4190.jpg,train/train_4190.jpg,이 공간에서 제공하는 무료 와이파이 접속 ID는 무엇인가요?,무선 인터넷,hollys0778,HOLLYS5G,FREE WIFI ZONE,c
train_4191.jpg,train/train_4191.jpg,이 시장 입구에 적혀 있는 문구 중 '중앙시장' 바로 아래에 적힌 문구는 무엇인가요?,출입구 3,Coffee Lovers,가득가득 담아가세요!,맛있게! 얼려먹게!,c
train_4192.jpg,train/train_4192.jpg,이 화장실 문에 붙어 있는 안내문에 따르면 화장실 전등 전원에 대해 어떤 행동을 해서는 안 되나요?,전등 전원을 점멸시켜야 한다,전등 전원을 교체해야 한다,전등 전원을 꺼도 된다,전등 전원을 끄지 말아야 한다,d
train_4193.jpg,train/train_4193.jpg,"이 버스 이용 안내문에 따르면, 기내용 캐리어 크기 제한은 어떻게 되어 있나요?",기내용 24인치 이내,기내용 20인치 이내,기내용 18인치 이내,기내용 22인치 이내,b
train_4194.jpg,train/train_4194.jpg,이 사진 속 분리수거함에서 '모든종이'는 어느 칸에 버려야 하나요?,왼쪽 칸,오른쪽 칸,가운데 칸,위에 있는 칸,c
train_4195.jpg,train/train_4195.jpg,덕천빌딩에 입주해 있는 회사나 기관 중 '특허법률사무소'는 무엇인가요?,세븐일레븐,이재화 / 예준국제 특허법률사무소,(주)에이전트에이아이랩스,니즈게임즈 주식회사,b
train_4196.jpg,train/train_4196.jpg,사진 속 컵에 붙어 있는 노란색 스티커에 적힌 문구는 무엇인가요?,한정 수량 판매 중,고객님의 리뷰는 사랑입니다,신선한 재료만 사용,최고의 맛을 자랑합니다,b
train_4197.jpg,train/train_4197.jpg,이 매장의 '단색 면타월'에 대해 안내된 내용 중 옳은 것은 무엇인가요?,단색 면타월은 3겹으로 제작되었습니다.,단색 면타월은 100% 합성섬유로 만들어졌습니다.,단색 면타월은 비치타월과 같은 사이즈입니다.,단색 면타월은 부드러운 수분 흡수력이 뛰어납니다.,d
train_4198.jpg,train/train_4198.jpg,이 건물에 있는 상호명 중 '치과'와 관련된 상호명은 무엇인가요?,마음치과,파동아동말날센터,전지만한의원,상아치과,d
train_4199.jpg,train/train_4199.jpg,이 제품 'Insect World'에 들어있는 곤충 모형의 개수는 몇 개입니까?,60 PCS,30 PCS,40 PCS,50 PCS,d
train_4200.jpg,train/train_4200.jpg,이 사진 속 문구 'HELLO JEJU'가 있는 곳은 어디와 관련이 있나요?,부산광역시,인천공항,제주도,서울특별시,c
train_4201.jpg,train/train_4201.jpg,이 사진 속 가게의 이름은 무엇인가요?,Coffee Bean,Tom N Toms,Gong cha,Starbucks,c
train_4202.jpg,train/train_4202.jpg,포스터에 적힌 'folk code'와 함께 나타난 네 가지 단어 중 올바른 것은 무엇인가요?,행복,친구,사랑,용기,d
train_4203.jpg,train/train_4203.jpg,이 사진 속 카페에서 볼 수 있는 상호명은 무엇인가요?,PLASTIC,selfcafe,wells,Samsung,b
train_4204.jpg,train/train_4204.jpg,이 건물에 위치한 학원 중 일본어 회화를 전문으로 하는 곳은 몇 층에 있나요?,1층,4층,2층,3층,d
train_4206.jpg,train/train_4206.jpg,사진 속 천에 적힌 'HOW TO MAKE YOURSELF FEEL BETTER?'의 두 번째 방법은 무엇인가요?,REWARD YOURSELF,TAKE A BREAK TO LAUGH,REMIND YOURSELF TO MAINTAIN PERSPECTIVE,TAKE A FEW MINUTES TO BREATHE DEEP,a
train_4207.jpg,train/train_4207.jpg,"'하리보리안의 방' 안내문에 따르면, 하리보리안은 무엇을 수집하는 사람인가요?",하리보 공장을 운영하는 사람,하리보 광고를 디자인하는 사람,곰젤리 굿즈를 수집하는 사람,하리보 인형을 만드는 사람,c
train_4209.jpg,train/train_4209.jpg,건물에 있는 '굿윌치과병원' 간판에서 안내하는 진료과목은 무엇인가요?,소아과 전문의 진료,구강내과 전문의 진료,정신과 전문의 진료,일반 내과 진료,b
train_4210.jpg,train/train_4210.jpg,"이 건물의 6층 비상 대피 안내문에 따르면, 이 안내문은 어떤 층의 대피 계획을 나타내고 있나요?",6층,8층,5층,7층,a
train_4211.jpg,train/train_4211.jpg,부산시민공원에서 5월 17일부터 운영하는 임시주차장 이용 가능 시간은 언제인가요?,08:00~17:00,11:00~20:00,10:00~19:00,09:00~18:00,c
train_4212.jpg,train/train_4212.jpg,이 건물에 입주해 있는 학원은 무엇입니까?,노래레슨센터,퍼스트부동산,A+스피치학원,디벨세무법인,c
train_4213.jpg,train/train_4213.jpg,이 건물의 2층에 있는 시설이 아닌 것은 무엇인가요?,L/C센터,노래방,3식당,모바일샵,d
train_4214.jpg,train/train_4214.jpg,이 가게의 상호명은 무엇인가요?,제일금거래소,제이금거래소,더원금거래소,금나라거래소,a
train_4215.jpg,train/train_4215.jpg,사진 속 파란색 과자 봉지에 적힌 브랜드 이름은 무엇인가요?,Oishi,Crown,Orion,Lotte,a
train_4216.jpg,train/train_4216.jpg,이 광고에서 판매하는 제품의 이름은 무엇인가요?,ONE DAY BUBBLE CHEW,ONE DAY CHEW,PET CHEW TOY,BUBBLE GUM,a
train_4218.jpg,train/train_4218.jpg,"이 가게 유리문에 붙어 있는 CCTV 설치 안내문에 따르면, CCTV 촬영 시간은 언제인가요?",오후 6시부터 오전 9시까지,오전 9시부터 오후 6시까지,24시간 연속 촬영,촬영 시간 없음,c
train_4219.jpg,train/train_4219.jpg,다음 중 이 도로 표지판에 적힌 방향이 아닌 것은 무엇인가요?,청명역,경희대학교,서울역,황곡초교,c
train_4220.jpg,train/train_4220.jpg,사진 속 'Oishi Pillows' 과자 봉지에 적힌 맛은 무엇인가요?,딸기맛,초코맛,치즈맛,쿠키와 바닐라 맛,d
train_4221.jpg,train/train_4221.jpg,서진프라자 건물에 적혀 있는 전화번호는 무엇인가요?,042-822-0708,042-888-0708,042-700-8220,042-123-4567,a
train_4222.jpg,train/train_4222.jpg,이 지하철역 출입구 번호는 무엇인가요?,4번,3번,2번,1번,c
train_4223.jpg,train/train_4223.jpg,포스터에 적힌 전문가의 전문 분야는 무엇인가요?,렌즈 코팅 전문가,누진 렌즈 전문가의 비전 컨설팅,안경 도수 측정 전문가,안경 디자인 전문가,b
train_4224.jpg,train/train_4224.jpg,2026 서울 마라톤과 관련된 행사는 언제 열리나요?,3월 13일 금요일부터 3월 15일 일요일까지,4월 1일,3월 26일,3월 1일,a
train_4225.jpg,train/train_4225.jpg,회색 SUV 차량 후면 유리창에 붙어 있는 파란색 스티커에 적힌 문구는 무엇인가요?,초보운전,안전운전,속도제한,차량점검,a
train_4226.jpg,train/train_4226.jpg,"이 책의 목차에 따르면, '리눅스 일반' 파트에서 다루지 않는 내용은 무엇인가요?",리눅스의 설치,리눅스의 기본 명령어,리눅스 운영 및 관리,리눅스의 이해,c
train_4227.jpg,train/train_4227.jpg,사진 속 가게 이름은 무엇인가요?,SUNG SIM DANGG,SUNG SIM DONG,SUNG SIM DANGK,SUNG SIM DANG,d
train_4229.jpg,train/train_4229.jpg,이 건물 1층에 있는 편의점의 이름은 무엇인가요?,GS25,CU,7-Eleven,Ministop,b
train_4230.jpg,train/train_4230.jpg,이 건물의 간판에 적힌 은행 이름은 무엇인가요?,부산국민은행,경남은행,대구은행,부산은행,d
train_4231.jpg,train/train_4231.jpg,다음 중 '마그비 액티브' 제품이 개선하는 증상이 아닌 것은 무엇인가요?,근육경련 및 혈액순환 개선제,"신경통, 관절통",두통과 치통,운동 후 근육통,c
train_4232.jpg,train/train_4232.jpg,사진 속 치킨팝 과자의 가격은 얼마인가요?,"1,800원","1,300원","1,200원","1,700원",c
train_4233.jpg,train/train_4233.jpg,작은 봉지에 적힌 문구 중에서 '먹지 마세요'는 어떤 언어로 적혀 있나요?,한국어,영어,중국어,일본어,a
train_4234.jpg,train/train_4234.jpg,이 사진에 보이는 역 이름은 무엇인가요?,광주역,대전역,부산역,서울역,c
train_4235.jpg,train/train_4235.jpg,이 전철역 안내판에서 '1번 승강장'은 어디 방향으로 가는 열차를 안내하고 있나요?,"오사카, 쿄바시 방향","후쿠오카, 하카타 방향","도쿄, 신주쿠 방향","교토, 나라 방향",a
train_4236.jpg,train/train_4236.jpg,제품의 전원을 끄기 위해서는 어떻게 해야 하나요?,위 버튼을 1번 눌러 ON,아래 버튼을 2초 길게 눌러 ON/OFF,후면 토글을 우측으로(ON) 전환,위 버튼을 2초간 눌러 OFF,d
train_4237.jpg,train/train_4237.jpg,이 가게 간판에 적힌 주요 업종은 무엇인가요?,미용실,전자 제품 판매,음식점,유압 부품 일절,d
train_4239.jpg,train/train_4239.jpg,다음 중 사진 속 잼 병에 적힌 이름이 아닌 것은 무엇인가요?,Milk Jam,Chocolate Milk Jam,Black Sesame Jam,Strawberry Jam,d
train_4241.jpg,train/train_4241.jpg,사진 속에서 분홍색 용기에 적힌 내용은 무엇인가요?,주방세제,섬유유연제,세탁세제,욕실세정제,b
train_4242.jpg,train/train_4242.jpg,이 식당의 전문 메뉴는 무엇인가요?,고사리육개장,설렁탕,김치찌개,된장찌개,a
train_4243.jpg,train/train_4243.jpg,이 과자 봉지에 적힌 과자의 이름은 무엇인가요?,홈런볼 초코,홈런볼 딸기,홈런볼 오리지널,홈런볼 바닐라,a
train_4244.jpg,train/train_4244.jpg,건물에 붙어 있는 '임대문의' 간판에 적힌 연락처 번호는 무엇인가요?,02-123-4567,010-9876-5432,010-3411-7087,010-1234-5678,c
train_4245.jpg,train/train_4245.jpg,안도리냐 유기농 엑스트라버진 올리브유(500ML)의 할인 가격은 얼마인가요?,"10,980원","15,980원","3,000원","12,980원",d
train_4246.jpg,train/train_4246.jpg,이 포스터에 따르면 '서울야외도서관'은 어느 기간 동안 운영되나요?,2027년 1월부터 6월까지,2026년 5월부터 12월까지,2025년 3월부터 10월까지,2026년 4월부터 11월까지,d
train_4247.jpg,train/train_4247.jpg,이 표지판에 적힌 문구는 무엇인가요?,출입금지,주차금지,통행금지,금연구역,b
train_4248.jpg,train/train_4248.jpg,이 사진 속 간판에 적힌 도시는 어디인가요?,멜라카,조지 타운,페낭,쿠알라룸푸르,a
train_4249.jpg,train/train_4249.jpg,Amazon Bedrock AgentCore가 직접 서버 관리를 필요 없게 하는 기능은 무엇이라고 적혀 있나요?,AI Integration,Security,Serverless,Orchestration,c
train_4251.jpg,train/train_4251.jpg,이 아이스크림의 맛은 무엇인가요?,바닐라,녹차,초콜릿,딸기,a
train_4252.jpg,train/train_4252.jpg,이 명찰에 적힌 이름은 무엇인가요?,지 민 혁,박 준 호,김 태 형,이 수 민,a
train_4254.jpg,train/train_4254.jpg,이 이미지에서 벽에 붙어 있는 안전 관련 포스터에 적힌 내용은 무엇인가요?,안전은 선택이 아닌 필수,안전모 착용 필수,안전장비 착용 권장,헬멧착용 안전제일,d
train_4255.jpg,train/train_4255.jpg,이 결과 화면에서 1위 선수의 점수는 얼마인가요?,101,66,102,70,c
train_4256.jpg,train/train_4256.jpg,이 도로 표지판에 적힌 출구 번호는 무엇인가요?,출구 20,출구 10,출구 15,출구 5,b
train_4257.jpg,train/train_4257.jpg,"이 금연 구역 표지판에 따르면, 금연 구역은 어린이집 시설의 경계선으로부터 몇 미터 이내인가요?",5m 이내,20m 이내,15m 이내,10m 이내,d
train_4258.jpg,train/train_4258.jpg,이 건물 벽에 붙어 있는 표지판에 적힌 내용으로 알맞은 것은 무엇인가요?,4층 서림통상 전용 주차,3층 서림통상 출입 금지,4층 서림통상 출입 금지,3층 서림통상 전용 주차,a
train_4259.jpg,train/train_4259.jpg,이미지 속 태그에 적힌 '체크 소프트 헤어리 머플러'의 색상과 가격은 무엇인가요?,"SKY BLUE, 39000원","RED, 45000원","WHITE, 40000원","BLACK, 35000원",a
train_4260.jpg,train/train_4260.jpg,빨간색 간판에 적힌 뼈해장국의 가격은 얼마인가요?,"13,000원","8,000원","10,000원","9,000원",d
train_4261.jpg,train/train_4261.jpg,이 가게의 전문 메뉴는 무엇인가요?,양갈비 전문점,된장찌개 전문점,김치찌개 전문점,삼겹살 전문점,a
train_4262.jpg,train/train_4262.jpg,사진 속 노란 간판에 적힌 약국 이름은 무엇인가요?,우리약국,시민약국,아페약국,동네약국,c
train_4263.jpg,train/train_4263.jpg,소화전 사용 방법 중 '3번'에 해당하는 내용은 무엇인가요?,불 끄기,밸브열기,호스 빼내기,밸브닫기,a
train_4264.jpg,train/train_4264.jpg,이 건물의 가게 이름은 무엇인가요?,맛있는 라멘,이치란,도쿄 라멘,라멘천국,b
train_4265.jpg,train/train_4265.jpg,7월 14일 화요일 도시락 메뉴에 포함되지 않은 것은 무엇인가요?,떡갈비파스타샐러드,훈제오리,미트볼조림,매운어묵국,a
train_4266.jpg,train/train_4266.jpg,이 이미지에 보이는 가게는 어떤 브랜드인가요?,맥도날드,스타벅스,SUBWAY,파리바게뜨,c
train_4267.jpg,train/train_4267.jpg,이 사진에서 보이는 도로명 표지판에 적힌 도로명은 무엇인가요?,강남대로 10길,테헤란로 34길,삼성로 22길,역삼로 15길,b
train_4268.jpg,train/train_4268.jpg,사진 속 과자 상자에 적힌 '% 초콜릿 함량'은 얼마인가요?,45%,70%,58%,30%,c
train_4270.jpg,train/train_4270.jpg,사진 속 문에 적힌 문구 중 'Move the City'와 함께 나타난 마스코트가 소속된 기관은 어디인가요?,서울시립도서관,대한민국 경찰청,서울교통공사,한국철도공사,c
train_4273.jpg,train/train_4273.jpg,이 키보드의 모델명은 무엇인가요?,MK107,MK110,MK108,MK109,c
train_4274.jpg,train/train_4274.jpg,이 건물 외벽에 붙어 있는 행사명은 무엇인가요?,롯데월드타워,UCLG,서울시립미술관,코엑스,b
train_4276.jpg,train/train_4276.jpg,이 전시회의 기간은 언제부터 언제까지인가요?,2023.4.22.(수) ~ 7.31.(금),2026.4.22.(수) ~ 7.31.(금),2025.4.22.(수) ~ 7.31.(금),2026.3.1.(월) ~ 6.30.(수),b
train_4277.jpg,train/train_4277.jpg,이 건물에 입주해 있는 업체 중 하나인 '믿음의 교회'의 슬로건은 무엇인가요?,행복을 나누는 교회,사랑과 희망의 믿음,세상을 이기는 승리는 이것이니 우리의 믿음이니라,믿음과 진리의 공동체,c
train_4278.jpg,train/train_4278.jpg,이 빼빼로 제품의 맛은 무엇인가요?,초코맛,아몬드맛,화이트쿠키,딸기맛,c
train_4280.jpg,train/train_4280.jpg,이 문에 붙어 있는 파란색 안내문에는 어떤 내용이 적혀 있나요?,회의 중 출입 금지,청소 중 출입 금지,작업 중 출입 금지,임직원 근무공간 관계자외 출입금지,d
train_4281.jpg,train/train_4281.jpg,참조은오리 가게에서 오리 한 마리 가격은 얼마인가요?,"10,000원","20,000원","16,000원","18,000원",d
train_4282.jpg,train/train_4282.jpg,이 건물에 있는 미용실의 이름은 무엇인가요?,진주미용실,인동전당포,On 미용실,인동전문점,a
train_4283.jpg,train/train_4283.jpg,"소화전 사용법에 따르면, 소화전밸브를 어떻게 개방해야 하나요?",밸브를 당겨서 개방한다,오른쪽으로 돌려서 개방한다,위로 들어 올려서 개방한다,왼쪽으로 돌려서 개방한다,d
train_4284.jpg,train/train_4284.jpg,사진 속 제품의 맛은 무엇인가요?,딸기맛 쫀득찹쌀떡,카다이프초코 바닐라맛,카다이프초코 쫀득찹쌀떡,초코맛 찹쌀떡,c
train_4285.jpg,train/train_4285.jpg,이 공사장 출입문 위에 적혀 있는 주소는 무엇인가요?,역삼동 700번지 신축공사,역삼동 710번지 신축공사,역삼동 717번지 신축공사,역삼동 717번지 재개발,c
train_4287.jpg,train/train_4287.jpg,이 사진에 보이는 꽃 모양 장식의 얼굴 표정은 무엇인가요?,행복한 얼굴,슬픈 얼굴,무표정,화난 얼굴,a
train_4288.jpg,train/train_4288.jpg,이 길 표지판에 적힌 도로 이름은 무엇인가요?,강남대로,삼성로,논현로86길,청담동길,c
train_4289.jpg,train/train_4289.jpg,지인산부인과의원 광고에서 함께 일하는 의학박사는 누구인가요?,박지인,정미경,김정연,이수연,c
train_4290.jpg,train/train_4290.jpg,"'SSAFY SW Certificate'에 따르면, 교육 기간은 언제부터 언제까지인가요?",2025.07.08 - 2026.06.30,2024.01.01 - 2024.12.31,2023.03.01 - 2024.02.28,2026.07.01 - 2027.06.30,a
train_4291.jpg,train/train_4291.jpg,빨간색 간판에 적힌 'joyparty' 대전점에서 제공하는 서비스가 아닌 것은 무엇인가요?,이벤트,파티,벌룬,음식 배달,d
train_4293.jpg,train/train_4293.jpg,빅토리아 왁싱에서 첫 방문 이벤트로 남자 왁싱과 여자 왁싱 가격은 각각 얼마인가요?,"남자왁싱 75,000원 여자왁싱 55,000원","남자왁싱 55,000원 여자왁싱 35,000원","남자왁싱 65,000원 여자왁싱 45,000원","남자왁싱 60,000원 여자왁싱 40,000원",c
train_4294.jpg,train/train_4294.jpg,주차장 입구에 적힌 제한 높이는 얼마인가요?,2.5M,2.2M,2.0M,1.8M,b
train_4295.jpg,train/train_4295.jpg,엠지씨 텀블러의 용량은 얼마인가요?,850 ml,750 ml,500 ml,650 ml,d
train_4296.jpg,train/train_4296.jpg,사진 속 음료수 병에 적힌 맛은 무엇인가요?,딸기맛,포도맛,바나나맛,사과맛,c
train_4297.jpg,train/train_4297.jpg,"냉장고 문에 붙어 있는 안내문에 따르면, 냉장고 사용 후에 해야 할 일은 무엇인가요?",관계자 외 누구나 사용 가능,사용후 반드시 시건장치함,냉장고 온도를 -10도로 유지한다,냉장고 문을 항상 열어둔다,b
train_4298.jpg,train/train_4298.jpg,이 간판에 적힌 가게 이름은 무엇인가요?,그리나,예그린,반려견편집샵,예그리나,d
train_4300.jpg,train/train_4300.jpg,사진 속 상품 '재래김 / 파래김 (16봉) 각'의 가격은 얼마인가요?,"5,680원","7,100원","10,000원","16,000원",a
train_4302.jpg,train/train_4302.jpg,이 사진 속 병에 적힌 맥주의 맛은 무엇인가요?,사과 맛,망고 맛,복숭아 맛,포도 맛,b
train_4304.jpg,train/train_4304.jpg,이 이미지 속에 적힌 '매일 아침마다 표어를 쓰고 있습니다.'라는 문구가 포함된 종이에는 무엇에 대해 묻고 있나요?,내일의 계획은 무엇인지,가장 좋아하는 음식은 무엇인지,어떤 마음가짐으로 오늘을 보내고 싶은지,오늘의 날씨는 어떤지,c
train_4305.jpg,train/train_4305.jpg,사진 속 상자에 적힌 글씨는 무엇인가요?,빙그레,매일유업,남양,서울우유,c
train_4306.jpg,train/train_4306.jpg,CU 편의점 출입문은 어디에 있나요?,편의점 뒤편에 있습니다,건물 입구에 있습니다,편의점 오른쪽 벽에 있습니다,편의점 왼쪽 벽에 있습니다,b
train_4307.jpg,train/train_4307.jpg,사진 속에 있는 PC방 이름은 무엇인가요?,PC ZONE,PC WORLD,PC POP,PC CAFE,c
train_4308.jpg,train/train_4308.jpg,상봉먹자골목에서 매달 열리는 축제 중 9월에 개최되는 축제 이름은 무엇인가요?,로컬 메인 축제,상시 축제,별이 빛나는 밤,야장시그널,a
train_4309.jpg,train/train_4309.jpg,왼쪽 가게의 간판에 적힌 상호명은 무엇인가요?,HANZO SUSHI,KATSU HOUSE,HANZO KATSU,HANZO CAFE,c
train_4311.jpg,train/train_4311.jpg,젤라또 가게에서 판매하는 맛이 아닌 것은 무엇인가요?,망고 (Mango),제주 감귤 (Tangerine),더블 초코 (Chocolate),청사과 (Green apple),a
train_4312.jpg,train/train_4312.jpg,버스 뒷면에 적혀 있는 버스 번호는 무엇인가요?,115,118,115-1,1821,c
train_4313.jpg,train/train_4313.jpg,사진 속 분홍색 봉지에 적힌 맛은 무엇인가요?,오리지널 맛,복숭아 맛,아사이-보울 맛,딸기 맛,c
train_4315.jpg,train/train_4315.jpg,이 사진 속 빨간색 컵에 적힌 브랜드 이름은 무엇인가요?,FIVE GUYS,MCDONALD'S,WENDY'S,BURGER KING,a
train_4316.jpg,train/train_4316.jpg,이 사진에 보이는 도로명 표지판에 적힌 도로명은 무엇인가요?,테헤란로 34길,테헤란로 40길,테헤란로 30길,테헤란로 50길,a
train_4319.jpg,train/train_4319.jpg,사진 속 간판에 적힌 역 이름은 무엇인가요?,부산역,광주송정역,서울역,대전역,b
train_4320.jpg,train/train_4320.jpg,계단에 적혀 있는 문구 중 '심장 박동이 살아있어요!'라는 문구가 적힌 계단의 칼로리 소모량은 얼마인가요?,16.6 kcal,15.8 kcal,16.2 kcal,16.4 kcal,c
train_4322.jpg,train/train_4322.jpg,이 도로 표지판에 적힌 글자는 무엇인가요?,자전거전용도로,양보,안전운전,횡단보도,d
train_4323.jpg,train/train_4323.jpg,이 화면에 나타난 회사 이름은 무엇인가요?,파인테크,오케이포스,엘지전자,삼성전자,b
train_4324.jpg,train/train_4324.jpg,이 사진에 보이는 편의점 이름은 무엇인가요?,GS25,7-ELEVEN,MINISTOP,CU,b
train_4325.jpg,train/train_4325.jpg,이 지하철 출입문에 적힌 카드 게임의 이름은 무엇인가요?,매직 더 게더링,디지몬 카드 게임,유희왕 카드 게임,포켓몬 카드 게임,d
train_4326.jpg,train/train_4326.jpg,이 도로 표지판에서 제한 속도는 얼마인가요?,40km/h,50km/h,22km/h,30km/h,d
train_4327.jpg,train/train_4327.jpg,이 건물의 2층에 위치한 학원의 이름은 무엇인가요?,기린영수학원,기린음악학원,고기촌 음식집,고기의 달인,a
train_4328.jpg,train/train_4328.jpg,이 컵에 적힌 음료 주문 내역 중 포함된 재료가 아닌 것은 무엇인가요?,복숭아 우롱 밀크티,얼음 보통,레몬 슬라이스,당도 보통,c
train_4330.jpg,train/train_4330.jpg,이 건물 벽에 붙어 있는 큰 파란색 표지판에 적힌 문구는 무엇인가요?,주차 금지 구역,출입금지 구역,CCTV작동중,소화기 위치 안내,c
train_4332.jpg,train/train_4332.jpg,사진에 보이는 '아동안전지킴이집' 안내문에 적힌 긴급전화 번호 중 학교폭력 신고 전화번호는 무엇인가요?,119,112,117,182,c
train_4333.jpg,train/train_4333.jpg,건물 1층에 위치한 '아이나비' 매장의 전화번호는 무엇인가요?,02) 123-4567,054) 457-6896,475-5533,031) 987-6543,b
train_4335.jpg,train/train_4335.jpg,이 음료수 중 '아침햇살' 음료에 적힌 맛 종류는 무엇인가요?,말차,초코,바닐라,딸기,a
train_4336.jpg,train/train_4336.jpg,사진 속 손목에 찬 팔찌에 적힌 그룹 명칭은 무엇인가요?,D GROUP,B GROUP,A GROUP,C GROUP,b
train_4337.jpg,train/train_4337.jpg,이 식당의 간판에 적힌 이름은 무엇인가요?,맛집,전주옥,한식당,완주옥,d
train_4338.jpg,train/train_4338.jpg,이미지 속 가격표에 적힌 봄베이 브램블 700ml의 가격은 얼마인가요?,"35,000원","30,000원","34,580원","40,000원",c
train_4339.jpg,train/train_4339.jpg,이 장소의 이름은 무엇인가요?,YELLOWSTONE NATIONAL PARK,GOLDEN GATE BRIDGE,GRAND CANYON NATIONAL PARK,DIAMOND HEAD STATE MONUMENT,d
train_4340.jpg,train/train_4340.jpg,이 가게 간판에 적힌 전화번호는 무엇인가요?,360-6080,010-9876-5432,031-360-6080,02-1234-5678,a
train_4341.jpg,train/train_4341.jpg,사진 속 흰색 배너에 적힌 글귀는 무엇인가요?,오늘의 메뉴,시원한 커피,눈꽃빙수,신선한 과일,c
train_4342.jpg,train/train_4342.jpg,이 벽에 적힌 교회 이름은 무엇인가요?,강남중앙교회,서울순복음교회,역삼동성당,청담성당,c
train_4343.jpg,train/train_4343.jpg,사진 속 간판 중 '숯불닭구이 전문점'이라고 적힌 가게의 이름은 무엇인가요?,신세계,OK 도매횟집,다신 159,한우 3.6.9,a
train_4344.jpg,train/train_4344.jpg,이 울타리에 붙어 있는 노란색 표지판에 적힌 글자는 무엇인가요?,통제구역,안전구역,주의,출입금지,a
train_4345.jpg,train/train_4345.jpg,'복싱 GYM'이 위치한 층과 호수는 무엇인가요?,1층 105호,4층 303호,3층 101호,2층 202호,d
train_4346.jpg,train/train_4346.jpg,사진 속 간판에 적힌 '김영천수학학원'의 문의 전화 번호는 무엇인가요?,T.959-2550,T.123-4567,T.961-913,T.888-9999,a
train_4347.jpg,train/train_4347.jpg,이 사진에 보이는 간판 중 '초원 삼겹살' 간판의 연락처 전화번호는 무엇인가요?,287가 2425,472-7020,051-1000,051-0001,b
train_4348.jpg,train/train_4348.jpg,이 사진에 보이는 '티각태각' 제품에 적힌 문구 중 올바른 것은 무엇인가요?,수입산 원료 사용,명인의 손길이 담긴 전통 부각,최신 기술로 만든 과자,화학 첨가물이 많은 스낵,b
train_4349.jpg,train/train_4349.jpg,이 건물의 이름은 무엇인가요?,수직주차,대가공인중개사,리더스 부동산,라오빌,d
train_4350.jpg,train/train_4350.jpg,이 승강기 검사합격증명서에 따르면 다음 검사 신청은 언제까지 해야 하나요?,2025년 10월 1일까지,2023년 2월 1일까지,2025년 9월 24일까지,2026년 10월 18일까지,d
train_4351.jpg,train/train_4351.jpg,이 안내판에 적힌 건물명은 무엇인가요?,테헤란빌딩,태광타워,강남빌딩,서울타워,b
train_4353.jpg,train/train_4353.jpg,건물에 붙어 있는 현수막에서 안내하는 '거치형 토지리턴제' 관련 전화번호는 무엇인가요?,053) 603-2597,053) 603-2596,053) 603-2599,053) 603-2595,b
train_4354.jpg,train/train_4354.jpg,녹산산단 바른어린이집에서 운영하는 어린이집의 운영시간은 언제인가요?,6:30 ~ 19:00,9:00 ~ 18:00,7:30 ~ 19:30,8:00 ~ 20:00,c
train_4356.jpg,train/train_4356.jpg,머그컵에 적힌 커피숍 이름은 무엇인가요?,E.C.C.,Jongro Coffee,Bukguno Coffee,High Heels,a
train_4358.jpg,train/train_4358.jpg,사진 속 음식의 이름과 가격은 무엇인가요?,"콩국수 10,000원","비빔밥 8,000원","김치찌개 7,000원","된장찌개 6,000원",a
train_4359.jpg,train/train_4359.jpg,아래 그림 중 '슬픔'을 나타내는 캐릭터의 이름은 무엇인가요?,DISGUST,SADNESS,ANGER,JOY,b
train_4360.jpg,train/train_4360.jpg,이 사진 속 김밥집에서 판매하는 만두의 가격은 얼마인가요?,"7,000원","5,000원","3,000원","8,000원",b
train_4361.jpg,train/train_4361.jpg,봄봄성수점에서 음식을 남기면 부과되는 금액은 얼마인가요?,"2,000원","3,000원","5,000원","1,000원",b
train_4362.jpg,train/train_4362.jpg,이 엘리베이터 문에 붙어 있는 주의 사항 중 '기대면 추락 위험'이라는 문구가 적혀 있는 경고는 무엇을 주의하라는 의미인가요?,엘리베이터 문에 손을 대면 감전 위험이 있다,엘리베이터 문에 기대어도 안전하다,엘리베이터 문을 세게 밀면 문이 고장난다,엘리베이터 문에 기대면 문이 열리면서 추락할 위험이 있다,d
train_4363.jpg,train/train_4363.jpg,이 명찰에 적혀 있는 이름은 무엇인가요?,박현호,이현호,김영호,김현호,d
train_4365.jpg,train/train_4365.jpg,이 건강기능식품 병에 적힌 주성분이 아닌 것은 무엇인가요?,마그네슘,칼슘,비타민D,비타민C,d
train_4366.jpg,train/train_4366.jpg,이 표지판에 적힌 문구는 무엇인가요?,보행자 전용,횡단보도,주차금지,속도 제한,b
train_4367.jpg,train/train_4367.jpg,이 가게의 이름은 무엇인가요?,와플 하우스,화성 장,수지공 커피,이송당 도나츠,d
train_4368.jpg,train/train_4368.jpg,사진에 보이는 '태흥 목욕탕' 간판 아래에 적힌 전화번호는 무엇인가요?,010 1234 5678,987 6543,123 4567,559 4300,d
train_4369.jpg,train/train_4369.jpg,빨간색 간판에 적힌 운동 종목이 아닌 것은 무엇인가요?,KICKBOXING,GRAPPLING,BOXING,에어로빅,d
train_4370.jpg,train/train_4370.jpg,이미지 속 허브티 상품 중 '페퍼민트' 허브티는 어떤 색상의 상자에 담겨 있나요?,갈색 상자,하늘색 상자,보라색 상자,연두색 상자,b
train_4371.jpg,train/train_4371.jpg,"이 음료수 캔에 적힌 문구 중, 실제로 들어있는 성분에 대해 설명한 내용은 무엇인가요?",비타민C가 풍부해요,설탕이 많이 들어있어요,레몬 향만 첨가되어 있어요,진짜 레몬 슬라이스가 들어있어요!!,d
train_4373.jpg,train/train_4373.jpg,이 도시락 세트의 원래 가격은 얼마였나요?,"5,000원","6,500원","4,190원","5,990원",d
train_4374.jpg,train/train_4374.jpg,이 간판에 적힌 'うめる 스프카레'의 의미 중 옳은 것은 무엇인가요?,일본의 유명한 관광지 이름,특정한 야채를 사용한 카레,할인 이벤트를 알리는 문구,채움을 뜻하는 말로 가득 채우겠다는 의미,d
train_4375.jpg,train/train_4375.jpg,이 제품의 가격은 얼마인가요?,"3,000원","10,000원","5,000원","1,000원",a
train_4377.jpg,train/train_4377.jpg,이 간판에서 판매하는 음식은 무엇인가요?,소고기 국밥과 무침,해물탕과 밥,닭고기 백숙과 무침,돼지고기 국밥과 김치,a
train_4379.jpg,train/train_4379.jpg,사진에 보이는 약국의 이름은 무엇인가요?,부원 약국,진 만두,가로별 약국,스마일 치과,a
train_4380.jpg,train/train_4380.jpg,이 사진에 적혀 있는 문구는 무엇인가요?,쓸데없는 자책 권장,쓸데없는 자책 허용,과한 생각 금지,과한 생각 허용,c
train_4381.jpg,train/train_4381.jpg,이 쓰레기통 중 재활용품을 버리는 곳은 어디입니까?,아래쪽 바닥,오른쪽 하얀색 쓰레기통,양쪽 모두,왼쪽 초록색 쓰레기통,d
train_4382.jpg,train/train_4382.jpg,컴퓨터 화면 오른쪽 아래에 표시된 날짜는 무엇인가요?,2023-10-01,2024-01-15,2025-12-31,2026-08-18,d
train_4383.jpg,train/train_4383.jpg,이 이미지에 보이는 글자는 무엇인가요?,SSAAY,SSAFY,SSAFI,SASFY,b
train_4384.jpg,train/train_4384.jpg,이 가게의 상호명은 무엇인가요?,보문회수산,쌀드마트,우리,서울약국센터,a
train_4385.jpg,train/train_4385.jpg,왼쪽 건물에 적혀 있는 이름은 무엇인가요?,빌리브,더샵,오션퍼스트,호반베르디움,c
train_4386.jpg,train/train_4386.jpg,사진 속 대형 전광판에 크게 적혀 있는 단어는 무엇인가요?,매진,롯데월드타워,클라우드,유키스,a
train_4387.jpg,train/train_4387.jpg,영화 입장권에 적힌 영화 제목은 무엇인가요?,인터스텔라,기생충,미니언즈 & 몬스터즈,어벤져스: 엔드게임,c
train_4389.jpg,train/train_4389.jpg,이 건물의 이름은 무엇인가요?,김대중문화센터,광주무역센터,김대중컨벤션센터,광주화랑,c
train_4390.jpg,train/train_4390.jpg,"사진 속 문에 붙어 있는 문구에 따르면, 출입하기 위해서 무엇을 해야 하나요?",문을 세게 밀어 열어주세요,경비시스템 작동중 해제 후 출입하세요,비밀번호를 입력하세요,출입구를 통해 뛰어 들어가세요,b
train_4391.jpg,train/train_4391.jpg,다음 중 'ORGANIST 히말라야 핑크솔트 바디워시'에 적혀 있지 않은 내용은 무엇인가요?,자극과 걱정없이 피지 & 노폐물 세정,FOR YOUR SKIN,MINT SCENT,러블리 & 로맨틱 퍼퓸 컨디셔너,d
train_4393.jpg,train/train_4393.jpg,이 게시판에 적힌 '담당자 연락처' 중 '선물세트상담팀장'의 전화번호는 무엇인가요?,010-5134-6139,010-4493-6139,010-1234-5678,010-9876-5432,b
train_4394.jpg,train/train_4394.jpg,이 거리에서 볼 수 있는 간판 중 '달밤포차'라는 상호는 무엇을 의미하나요?,서점,카페,술집이나 포장마차,영화관,c
train_4395.jpg,train/train_4395.jpg,"냉장고 문에 붙어 있는 안내문에 따르면, 사용 후 반드시 해야 하는 것은 무엇인가요?",시건장치함 사용,음식물 확인,온도 조절,청소하기,a
train_4396.jpg,train/train_4396.jpg,이 건물 외벽에 적힌 지역 이름은 무엇인가요?,송파구,서초구,강남구,마포구,c
train_4398.jpg,train/train_4398.jpg,이 경기의 선발 투수 중 '곽빈' 선수의 등번호는 무엇인가요?,10,21,33,47,d
train_4399.jpg,train/train_4399.jpg,사진 속 하나은행 광고판에 적힌 세 가지 준비 사항 중 '목돈마련'과 함께 적힌 다른 준비 사항은 무엇인가요?,부동산 투자,대출 상담,세액공제,연금저축,c
train_4400.jpg,train/train_4400.jpg,"이 휴지통에 붙어 있는 안내문 중, 휴지통에 넣으라고 적힌 것은 무엇인가요?",쓰레기만 넣어주세요,휴지만 넣어주세요,음식물만 넣어주세요,플라스틱만 넣어주세요,b
train_4401.jpg,train/train_4401.jpg,이 건물 2층에 위치한 한의원의 전화번호는 무엇인가요?,1644-7328,575-2184,576-1075,02-572-0300,c
train_4402.jpg,train/train_4402.jpg,이 주유소의 이름은 무엇인가요?,내트럭플러스,SK에너지 주유소,서울주유소,목포농협주유소,d
train_4403.jpg,train/train_4403.jpg,이 부동산 중개사무소의 전화번호는 무엇인가요?,987-6543,721-7558,123-4567,555-1234,b
train_4404.jpg,train/train_4404.jpg,캔에 그려진 햄스터가 착용하고 있는 것은 무엇인가요?,헤드폰,귀마개,안경,모자,a
train_4405.jpg,train/train_4405.jpg,피난계획도에 따르면 화재 발생 시 무엇을 먼저 해야 하나요?,즉시 대피하세요.,물건을 챙기세요.,엘리베이터를 타세요.,경보 버튼을 누르세요.,d
train_4406.jpg,train/train_4406.jpg,이미지에서 설명하는 활성화 함수(activation function) 중 ReLU 함수의 수식은 무엇인가요?,a(x) = Linear(z) = z,a(x) = Sigmoid(z) = 1 / (1 + e^(-z)),"a(x) = ReLU(z) = { 0, z < 0 / z, z ≥ 0 }",a(x) = Tanh(z) = (e^z - e^(-z)) / (e^z + e^(-z)),c
train_4407.jpg,train/train_4407.jpg,이미지 속 문구 중 '함부로 가볍게 움직이지 말고 태산같이 조용하고 신중하라'는 말은 누구의 명언인가요?,이순신,김구,장영실,세종대왕,a
train_4408.jpg,train/train_4408.jpg,사진 속 가게에서 판매하거나 서비스하는 브랜드는 무엇인가요?,Nike,Samsung,Fissler,LG,c
train_4409.jpg,train/train_4409.jpg,이 가게의 이름은 무엇인가요?,전국 김밥 일주,맛있는 김밥집,김밥 포장마차,서울 김밥 여행,a
train_4410.jpg,train/train_4410.jpg,'베스트 힐링 약국'에서 제공하지 않는 서비스는 무엇인가요?,일반 의약품,피부 미용 시술,건강기능식품,처방전 조제,b
train_4411.jpg,train/train_4411.jpg,이 건물에 입주해 있는 병원 중 피부과 진료를 하는 곳은 어디인가요?,근로복지공단 구미의원,법무법인 로하스,블리비의원,스핀볼링,c
train_4412.jpg,train/train_4412.jpg,이 사진에서 '피난계획도'는 몇 층을 안내하고 있나요?,20층,19층,21층,17층,b
train_4413.jpg,train/train_4413.jpg,이 표지판에 적힌 문구 중 올바른 내용은 무엇인가요?,소방용수 사용 금지,지상식 차량 출입 금지,5m 이내 주·정차 금지,주차 가능 구역입니다,c
train_4414.jpg,train/train_4414.jpg,이 간판에 적힌 전화번호 중 예약 문의 전화번호는 무엇인가요?,567-6163,555-8494,555-8493,567-6162,b
train_4415.jpg,train/train_4415.jpg,사진 속 건물 2층에 위치한 '차이나' 식당에서 판매하는 음식은 무엇인가요?,치킨,피자,양꼬치,햄버거,c
train_4416.jpg,train/train_4416.jpg,이 표지판에 적힌 '소화전'의 영어 표기는 무엇인가요?,FIRE HOSE,FIRE HYDRANT,FIRE ALARM,FIRE EXTINGUISHER,b
train_4417.jpg,train/train_4417.jpg,사진 속 제품 중에서 고양이와 관련된 내용이 적힌 제품은 무엇인가요?,BLACKMORES LUTEIN DEFENCE,COMVITA MANUKA HONEY UMF 10+,T2 Paws for Tea Cat Lover's Edition,Swisse MEN'S MULTIVITAMIN,c
train_4419.jpg,train/train_4419.jpg,벽에 붙어 있는 포스터에 적힌 커피와 디저트 가게의 이름은 무엇인가요?,SWEET MOMENTS,COFFEE & DESSERT,TWO SOME PLACE,PREMIUM COFFEE,c
train_4420.jpg,train/train_4420.jpg,이 건물 1층에 있는 가게 이름이 아닌 것은 무엇인가요?,필라테스,달콤한 하루,세탁소 크린토피아,THE LITER,a
train_4421.jpg,train/train_4421.jpg,이 이미지에 보이는 '제공 Serving' 아래에 적힌 숫자 중 하나는 무엇인가요?,6061,6178,6073,6383,a
train_4422.jpg,train/train_4422.jpg,이 지하철 칸 안에 붙어 있는 안내문 중 '이렇게 타요!'에 해당하지 않는 내용은 무엇인가요?,음식을 섭취를 자제해주세요,큰 소리로 통화는 삼가주세요,자리를 양보하지 않아도 됩니다,내리실 분 먼저 승차해주세요,c
train_4423.jpg,train/train_4423.jpg,이 건물에서 2층에 위치한 공간은 무엇인가요?,Next Academy Project Zone,SSAFY Classroom 4,Next Academy Classroom 1-3,Next Academy Study Zone,c
train_4425.jpg,train/train_4425.jpg,이 사진 속 파란색 표지판에 적힌 강 이름은 무엇인가요?,무심천,한강,낙동강,영산강,a
train_4426.jpg,train/train_4426.jpg,이 커피 원두 블렌드에 포함된 나라가 아닌 것은?,브라질,콜롬비아,에티오피아,탄자니아,c
train_4427.jpg,train/train_4427.jpg,오른쪽 컵에 붙어 있는 스티커에 적힌 오늘의 운세 행운지수는 얼마인가요?,75,88,99,100,c
train_4429.jpg,train/train_4429.jpg,이 이미지 속에서 밤 푸딩의 가격은 얼마인가요?,"6,500원","5,500원","4,500원","7,500원",b
train_4430.jpg,train/train_4430.jpg,이 가게의 이름은 무엇인가요?,카페 모카,동경 다방,커피 하우스,서울 커피숍,b
train_4431.jpg,train/train_4431.jpg,사진 속 대형 슬롯머신 간판에 적힌 글자는 무엇인가요?,Walgreens,Fremont Street,SLOTZILLA,POLICE,c
train_4432.jpg,train/train_4432.jpg,사진에 나온 '연세라인업' 간판에 적힌 서비스 내용으로 옳지 않은 것은?,리프팅,비만클리닉,치과,피부과,c
train_4433.jpg,train/train_4433.jpg,이 이미지에 적힌 'HELLO KITTY' 아래 문구는 무엇인가요?,WELCOME TO HELLO KITTY,HELLO WORLD,HELLO KITTY FRIENDS,IT'S A WONDERFUL WORLD,d
train_4434.jpg,train/train_4434.jpg,더에스주차장의 평일 주차장 운영시간은 언제부터 언제까지인가요?,06:30 ~ 20:30,07:00 ~ 21:40,08:00 ~ 22:00,09:00 ~ 21:40,b
train_4435.jpg,train/train_4435.jpg,사진 속 카페 이름은 무엇인가요?,카페모나,카페하루,카페솔라,카페온나,d
train_4436.jpg,train/train_4436.jpg,이 사진 속 간판에서 볼 수 있는 음식점 이름은 무엇인가요?,뼈해장국,돈뼈 해장국,돈뼈다구,해장국,c
train_4437.jpg,train/train_4437.jpg,다음 중 이미지 속에 있는 두 가지 빅 에그의 이름으로 옳은 것은 무엇인가요?,"딸기 빅에그, 블루베리 빅에그","허니비 빅에그, 레인보우 마카롱 빅에그","바닐라 빅에그, 레인보우 마카롱 빅에그","허니비 빅에그, 초코 빅에그",b
train_4440.jpg,train/train_4440.jpg,이 안내판에 따르면 6층에는 어떤 시설이 있나요?,프론트,대욕탕,레스토랑,나이트클럽 88,c
train_4441.jpg,train/train_4441.jpg,이 세탁소의 이름은 무엇인가요?,コインランドリ?,WASH ハウス,クリ?ニング屋,ホ?ムランドリ?,b
train_4442.jpg,train/train_4442.jpg,"태광타워의 공개공지 안내판에 따르면, 이 건물의 총 층수는 몇 층인가요?",지상 15층,지상 25층,지상 20층,지상 10층,a
train_4443.jpg,train/train_4443.jpg,이 건물 주차장 입구에 적힌 최대 높이 제한은 얼마인가요?,3.5M,2.0M,2.3M,1.8M,c
train_4444.jpg,train/train_4444.jpg,"이 배너에 따르면, 기초훈련 참가 인원은 몇 명까지 선착순으로 모집하나요?",15명,25명,10명,20명,d
train_4446.jpg,train/train_4446.jpg,이 가방에 적힌 브랜드 이름은 무엇인가요?,PUMA,NIKE,ADIDAS,THE NORTH FACE,d
train_4447.jpg,train/train_4447.jpg,이미지 속 문구에서 'SSAFY'가 의미하는 것은 무엇인가요?,성공을 향한 끝없는 도전,미래를 여는 열쇠,꿈을 현실로 만드는 시작,함께하는 성장과 발전,c
train_4448.jpg,train/train_4448.jpg,"이 기계에 붙어 있는 경고문에 따르면, 이 제어기 함을 함부로 열거나 기계를 만지면 어떤 법에 따라 처벌받나요?",소방기본법에 의거 처벌받는다,형법 제123조에 의거 처벌받는다,산업안전보건법에 의거 처벌받는다,도로 교통법 제68조에 의거 처벌받는다,d
train_4449.jpg,train/train_4449.jpg,이 카페 메뉴판에 적힌 '케키트'의 카페 가격은 얼마인가요?,4.5,6.0,4.0,6.5,b
train_4450.jpg,train/train_4450.jpg,우리동네 GS 앱을 사용하면 편의점 배달 서비스를 몇 시간 이내에 받을 수 있나요?,1시간 이내,2시간 이내,30분 이내,3시간 이내,a
train_4451.jpg,train/train_4451.jpg,프로모션 메뉴 구매 시 아메리카노 가격은 얼마인가요?,4천 원,3천 원,5천 원,2천 원,b
train_4452.jpg,train/train_4452.jpg,"해당 표지판에 따르면, 주차장까지의 거리는 얼마인가요?",0.2km,2.0km,0.8km,1.3km,a
train_4453.jpg,train/train_4453.jpg,이 건물 1층에 위치한 카페 이름은 무엇인가요?,MBC 아파트,MONA CAFE,MBC 아카데미,MONA K-Clinic,b
train_4454.jpg,train/train_4454.jpg,이 건강기능식품 제품에서 '원스데일리' 라벨 아래에 적혀 있는 영문 문구는 무엇인가요?,DAILY HEALTH,MULTI VITAMINS,VITAMIN COMPLEX,OMNI POTENCY,d
train_4455.jpg,train/train_4455.jpg,이 건물의 주소는 무엇인가요?,테헤란로 222,테헤란로 333,테헤란로 111,테헤란로 122,a
train_4456.jpg,train/train_4456.jpg,사진 속 제품 중 나이아신아마이드 성분이 포함된 제품은 무엇인가요?,나이아신아마이드 10% 세럼,어성초 77% 진정 토너,순한 폼클렌징,수분 진정 크림,a
train_4457.jpg,train/train_4457.jpg,이 건물에 입점해 있는 커피 전문점의 이름은 무엇인가요?,ASIA No.1,롯데렌터카,헌혈의집,STARBUCKS COFFEE,d
train_4458.jpg,train/train_4458.jpg,이 이미지에 보이는 'THE DALMORE' 위스키 상자에 적힌 숙성 기간은 얼마인가요?,18 YEARS,12 YEARS,15 YEARS,10 YEARS,c
train_4459.jpg,train/train_4459.jpg,사진 속 과자 중에서 '찹쌀선과'는 어떤 브랜드의 제품인가요?,해태,롯데,오리온,크라운,d
train_4460.jpg,train/train_4460.jpg,이 키보드에서 한/영 전환 키는 어떤 키인가요?,Caps Lock 키,한/영 키,Shift 키,Ctrl 키,b
train_4461.jpg,train/train_4461.jpg,이 식당 간판에 적힌 주요 메뉴는 무엇인가요?,김치찌개·된장찌개,삼겹살·불고기,갈비탕·설렁탕,해물아구찜·대구뽈찜,d
train_4463.jpg,train/train_4463.jpg,이 건물 1층에 입점해 있는 편의점의 이름은 무엇인가요?,7-Eleven,GS25,CU,Mini Stop,b
train_4464.jpg,train/train_4464.jpg,이 건물에 있는 간판 중에서 맞춤 양복을 전문으로 하는 곳은 어디인가요?,WIND STRING,양복 BESPOKE TAILOR,숨꽃피움 사이코드라마연구소,주짓수 MAD TEAMMAD,b
train_4465.jpg,train/train_4465.jpg,이 점수판에서 25C의 최종 점수는 얼마인가요?,100,90,106,200,d
train_4466.jpg,train/train_4466.jpg,사진 속 건물의 붉은색 간판에 적힌 문구는 무엇인가요?,百十四銀行,Daiso,다이소,you me,d
train_4467.jpg,train/train_4467.jpg,붕어빵과 슈크림의 가격은 각각 얼마인가요?,"붕어빵 4개 1,000원, 슈크림 4개 1,000원","붕어빵 4개 1,000원, 슈크림 3개 1,000원","붕어빵 3개 1,000원, 슈크림 4개 1,000원","붕어빵 4개 2,000원, 슈크림 4개 1,000원",a
train_4468.jpg,train/train_4468.jpg,이 간판의 화살표가 가리키는 곳은 어디인가요?,지하 1층 매장,건물 안 1층 복도 끝,2층 사무실,건물 밖 주차장,b
train_4469.jpg,train/train_4469.jpg,이 건물 입구 옆에 세워진 간판에 적힌 글자는 무엇인가요?,정보통신센터,교육지원센터,지식산업센터,기술연구센터,c
train_4471.jpg,train/train_4471.jpg,이미지 속 버스 요금 계좌이체 안내에 적힌 은행명은 무엇인가요?,우리은행,신한은행,농협은행,국민은행,c
train_4472.jpg,train/train_4472.jpg,사진 속 삼각김밥의 속재료는 무엇인가요?,불고기,매콤 닭갈비,튀긴 닭고기,참치마요,c
train_4473.jpg,train/train_4473.jpg,이미지에 나온 음식 중 '얼큰한'이라는 문구가 적힌 음식은 무엇인가요?,콩국수,갈비탕,냉모밀,육개장,d
train_4474.jpg,train/train_4474.jpg,2026년 4월 7일부터 전면 통제되는 구간은 어디인가요?,한강공원 일대,광화문 광장,잠실주경기장 인근,봉은교와 탄천동로,d
train_4475.jpg,train/train_4475.jpg,위 이미지에서 세탁기의 건조 모드 중 '標準'은 무엇을 의미하나요?,표준,울코스,고온,저온,a
train_4476.jpg,train/train_4476.jpg,이 사물함의 번호 중 가장 높은 번호는 무엇인가요?,2-27,2-22,2-33,2-16,c
train_4477.jpg,train/train_4477.jpg,이 광고에서 반려동물 종합영양식품의 이름은 무엇인가요?,냥냥영양제,울애기쌩쌩,펫헬스케어,강아지밥,b
train_4478.jpg,train/train_4478.jpg,이미지에 보이는 벽돌에 적힌 회사명 중 하나가 아닌 것은 무엇인가요?,LG전자,Samsung,Micron,SK hynix,a
train_4479.jpg,train/train_4479.jpg,이 이미지에 보이는 음료 컵에 적힌 위스키 브랜드 이름은 무엇인가요?,LABEL 5,BLACK LABEL,GOLD LABEL,RED LABEL,a
train_4480.jpg,train/train_4480.jpg,사진 속에 보이는 과자의 이름은 무엇인가요?,초코칩 쿠키,누텔라 스틱,초코칩 블랙 화이트 쿠키,오리지널 바닐라 쿠키,c
train_4481.jpg,train/train_4481.jpg,사진 속 간판 '후한의원'에서 제공하는 진료 항목이 아닌 것은 무엇인가요?,교통 사고,다이어트,여드름 흉터,치과 치료,d
train_4482.jpg,train/train_4482.jpg,사진 속 간판에 적힌 음식점 '금성'에서 전문으로 하는 음식이 아닌 것은 무엇인가요?,비빔밥,청국장,손두부,토종닭,a
train_4485.jpg,train/train_4485.jpg,이 사진 속 표지판에 적힌 목적지는 어디인가요?,평택 고용복지 센터,인천 공항,서울 시청,부산역,a
train_4486.jpg,train/train_4486.jpg,이 카페에서 제공하지 않는 것은 무엇인가요?,와이파이 ID와 비밀번호,외부음식 반입금지 안내,여분의 컵,음료 주문 시 할인 쿠폰,c
train_4487.jpg,train/train_4487.jpg,왼쪽 위 칸에 있는 피규어 박스에 적힌 글자는 무엇인가요?,ポケモンカ?ド 151,Re:ゼロから始める異世界生活,GLITTER&GLAMOURS SPECIAL ver.,KING OF ARTIST THE LUFFY,c
train_4490.jpg,train/train_4490.jpg,이미지 속에서 'SALE' 표시가 붙은 제품의 가격은 얼마인가요?,338엔,298엔,238엔,328엔,b
train_4491.jpg,train/train_4491.jpg,이 가게에서 판매하는 음료에 대해 설명한 문구로 옳지 않은 것은 무엇인가요?,리얼 수박주스는 신선합니다.,100% 리얼 수박주스입니다.,리얼 수박주스는 달콤하고 시원합니다.,리얼 수박주스는 인공 첨가물이 들어있습니다.,d
train_4493.jpg,train/train_4493.jpg,다음 중 '닭 동 가 리' 가게에서 판매하는 음식이 아닌 것은 무엇인가요?,오돌갈비,닭발,와비사비,통닭,c
train_4494.jpg,train/train_4494.jpg,메뉴판에 적힌 해물파전의 가격은 얼마인가요?,"18,000원","23,000원","10,000원","17,000원",b
train_4495.jpg,train/train_4495.jpg,이 사진에 있는 노란색 안내판에 적힌 내용은 무엇인가요?,조양방직 가시는 길 ←,조양방직 가시는 길 ↑,조양방직 가시는 길 ↓,조양방직 가시는 길 →,d
train_4496.jpg,train/train_4496.jpg,이 주차장 안내판에 표시된 B2~B6 구역의 주차 상태는 무엇인가요?,B2~B6 모두 빈 곳이 있습니다.,B2~B6 모두 만차(FULL)입니다.,주차장 상태가 표시되어 있지 않습니다.,"B2~B6 중 일부는 만차, 일부는 빈 곳이 있습니다.",b
train_4497.jpg,train/train_4497.jpg,사진에 보이는 선반 제품 OMAR의 가격은 얼마인가요?,"\17,000","\60,000","\25,000","\34,000",d
train_4498.jpg,train/train_4498.jpg,이 장소에서 제공하는 Wi-Fi 비밀번호는 무엇인가요?,CongAL_KT_5G,Wi-Fi 비밀번호: 12345678,c0428236699,KT_WiFi_5G,c
train_4499.jpg,train/train_4499.jpg,명동칼국수 메뉴판에 적힌 보쌈정식의 가격은 얼마인가요?,"12,000","13,000","9,000","10,000",a
train_4500.jpg,train/train_4500.jpg,서면역 9번 출구에 적힌 주소는 무엇인가요?,동래구 명륜로 23,부산진구 서면문화로 4,부산진구 서면대로 9,해운대구 센텀로 50,b
train_4504.jpg,train/train_4504.jpg,다음 중 산림 내에서 금지된 행위는 무엇인가요?,낙하물 주의,서행 운전,흡연 금지,애완동물 출입 금지,c
train_4506.jpg,train/train_4506.jpg,메뉴판에 적힌 짜장면의 가격은 얼마인가요?,"10,000원","8,000원","7,000원","6,000원",d
train_4507.jpg,train/train_4507.jpg,"이미지 속 메뉴판에 따르면, '갈쌈냉면'의 가격은 얼마인가요?","17,000원","13,000원","11,000원","15,000원",d
train_4508.jpg,train/train_4508.jpg,자전거에 붙어 있는 안내문에 적힌 민원신고 전화번호는 무엇인가요?,1833-5748,1544-5678,1600-1234,1899-0000,a
train_4509.jpg,train/train_4509.jpg,이 상자에 적힌 브랜드 이름은 무엇인가요?,Korean Honey Cake,Tokyo Sweet Box,Fukusaya Cube Castella,Seoul Dessert Co.,c
train_4510.jpg,train/train_4510.jpg,화장실에 가려면 어떻게 가야 하나요?,직진해서 공차 옆을 지나간다,건물 뒤 주차장으로 가서 계단 끝까지 간다,건물 오른쪽으로 돌아간다,건물 앞쪽 문으로 바로 들어간다,b
train_4511.jpg,train/train_4511.jpg,이 표지판에 적혀 있는 문구는 무엇인가요?,차량 진입 금지,횡단보도,보행자 전용,자전거 도로,b
train_4512.jpg,train/train_4512.jpg,"이 버스 시간표에 따르면, 성읍 문화마을에서 출발하는 첫 번째 버스는 몇 시에 출발합니까?",7:20,13:40,9:00,10:50,a
train_4514.jpg,train/train_4514.jpg,이 사진에 보이는 간판 중 2층에 위치한 가게의 이름은 무엇인가요?,연탄 불고기,역삼 생등심,미담재,TG,b
train_4515.jpg,train/train_4515.jpg,무인 택배함 이용 안내에 따르면 보관 기간은 얼마나 됩니까?,10일입니다,1일입니다,7일입니다,3일입니다,d
train_4517.jpg,train/train_4517.jpg,이 사진에 보이는 식당의 이름은 무엇인가요?,청담기사식당,한강식당,목화기사식당,서울식당,c
train_4518.jpg,train/train_4518.jpg,커피숍 메뉴판에 적힌 아메리카노 가격은 얼마인가요?,5.0,4.5,6.0,3.5,b
train_4519.jpg,train/train_4519.jpg,왼쪽 가게 간판에 적힌 음식은 무엇인가요?,McDonald's,Burger King,"Philly, Philly. CHEESE STEAK",Pizza Hut,c
train_4520.jpg,train/train_4520.jpg,이 초콜릿 제품의 이름은 무엇인가요?,초코크런치,가평란,킨더부에노,밀크초콜릿,c
train_4521.jpg,train/train_4521.jpg,2026년 4월 7일부터 잠실주경기장 인근의 봉은교와 탄천동로 구간에 대해 어떤 조치가 시행되나요?,부분 통제,통행 제한 없음,주차 허용,전면 통제,d
train_4523.jpg,train/train_4523.jpg,사진 속 전철 승강장에 붙어 있는 경고문에는 어떤 내용이 적혀 있나요?,전기 위험,출입 금지,안전 수칙 준수,화재 위험,a
train_4524.jpg,train/train_4524.jpg,이 제품의 에너지 소비 효율 등급은 무엇인가요?,2등급,1등급,4등급,3등급,c
train_4525.jpg,train/train_4525.jpg,이 사진에 보이는 역 이름은 무엇인가요?,대구역,서울역,광주역,부산역,d
train_4526.jpg,train/train_4526.jpg,사진 속 라면 진열대에서 '짜파게티' 라면의 올리브유 버전 가격은 얼마인가요?,"6,900원","5,900원","5,250원","5,000원",b
train_4527.jpg,train/train_4527.jpg,락 노래연습장은 몇 층에 있나요?,4층,6층,5층,3층,c
train_4529.jpg,train/train_4529.jpg,이 건물에 있는 학원의 주요 과목으로 올바른 것은 무엇인가요?,음악과 미술,체육과 영어,과학과 역사,수학과 영어,d
train_4530.jpg,train/train_4530.jpg,위 이미지에 나오는 시스템에서 가정한 K 값은 얼마인가요?,K=3,K=0,K=2,K=1,d
train_4531.jpg,train/train_4531.jpg,이 장소에 입점해 있지 않은 상호명은 무엇인가요?,CGV IMAX,다이소,스타벅스,TRADERS WHOLESALE CLUB,c
train_4532.jpg,train/train_4532.jpg,이 식당에서 짜장면의 가격은 얼마인가요?,"3,000원","5,000원","7,000원","10,000원",b
train_4533.jpg,train/train_4533.jpg,SSAFY 게시판에 공지된 '자기소개서 심화 분석' 강의는 몇 월 며칠에 진행되나요?,8월 25일,8월 30일,7월 15일,9월 1일,a
train_4534.jpg,train/train_4534.jpg,이 건물에 위치한 '웰라인 휘트니스'는 어떤 종류의 전문 클럽인가요?,퍼스널 트레이너 전문 클럽,피아노 전문 클럽,독서 전문 클럽,요가 전문 클럽,a
train_4535.jpg,train/train_4535.jpg,이미지에 보이는 'SALON DE MIGNON' 간판 밑에 적힌 작은 글자는 무엇인가요?,살롱 드 미뇽,미건점,펫헬스케어아카데미협회,살롱 드 미뇽 미건점,a
train_4538.jpg,train/train_4538.jpg,SysCore Lab.에서 모집하는 겨울방학 인턴 모집 인원은 몇 명인가요?,2명,4명,1명,3명,a
train_4540.jpg,train/train_4540.jpg,이미지에 나온 '캐치! 티니핑' 제품 가격은 얼마인가요?,"\5,000","\3,000","\7,000","\10,000",a
train_4541.jpg,train/train_4541.jpg,이 사진에서 가장 큰 글씨로 적힌 깃발의 내용은 무엇인가요?,MOSK SURFING CLUB,PENTAPORT ROCK FESTIVAL,퇴사,CHERRY FILTER,c
train_4542.jpg,train/train_4542.jpg,이 빌딩의 이름은 무엇인가요?,KT텔레캅빌딩,서울빌딩,경희빌딩,테헤란빌딩,c
train_4543.jpg,train/train_4543.jpg,사진 속 나무판에 적힌 글귀는 무엇인가요?,친구들 자리...,여친들 자리...,가족들 자리...,남친들 자리...,d
train_4544.jpg,train/train_4544.jpg,이 식당의 영업시간 중 브레이크 타임은 언제인가요?,오전 11시부터 오후 3시까지,오전 9시 30분부터 오후 11시까지,오후 4시 30분부터 오후 9시 30분까지,오후 3시부터 오후 4시 30분까지,d
train_4545.jpg,train/train_4545.jpg,이 건물의 간판에 적힌 상호명은 무엇인가요?,남경옛날비양찌개,삼일로비양찌개,남경옛날순두부,삼일로옛날비양찌개,a
train_4546.jpg,train/train_4546.jpg,케이라인 스포츠 마사지에서 제공하지 않는 서비스는 무엇인가요?,두통,오십견,요통,근막이완,c
train_4547.jpg,train/train_4547.jpg,이 사진 속 빨간색 원형 표지판에 적힌 문구는 무엇인가요?,횡단보도,주정차금지,주차가능,속도제한,b
train_4548.jpg,train/train_4548.jpg,사진 속 제품 중에서 '3 PACK'이 표시된 과자는 무엇인가요?,빈치,쿠크다스,오리온,버터와플,b
train_4549.jpg,train/train_4549.jpg,이 책 제목은 무엇인가요?,엘코시마노 장편소설,애들 아빠만 아니면 넌 내 손에 죽었어,어쩌다 킬러,이번 한 번은 살려드립니다,d
train_4550.jpg,train/train_4550.jpg,이 비석에 새겨진 진도-해남 농촌용수 연결사업 기념비를 세운 날짜는 언제인가요?,2020년 3월 20일,2019년 5월 15일,2022년 4월 1일,2021년 7월 12일,c
train_4551.jpg,train/train_4551.jpg,갓샐러드 인동점에서 주차는 몇 시간까지 무료인가요?,3시간,2시간,1시간,4시간,b
train_4552.jpg,train/train_4552.jpg,사진 속 책꽂이에 보이는 책 제목 중 컴퓨터와 관련된 책은 무엇인가요?,동양 철학 개론,QUANTUM COMPUTING,현대 한국 문학선,기하학의 역사,b
train_4553.jpg,train/train_4553.jpg,이 키보드 제품 박스에 적힌 모델명은 무엇인가요?,FC750RET,FC750RT,FC850RET,FC750RBT,d
train_4554.jpg,train/train_4554.jpg,이 사진 속 표지판에 적힌 내용으로 옳은 것은 무엇인가요?,자동차 출입금지,자전거 출입금지,"오토바이, 킥보드 출입금지",보행자 출입금지,c
train_4555.jpg,train/train_4555.jpg,이 이미지에 보이는 쿠키 제품의 이름은 무엇인가요?,Chocolate Chip Cookies,Chip Cookies,Chocochip Cookies,Choco Cookies,c
train_4556.jpg,train/train_4556.jpg,이 장소의 이름은 무엇인가요?,Sunshine Plaza,Central Park,cabot circus,City Mall,c
train_4557.jpg,train/train_4557.jpg,2026 하계 창업역량강화 프로그램 'AI 기반 창업 창의력 Jump-Up' 프로그램의 교육 기간은 언제부터 언제까지인가요?,2026. 7. 1.(목) ~ 7. 25.(일),2026. 6. 1.(화) ~ 6. 30.(수),2026. 7. 27.(월) ~ 8. 20.(목),2026. 8. 1.(월) ~ 8. 31.(수),c
train_4558.jpg,train/train_4558.jpg,이 사진에 보이는 간판에 적힌 글자는 무엇인가요?,HOLLYS,COFFEE BEAN,TOUS LES JOURS,STARBUCKS,a
train_4559.jpg,train/train_4559.jpg,사진 속 농구 게임 화면에서 21등의 점수는 얼마인가요?,30점,173점,190점,1696점,c
train_4561.jpg,train/train_4561.jpg,식당 출입 시 손 소독에 대해 안내문에 적힌 내용은 무엇인가요?,손 소독제는 입에 닿지 않도록 주의해주세요,손 소독은 1시간마다 해주세요,손 소독은 식사 후에 해주세요,손 소독제는 눈에 닿지 않도록 주의하여 사용해주세요,d
train_4562.jpg,train/train_4562.jpg,사진 속 비상인터폰에 적힌 글귀는 무엇인가요?,안전벨,비상인터폰,도움요청,긴급전화,b
train_4563.jpg,train/train_4563.jpg,이 광고에서 '압구정 탑라인'이 보유하고 있다고 한 지방흡입 케이스는 몇 건 이상인가요?,4만 건 이상,5만 건 이상,2만 건 이상,3만 건 이상,a
train_4564.jpg,train/train_4564.jpg,사진 속 상점 간판에 적힌 편의점 이름은 무엇인가요?,GS25,7-Eleven,emart24,CU,c
train_4565.jpg,train/train_4565.jpg,이 이미지에서 'TODAY'S CHEF' 아래에 적힌 이름 중 세 번째 이름은 무엇인가요?,Sakihane Huya,Tenko Shibuki,Sakura Yuki,Hanako Nana,d
train_4566.jpg,train/train_4566.jpg,이 표지판은 어디로 안내하고 있나요?,출구,매장 입구,주차장,화장실,c
train_4567.jpg,train/train_4567.jpg,사진에 보이는 책 제목 중 '한국의 ___'에 들어갈 단어는 무엇인가요?,꽃,산,동물,나비,d
train_4568.jpg,train/train_4568.jpg,지하주차장 내에서 '705동'이 위치한 방향은 어디인가요?,오른쪽,뒤쪽,왼쪽,앞쪽,c
train_4569.jpg,train/train_4569.jpg,이 사진에서 'LOTTE Mart'와 'LOTTE OUTLETS'가 함께 안내한 품목이 아닌 것은 무엇인가요?,전자제품,의류잡화,홈퍼니싱,스포츠,a
train_4570.jpg,train/train_4570.jpg,이 사진 속 통에 붙어 있는 안내문에는 무엇을 어디에 두라고 적혀 있나요?,신발은 여기에 벗어주세요,우산은 여기에 꽂아주세요,쓰레기는 여기에 버려주세요,물건은 여기에 놓아주세요,b
train_4571.jpg,train/train_4571.jpg,이 간판들 중에서 '맛있어요!'라는 문구가 적혀 있는 음식은 무엇인가요?,불고기,박세희,김치찌개,음식과 술,c
train_4572.jpg,train/train_4572.jpg,사진 속 과자 이름은 무엇인가요?,초코파이,비츠,빼빼로,비쵸비,d
train_4574.jpg,train/train_4574.jpg,사진 속 푸른색 도로 표지판에 적힌 도로 이름은 무엇인가요?,성진여객,전주한옥마을,완산경찰서,전라감영로,d
train_4576.jpg,train/train_4576.jpg,이 이미지에 보이는 다이어리 커버에 적힌 문구 중 올바른 것은 무엇인가요?,SSAFYlog 행복한 하루,SSAFYlog 기록하는 하루,STANLEY 기록하는 하루,STANLEY 행복한 하루,b
train_4577.jpg,train/train_4577.jpg,이 건물 입구에 적힌 호텔 이름은 무엇인가요?,HARBORPARK,MOUNTAININN,OCEANVIEW,CITYHOTEL,a
train_4578.jpg,train/train_4578.jpg,이 음식점 간판에 적혀 있지 않은 메뉴는 무엇인가요?,된장전골,불고기,牛수육,옥된장,b
train_4579.jpg,train/train_4579.jpg,이 장소는 어떤 영화 시리즈의 스튜디오 투어를 홍보하고 있나요?,어벤져스,스타워즈,해리포터,반지의 제왕,c
train_4580.jpg,train/train_4580.jpg,사진 속 책 중 '에듀윌 취업 기출 금융경제 상식' 책의 표지에 적힌 문구는 무엇인가요?,최신 5개년 핵심 기출 키워드 기출문제 수록,2주 만에 완성하기,15일 완성 PLAN,출제유형모의고사,a
train_4581.jpg,train/train_4581.jpg,"이 도로 표지판에 따르면, 버스 전용 차로가 운영되는 시간은 언제인가요?","6:00~18:00, 9:00~21:00","7:00~19:00, 8:00~20:00","6:30~19:30, 7:30~20:30","7:00~20:00, 8:00~19:00",b
train_4582.jpg,train/train_4582.jpg,사진에 보이는 'Enaak' 과자의 맛은 무엇인가요?,치즈맛,매운맛,달콤한 맛,스모크드 바비큐,d
train_4583.jpg,train/train_4583.jpg,책 표지에 나온 작품의 제목은 무엇인가요?,봄,여름,겨울,가을,b
train_4584.jpg,train/train_4584.jpg,사진에 보이는 '기봉이 김밥' 가게의 전화번호는 무엇인가요?,1899-8758,826-2241,010-8480-6356,1577-8080,b
train_4585.jpg,train/train_4585.jpg,사진 속 담배갑에 적힌 금연 경고 문구는 무엇인가요?,담배는 중독성이 강합니다,남을 병들게 하는 길,흡연은 폐에 좋지 않습니다,건강을 지키는 첫걸음,b
train_4586.jpg,train/train_4586.jpg,사진 속 흰색 옷에 적힌 글자는 무엇인가요?,THAMES TAMES,THAMES TIDES,THAMES TIMES,THAMES TIMES SQUARE,c
train_4587.jpg,train/train_4587.jpg,이 도로 표지판에 따르면 '서울역' 방향으로 가려면 어느 도로 번호를 따라야 합니까?,31 퇴계로 방향,50 광화문 방향,60 시청 방향,21 서울역 방향,d
train_4588.jpg,train/train_4588.jpg,이 표지판에 적힌 글자는 무엇인가요?,진입금지,소방차전용,소화전,주차금지,c
train_4589.jpg,train/train_4589.jpg,이 장소에서 제공하는 무료 Wi-Fi의 비밀번호는 무엇인가요?,9cxd0ff753,KT_GIGA_1E2C,Free Wi-Fi,ECO FRIENDLY,a
train_4590.jpg,train/train_4590.jpg,협조문에 따르면 승강기 내에서 삼가야 할 행동은 무엇인가요?,큰 소리로 통화하는 행동,승강기 문을 손으로 막는 행동,음식을 먹거나 흡연하는 행동,"가래나 오줌, 애완동물의 배변 등으로 다른 주민에게 불쾌감을 주는 행동",d
train_4591.jpg,train/train_4591.jpg,이 가게의 간판에 적힌 상호명은 무엇인가요?,돌불순육,테라마사지,우진기사,태슬뚝두부,c
train_4592.jpg,train/train_4592.jpg,버스 승객 안전 규칙 중 잘못된 내용은 무엇인가요?,운행 중 자리 이동 안하기,차량이 승강장에 정확하게 미리 일어나지 않기,어르신 등 교통약자에게 자리 양보하기,차내에서 조용히 대화하고 휴대폰 사용 안하기,b
train_4593.jpg,train/train_4593.jpg,이 건물 3층에 위치한 센터의 이름은 무엇인가요?,부산임플란트센터,대동병원센터,부산틀니센터,동의의료원센터,c
train_4594.jpg,train/train_4594.jpg,이 사진에 보이는 간판에 적힌 상호명은 무엇인가요?,청림조경,서울조경,송림조경,한림조경,c
train_4595.jpg,train/train_4595.jpg,이 간판에서 제공하는 음식 종류는 무엇인가요?,피자 배달,김밥 분식,한식 뷔페,치킨 전문점,b
train_4598.jpg,train/train_4598.jpg,사진 속 서랍에 보이는 과자 봉지 중에 '초코파이'가 적힌 과자는 어떤 색 봉지일까요?,빨간색 봉지,초록색 봉지,노란색 봉지,파란색 봉지,a
train_4599.jpg,train/train_4599.jpg,사진에 보이는 모니터의 브랜드는 무엇인가요?,델,삼성,애플,LG,b
train_4600.jpg,train/train_4600.jpg,메뉴판에 따르면 '보리밥정식'의 가격은 얼마인가요?,"14,000","20,000","10,000","17,000",a
train_4601.jpg,train/train_4601.jpg,이 문구에서 '관계자외 출입금지'라는 의미는 무엇인가요?,누구나 자유롭게 출입할 수 있다,출입문을 항상 열어 두어야 한다,출입문 앞에 물건을 쌓아도 된다,허가받은 사람만 출입할 수 있다,d
train_4602.jpg,train/train_4602.jpg,사진 속 포켓몬 카드에 적혀 있는 포켓몬 이름은 무엇인가요?,피카츄,고오스,이브이,뮤츠,b
train_4603.jpg,train/train_4603.jpg,이 거리 입구에 설치된 간판에 적힌 영어 문구는 무엇인가요?,Takeshita Street,Enjoy shopping with Visa.,Hand Drip Hoshino Coffee,Welcome to Takeshita Street,b
train_4604.jpg,train/train_4604.jpg,이 버스정류장에서 1100번 버스가 도착하는 데 걸리는 예상 시간은 얼마인가요?,4분,18분,3분,27분,a
train_4605.jpg,train/train_4605.jpg,사진 속에 보이는 'Sh 수협은행'의 해양플라스틱 예금 이자율 중 가장 높은 것은 얼마인가요?,0.35%,3.26%,3.61%,2.50%,c
train_4606.jpg,train/train_4606.jpg,추석 선물세트 사전예약 기간은 언제부터 언제까지인가요?,2025.7.15(금) ~ 2025.8.31(일),2026.8.6(목) ~ 2026.9.16(수),2024.9.1(일) ~ 2024.10.10(목),2023.8.1(화) ~ 2023.9.30(토),b
train_4607.jpg,train/train_4607.jpg,사진 속에 보이는 붉은색 표지판에 적힌 문구는 무엇인가요?,주차 안내,주차 허용,주차 금지,주차 가능,c
train_4608.jpg,train/train_4608.jpg,이 가게에서 '아삭이' 고추의 가격은 얼마인가요?,"5,000원","2,000원","3,000원","1,000원",b
train_4609.jpg,train/train_4609.jpg,이 사진 속 간판에서 '비타민 노래방'은 어느 층에 위치해 있나요?,1층,2층,B1층,3층,c
train_4611.jpg,train/train_4611.jpg,이 가게 간판에 적힌 전화번호는 무엇인가요?,623-0251,010-9876-5432,123-4567,555-1212,a
train_4612.jpg,train/train_4612.jpg,이 이미지에 보이는 'SSAFY' 게시판에 안내된 주요 내용은 무엇인가요?,16기 7월 취업특강 안내,삼성전자 신입사원 모집 공고,AI 교육 일정 변경 공지,SW 교육 과정 등록 안내,a
train_4613.jpg,train/train_4613.jpg,사진 속 손팻말에 적힌 내용 중 옳은 것은 무엇인가요?,생일기념 인생 세 번째 직관,생일기념 인생 네 번째 직관,생일기념 인생 첫 직관,생일기념 인생 두 번째 직관,c
train_4614.jpg,train/train_4614.jpg,사진 속 빨간색 포장지에 적힌 과일 이름은 무엇인가요?,Banana,Apple,Grape,Strawberry,d
train_4615.jpg,train/train_4615.jpg,이미지 속 제품 중 'LACTO PORE LIFTING' 제품의 용량은 얼마인가요?,60 pads / 150 mL / 5.0 fl. oz.,55 pads / 160 mL / 5.5 fl. oz.,45 pads / 130 mL / 4.0 fl. oz.,50 pads / 140 mL / 4.73 fl. oz.,d
train_4616.jpg,train/train_4616.jpg,에스컬레이터 이용 시 지켜야 할 안전 수칙 중 올바른 내용은 무엇인가요?,안전선 밖에 서주세요,캐리어는 하행시 앞에 위치해주세요,걷거나 뛰세요,손잡이를 꼭 잡으세요,d
train_4617.jpg,train/train_4617.jpg,강아지 집에 붙어 있는 파란색 안내문에 적힌 강아지 이름은 무엇인가요?,초롱이,맹철이,행복이,바둑이,b
train_4618.jpg,train/train_4618.jpg,이 돌에 적힌 한글 문구는 무엇인가요?,과물온천탕,과물노천탕,과물목욕탕,과물노천장,b
train_4619.jpg,train/train_4619.jpg,이 무대 화면에 보이는 연극 제목은 무엇인가요?,FLEABAG,레 미제라블,오페라의 유령,HAMLET,a
train_4620.jpg,train/train_4620.jpg,이 이미지에 나온 현수막에 적힌 문구는 무엇인가요?,메이플스토리 이벤트 안내,행복한 하루를 보내세요!,귀엽지만 위험한 생명체가 잠입했다!,롯데월드 어드벤처에 오신 것을 환영합니다,c
train_4621.jpg,train/train_4621.jpg,이 아파트 주차장 입구에 적힌 아파트 이름은 무엇인가요?,삼경남아파트,경남역삼아파트,역삼동아파트,역삼경남아파트,d
train_4623.jpg,train/train_4623.jpg,사진 속 표지판에 적힌 '2D CAFE'는 몇 층에 있나요?,5층,4층,2층,3층,d
train_4624.jpg,train/train_4624.jpg,이 편의점 유리창에 적힌 문구 중 맞는 것은 무엇인가요?,저유가 지원금 사용 불가,저유가 지원금 사용 가능,고유가 지원금 사용 불가,고유가 지원금 사용 가능,d
train_4626.jpg,train/train_4626.jpg,이 표지판에 적힌 내용 중 옳은 것은 무엇인가요?,강아지를 만지지 말라.,안에 들어가도 괜찮다.,강아지가 친절하다.,안에 들어가도 강아지가 물지 않는다.,a
train_4627.jpg,train/train_4627.jpg,이 이미지에 적힌 스페인냉동대패삼겹살 1kg의 가격은 얼마인가요?,"15,000","19,800","22,980","17,980",d
train_4628.jpg,train/train_4628.jpg,이 상자에 적힌 제조국은 어디인가요?,한국,일본,중국,미국,c
train_4629.jpg,train/train_4629.jpg,이 책의 제목은 무엇인가요?,포뮬러 원 드라이버,F1 더 포뮬러,F1 레이싱 이야기,F1 세계 챔피언,b
train_4630.jpg,train/train_4630.jpg,이 사진에 보이는 간판의 이름은 무엇인가요?,MILLAC THE MARKET,MARKET MILLAC,MILLAC THE STORE,THE MILLAC STORE,a
train_4631.jpg,train/train_4631.jpg,에너지바 제품의 이름은 무엇인가요?,에너지바 무설탕,에너지바 저당,에너지바 일반,에너지바 고당,b
train_4632.jpg,train/train_4632.jpg,사진 속에서 '오징어채' 1봉지의 가격은 얼마인가요?,"8,000","5,000","6,000","4,500",b
train_4633.jpg,train/train_4633.jpg,"이 약 복용 안내서에 따르면, 하루에 몇 회 약을 복용해야 하나요?",3회,1회,2회,4회,a
train_4634.jpg,train/train_4634.jpg,이 가게의 이름은 무엇인가요?,김밥천사,김밥나라,김밥천국,김밥천왕,c
train_4635.jpg,train/train_4635.jpg,"사진에 보이는 표지판에 따르면, 한밭대학교 수련원은 어디에 있나요?",50m 방향으로 오른쪽,100m 방향으로 왼쪽,50m 방향으로 왼쪽,100m 방향으로 오른쪽,c
train_4636.jpg,train/train_4636.jpg,이 도로 표지판에 적힌 도로 이름은 무엇인가요?,녹산산업대로,해운대로,서부산로,동부산로,a
train_4637.jpg,train/train_4637.jpg,이 목욕탕의 이용 가능 시간은 언제인가요?,"15:00 - 24:00, 6:00 - 9:00","9:00 - 15:00, 24:00 - 6:00","10:00 - 22:00, 5:00 - 8:00","13:00 - 23:00, 7:00 - 10:00",a
train_4638.jpg,train/train_4638.jpg,이 버스의 앞쪽에 적혀 있는 한자는 무엇인가요?,대한민국관광,부산광역시,뉴釜山觀光,서울시민버스,c
train_4639.jpg,train/train_4639.jpg,이 에스컬레이터 옆에 붙어 있는 노란색 안내문에 적힌 내용으로 맞는 것은 무엇인가요?,음식물 반입 금지,큰 소리로 통화 금지,걷거나 뛰지 마세요,휴대폰 사용 금지,c
train_4640.jpg,train/train_4640.jpg,신세계 하이퍼그라운드가 언제 오픈할 예정인가요?,2025년 12월,2026년 9월,2023년 9월,2024년 6월,b
train_4641.jpg,train/train_4641.jpg,천장에 설치된 기기의 브랜드는 무엇인가요?,EPSON,SONY,LG,SAMSUNG,a
train_4642.jpg,train/train_4642.jpg,이곳에서 판매하는 연잎 아이스크림의 가격은 얼마인가요?,"5,000원","6,000원","3,000원","4,000원",d
train_4643.jpg,train/train_4643.jpg,사진 속 초코파이(Choco Pie) 제품의 가격은 얼마인가요?,"9,000원","24,000원","16,000원","21,000원",d
train_4644.jpg,train/train_4644.jpg,사진 속 간판에 적힌 '구미 가구몰'의 크기는 몇 평이라고 적혀 있나요?,1000평,500평,1500평,2000평,a
train_4645.jpg,train/train_4645.jpg,사진에 보이는 간판들 중 '법무법인 수안'이 위치한 층은 어디인가요?,10층,6층,8층,4층,b
train_4646.jpg,train/train_4646.jpg,이 도로 표지판에 적힌 문구는 무엇인가요?,차량 진입 금지,속도 제한 구역,횡단보도,보행자 전용,c
train_4647.jpg,train/train_4647.jpg,이 역에서 3번과 4번 승강장이 향하는 방향으로 올바른 것은 무엇인가요?,대전·대구 방면,순천·광주·목포 방면,인천·수원 방면,서울·부산 방면,b
train_4648.jpg,train/train_4648.jpg,사진에 보이는 간식 중 '홈런볼' 초코맛의 포장지 색깔은 무엇인가요?,빨간색,초록색,노란색,파란색,b
train_4650.jpg,train/train_4650.jpg,"이미지 바닥에 적힌 '금연구역' 표지판에 따르면, 금연구역의 범위는 어디까지인가요?",지하철역 출입구 10m 이내,공원 입구 5m,학교 정문 15m,버스 정류장까지 20m,a
train_4651.jpg,train/train_4651.jpg,이미지 속 텍스트에서 제안하는 바람직한 행동은 무엇인가요?,친구와 여행을 자주 가자,서로 선물한 좋은 단어들로 상대방을 채워주길 바란다,서로 자주 만나 영화를 보자,매일 운동을 하자,b
train_4652.jpg,train/train_4652.jpg,이 간판에서 '왕 당구장'이 있는 층은 어디인가요?,지하 1층,3층,2층,1층,c
train_4653.jpg,train/train_4653.jpg,이 가게 간판에 적힌 상호명은 무엇인가요?,생감자떡,강원도감자떡,마켓189호,대구상회,d
train_4654.jpg,train/train_4654.jpg,이 단백질바의 중량은 얼마인가요?,50g,12g,48g,3g,a
train_4655.jpg,train/train_4655.jpg,이 표지판에 적힌 내용은 무엇인가요?,회의실,출입금지,남자화장실,여자화장실,d
train_4656.jpg,train/train_4656.jpg,사진 속에 보이는 일본어 간판에 적힌 내용은 무엇인가요?,駐車場は?車です,駐車ご遠慮ください,駐車場出入口につき駐車ご遠慮願います,入口付近に駐車禁止,c
train_4657.jpg,train/train_4657.jpg,이 건물 2층에 위치한 전문점은 무엇인가요?,바이연,사진관,속눈썹연장 전문점 클레어#,GS25 편의점,c
train_4658.jpg,train/train_4658.jpg,방수용 기구함에 적힌 화재 시 소화전 사용 방법 중 첫 번째 단계는 무엇인가요?,벨브닫기,벨브열기,불 끄기,호스 빼내기,d
train_4659.jpg,train/train_4659.jpg,사진에 보이는 간판 중 '야키토리'라고 적힌 간판은 무엇을 의미하나요?,중국식 국수 전문점,이탈리아식 피자 전문점,일본식 꼬치구이 전문점,한국식 바비큐 전문점,c
train_4662.jpg,train/train_4662.jpg,이 전시 공간에서 '정약용의 도시'로 소개된 도시는 어디인가요?,남양주,대전,서울,부산,a
train_4664.jpg,train/train_4664.jpg,이 사진 속에서 '탁월한 물기제거 유리닦이'의 가격은 얼마인가요?,"\2,000","\1,000",\500,"\1,500",b
train_4665.jpg,train/train_4665.jpg,사진 속 상자들 중에 'TOKYO BANANA'라고 적힌 상자의 색상은 무엇인가요?,분홍색,초록색,노란색,파란색,c
train_4666.jpg,train/train_4666.jpg,이 주차 공간의 위치를 나타내는 안내판에 적힌 글자는 무엇인가요?,B3 4,C1 3,D4 2,A2 5,a
train_4667.jpg,train/train_4667.jpg,이 건물에 적힌 회사 이름은 무엇인가요?,TECHNIQUE Technologies Ltd,TECHNIQUE Solutions Ltd,TECHNIQUE Services Ltd,TECHNIQUE Industries Ltd,c
train_4670.jpg,train/train_4670.jpg,이 건물의 이름은 무엇인가요?,VISION CENTER,INSPIRE ARENA,HARMONY HALL,DREAM STADIUM,b
train_4671.jpg,train/train_4671.jpg,이 간판에 적힌 가게의 종류는 무엇인가요?,양식 카페,일식 레스토랑,한식 뷔페,중식 전문점,c
train_4672.jpg,train/train_4672.jpg,이 사진에서 볼 수 있는 거리 이름은 무엇인가요?,강남대로 15길,역삼로 10길,테헤란로 28길,삼성로 5길,c
train_4673.jpg,train/train_4673.jpg,꼬깔콘 과자 중에서 매운맛이 나는 맛은 무엇인가요?,매콤달콤 맛,메이플버터 맛,고소한 맛,군옥수수 맛,a
train_4674.jpg,train/train_4674.jpg,이미지 속 스위치 박스에 적힌 경고 문구는 무엇인가요?,조심,안전,위험,주의,c
train_4675.jpg,train/train_4675.jpg,이 우체통이 기네스 세계 기록에 등재된 이유는 무엇인가요?,가장 빠른 우체통이기 때문에,가장 오래된 우체통이기 때문에,가장 무거운 우체통이기 때문에,가장 큰 우체통이기 때문에,d
train_4676.jpg,train/train_4676.jpg,이 건물 3층에는 어떤 센터가 있나요?,고양이의료센터,동물내과/입원실,동물외과/수술센터,동물안과/치과센터,c
train_4677.jpg,train/train_4677.jpg,이 지하철역 출입구 표지판에 적힌 역 이름은 무엇인가요?,홍대입구,강남,이태원,을지로입구,c
train_4678.jpg,train/train_4678.jpg,"이 거리 표지판에서 '법원, 검찰청, 소방서, 군민운동장'으로 가려면 어느 방향으로 가야 하나요?",뒤로,오른쪽,왼쪽,직진,c
train_4679.jpg,train/train_4679.jpg,이 초콜릿 포장지에 적힌 맛의 특징은 무엇인가요?,SEA SALT가 첨가된 맛,프렌치 바닐라 맛,카라멜 맛,오렌지 향 맛,a
train_4680.jpg,train/train_4680.jpg,이 버스정류소에서 금연구역이 적용되는 범위는 어디까지인가요?,15미터 이내,20미터 이내,10미터 이내,5미터 이내,c
train_4681.jpg,train/train_4681.jpg,이 편의점 간판에 적힌 영어 문구는 무엇인가요?,Nice to 씨유,CU 편의점에 오신 것을 환영합니다,Hello CU Store,Welcome to CU,a
train_4683.jpg,train/train_4683.jpg,이 건물에 있는 '스터디카페'의 운영 시간은 어떻게 되어 있나요?,24시간 운영,오전 8시부터 오후 10시까지,오전 9시부터 오후 9시까지,오후 1시부터 자정까지,a
train_4686.jpg,train/train_4686.jpg,사진 속 LAN 케이블의 길이는 각각 얼마인가요?,각각 10m와 5m,각각 1m와 0.5m,각각 5m와 2m,각각 3m와 1m,c
train_4687.jpg,train/train_4687.jpg,이 건물의 외벽에 적힌 글자는 무엇인가요?,카리나 오피스텔,카리나 빌딩,카리나 호텔,카리나 아파트,a
train_4688.jpg,train/train_4688.jpg,이 건물 2층에 위치한 병원의 전문 과목은 무엇인가요?,내과·소아과,정형외과·신경외과,피부과·비뇨기과,치과·한의원,c
train_4689.jpg,train/train_4689.jpg,사진 속 간판에 적힌 '태진산업용재 백화점'의 전화번호는 무엇인가요?,952-7777,959-0000,951-5656,959-0989,d
train_4690.jpg,train/train_4690.jpg,이 두부 제품의 포장지에 적힌 원재료 함량은 얼마인가요?,80% 국산콩,100% 국산콩,30% 국산콩,50% 국산콩,b
train_4691.jpg,train/train_4691.jpg,이 피트니스 센터 신학기 개강 이벤트에서 12개월 이용권 가격은 얼마인가요?,"528,000원","5,500원","198,000원","330,000원",d
train_4692.jpg,train/train_4692.jpg,이 돌에 새겨진 큰 글자는 무엇인가요?,청계천,광장시장,남대문시장,화개장터,d
train_4693.jpg,train/train_4693.jpg,이 서점의 상호명은 무엇인가요?,창문사,컬렉션북스,디자인서점,외국서점,a
train_4694.jpg,train/train_4694.jpg,이 가게의 상호명은 무엇인가요?,건강미용,올영양행,뷰티살롱,헬씨뷰티,b
train_4695.jpg,train/train_4695.jpg,이 카페에서 제공하는 무료 WiFi의 비밀번호는 무엇인가요?,KT_GIGA_CD98,8feejfx160,FREE WiFi,A TWOSOME PLACE,b
train_4697.jpg,train/train_4697.jpg,사진 속 보습제 라벨에 적힌 숫자는 무엇인가요?,5102,1502,2025,1025,d
train_4698.jpg,train/train_4698.jpg,이 가게의 주요 판매 품목은 무엇인가요?,전자제품 수리,신발과 의류,음식 배달 서비스,휴대폰 케이스와 필름 부착,d
train_4699.jpg,train/train_4699.jpg,이 감자칩 봉지에 적힌 맛은 무엇인가요?,Barbecue Flavored,Seaweed Flavored,Sour Cream Flavored,Cheese Flavored,b
train_4700.jpg,train/train_4700.jpg,다음 중 '소담분식' 가게에서 판매하는 메뉴가 아닌 것은 무엇인가요?,튀김,김밥,떡볶이,라면,d
train_4701.jpg,train/train_4701.jpg,계단에 적힌 주의 문구는 무엇인가요?,신발끈을 묶으세요,손잡이를 잡으세요,천천히 걸으세요,계단조심하세요,d
train_4702.jpg,train/train_4702.jpg,이 운동기구에 적혀 있는 운동 방법 중 하나는 무엇인가요?,팔 굽혀 펴기,다리 높이 들기,허리 돌리기,등 어깨 펴기,d
train_4703.jpg,train/train_4703.jpg,이 매장에서 진행 중인 행사는 무엇인가요?,할인 판매 행사,새 상품 출시 행사,회원 전용 행사,무료 교환 행사,a
train_4704.jpg,train/train_4704.jpg,이 역에서 1호차부터 9호차까지 타는 곳은 어디인가요?,버스 타는 곳,택시 타는 곳,"KTX, SRT 타는 곳",지하철 타는 곳,c
train_4705.jpg,train/train_4705.jpg,이 야구장에 적혀 있는 구단 이름은 무엇인가요?,BUSAN BEARS,LOTTE GIANTS,SEOUL HEROES,DAEGU TIGERS,b
train_4706.jpg,train/train_4706.jpg,세탁기 사용 안내에 따르면 세탁 시작 전에 해야 할 일이 아닌 것은 무엇인가요?,세제를 넣어주세요,문을 닫고 시작 버튼을 눌러주세요,코스를 선택해주세요,빨래를 바로 가져가세요,d
train_4708.jpg,train/train_4708.jpg,이 장소에서 비둘기에게 먹이를 주는 것이 금지된 이유는 무엇인가요?,비둘기가 야생동물로서 본능을 회복하기 위해서,비둘기가 공원 미관을 해치기 때문에,비둘기가 사람에게 해를 끼치기 때문에,비둘기가 질병을 옮기기 때문에,a
train_4709.jpg,train/train_4709.jpg,이 사진에 나오는 역 이름은 무엇인가요?,광주역,서울역,부산역,대전역,d
train_4710.jpg,train/train_4710.jpg,식당의 조식 운영 시간은 언제부터 언제까지인가요?,07:00 - 08:00,06:50 - 07:50,05:50 - 06:50,08:00 - 09:00,b
train_4711.jpg,train/train_4711.jpg,이 식당의 영업시간은 언제입니까?,오전 11:00 ~ 오후 7:00,오전 10:30 ~ 오후 8:30,오전 10:00 ~ 오후 9:30,오전 9:00 ~ 오후 9:00,b
train_4712.jpg,train/train_4712.jpg,과자에 초록색으로 쓰여 있는 글자는 무엇인가요?,동제,동지,동주,동재,d
train_4713.jpg,train/train_4713.jpg,"이 이미지에 따르면, 기프트쿠폰 10매를 구매하면 어떤 혜택이 있나요?",커피 원두 할인,아메리카노 1잔 증정,아메리카노 2잔 증정,라떼 1잔 증정,b
train_4714.jpg,train/train_4714.jpg,이 가게 유리창에 적혀 있지 않은 문구는 무엇인가요?,모자,기념타올,좋은 사람들,양말,a
train_4716.jpg,train/train_4716.jpg,더:단백 딸기 드링크에 함유된 우유 단백질의 양은 얼마인가요?,25g,15g,20g,10g,c
train_4717.jpg,train/train_4717.jpg,이 카페의 이름은 무엇인가요?,bread & coffee,moulin's,bistro 24,cafe de paris,b
train_4718.jpg,train/train_4718.jpg,이 건물의 2층에 있는 가게는 무엇인가요?,식당,서점,미용실,카페,d
train_4719.jpg,train/train_4719.jpg,이 장소에서 제공하는 찜질의 종류는 무엇인가요?,쌀겨자연발효 효소찜질,한방 찜질,황토 찜질,소금 찜질,a
train_4720.jpg,train/train_4720.jpg,이 문구 중 '통제구역' 출입이 제한되는 대상은 누구인가요?,관계자 외,직원만,모든 사람,관리자만,a
train_4721.jpg,train/train_4721.jpg,커피베어 매장 앞에 붙어 있는 종이에 적힌 내용은 무엇인가요?,이천원 케이크,천원 빵,천원 커피,무료 시음,b
train_4722.jpg,train/train_4722.jpg,이 간판에 적힌 성형외과의 위치는 어디인가요?,신용타워 4층,신용타워 3층,신용타워 2층,신용타워 5층,a
train_4723.jpg,train/train_4723.jpg,복숭아맛 6입 파우치 곤약젤리의 가격은 얼마인가요?,6000원,4000원,3500원,2500원,c
train_4724.jpg,train/train_4724.jpg,이 이미지에 보이는 소스의 이름은 무엇인가요?,타르타르 소스,케첩 소스,마요네즈 소스,스위트 칠리 소스,a
train_4725.jpg,train/train_4725.jpg,이 사진에 보이는 '라인성형외과'는 몇 층에 위치해 있나요?,4층,1층,2층,3층,d
train_4726.jpg,train/train_4726.jpg,이 젤리의 맛은 무엇인가요?,포도향,복숭아향,사이다향,딸기향,c
train_4727.jpg,train/train_4727.jpg,이 컵라면의 이름은 무엇인가요?,양푼 김치 찌개 라면,매운 해물 라면,순한 된장 라면,불고기 맛 라면,a
train_4728.jpg,train/train_4728.jpg,이 상자의 제품은 무엇인가요?,상업용 전기튀김기,가정용 전기밥솥,가정용 믹서기,상업용 냉장고,a
train_4729.jpg,train/train_4729.jpg,이 사진 속 음식점 간판에 적혀 있는 주요 메뉴로 올바른 것은 무엇인가요?,클 노래방,문경약돌 생삼겹살,심야식당 하-로,입점 우치과,b
train_4730.jpg,train/train_4730.jpg,요거트 찹쌀떡을 구매한 후 바로 드셨을 때 느낄 수 있는 가장 좋은 점은 무엇인가요?,가장 좋은 식감과 풍미를 느낄 수 있다,냉동 보관하지 않아야 한다,상온에서 1시간 해동해 먹는 것이 좋다,더 깊은 맛을 느낄 수 있다,a
train_4731.jpg,train/train_4731.jpg,사진 속 피카츄 옆에 있는 간판에 적힌 문구는 무엇인가요?,피카츄와 함께해요!,피카츄 사랑해!,피카츄 넌 내꺼야!,피카츄를 찾아라!,c
train_4732.jpg,train/train_4732.jpg,이 매장에서는 환경 보호를 위해 어떤 물품을 제공할 수 없다고 안내하고 있나요?,재사용 가능한 컵,종이컵,1회용컵(플라스틱 컵),일회용 빨대,c
train_4733.jpg,train/train_4733.jpg,이 사진에서 볼 수 있는 태극기가 달린 도로명 표지판에 적힌 길 이름은 무엇인가요?,태평로 32길,테헤란로 28길,태평로 30길,테헤란로 29길,b
train_4735.jpg,train/train_4735.jpg,이 사진에서 샌드위치를 포장한 종이와 가게 간판에 공통으로 적혀 있는 글자는 무엇인가요?,All'Antico Vinaio,AlVantico Vinai,All'Antico Vinai,Al'Antico Vinario,a
train_4736.jpg,train/train_4736.jpg,이 사진에 보이는 간판의 상호명은 무엇인가요?,호정소,소정호,호소정,소호정,d
train_4737.jpg,train/train_4737.jpg,이 음식점에서 주문한 음식의 대기 번호로 올바른 것은 무엇인가요?,111,171,711,117,d
train_4738.jpg,train/train_4738.jpg,이 메뉴판에서 'Lagavulin' 싱글 몰트 위스키의 용량은 얼마인가요?,500 ml,750 ml,1 Glass,700 ml,d
train_4739.jpg,train/train_4739.jpg,이 건물 앞 안내판에 적혀 있지 않은 내용은 무엇인가요?,치과,리프팅,피부과,비만클리닉,a
train_4740.jpg,train/train_4740.jpg,이 주차장 요금 안내에 따르면 기본 30분 주차 요금은 얼마인가요?,500원,"10,000원","1,000원","15,000원",c
train_4741.jpg,train/train_4741.jpg,이 사진에 있는 노란색 교통 표지판에 적힌 제한 속도는 얼마인가요?,50,30,20,40,b
train_4742.jpg,train/train_4742.jpg,이 제품의 이름은 무엇인가요?,스테비아 토마토,방울 망고 맛토,망고 스테비아,대추방울 토마토,b
train_4744.jpg,train/train_4744.jpg,사진 속 음료수 병에 적힌 내용 중 맞는 것은 무엇인가요?,유자차이다,제로 칼로리 음료이다,블랙 보리차이다,브라운 슈거 밀크티이다,c
train_4746.jpg,train/train_4746.jpg,음료 캔에 적혀 있는 글자는 무엇인가요?,고향집 식혜,전통 식초,전통 식혜,고향집 식초,a
train_4749.jpg,train/train_4749.jpg,건물 1층 현관 비밀번호는 무엇인가요?,2007,1207,1008,1007,d
train_4750.jpg,train/train_4750.jpg,더블클립 20개들이 제품의 가격은 얼마인가요?,"\1,000","\3,000","\2,000",\500,a
train_4751.jpg,train/train_4751.jpg,이 장소에서 찾으려는 캐릭터의 이름은 무엇인가요?,핑크팬,핑크버,핑크비,핑크빈,d
train_4752.jpg,train/train_4752.jpg,이 자동차의 번호판에 적힌 번호는 무엇인가요?,282무 3032,282모 3023,282모 3032,283모 3032,c
train_4753.jpg,train/train_4753.jpg,이미지 속 커피 전문점이 언제 그랜드 오픈을 했나요?,10월 초,9월 초,8월 초,7월 초,d
train_4757.jpg,train/train_4757.jpg,이 건물의 간판에 적힌 글자는 무엇인가요?,예약전용,초대홀,식당 입구,남도예담,b
train_4758.jpg,train/train_4758.jpg,이 건물에 입점해 있는 음식점 중 랍스터와 스테이크를 제공하는 곳은 어디인가요?,CAFE Mignon,another kitchen,유니 스퀘어,광주 창업비 스타트업,b
train_4759.jpg,train/train_4759.jpg,"이 건물에 붙어 있는 'World Smart City Expo' 행사 포스터에 따르면, 행사는 언제 개최되나요?",2025년 7월 15일 ~ 17일,2022년 9월 5일 ~ 7일,2023년 8월 1일 ~ 3일,2024년 6월 10일 ~ 12일,a
train_4760.jpg,train/train_4760.jpg,이 마트의 영업 시간은 어떻게 되어 있나요?,오전 9시부터 오후 9시까지,오전 10시부터 오후 10시까지,오전 8시부터 오후 8시까지,24시간 영업,d
train_4761.jpg,train/train_4761.jpg,다음 중 '서보전력(주)' 간판에 적혀 있지 않은 내용은 무엇인가요?,계좌분리,누전공사,전기자동차 충전소,동력공사,c
train_4762.jpg,train/train_4762.jpg,국내선 출발 안내 표지판에 적힌 차량 최대 허용 무게는 얼마인가요?,20t,10t,25t,15t,a
train_4763.jpg,train/train_4763.jpg,이 돌에 적힌 글자는 무엇을 의미하나요?,지하철출구,택시승차장,버스정류장,도시철도입구,d
train_4764.jpg,train/train_4764.jpg,이 이미지 속 웨이팅 화면에 표시된 현재 웨이팅 팀 수와 예상 대기 시간은 무엇인가요?,"45팀, 53분","35팀, 45분","54팀, 53분","53팀, 54분",d
train_4766.jpg,train/train_4766.jpg,이 냉동 아이스크림 코너에서 '쭈쭈' 아이스크림의 가격은 얼마인가요?,"1,200원",900원,800원,"1,400원",c
train_4767.jpg,train/train_4767.jpg,카페의 점심시간은 언제부터 언제까지인가요?,09:00 ~ 10:00,12:00 ~ 13:00,08:10 ~ 16:00,10:40 ~ 11:40,d
train_4768.jpg,train/train_4768.jpg,이미지에 보이는 '스팸 마일드' 제품의 유통기한은 무엇인가요?,31.01.01,29.05.10,30.06.15,28.12.31,b
train_4770.jpg,train/train_4770.jpg,이 건물에 적혀 있는 큰 글씨는 무엇인가요?,샤인스튜디오,스쿨로스 플룻교실,예쁜어린이헤어센터,대방교회,d
train_4771.jpg,train/train_4771.jpg,"이 비상 대피 안내문에 따르면, 화재 시 대피 방법으로 올바른 행동은 무엇인가요?",불이야 하고 크게 외친다,연기 속에서 최대한 머문다,119에 신고하지 않는다,엘리베이터를 타고 빨리 대피한다,a
train_4773.jpg,train/train_4773.jpg,이 안내판에 적힌 내용은 무엇인가요?,WELCOME 3rd BIRTHDAY,WELCOME 2nd ANNIVERSARY,WELCOME 1st BIRTHDAY,WELCOME 1st ANNIVERSARY,c
train_4774.jpg,train/train_4774.jpg,이 게시판에 적힌 커피 메뉴 이름은 무엇인가요?,EXPLORER BLEND,VOYAGE BLEND,DISCOVERY BLEND,JOURNEY BLEND,b
train_4777.jpg,train/train_4777.jpg,사진 속 'NO SMOKING' 표지판에 적힌 내용 중 올바른 것은 무엇인가요?,흡연 시 경고 없음,흡연 구역 지정,흡연은 허용됨,흡연 절대 금지,d
train_4778.jpg,train/train_4778.jpg,이 간판에 적힌 문구는 무엇인가요?,김광석 거리 축제,김광석 기념관,김광석 음악 공연장,김광석 다시그리기 길,d
train_4779.jpg,train/train_4779.jpg,이 건물에 입점한 브랜드 이름은 무엇인가요?,ZARA,GIORDANO,UNIQLO,H&M,b
train_4780.jpg,train/train_4780.jpg,사진 속 '고리형 칫솔케이스'의 가격은 얼마인가요?,"\5,000","\1,000","\3,000","\2,000",b
train_4782.jpg,train/train_4782.jpg,이 CD 매장 코너에서 주로 취급하는 음악 장르는 무엇인가요?,록,재즈,K-POP,J-POP,d
train_4783.jpg,train/train_4783.jpg,"이 도로 표지판에 따르면, '언주로'는 앞으로 몇 미터 지점에 있나요?",100m,300m,200m,400m,b
train_4784.jpg,train/train_4784.jpg,사진 속 노란색 교통 표지판에 적힌 제한 속도는 무엇인가요?,30,40,50,20,d
train_4785.jpg,train/train_4785.jpg,착한커피의 가격이 아닌 것은 무엇인가요?,"1,990원",990원,"3,500원","2,990원",c
train_4788.jpg,train/train_4788.jpg,사진 속 부동산 간판에 적힌 대표자의 이름은 무엇인가요?,박민수,김철수,이수진,손재용,d
train_4789.jpg,train/train_4789.jpg,이 공사장 안전 울타리에 적힌 문구는 무엇인가요?,출입 금지,공사 중 주의,안전 제일,작업 중,c
train_4790.jpg,train/train_4790.jpg,가게의 영업 시작 시간은 언제인가요?,PM 12:00,AM 10:00,AM 9:00,AM 11:00,d
train_4791.jpg,train/train_4791.jpg,"이 카페의 간판에 적힌 문구 중, 제공하는 서비스에 포함되지 않은 것은 무엇인가요?",COFFEE,BRUNCH,COCKTAILS,TEA,d
train_4792.jpg,train/train_4792.jpg,무플론에 대한 설명 중 옳은 것은 무엇인가요?,먹이는 주로 고기이다.,수컷의 뿔은 암컷의 뿔에 비해 매우 작다.,야생 양 중에서 가장 큰 종이다.,"수컷의 뿔은 크고, 암컷의 뿔은 이에 비해 매우 작다.",d
train_4793.jpg,train/train_4793.jpg,왼쪽 제품 포장지에 적힌 가격은 얼마인가요?,"\3,000","\5,000","\4,000","\2,500",a
train_4794.jpg,train/train_4794.jpg,2026 유성재즈 & 맥주페스타 행사는 언제 열리나요?,8월 28일 금요일부터 8월 30일 일요일까지,10월 5일 목요일부터 10월 7일 토요일까지,9월 1일 수요일부터 9월 3일 금요일까지,7월 15일 토요일부터 7월 17일 월요일까지,a
train_4795.jpg,train/train_4795.jpg,이미지에 나오는 'Codex' 설명 중 맞는 내용은 무엇인가요?,Three-to-four-file reasoning chains,Dependencies pulled through several files,A lot of protocol-oriented code,Flat package structure,d
train_4796.jpg,train/train_4796.jpg,이 사진 속 가게의 이름은 무엇인가요?,banapressoo,banapresso,banapress,banpress,b
train_4797.jpg,train/train_4797.jpg,화이트보드에 적힌 맛 투표 항목 중 2번은 무엇인가요?,복숭아,샤머,레몬,자몽,c
train_4798.jpg,train/train_4798.jpg,이 사진에서 보이는 간판의 이름은 무엇인가요?,ROUTE 1,Speed Zone,Highway Garage,Moto Park,a
train_4799.jpg,train/train_4799.jpg,SSAFY가 삼성전자의 어떤 사회공헌 프로그램인가요?,의료 지원 프로그램,환경 보호 캠페인,문화 예술 지원 사업,소프트웨어 교육 및 취업 지원 프로그램,d
train_4800.jpg,train/train_4800.jpg,이 건물에서 '태미안 피부과 비만'은 어느 층에 위치해 있나요?,7층,4층,8층,3층,a
train_4803.jpg,train/train_4803.jpg,Horner Pub 간판에 적힌 문구 중에서 맥주를 어떻게 제공한다고 했나요?,시원한 얼음처럼 차갑게,상큼한 레몬맛으로 제공합니다,뜨거운 온도로 제공합니다,당신의 전 여자친구 마음처럼 차갑게,d
train_4804.jpg,train/train_4804.jpg,사진에 보이는 큰 검은색 간판에 적힌 글자는 무엇인가요?,BRAVE,アソシエ,AUGUST BLDG,食道園,d
train_4806.jpg,train/train_4806.jpg,이 건물 정면 상단에 적힌 라틴어 문구는 무엇입니까?,M·AGRIPPA·L·F·COS·TERTIVM·FECIT,Carpe·Diem,Veni·Vidi·Vici,Alea·Iacta·Est,a
train_4807.jpg,train/train_4807.jpg,이 식당의 오늘 메뉴로 적혀 있지 않은 것은 무엇인가요?,제육볶음,오늘메뉴!,간장제육,김치찌개,d
train_4808.jpg,train/train_4808.jpg,이 영화 상영 화면에 적힌 문구 중 올바른 것은 무엇인가요?,개봉주 무대인사람,개봉주 무대인산,개봉주 무대인사자,개봉주 무대인사,d
train_4809.jpg,train/train_4809.jpg,사진 속 의자에 적혀 있는 글자는 무엇인가요?,SPRITE,PEPSI,FANTA,COKE,b
train_4810.jpg,train/train_4810.jpg,사진 속 쇼핑백과 선물백의 가격은 각각 얼마인가요?,"쇼핑백 1000원, 선물백 500원","쇼핑백 700원, 선물백 1500원","쇼핑백 1500원, 선물백 700원","쇼핑백 500원, 선물백 1000원",a
train_4811.jpg,train/train_4811.jpg,이 카페에서 제공하는 와이파이 비밀번호는 무엇인가요?,cafe123123,Bonaparte_123,cafe_5G,Bonaparte_5G,a
train_4812.jpg,train/train_4812.jpg,사진 속 광고판에서 안내하는 평형(넓이)은 얼마인가요?,25평형,15평형,20평형,30평형,a
train_4813.jpg,train/train_4813.jpg,오른쪽 액자에 적힌 연도는 무엇인가요?,2025.10,2022.10,2023.10,2024.10,a
train_4814.jpg,train/train_4814.jpg,사진 속 안내문에서 퇴실 시에 확인하라고 하는 것은 무엇인가요?,쓰레기통 비우기,컴퓨터 전원 끄기,책상과 의자 정리,냉난방기와 전등 전원,d
train_4816.jpg,train/train_4816.jpg,위고비 다이어트 치료제의 초기 용량은 얼마인가요?,1.0 mg,1.7 mg,0.25 mg,0.5 mg,c
train_4818.jpg,train/train_4818.jpg,사진 속 책장에 주로 진열된 책들의 주제는 무엇인가요?,요리 레시피 책,NCS 자격증 준비서,한국 문학 소설,어린이 동화책,b
train_4819.jpg,train/train_4819.jpg,사진 속 공인중개사사무소의 전화번호는 무엇인가요?,033-737-1238,033-633-7808,637-7676,033-633-7800,d
train_4820.jpg,train/train_4820.jpg,이 초코우유에 사용된 원유의 등급은 무엇인가요?,3등급 원유,2등급 원유,무등급 원유,1등급 원유,d
train_4822.jpg,train/train_4822.jpg,사진 속 책의 제목은 무엇인가요?,오늘도 화이팅,함께할수록 즐거운,행복한 하루,어떻게 맨날 잘해요,d
train_4823.jpg,train/train_4823.jpg,난홍카페에서 기본세트(음료 1개 선택) 가격은 얼마인가요?,"10,000원","5,000원","12,000원","7,000원",d
train_4824.jpg,train/train_4824.jpg,이 제품의 단백질 함량은 얼마인가요?,15g,20g,10g,25g,b
train_4825.jpg,train/train_4825.jpg,사진 속 소주병 라벨에 적힌 도수는 얼마인가요?,35%,19.5%,21%,25%,d
train_4827.jpg,train/train_4827.jpg,이 건물에 적힌 글씨는 무엇인가요?,국산업단지공단 대구지역본부,한국산업단지공단 서울지역본부,한국산업단지공단 부산지역본부,국산업단지공단 부산지역본부,c
train_4828.jpg,train/train_4828.jpg,이 광고에서 소개하는 음식은 무엇입니까?,중국식 볶음밥,한국식 튀긴 치킨,일본식 초밥,이탈리아 피자,b
train_4829.jpg,train/train_4829.jpg,이 차량 뒷면에 붙어 있는 문구 중에서 영어 문장은 무엇인가요?,주 예수를 믿으라,Jesus loves you,85고 7553,그리하면 너와 네집이 구원을 얻으리라,b
train_4830.jpg,train/train_4830.jpg,이 간판에 적힌 음식점의 이름은 무엇인가요?,서울 손 국수,고향 손 칼국수,대전 칼국수,고향 집 밥,b
train_4831.jpg,train/train_4831.jpg,사진 속 초콜릿 포장지에 적힌 브랜드 이름은 무엇인가요?,SNICKERS,TWIX,HERSHEY'S,M&M'S,c
train_4832.jpg,train/train_4832.jpg,사진 속 자동 사진 촬영 부스에서 사진 한 장의 가격은 얼마인가요?,10 유로,3 유로,1 유로,5 유로,b
train_4833.jpg,train/train_4833.jpg,이 사진에 있는 도로변 표지판에 적힌 내용은 무엇인가요?,주차금지 견인지역,속도 제한 30km,횡단보도 주의,주차허용 구역,a
train_4835.jpg,train/train_4835.jpg,이 식당 벽에 붙어 있는 미쉐린 가이드 표지 중에서 가장 최근 연도는 무엇인가요?,2025,2019,2023,2022,a
train_4836.jpg,train/train_4836.jpg,이 가게의 휴무일은 언제인가요?,매주 금요일,매주 토요일,매주 월요일,매주 일요일,a
train_4837.jpg,train/train_4837.jpg,삼성청년SW·AI아카데미 SSAFY 15기 모집 기간은 언제부터 언제까지인가요?,10월 15일(토)부터 11월 15일(화)까지,11월 1일(수)부터 11월 30일(목)까지,10월 1일(금)부터 10월 31일(일)까지,10월 27일(월)부터 11월 10일(월)까지,d
train_4839.jpg,train/train_4839.jpg,이 건물에 입주해 있는 병원이나 의료기관 중에 보이는 치과 이름은 무엇인가요?,동아간호병원,정형외과,통증의학과,한솔치과,d
train_4840.jpg,train/train_4840.jpg,2026 카페디저트페어의 5월 차기행사 장소는 어디인가요?,songdo convensia,Coex Magok,KINTEX,COEX Mall,b
train_4841.jpg,train/train_4841.jpg,이 매장의 이름은 무엇인가요?,little ground,"everyday, little",FENDI,PLATE,a
train_4842.jpg,train/train_4842.jpg,이미지에 보이는 인센스 스틱 패키지 중에서 'LEMON GRASS' 향의 인센스는 어떤 색상 박스에 담겨 있나요?,연두색 박스,하얀색 박스,노란색 박스,회색 박스,a
train_4844.jpg,train/train_4844.jpg,프라임 베이커리에서 사용하는 발효종은 어떤 특징이 있나요?,첨가물을 많이 넣어 발효를 촉진한다,고온에서 빠르게 숙성한 인공발효종을 사용한다,발효종을 전혀 사용하지 않는다,첨가물을 사용하지 않고 저온에서 숙성한 천연발효종을 사용한다,d
train_4845.jpg,train/train_4845.jpg,이 사진 속 간판에 적힌 문구는 무엇인가요?,everyday emart,마트 everyday,emart everyday,market every,c
train_4847.jpg,train/train_4847.jpg,이 건물 3층에 위치한 병원은 어떤 진료과목을 전문으로 하나요?,치과의원,정형외과의원,내과의원,소아과의원,b
train_4848.jpg,train/train_4848.jpg,사진 속 'CLIO' 브랜드의 파운데이션 이름은 무엇인가요?,NEW MATTE FOUNDATION,PRO TAILOR FOUNDATION,NEW GLOW FOUNDATION,PERFECTING LAST FOUNDATION,a
train_4849.jpg,train/train_4849.jpg,이 건물의 이름은 무엇입니까?,경희빌딩,ADT,테헤란빌딩,케이티텔레캅,a
train_4850.jpg,train/train_4850.jpg,"ANS 베이커리 허니코코의 영양 정보에 따르면, 65g당 몇 칼로리인가요?",250 kcal,314 kcal,180 kcal,400 kcal,b
train_4852.jpg,train/train_4852.jpg,이 사진 속 표지판에 적힌 도로 이름은 무엇인가요?,삼성로,강남대로,코엑스로,테헤란로 38길,d
train_4853.jpg,train/train_4853.jpg,이 거리에서 볼 수 있는 상호명은 무엇인가요?,Green Bakery,Book Store,Cafe Latte,photo ive,d
train_4856.jpg,train/train_4856.jpg,이 건물에 설치된 CCTV의 촬영 시간은 언제인가요?,오전 9시부터 오후 6시까지,촬영 시간이 명시되어 있지 않음,오후 6시부터 오전 9시까지,24시간 연속 촬영 및 녹화,d
train_4857.jpg,train/train_4857.jpg,이 건물 2층에 위치한 음식점은 어떤 종류의 음식을 주로 제공하나요?,일식,피자,중식,조개구이,d
train_4858.jpg,train/train_4858.jpg,서울우유 제품 중 가격이 가장 낮은 것은 무엇인가요?,커피,딸기,나 100%,초콜릿,a
train_4859.jpg,train/train_4859.jpg,OOZY COFFEE 매장 입구에 적힌 할인 이벤트 내용은 무엇인가요?,모든 음료 20% 할인,건대&세종대생 직원의 이벤트 10% 할인,주말 한정 15% 할인,첫 방문 고객 무료 음료 제공,b
train_4860.jpg,train/train_4860.jpg,이 이미지에서 체감 온도를 낮추는 여름 필수 쿨링템을 직접 체험할 수 있는 팝업의 온도는 몇 도인가요?,3°C,5°C,1°C,7°C,a
train_4861.jpg,train/train_4861.jpg,사진 속 음식점 간판에 적힌 음식 이름은 무엇인가요?,영재사고력학원,초중고 수학 전문,곱배기 냉면,감성 피아노,c
train_4862.jpg,train/train_4862.jpg,2026년 우리가 바라는 안전한 학교 공모전의 접수 기간은 언제부터 언제까지인가요?,2026. 8. 1.(토) ~ 10. 15.(목),2026. 7. 15.(수) ~ 9. 30.(금),2026. 7. 1.(수) ~ 9. 11.(금),2026. 6. 1.(월) ~ 8. 31.(월),c
train_4863.jpg,train/train_4863.jpg,이 디지털 카메라 화면에 보이는 '날짜/시간 설정' 메뉴에서 설정할 수 없는 항목은 무엇인가요?,초,시간,년/월/일,분,a
train_4866.jpg,train/train_4866.jpg,다음 중 이미지 속에서 볼 수 있는 과자 이름이 아닌 것은 무엇인가요?,고구마깡,초코빵,감자칩,새우깡,c
train_4867.jpg,train/train_4867.jpg,사진 속 가게에서 6개 세트를 구매하면 가격은 얼마인가요?,"3,500엔","4,000엔","2,500엔","2,900엔",d
train_4869.jpg,train/train_4869.jpg,이 사진에 보이는 식당 이름은 무엇인가요?,베이커리 카페,샐러드바 샤브마니아,한식당 맛있는 집,카페 드림,b
train_4870.jpg,train/train_4870.jpg,'플레인 크로찌' 홍보 문구 중 옳은 것은 무엇인가요?,"SNS 누적 조회수 1,000만!",우리 쌀 100% 사용!,슈가 PICK!!,한 손 가득 찬다!,c
train_4874.jpg,train/train_4874.jpg,이 건물 4층에 있는 병원 이름은 무엇인가요?,담덕치과,동광솔밥,서울S치과,정형외과,c
train_4876.jpg,train/train_4876.jpg,이 사진에 보이는 지하철 출입구 번호는 무엇인가요?,7,5,9,3,b
train_4877.jpg,train/train_4877.jpg,메뉴판에 따르면 '코코넛 커피 스무디'의 가격은 얼마인가요?,3.5,4.0,4.8,3.9,c
train_4878.jpg,train/train_4878.jpg,오대양수산에서 환영하는 결제 수단으로 올바른 것은 무엇인가요?,현금만 가능,온라인 결제만 가능,"온누리 상품권, 전자카드, 각종 카드",카드 결제 불가,c
train_4879.jpg,train/train_4879.jpg,사진에 보이는 커피 컵에 적힌 커피 브랜드 이름은 무엇인가요?,DUNKIN' DONUTS,BALZACS COFFEE ROASTERS,BLUE BOTTLE COFFEE,STARBUCKS COFFEE,b
train_4880.jpg,train/train_4880.jpg,이 마우스 패드에 적힌 문구 중 올바른 문장은 무엇인가요?,Let's Grow Together!,Let's Grow Alone!,Let's Grow Fast!,Let's Grow Strong!,a
train_4881.jpg,train/train_4881.jpg,문에 붙어 있는 주의문구가 무엇을 경고하고 있나요?,문 손잡이 주의!,문 열림 주의!,문 닫힘 주의!,문 잠금 주의!,b
train_4882.jpg,train/train_4882.jpg,사진 속 간판에 적힌 메뉴가 아닌 것은 무엇인가요?,하모회,생고기낙지탕탕이,병어회,참치회,d
train_4883.jpg,train/train_4883.jpg,이 건물에 입주해 있는 네일샵의 이름은 무엇인가요?,HAPPYNIAN,강서플라밍센터,에일린네일,봄빛정신과,c
train_4884.jpg,train/train_4884.jpg,이 판매점에서 판매하는 해산물은 무엇인가요?,건어물 세트,조미 김자반,건조 다시마,해안 참 멸치,d
train_4885.jpg,train/train_4885.jpg,사진에 보이는 대학교의 이름은 무엇인가요?,고려대학교,국민대학교,한양대학교,연세대학교,b
train_4886.jpg,train/train_4886.jpg,이 건물에 있는 식당 '싸고 맛있는 대패'에서 메뉴로 제공하지 않는 것은 무엇인가요?,불고기,대패삼겹살,제육덮밥,냉동삼겹살,a
train_4887.jpg,train/train_4887.jpg,소화전 사용 방법 중 첫 번째 단계는 무엇인가요?,불 끄기,호스 빼내기,밸브 닫기,밸브 열기,b
train_4888.jpg,train/train_4888.jpg,스크린에 나온 LED.ART 서비스가 제공하는 주요 기능은 무엇인가요?,실시간 뉴스와 날씨 정보를 제공하는 서비스,"오피스, 쇼핑몰, 라운지 등의 공간을 감각적인 영상으로 바꿔주는 서비스",영화관 내 좌석 예약과 결제 시스템,영화 상영 전 광고를 자동으로 삽입해 주는 서비스,b
train_4890.jpg,train/train_4890.jpg,이미지에 나온 '초당옥수수볼'의 가격은 얼마인가요?,"1,900원","6,000원","3,400원","3,900원",c
train_4891.jpg,train/train_4891.jpg,왼쪽 그림에서 곰이 들고 있는 케이크 위에는 어떤 것이 놓여 있나요?,초,초콜릿,사과,딸기,a
train_4892.jpg,train/train_4892.jpg,이 장소에서 와이파이 비밀번호는 무엇인가요?,00000555,Wi-Fi,seraneye,주차권 지참 후,a
train_4893.jpg,train/train_4893.jpg,이 사진에 보이는 간판의 상호명은 무엇인가요?,UNIQLO,H&M,GUCCI,ZARA,a
train_4894.jpg,train/train_4894.jpg,사진 속 앨범 중 'Delight' 앨범의 가격은 얼마인가요?,30000원,15000원,25000원,20000원,d
train_4895.jpg,train/train_4895.jpg,이 가방에 달려 있는 리본에 적힌 글자는 무엇인가요?,MANDARINO,MANDARINAS,MANDARINA,MANDARIN,c
train_4896.jpg,train/train_4896.jpg,사진 속 'Salady' 간판 아래에 적힌 전화번호는 무엇인가요?,T.822.7999,T.828.7299,T.822.7290,T.822.7299,d
train_4897.jpg,train/train_4897.jpg,이 건물에 있는 한의원의 전화번호는 무엇인가요?,(010) 5555-5555,(02) 123-4567,(031) 987-6543,(02) 465-1075,d
train_4900.jpg,train/train_4900.jpg,다음 중 이미지에 보이는 '콕콕초코' 제품의 특징으로 맞는 것은 무엇인가요?,데코펜으로 콕콕 만들어 먹는 초코,키보드 모양의 초콜릿,버터 마늘 맛 프레첼,바삭한 식감의 감자칩,a
train_4901.jpg,train/train_4901.jpg,'나눔문화 확산 프로젝트' 포스터에 소개된 기부 시스템은 무엇인가요?,희망 나눔 센터,나눔 키오스크,사랑의 열매 나눔 벽,사랑의 기부함,b
train_4902.jpg,train/train_4902.jpg,이 보드게임의 제목은 무엇인가요?,Tools 게임,손병호 게임,천사 카드 게임,주루 마블,d
train_4905.jpg,train/train_4905.jpg,이 사진 속 간판에 적힌 장소의 이름은 무엇인가요?,부산시립미술관,영화의 전당,해운대 해수욕장,부산역,b
train_4906.jpg,train/train_4906.jpg,"이 버스정류장에 붙어있는 안내문에 따르면, 6000번 노선의 운행 상태는 어떻게 되었나요?",노선이 완전히 폐지되었다,운행 시간이 연장되었다,임시운행중단 되었다,정상적으로 운행 중이다,c
train_4907.jpg,train/train_4907.jpg,이 진열대에서 베이킹파우더의 가격은 얼마인가요?,500원,740원,650원,300원,c
train_4908.jpg,train/train_4908.jpg,LLM Correction Engine에서 'Action 02'는 무엇을 의미합니까?,삭제(DELETE),재작성(REPLACE),검증(VERIFY),향상(ENHANCE),d
train_4909.jpg,train/train_4909.jpg,이 가게 간판에 적힌 상호명은 무엇인가요?,Ondit,Ondet,Ondat,Onlit,a
train_4910.jpg,train/train_4910.jpg,사진 속 간판에서 전화번호 464-0001~2가 적힌 업체는 무엇인가요?,치과의원,삼성레미안,삼성세탁,용인대삼성태권도장,b
train_4911.jpg,train/train_4911.jpg,이미지에 있는 파란색 열쇠고리에 적혀 있는 글자는 무엇인가요?,행복,사랑,행운,용기,d
train_4912.jpg,train/train_4912.jpg,이 이미지에 나온 닭가슴살 제품의 브랜드 이름은 무엇인가요?,햇반,사조안심,샐러드마일드,결명자,b
train_4913.jpg,train/train_4913.jpg,사진 속 표지판에 적힌 문구는 무엇인가요?,희망의 시작 첫땅!,새로운 도전의 땅,행복의 출발점,꿈을 이루는 곳,a
train_4914.jpg,train/train_4914.jpg,"복날에 장어를 먹으러 이 식당에 간다면, 장어 1인분 가격은 얼마인가요?","25,000원","16,000원","13,000원","20,000원",a
train_4915.jpg,train/train_4915.jpg,이 도로 표지판에 적힌 내용 중 맞는 것은 무엇인가요?,속도 제한 30,양보 YIELD,주차 금지,멈춤 STOP,b
train_4917.jpg,train/train_4917.jpg,이 가게 벽에 붙어 있는 안내문에서 '착한가게'가 실천하는 나눔의 대상은 누구인가요?,어린이,장애인,노숙자,독거어르신,d
train_4918.jpg,train/train_4918.jpg,이 책 제목 '냉장의 세계'에 대한 설명으로 맞는 것은 무엇인가요?,냉장고 사용법과 유지 관리에 관한 안내서,"인류의 식탁, 문화, 건강을 지배해온 차가움의 변천사",냉장고 제조 회사의 연혁과 제품 소개,냉장고 수리와 관련된 기술 매뉴얼,b
train_4919.jpg,train/train_4919.jpg,지하철 화면에 표시된 목적지는 어디인가요?,서울역행,강남행,용산행,인천행,c
train_4920.jpg,train/train_4920.jpg,사진에 보이는 'BEST' 섹션에 해당하는 보드게임의 이름은 무엇인가요?,맘마미아,버거슬램,보난자,달무티,d
train_4922.jpg,train/train_4922.jpg,경희영춘한의원이 위치한 층은 몇 층인가요?,1층,3층,2층,4층,b
train_4923.jpg,train/train_4923.jpg,이 사진 속 '똥 눌 때 보는 신문'의 누적판매 부수는 얼마인가요?,30만부,20만부,40만부,10만부,b
train_4924.jpg,train/train_4924.jpg,'메가트루 파워' 비타민이 효과를 주는 증상으로 옳지 않은 것은 무엇인가요?,구내염,신경통,피로회복,고혈압,d
train_4925.jpg,train/train_4925.jpg,이 음료수의 이름은 무엇인가요?,딸기 우유,바닐라 라떼,초코 우유,가나디 바나나우유,d
train_4926.jpg,train/train_4926.jpg,이 제품의 주요 기능 중 하나는 무엇인가요?,타이어 공기압 측정,차량 배터리 충전,초미세먼지 제거,자동차 엔진 오일 교환,c
train_4927.jpg,train/train_4927.jpg,이 매장의 1번 구역에는 어떤 종류의 식품이 진열되어 있나요?,유제품류,커피 차류,과자류,간장 고추장류,d
train_4928.jpg,train/train_4928.jpg,이미지에 보이는 액체세제 'Act'z' 제품의 용량은 얼마인가요?,1.5L + 1.5L,4.5kg,3.0L + 500mL,2.7L,c
train_4929.jpg,train/train_4929.jpg,이 사진에서 '소화기 사용방법' 안내문에 적힌 첫 번째 단계는 무엇인가요?,용기의 핀을 뽑는다,호스를 불쪽으로 향한다,손잡이를 꼭 잡는다,손잡이를 누른다,a
train_4931.jpg,train/train_4931.jpg,이 이미지 속 전시장에 전시된 차량 브랜드는 무엇인가요?,Mercedes-Benz,BMW,Audi,Tesla,d
train_4932.jpg,train/train_4932.jpg,이 지하철역 표지판에 적힌 역 이름은 무엇인가요?,신도림,영등포,구로,대림,a
train_4934.jpg,train/train_4934.jpg,베트남 쌀국수 간판에 적힌 문구 중 올바른 내용은 무엇인가요?,"베트남 쌀국수, 매운 국물 맛!","베트남 쌀국수, 따뜻하고 깊은 국물 맛!","베트남 쌀국수, 차가운 국물 맛!","베트남 쌀국수, 달콤한 국물 맛!",b
train_4935.jpg,train/train_4935.jpg,이 식당의 이름은 무엇인가요?,일품 한식당,양평 해장국집,일품 양평 해장국,명품 양평 해장국,c
train_4936.jpg,train/train_4936.jpg,이미지 속 나주배 한 상자의 할인된 가격은 얼마인가요?,"79,900원","69,900원","59,900원","49,900원",c
train_4937.jpg,train/train_4937.jpg,이 입구 아치형 간판에 적혀 있는 문구 중 올바른 것은 무엇인가요?,Sweet Winter,Happy Holiday,Holiday Season,Sweet Holiday,d
train_4938.jpg,train/train_4938.jpg,사진에 보이는 건물의 간판 중에서 'GiGO'라는 글자가 적혀 있는 간판은 어느 색상 배경에 위치해 있나요?,파란색 배경,노란색 배경,초록색 배경,빨간색 배경,d
train_4939.jpg,train/train_4939.jpg,이 건물의 7층에 위치한 상무영업국 유니베라의 전화번호는 무엇인가요?,374-8434,382-0275,451-1008,373-0058,d
train_4940.jpg,train/train_4940.jpg,KITCHEN 1 식단에 포함되지 않은 메뉴는 무엇인가요?,마늘종멸치볶음,짬뽕볶음밥,돈육고추장불고기,쑥갓어묵국,b
train_4941.jpg,train/train_4941.jpg,햇반 렌틸콩 현미밥 한 개(190g)에는 단백질이 몇 그램 포함되어 있나요?,17g,4g,13.3g,11.7g,d
train_4942.jpg,train/train_4942.jpg,이 수족관 설명문에 따르면 쥐치가 위험을 느끼면 하는 행동은 무엇인가요?,입을 크게 벌린다,빠르게 도망친다,긴 등지느러미 가시를 세워 바위 등에 몸을 고정한다,몸 색깔을 바꾼다,c
train_4943.jpg,train/train_4943.jpg,이 도로 표지판에 표시된 '문정로'까지의 거리는 얼마인가요?,150m,200m,50m,100m,a
train_4944.jpg,train/train_4944.jpg,이 간판에 적힌 역 이름은 무엇인가요?,추억역,남춘천,미래역,춘천역,b
train_4945.jpg,train/train_4945.jpg,이 리모컨에 적혀 있는 모델 번호는 무엇인가요?,BN59-01234B,BN60-01180A,BN59-01180A,BN58-01180A,c
train_4948.jpg,train/train_4948.jpg,이 건물에 있는 병원 중 4층에 위치한 병원의 이름은 무엇인가요?,피부사랑의원,소연산부인과,일야간진료,에스(S)리더치과병원,b
train_4949.jpg,train/train_4949.jpg,사진 속 위스키 병의 브랜드 이름은 무엇인가요?,Macallan,Johnnie Walker,Glenfiddich,Chivas Regal,c
train_4950.jpg,train/train_4950.jpg,해커스 한권토익 책 시리즈 중 800점 이상을 목표로 하는 책은 무엇인가요?,해커스 토익 900+,해커스 토익 700+,해커스 토익 800,해커스 토익 600,c
train_4952.jpg,train/train_4952.jpg,이 사진에 보이는 역 이름은 무엇인가요?,대전역,서울역,포항역,부산역,c
train_4953.jpg,train/train_4953.jpg,"이 출입문에 적힌 안내문에 따르면, 매주 어느 날이 휴관일인가요?",매주 월요일,매주 수요일,매주 화요일,매주 목요일,a
train_4954.jpg,train/train_4954.jpg,사진 속 과자의 맛은 무엇인가요?,바닐라 크림,레몬 버터,딸기 크림,초콜릿,b
train_4955.jpg,train/train_4955.jpg,이 문서에서 'Precision(정밀도)'와 관련된 설명으로 옳은 것은 무엇인가요?,정밀도는 전체 데이터 중 거짓으로 예측한 것의 비율이다.,정밀도는 전체 데이터 중 참으로 예측한 것의 비율이다.,정밀도는 참으로 예측한 것 중 실제로 참인 것의 비율이다.,정밀도는 참으로 예측한 것 중 실제로 거짓인 것의 비율이다.,c
train_4956.jpg,train/train_4956.jpg,빵이 나오는 시간에 해당하지 않는 것은 무엇인가요?,15:00,10:00,13:00,18:00,d
train_4957.jpg,train/train_4957.jpg,사진 속 가게 '두리안제국'의 간판에 적힌 전화번호는 무엇인가요?,010-5558-8334,010-5558-8335,010-5558-8333,010-5558-8336,d
train_4958.jpg,train/train_4958.jpg,사진 속 와인 프로모션 메뉴에서 레이프-라이닝거 리슬링 와인의 가격은 얼마인가요?,"130,000원","120,000원","100,000원","150,000원",a
train_4959.jpg,train/train_4959.jpg,책장에 꽂혀 있는 책들 중 'FINANCIAL ACCOUNTING'의 판수는 무엇인가요?,Twelfth Edition,Seventh Edition,Fourteenth Edition,11th Edition,b
train_4961.jpg,train/train_4961.jpg,아몬드 크림 치즈 스틱 프레즐의 가격은 얼마인가요?,6.7,7.2,5.5,6.0,a
train_4962.jpg,train/train_4962.jpg,이 공영주차장에서는 얼마 동안 주차할 때 200원을 내야 하나요?,40분,20분,30분,10분,d
train_4963.jpg,train/train_4963.jpg,이 가게 간판에 적힌 글자는 무엇인가요?,Nice to 만두,Nice to 씨유,Hello 씨유,Good to 씨유,b
train_4965.jpg,train/train_4965.jpg,이 건물이 위치한 도로의 이름은 무엇인가요?,삼성로,테헤란로,강남대로,역삼로,b
train_4966.jpg,train/train_4966.jpg,사진 속 연세 두유 팩에 적힌 두유의 맛은 무엇인가요?,부드러운 초코,상큼한 딸기,달콤한 바나나,고소한 아몬드 & 잣,d
train_4967.jpg,train/train_4967.jpg,이 전시 공간에서 소개하는 삼성청년SW아카데미(SSAFY)의 비전 슬로건은 무엇인가요?,코딩으로 세상을 바꾸다,함께가요 미래로! Enabling People,"미래를 여는 힘, SSAFY",삼성과 함께하는 청년의 꿈,b
train_4969.jpg,train/train_4969.jpg,이미지 속 안내 문구에 따르면 어떤 행동을 하지 말아야 하나요?,큰 소리로 떠들지 말아주세요,앞 뒤 자리를 차지 말아주세요,휴대폰 사용을 금지합니다,음식을 먹지 말아주세요,b
train_4970.jpg,train/train_4970.jpg,이 건물 옥상에 적혀 있는 병원 이름 중 올바른 것은 무엇인가요?,한강정형외과,항외과의원,서울치과의원,강남내과의원,b
train_4971.jpg,train/train_4971.jpg,이 비행기의 출발 목적지는 어디입니까?,PARIS,TOKYO,NEW YORK,ROMA,d
train_4972.jpg,train/train_4972.jpg,이 사진에서 보이는 카페 이름은 무엇인가요?,A TWOSOME PLACE,HOLLYS COFFEE,CAFE PASCUCCI,STARBUCKS,a
train_4974.jpg,train/train_4974.jpg,다음 중 사진에 보이는 위스키 병에 적힌 숙성 연수(aged years)가 아닌 것은 무엇인가요?,15년,8년,10년,12년,d
train_4975.jpg,train/train_4975.jpg,이 사진에서 볼 수 있는 행사의 이름은 무엇인가요?,The Seoul Illustration Fair,Korea Art Expo,Seoul Book Festival,Seoul Design Market,a
train_4976.jpg,train/train_4976.jpg,이 건물 내 CCTV가 운영되는 시간은 언제인가요?,오전 7시부터 오후 10시까지,오후 6시부터 오전 9시까지,24시간,오전 9시부터 오후 6시까지,c
train_4978.jpg,train/train_4978.jpg,PC학과시험 2교시 시험 시간은 몇 시부터 몇 시까지인가요?,09:00~11:00,09:00~13:00,10:10~15:30,13:00~17:00,d
train_4979.jpg,train/train_4979.jpg,이 문에 적힌 '통제구역' 표지판 아래에 적힌 내용은 무엇인가요?,출입 자유,고객 출입 가능,직원 출입 가능,관계자 외 출입금지,d
train_4980.jpg,train/train_4980.jpg,이 식당에서 제공하는 라면 메뉴 중 하나는 무엇인가요?,된장찌개,김치찌개,진지스칸 매운 맛 라면,불고기,c
train_4981.jpg,train/train_4981.jpg,이 물병 라벨에 적힌 용량은 얼마인가요?,650ml,750ml,500ml,1000ml,a
train_4982.jpg,train/train_4982.jpg,이 표지판에 적힌 내용은 무엇인가요?,냉난방중에는 창문을 닫아주시기 바랍니다.,쓰레기는 정해진 장소에 버려 주세요.,문을 열고 나가실 때 조심하세요.,화장실 사용 후에는 손을 씻어 주세요.,a
train_4983.jpg,train/train_4983.jpg,사진에 보이는 음식점의 짜장면 가격은 얼마인가요?,"5,500원","6,000원","3,500원","4,000원",d
train_4984.jpg,train/train_4984.jpg,대전캠퍼스 셔틀 2호차의 출발 시간은 언제인가요?,7:43,7:50,7:37,7:45,a
train_4985.jpg,train/train_4985.jpg,이 도로 옆 가판대에서 판매하는 복숭아 1박스의 가격은 얼마인가요?,"50,000원","30,000원","10,000원","20,000원",b
train_4986.jpg,train/train_4986.jpg,이 현수막에 적힌 경고 내용은 무엇인가요?,화재 위험,뱀 출몰 주의,미끄럼 주의,낙석 주의,b
train_4987.jpg,train/train_4987.jpg,이 가게의 간판에 적혀 있는 가게 이름은 무엇인가요?,OLDIES,TACOS,VARIOUS DRINKS,평균율 Listening bar,a
train_4988.jpg,train/train_4988.jpg,사진에 보이는 주유소 이름은 무엇인가요?,GS 칼텍스,Hyundai Oilbank,SK 주유소,S-Oil,b
train_4989.jpg,train/train_4989.jpg,이미지 속 우표 그림에 적힌 문구는 무엇인가요?,WELCOME TO SEOUL,BON VOYAGE,HAVE A NICE DAY,HAPPY HOLIDAY,b
train_4990.jpg,train/train_4990.jpg,하얀 쟁반 위에 놓인 물건들 중에서 'BROWN'이라는 글자가 적혀 있는 것은 무엇인가요?,종이 상자,플라스틱 통,물티슈,간식 봉지,c
train_4991.jpg,train/train_4991.jpg,이 가게의 영업 시작 시간은 언제인가요?,오후 11시,오후 1시,오전 9시,오전 11시,d
train_4993.jpg,train/train_4993.jpg,위 제품의 '위프 에브리 모먼트 파인스틸'에 해당하는 에센셜은 무엇인가요?,소나무 딥 에센셜,파인스틸 에센셜,라벤더 딥 에센셜,프레시 허브 에센셜,b
train_4995.jpg,train/train_4995.jpg,도원빌딩 5층에 입주해 있는 클리닉의 이름은 무엇인가요?,연세라인업피부과 성형외과 비만클리닉,행복한약국,법무법인 이신,한국정보산업연합회,a
train_4996.jpg,train/train_4996.jpg,사진 속 건물의 간판에 적힌 '직원모집' 관련 안내사항으로 올바른 것은 무엇인가요?,홀 주방,주방,사무실,홀,a
train_4997.jpg,train/train_4997.jpg,마우스 패드에 적힌 'SSAFY'는 무엇의 약자인가요?,Samsung Software And AI Foundation,Smart Software Academy For Youth,Super Software Academy For Youth,Samsung SW Academy For Youth,d
train_4998.jpg,train/train_4998.jpg,이 안내판에 적힌 내용은 무엇입니까?,춘천숲체원 입장료 안내,국립공원 관리사무소 안내,국립 춘천숲체원 방문을 환영합니다,춘천시립도서관 입구입니다,c
train_4999.jpg,train/train_4999.jpg,왼쪽 종이에 적힌 문구는 무엇인가요?,도착하는 단어 마음보다 먼저,시 한 편의 잔영 하루의 온도를 바꾸는,오늘의 메뉴는 무엇인가요?,행복을 주는 말 한마디,a
train_5000.jpg,train/train_5000.jpg,사진 속 오레오 BTS 제품에 적혀 있는 맛은 무엇인가요?,오레오 딸기맛,오레오 바닐라맛,오레오 초코맛,오레오 호떡맛,d
train_5001.jpg,train/train_5001.jpg,노란색 트럭에 적힌 회사 이름은 무엇인가요?,간식24,스낵24,행복24,스낵플러스,b
train_5002.jpg,train/train_5002.jpg,재활용품 교환 시 필요한 페트병 개수는 몇 개인가요?,20개,30개,15개,10개,b
train_5003.jpg,train/train_5003.jpg,베트남 쌀국수 메뉴 중 소고기 쌀국수의 가격은 얼마인가요?,"7,500원","8,000원","6,000원","5,000원",d
train_5004.jpg,train/train_5004.jpg,이 식당 골목에서 주로 판매하는 음식은 무엇인가요?,피자,초밥,삼겹살,햄버거,c
train_5005.jpg,train/train_5005.jpg,이 건물의 간판에 적힌 주요 상품은 무엇인가요?,음식 배달 전문,전자제품 판매점,자동차 세차 서비스,네비게이션 및 블랙박스 전문,d
train_5006.jpg,train/train_5006.jpg,이 식당이 미쉐린 가이드에 처음 등장한 해는 언제인가요?,2025,2022,2024,2023,b
train_5009.jpg,train/train_5009.jpg,사물함 비밀번호키 사용법에서 '잠금'을 할 때 어떤 행동을 해야 하나요?,비밀번호를 2번 연속 입력한다,문을 닫고 원하는 4자리 숫자를 누른다,사물함 문을 두 번 닫는다,잠금 때 눌렀던 4자리 숫자를 누른다,b
train_5010.jpg,train/train_5010.jpg,이 미용실 간판에 적힌 서비스 중 포함되지 않은 것은 무엇인가요?,드라이,염색,컷트,파마,b
train_5011.jpg,train/train_5011.jpg,이 건물에 입주한 학원 중 배드민턴 전문 학원의 이름은 무엇인가요?,신호제일합기도,proto,헬스 요가 필라테스 PT,스킬트레이닝센터,d
train_5012.jpg,train/train_5012.jpg,이 도로 표지판 아래쪽의 안내문에 적힌 거리는 얼마인가요?,250m,500m,350m,150m,c
train_5013.jpg,train/train_5013.jpg,이 사진 속 붕대 제품 상자에 적힌 붕대의 총 매수는 몇 매인가요?,23매,30매,10매,15매,a
train_5015.jpg,train/train_5015.jpg,이 골목 입구에 붙어 있는 표지판에서 3층에 위치한 업소는 무엇인가요?,WONDER(O)US,애플원룸,대양산업,샨티풀 요가,d
train_5016.jpg,train/train_5016.jpg,이 사진에 보이는 문구방의 전화번호는 무엇인가요?,T.1234-5678,T.3452-4482,T.9876-5432,T.0000-1111,b
train_5017.jpg,train/train_5017.jpg,이 게임 결과 화면에서 '플레이어' 이름과 함께 표시된 정보가 아닌 것은 무엇인가요?,Deaths,Kills,Level,Accuracy,c
train_5018.jpg,train/train_5018.jpg,이 교통 표지판에 적힌 '양보'의 의미로 알맞은 것은 무엇인가요?,정지 후 출발하는 것,속도를 높이는 것,다른 차량에게 우선권을 주는 것,길을 먼저 건너는 것,c
train_5019.jpg,train/train_5019.jpg,사진 속 부동산 간판에 적힌 전화번호는 무엇인가요?,010-2544-0205,442-8948,010-2544-0204,442-8949,d
train_5020.jpg,train/train_5020.jpg,신호등 위에 있는 표지판에 적힌 문구는 무엇인가요?,직진만 가능,우회전 금지,좌회전 금지,직진후 좌회전,d
train_5021.jpg,train/train_5021.jpg,이 사진에 보이는 지하철 출입구는 몇 번 출입구인가요?,4번 출입구,3번 출입구,1번 출입구,2번 출입구,d
train_5022.jpg,train/train_5022.jpg,이 식당 간판에 적힌 상호명은 무엇인가요?,떡갈비.zip,쪽갈비.zip,족발.zip,쭈꾸미.zip,b
train_5023.jpg,train/train_5023.jpg,이 사진 속 전광판에 표시된 역 이름은 무엇인가요?,Gangnam(Seolleung),Gangnam(Yeoksam),Gangnam(Haruplan),Gangnam(Sinsa),c
train_5024.jpg,train/train_5024.jpg,이 사진 속 금연 안내문에 적힌 내용 중 옳은 것은 무엇인가요?,괜찮은 담배는 없습니다,담배는 스트레스 해소에 도움이 됩니다,담배는 건강에 좋습니다,흡연은 선택사항입니다,a
train_5025.jpg,train/train_5025.jpg,이 커피숍에서 아메리카노 가격은 얼마인가요?,1800원,2000원,1200원,1500원,d
train_5026.jpg,train/train_5026.jpg,이 편의점의 이름은 무엇인가요?,7-Eleven,GS25,FamilyMart,CU,c
train_5027.jpg,train/train_5027.jpg,선비꼬마김밥에서 진행하는 포토네컷 콘테스트에서 1등에게 주어지는 신세계 상품권 금액은 얼마인가요?,30만원,50만원,100만원,10만원,b
train_5028.jpg,train/train_5028.jpg,이 사진 속 자전거가 주차된 곳은 어디인가요?,자전거 거치대,산책로 입구,버스 정류장,자동차 주차장,a
train_5029.jpg,train/train_5029.jpg,사진 속 '열광집' 간판에 적힌 설명 중 올바른 내용은 무엇인가요?,30년 전통의 맛집,27년 이어온 손맛 직화낙지·열광보쌈,신선한 해산물 제공,대한민국 No.1 통골뱅이 전문점,b
train_5030.jpg,train/train_5030.jpg,이 매장의 상호명은 무엇인가요?,WIGGLE WIGGLE,WIGGLE SHOP,WIGGLELAND,COUNTER,a
train_5031.jpg,train/train_5031.jpg,이 사진에 보이는 포테이토칩의 가격은 얼마인가요?,"1,500원","1,700원","2,500원","2,000원",b
train_5033.jpg,train/train_5033.jpg,이미지 속 병에 적힌 제품명은 무엇인가요?,에너지 부스터,멀티비타민 슈퍼샷,면역 강화제,비타민C 플러스,b
train_5034.jpg,train/train_5034.jpg,이 커피숍의 간판에 적힌 가게 이름은 무엇인가요?,억만커피,만억커피,백억커피,천억커피,c
train_5035.jpg,train/train_5035.jpg,이 이미지에 보이는 가게 이름은 무엇인가요?,스타벅스,커피빈,이디야커피,투썸플레이스,a
train_5037.jpg,train/train_5037.jpg,이 표지판에 적힌 경고 문구의 내용은 무엇인가요?,쿵! 머리 조심하세요!,조심! 발 조심하세요!,쿵! 손 조심하세요!,주의! 발 밟지 마세요!,a
train_5038.jpg,train/train_5038.jpg,이 아파트 단지의 이름은 무엇인가요?,원일휴튼 3단지,원일휴튼 2단지,원종휴튼 2단지,원종휴튼 3단지,d
train_5039.jpg,train/train_5039.jpg,이 가게 간판에 적힌 전화번호는 무엇인가요?,123-4567,010-0000-0000,031-999-8888,743-2814,d
train_5040.jpg,train/train_5040.jpg,이 제품의 맛은 무엇인가요?,망고 맛,바나나 맛,딸기 맛,포도 맛,a
train_5042.jpg,train/train_5042.jpg,사진에 보이는 노란색 구조물에 적혀 있는 문구는 무엇인가요?,토끼마을 입구,토끼와 친구 되기,토끼와 함께 걷는 감성산책,우리 동네 토끼마을,c
train_5043.jpg,train/train_5043.jpg,이 광고에서 '압구정 탑라인'이 보유하고 있는 지방흡입 케이스는 몇 건 이상이라고 적혀 있나요?,3만 건 이상,5만 건 이상,4만 건 이상,2만 건 이상,c
train_5044.jpg,train/train_5044.jpg,이 사진 속에 보이는 '사진관'의 이름은 무엇인가요?,아쿠아,노래,까부,지그시,d
train_5045.jpg,train/train_5045.jpg,이 식당의 이름은 무엇인가요?,우물집,한식당,현대식당,맛있는집,a
train_5046.jpg,train/train_5046.jpg,이 식당의 이름은 무엇인가요?,면사무소,국수나무,나무국수,국수집,b
train_5047.jpg,train/train_5047.jpg,소화기 사용법 중 올바른 첫 번째 단계는 무엇인가요?,노즐을 화살표로 향한다.,밸브를 돌린다.,안전핀을 뽑는다.,손잡이를 꽉 쥔다.,c
train_5048.jpg,train/train_5048.jpg,이 샌드위치 포장지에 적힌 문구 중 올바른 것은 무엇인가요?,"It's time, eat sandw","It's time, eat sand","It's time, eat sandd","It's time, eat hand",b
train_5049.jpg,train/train_5049.jpg,이 사진 속 두 가게 간판에 적힌 상호명으로 옳은 것은?,"아름다운 미용실, 와플대학","아름다운 헤어, 와플대학","아름다운 미용실, 와플하우스","아름다운 헤어, 와플하우스",b
train_5050.jpg,train/train_5050.jpg,이 셔츠의 가격은 얼마인가요?,"59,900원","49,900원","29,900원","39,900원",d
train_5051.jpg,train/train_5051.jpg,"이 쿨팩 사용법에 따르면, 물봉지를 어떻게 해야 하나요?",물봉지를 냉장고에 넣어 차갑게 만든다,물봉지를 주머니에서 꺼내 그대로 사용한다,물봉지를 뜨거운 물에 담근다,주머니 안에 있는 물봉지를 주먹으로 강하게 쳐서 터뜨린다,d
train_5052.jpg,train/train_5052.jpg,이 지하철역 표지판에 적힌 역 이름은 무엇인가요?,강남,역삼 (센터필드),역삼 (강남),선릉,b
train_5054.jpg,train/train_5054.jpg,건물 2층 창문에 붙어 있는 '임대' 안내문에 적힌 전화번호는 무엇인가요?,T.555-1212,T.987-6543,T.961-8989,T.123-4567,c
train_5055.jpg,train/train_5055.jpg,이 위스키 병 라벨에 적힌 제품명은 무엇인가요?,Yamazaki Whisky,Nikka Whisky,Suntory Whisky,Hakushu Whisky,c
train_5056.jpg,train/train_5056.jpg,사진 속 노란색 간판에 적힌 일본어 'レモン'은 어떤 의미인가요?,바나나,사과,오렌지,레몬,d
train_5057.jpg,train/train_5057.jpg,사진 속 우마이식당에서 판매하는 대표 메뉴는 무엇인가요?,떡볶이,비빔밥,소고기 불초밥,해물파전,c
train_5058.jpg,train/train_5058.jpg,보드게임카페 노리터에서 제공하는 닌텐도 기기의 수량은 몇 대인가요?,6대,6000대,600대,60대,d
train_5059.jpg,train/train_5059.jpg,사진 속 건물에 적힌 아파트 단지 이름은 무엇인가요?,래미안,더샵,자이,힐스테이트,d
train_5061.jpg,train/train_5061.jpg,이 휴게실에서 근무자가 개인 식품을 보관할 때 반드시 해야 하는 것은 무엇인가요?,휴게실 문을 열어 둔다,개인 식품을 자유롭게 보관한다,유통기한과 상관없이 보관한다,근무자 취식 식품 사인을 부착한다,d
train_5062.jpg,train/train_5062.jpg,이 광고문에서 LG 바스에어 시스템 특별행사와 관련된 서비스가 아닌 것은 무엇인가요?,무료 설치 서비스 제공,위생 케어 및 내/외부 토탈클리닝,필터 교체 및 클리닝,제품 성능점검 및 무상 A/S,a
train_5063.jpg,train/train_5063.jpg,이 식당의 간판에 적힌 전화번호는 무엇인가요?,1974-0050,50-1974,0094-764,764-0094,d
train_5064.jpg,train/train_5064.jpg,이 사진 속 '짐캐리' 매장에서 제공하는 서비스가 아닌 것은 무엇인가요?,음식 배달,포장,배송,보관,a
train_5066.jpg,train/train_5066.jpg,이 가게의 전문 음식은 무엇인가요?,김치찌개,손칼국수,불고기,비빔밥,b
train_5067.jpg,train/train_5067.jpg,이 세면대 위에 놓인 세제의 브랜드 이름은 무엇인가요?,요리왕,깨끗한,참그린,청소박사,c
train_5068.jpg,train/train_5068.jpg,사진 속 버스 정류장 바닥에 적힌 '5001B' 노선에 관한 안내문 내용은 무엇인가요?,오전에는 반대편에서 탑승,5001B 노선은 오후에만 운행,5001B는 시내버스 노선이다,하차는 반대편에서만 가능,a
train_5069.jpg,train/train_5069.jpg,이 건물 3층에는 어떤 종류의 가게가 있나요?,"오락기기, 노래방기기, 전자학원, 액자그림, 세무사사무소, 약품포장기기, 전자부품, 다방","오락기기, 노래방기기, 키판, 완구류, 캐릭터 다방","음향기기, 조명기구, 전화기기, 오락기기, 가전제품, 카메라, 냉·난방기구(부품)","노래방기기, 오락기기, 액자, 컴퓨터기기, 전화기기, 통신기기, 음식백화점, 다방",d
train_5071.jpg,train/train_5071.jpg,이 사진에 보이는 안내판에 적힌 문구는 무엇인가요?,SEOUL STATION EXPRESS,KTX HIGH SPEED TRAIN,BUSAN METRO LINE,BTS THE CITY ARIRANG BUSAN,d
train_5072.jpg,train/train_5072.jpg,이 이미지에 보이는 그래픽 카드 박스의 모델명은 무엇인가요?,GEFORCE RTX 4080,GEFORCE RTX 3080,GEFORCE RTX 3070,GEFORCE RTX 4090,d
train_5073.jpg,train/train_5073.jpg,"이 이미지 속 '공기살균케어' 안내문에 따르면, 세스코 공기살균기는 어떤 목적으로 가동 중인가요?",소음을 줄이기 위해 가동 중이다,공기 중 세균과 바이러스 케어를 위해 가동 중이다,건물 내 환기 시스템을 대체하기 위해 가동 중이다,화재 발생 시 경보를 울리기 위해 가동 중이다,b
train_5075.jpg,train/train_5075.jpg,이 게시물에서 구직 공고로 나와 있지 않은 직업은 무엇인가요?,공장작업원,과자역 배우,할머니,운동선수,d
train_5076.jpg,train/train_5076.jpg,이 광고판에 등장하는 PLAVE는 GS25와 어떤 관계인가요?,GS25는 PLAVE의 제품을 판매하지 않는다,GS25에서 PLAVE를 만날 수 있다,PLAVE는 GS25의 새로운 이름이다,PLAVE는 GS25의 경쟁사이다,b
train_5077.jpg,train/train_5077.jpg,"이 표지판에 따르면, 이 부지의 사용 목적은 무엇인가요?",부산시 문화 행사,녹산산단 바른어린이집 운영,주차장 설치,강서구 송정동 개발,b
train_5078.jpg,train/train_5078.jpg,이 건물에 입주해 있는 의료 기관 중 '신경과·통증의학과·정형외과'가 위치한 층은 어디인가요?,3층,2층,4층,1층,a
train_5079.jpg,train/train_5079.jpg,유니클로에서 판매하는 선글라스의 가격은 얼마인가요?,"19,900원","49,900원","29,900원","39,900원",c
train_5080.jpg,train/train_5080.jpg,이 건물에 입주한 병원의 이름은 무엇인가요?,참편한요양병원,참건강요양병원,건강한재활병원,우리재활병원,a
train_5081.jpg,train/train_5081.jpg,이 가게 간판에 적힌 메뉴는 무엇인가요?,달콤한 치킨,매운 등갈비찜,뜨거운 된장찌개,시원한 냉면,b
train_5082.jpg,train/train_5082.jpg,이 선반에 진열된 통조림 제품의 브랜드명은 무엇인가요?,RED TOMATO,PLUM DELIGHT,TUSCAN TOMATOES,GOLDEN TUSCANY,d
train_5084.jpg,train/train_5084.jpg,이 간판에 적힌 음식 메뉴에 포함되지 않은 것은 무엇인가요?,김치볶음밥,된장찌개,신라면,김치찌개,b
train_5085.jpg,train/train_5085.jpg,이 사진에서 벚꽃이 핀 나무가 있는 장소는 언제 촬영된 것일까요?,새벽에 촬영되었다,낮에 촬영되었다,저녁에 촬영되었다,오후에 촬영되었다,c
train_5086.jpg,train/train_5086.jpg,이 건물 2층에 있는 상호명은 무엇인가요?,한라신협,삼성전자,디자인 수목,스타벅스,c
train_5087.jpg,train/train_5087.jpg,사진에 보이는 버스 뒷면에 적힌 회사 이름은 무엇인가요?,S BUS,T BUS,R BUS,K BUS,c
train_5088.jpg,train/train_5088.jpg,이 건물의 상호명은 무엇인가요?,다이소,이마트,롯데마트,홈플러스,a
train_5089.jpg,train/train_5089.jpg,이미지 속 텍스트에 따르면 '우리'가 기념하는 날은 몇 일째인가요?,365일,500일,380일,811일,d
train_5090.jpg,train/train_5090.jpg,이 사진에서 보이는 파란색 도로 표지판에 적힌 길 이름은 무엇인가요?,명지로50번길,명지로60번길,명지로70번길,명지로80번길,b
train_5093.jpg,train/train_5093.jpg,이 버스 정류장에서 금연 구역으로 지정된 범위는 어느 정도인가요?,30m 이내,5m 이내,10m 이내,20m 이내,c
train_5094.jpg,train/train_5094.jpg,이 약국 간판에 적힌 전화번호는 무엇인가요?,02-553-6902,031-123-4567,02-530-7890,02-555-1234,a
train_5095.jpg,train/train_5095.jpg,이 식당의 상호명은 무엇인가요?,해성집,생생송투데이,알탕,삼숙이탕,a
train_5096.jpg,train/train_5096.jpg,이 제품의 가격은 얼마인가요?,"30,000원","25,000원","15,500원","27,990원",d
train_5097.jpg,train/train_5097.jpg,이 사진 속에 있는 퍼즐 박스에 적힌 문구는 무엇인가요?,HAIKYUU!! JIGSAW PUZZLE,HAIKYUU!! VOLLEYBALL SET,ANIME CHARACTER PUZZLE,JUMP ANIME PUZZLE,a
train_5098.jpg,train/train_5098.jpg,사진 속 건물 옥상에 크게 보이는 광고판에 적힌 제품 이름은 무엇인가요?,이재모 Pizza,콜대원,세현 안과,마리나 레지던스,b
train_5099.jpg,train/train_5099.jpg,이 사진 속 깃발에 적힌 전시회의 제목은 무엇인가요?,국립현대미술관 서울 전시동 입구,그래도 해보던 날들,전시 EXHIBITION,서울 현대미술관 전시,b
train_5100.jpg,train/train_5100.jpg,이 버스 정류장 10번 승강장의 목적지는 어디인가요?,대전,서울,부산,성남,d
train_5101.jpg,train/train_5101.jpg,이 건물의 간판에 적힌 기관명은 무엇인가요?,국민연금,국민건강보험,국민은행,국립중앙박물관,a
train_5103.jpg,train/train_5103.jpg,이 간판에 적힌 가게 이름은 무엇인가요?,부산 어묵,서울 떡볶이,강릉 길감자,대구 치킨,c
train_5104.jpg,train/train_5104.jpg,사진 속 초록색 상자에 적힌 글자는 무엇인가요?,ARDIUM FRUIT SHOP,ARDIUM FRUITS SHOP,ARDIUM FRUIT SHOPS,ARDUIM FRUIT SHOP,a
train_5106.jpg,train/train_5106.jpg,이 가게의 상호명은 무엇인가요?,매운족발나라,한방족발,야들야들한 야한족발,인동족발집,c
train_5107.jpg,train/train_5107.jpg,이 이미지에 나온 식단기록에서 점심으로 먹은 음식의 총 칼로리는 얼마인가요?,600 kcal,700 kcal,850 kcal,500 kcal,b
train_5108.jpg,train/train_5108.jpg,이 건물에 입원실이 있다는 표시가 적힌 층은 어디인가요?,3층,5층,4층,2층,a
train_5109.jpg,train/train_5109.jpg,이미지 속 음료 컵에 붙어 있는 스티커에 적힌 내용은 무엇인가요?,테이크아웃,배달기사,손님용,직원용,b
train_5110.jpg,train/train_5110.jpg,이 타일에 적힌 문구의 내용으로 알맞은 것은 무엇인가요?,이곳은 출입 금지 구역입니다. 들어가지 마세요.,안녕하세요! 오늘은 날씨가 좋네요!,이런게 어딨어요? 이러면 안되는 거잖아요! 할게요! 변호인 하겠습니다!,여기는 주차 금지 구역입니다. 차량을 세우지 마세요.,c
train_5111.jpg,train/train_5111.jpg,이 건물 입구에 적힌 상호명은 무엇인가요?,CLASSY,CLASYS,CLASSYS,CASSYS,c
train_5112.jpg,train/train_5112.jpg,네오플램 실리콘 뒤집개의 가격은 얼마인가요?,"\3,000","\2,000","\5,000","\1,000",b
train_5113.jpg,train/train_5113.jpg,이 표지판에 적힌 내용 중 올바른 것은 무엇인가요?,유료 순환 셔틀 버스 탑승장,무료 순환 셔틀 버스 탑승장,유료 공항 셔틀 버스 탑승장,무료 공항 셔틀 버스 탑승장,b
train_5114.jpg,train/train_5114.jpg,이 사진 속 현수막에 적힌 2024 해달맞이 생활체육교실은 어느 기관에서 주최하고 있나요?,중구청과 중구체육회,대한체육회와 중구체육회,대한체육회와 서울시청,중구청과 서울시청,b
train_5115.jpg,train/train_5115.jpg,포장지에 적힌 이 음식의 칼로리는 얼마인가요?,439 kcal,600 kcal,350 kcal,258 kcal,a
train_5116.jpg,train/train_5116.jpg,사진 속 건물에 적힌 역 이름은 무엇인가요?,부산역,서울역,광주역,대전역,a
train_5117.jpg,train/train_5117.jpg,라멘 맛집 간판 아래에 있는 메뉴판에 적힌 문구 중 옳은 것은 무엇인가요?,라멘 맛집 진짜 끓인 육수,시원한 냉우동 홀밥 가능,라멘 맛집 홀밥 가능,시원한 냉우동 진짜 끓인 육수,a
train_5118.jpg,train/train_5118.jpg,"사진 속 닌텐도 스위치 게임 케이스 중, '슈퍼 마리오' 시리즈와 관련된 게임은 무엇인가요?",우마무스메 프리티 더비 열혈 우정항쟁 대감사제,진·여신전생5,슈퍼 마리오 브라더스 원더,동키콩 바나나,c
train_5119.jpg,train/train_5119.jpg,이 사진 속 가게 중에서 '빽다방'이라는 이름이 적힌 가게의 간판 색상은 무엇인가요?,노란색,빨간색,초록색,파란색,d
train_5120.jpg,train/train_5120.jpg,GS25에서 소개하는 커피/즉석조리 상품 중에서 '군고구마'에 대한 설명으로 맞는 것은 무엇인가요?,은은하게 퍼지는 단맛이 가득한 따끈한 군고구마를 만나보세요!,달콤한 치즈가 듬뿍 들어간 군고구마 피자를 만나보세요!,매콤한 양념이 어우러진 군고구마 치킨을 만나보세요!,부드럽고 고소한 크림이 가득한 군고구마 디저트를 만나보세요!,a
train_5121.jpg,train/train_5121.jpg,이 건물의 이름은 무엇인가요?,잠실실내체육관,서울월드컵경기장,올림픽공원 체조경기장,고척스카이돔,d
train_5122.jpg,train/train_5122.jpg,이 건물의 주소로 적힌 도로 이름은 무엇인가요?,삼성로,역삼로,테헤란로,강남대로,c
train_5123.jpg,train/train_5123.jpg,엘림물샘교회 간판에 적힌 문구 중 맞는 것은 무엇인가요?,기독교 개척 선교회,기독교 개혁 선교회,기독교 개혁 선교부,기독교 개척 선교부,b
train_5124.jpg,train/train_5124.jpg,이 이미지에서 '크레용 신짱' 캐릭터 피규어의 가격은 얼마인가요?,"39,800원","12,900원","19,900원","29,800원",b
train_5125.jpg,train/train_5125.jpg,이 건물에 있는 동물병원의 전화번호는 무엇인가요?,1544-1234,02-1234-5678,1644-5653,010-9876-5432,c
train_5127.jpg,train/train_5127.jpg,이 사진이 찍힌 장소는 어디인가요?,음식점 내부,전자제품 매장,책 축제 행사장,영화관 로비,c
train_5128.jpg,train/train_5128.jpg,이 사진에 보이는 건물의 이름은 무엇인가요?,대한예수교장로회 송현교회,서울중앙교회,송현성당,대한불교조계종 송현사,a
train_5129.jpg,train/train_5129.jpg,이 봉투에 부착된 라벨에 적힌 내용 중 올바른 것은 무엇인가요?,소형폐기물,일반쓰레기,대형폐기물,재활용품,c
train_5131.jpg,train/train_5131.jpg,SOGONGONE 치즈케이크의 원산지 안내에서 크림치즈는 어디에서 왔나요?,미국산,뉴질랜드산,호주산,프랑스산,d
train_5132.jpg,train/train_5132.jpg,"이 안내판에서 '문경새재와 과거길'에 대해 설명하면서, 과거급제자들이 어떤 목적을 가지고 이 길을 이용했는지에 대해 무엇이라고 적혀 있나요?",무역을 하기 위해,군사 훈련을 위해,관광을 하기 위해,과거 시험을 보기 위해,d
train_5133.jpg,train/train_5133.jpg,"이 전광판에 표시된 초미세먼지(PM2.5) 농도는 얼마이며, 공기의 상태는 어떤가요?","25 ㎍/㎥, 보통","10 ㎍/㎥, 매우 나쁨","50 ㎍/㎥, 나쁨","2 ㎍/㎥, 좋음",d
train_5134.jpg,train/train_5134.jpg,이 카페에서 새롭게 출시한 'Banh mi' 오리지널불고기 샌드위치의 일반 가격은 얼마인가요?,"10,400원","8,500원","9,000원","7,600원",d
train_5136.jpg,train/train_5136.jpg,이 음료 컵에 적힌 문구는 무엇인가요?,Hello 옥춘 & 코비,Welcome to 옥춘 & 코비,Goodbye 옥춘 & 코비,Thank you 옥춘 & 코비,a
train_5137.jpg,train/train_5137.jpg,이 기계에 적힌 모델명은 무엇인가요?,SJ-303,SJ-101,SJ-404,SJ-202,b
train_5139.jpg,train/train_5139.jpg,이 간판에서 소개하는 '우베 베리치즈설빙'의 특징으로 올바른 것은 무엇인가요?,기분 좋은 보랏빛 달콤함,강한 민트 향,짠맛 강조,매운맛 가미,a
train_5140.jpg,train/train_5140.jpg,"GS25 스무디 메뉴 중에서 3,000원짜리 딸기와 블루베리가 들어간 스무디는 무엇인가요?",망고 바나나,딸기 바나나,"그린 (케일, 망고, 바나나)",딸기 블루베리 망고,d
train_5141.jpg,train/train_5141.jpg,사진 속 노란색 간판에 적힌 전화번호는 무엇인가요?,053-427-5555,1599-3506,1599-3516,1522-6133,b
train_5142.jpg,train/train_5142.jpg,사진 속 머그컵에 적힌 문구는 무엇인가요?,SAMSUNG SW AI ACADEMY FOR ADULT,SAMSUNG SW ACADEMY FOR YOUTH,SAMSUNG SW AI ACADEMY FOR YOUTH,SAMSUNG AI ACADEMY FOR YOUTH,c
train_5143.jpg,train/train_5143.jpg,"이 이미지에 따르면, 할인 금액이 4,690원인 상품의 결제 가격은 얼마인가요?","9,490","6,090","14,310","22,910",c
train_5144.jpg,train/train_5144.jpg,이미지 속 글귀에서 소년이 두더지에게 물은 질문은 무엇인가요?,넌 성공이 뭐라고 생각하니?,넌 사랑이 뭐라고 생각하니?,넌 행복이 뭐라고 생각하니?,넌 꿈이 뭐라고 생각하니?,a
train_5145.jpg,train/train_5145.jpg,사진 속 금연구역 안내판에 적혀 있지 않은 문구는 무엇인가요?,이곳은 금연구역입니다,금연구역에서는 음식물을 드실 수 있습니다,흡연은 지정된 흡연구역을 이용해 주시기 바랍니다,NO!! SMOKING,b
train_5146.jpg,train/train_5146.jpg,이 건물의 주소는 무엇인가요?,테헤란로 122,테헤란로 2212,테헤란로 212,테헤란로 221,c
train_5147.jpg,train/train_5147.jpg,이 건물에 위치한 성형외과 의원의 이름은 무엇인가요?,리앤웰내과의원,새명성형외과의원,리앤웰성형외과의원,수안성형외과의원,c
train_5148.jpg,train/train_5148.jpg,이미지 속에서 '잠금장치' 고리형 제품은 몇 개가 들어 있나요?,4개,2개,1개,3개,b
train_5149.jpg,train/train_5149.jpg,다음 중 이미지에 보이는 노래주점 상호명은 무엇인가요?,한식당,커피하우스,샤갈 노래주점,브레드원,c
train_5151.jpg,train/train_5151.jpg,벽과 우체통에 적혀 있는 상호명이 무엇인가요?,청춘커피,주책공사,도서관,행복카페,b
train_5153.jpg,train/train_5153.jpg,사진 속 전자레인지 옆에 놓여 있는 빨간색 포장지 안에는 무엇이 들어있나요?,젓가락,빨대,포크,숟가락,a
train_5154.jpg,train/train_5154.jpg,2026 대한민국 목재산업 박람회가 열리는 장소는 어디인가요?,킨텍스 제1전시장,서울 SK 올림픽 핸드볼 경기장,코엑스 전시장,DCC 제2전시장 1·2홀,d
train_5155.jpg,train/train_5155.jpg,사진 속 간판에 적힌 주된 업종은 무엇인가요?,부동산,병원,서점,카페,a
train_5156.jpg,train/train_5156.jpg,이 가게 '삼양정육점'에서 전문적으로 취급하는 고기는 무엇인가요?,채식 전문점,한우·한돈 전문점,닭고기 전문점,해산물 전문점,b
train_5157.jpg,train/train_5157.jpg,이 책의 제목은 무엇인가요?,쉽게 배우는 프로그래밍,데이터베이스 완전 정복,SQL 전문가 가이드,오라클로 배우는 SQL 입문,d
train_5158.jpg,train/train_5158.jpg,'하루 계획 노트'에 적힌 오늘 할 일 중 첫 번째 항목은 무엇인가요?,보고서 초안 작성,데이터 정리,회의 준비,이메일 답장,a
train_5159.jpg,train/train_5159.jpg,사진 속 노란색 가방에 적혀 있는 문구는 무엇인가요?,PREMIUM CHOCOLATE SELECTION,THE FINEST TEAS OF THE WORLD,WORLD'S BEST COFFEE BEANS,ORGANIC FRUITS MARKET,b
train_5162.jpg,train/train_5162.jpg,이 사진 속 소화기 사용방법에서 2번째 단계는 무엇인가요?,119에 신고한다,안전핀을 뽑는다,손잡이를 꼭 쥔다,호스를 불 쪽으로 향한다,d
train_5163.jpg,train/train_5163.jpg,이 간판에 적힌 한글 문구는 무엇인가요?,인천광역시 송도 스타필드,경기도 다낭시 스타필드,서울특별시 강남구 스타필드,부산광역시 해운대 스타필드,b
train_5164.jpg,train/train_5164.jpg,다음 중 이미지에 적힌 메뉴와 가격이 올바르게 짝지어진 것은 무엇인가요?,"한입꿀떡 - 3,400원","초당옥수수볼 - 3,900원","맘모스샌드 - 1,900원","맘모스샌드 - 3,900원",d
train_5165.jpg,train/train_5165.jpg,사진 속 건물에 적힌 'Buildup Fitness'의 전화번호는 무엇인가요?,02-464-3999,02-1234-5678,02-3409-2799,02-9876-5432,c
train_5166.jpg,train/train_5166.jpg,초록색 재활용품 쓰레기통에 버릴 수 없는 것은 무엇인가요?,플라스틱류,병류,캔류,가정쓰레기,d
train_5167.jpg,train/train_5167.jpg,이 식당 간판에 적힌 내용으로 맞는 것은 무엇인가요?,한식 단체 예약 환영,중국요리 단체 예약 환영,중국요리 개인 예약 환영,일본요리 단체 예약 환영,b
train_5168.jpg,train/train_5168.jpg,왼쪽 책 표지에 적힌 책 제목은 무엇인가요?,HERMANN HESSE SUHRKAMP,DAS GLASPERLENSPIEL SUHRKAMP,HERMANN HESSE DAS GLASPERLENSPIEL,HERMANN HESSE STUFEN,d
train_5169.jpg,train/train_5169.jpg,사진의 건물에 붙어 있는 현수막에 적힌 내용은 무엇인가요?,인동로데오상가 골목형상점가 지정,인동동 주민센터 개소 기념,한가위 맞이 행사 안내,지역 축제 안내,a
train_5170.jpg,train/train_5170.jpg,이 지하철 출구 안내판에 적힌 출구 번호는 무엇인가요?,12 출구,5 출구,10 출구,8 출구,d
train_5171.jpg,train/train_5171.jpg,벽에 부착된 빨간색 물건 위에 적혀 있는 문구는 무엇인가요?,휴대용조명등,응급처치용품,비상소화기,화재경보기,a
train_5173.jpg,train/train_5173.jpg,이 건물에 있는 노래연습장 광고에 적힌 전화번호는 무엇인가요?,010-5689-2200,010-5559-9822,T.473-9745,T.473-7227,c
train_5175.jpg,train/train_5175.jpg,이 건물에 있는 부동산 중개업소 '굿모닝'의 전화번호는 무엇인가요?,010-1234-5678,637-8944,042-123-4567,123-4567,b
train_5177.jpg,train/train_5177.jpg,사진에 보이는 책 더미에 붙어 있는 라벨에 적힌 내용은 무엇인가요?,웹 프로그래밍,C언어,파이썬,자바,b
train_5178.jpg,train/train_5178.jpg,"이 안내문에 따르면, 교통비 지급을 위해 무엇을 해야 하나요?",현금 수령,전화 문의,Google 설문 진행,직접 방문,c
train_5181.jpg,train/train_5181.jpg,사진 속 간판 중 '광인당'에서 제공하는 서비스는 무엇인가요?,특수고무인 명판 도장,음식 배달,커피 판매,컴퓨터 수리,a
train_5182.jpg,train/train_5182.jpg,이 사진에 보이는 '뽕족 EXPRESS' 간판에 적힌 전화번호는 무엇인가요?,1566-4482,664-7980,558-9279,1234-5678,a
train_5183.jpg,train/train_5183.jpg,사진 속 가게 간판에 적힌 가게 이름은 무엇인가요?,SUNRISE BAKERY,NEWFIVE CLUB,OLDTOWN CAFE,BLUE OCEAN BAR,b
train_5184.jpg,train/train_5184.jpg,이 지하철 승강장 문에 적힌 '발빠짐 주의!' 문구가 의미하는 것은 무엇인가요?,무리한 승차는 안전사고를 유발할 수 있다는 경고입니다.,문이 닫힐 때 손을 조심하라는 경고입니다.,열차와 승강장 사이가 넓으니 조심하라는 경고입니다.,승강장에 미끄러운 물이 있으니 조심하라는 경고입니다.,c
train_5185.jpg,train/train_5185.jpg,테이블 위에 놓인 음료수 중에서 'PEPSI'라고 적힌 제품은 어떤 모양인가요?,캔,유리 병,플라스틱 병,종이팩,c
train_5187.jpg,train/train_5187.jpg,이 건물 6층에 위치한 곳은 무엇인가요?,공증,셀리데이,좋은 산부인과,피부과,b
train_5188.jpg,train/train_5188.jpg,이미지 속 소화전 사용 방법 중 세 번째 단계는 무엇인가요?,밸브열기,밸브닫기,불 끄기,호스 빼내기,c
train_5189.jpg,train/train_5189.jpg,이 버스정류장 표지판에서 'N109'는 무엇을 의미하나요?,셔틀 버스 번호,급행 버스 번호,야간 버스 번호,일반 버스 번호,c
train_5192.jpg,train/train_5192.jpg,흰색 책 표지에 적힌 책 제목은 무엇인가요?,너무나 많은,블루도어 북스,노베첸토,알레산드로 바리코,c
train_5193.jpg,train/train_5193.jpg,본앤미의원에서 치료하는 통증의 종류로 맞는 것은 무엇인가요?,손목터널증후군,목·허리통증,무릎 통증,두통·복통,b
train_5195.jpg,train/train_5195.jpg,사진 속 간판에 적힌 렌터카 업체 이름은 무엇인가요?,도요타 렌터카,혼다 렌터카,마쓰다 렌터카,닛산 렌터카,a
train_5196.jpg,train/train_5196.jpg,운명 상담소 간판에 적힌 예약 및 문의 전화번호는 무엇인가요?,031-287-3001,010-287-3001,010-3802-0531,063-287-3001,c
train_5197.jpg,train/train_5197.jpg,왼쪽 위 자판기에서 판매하는 상품의 이름은 무엇인가요?,초코미니 인형키링,플라워 에코백,캣타워 마그넷,매직 보자기,c
train_5198.jpg,train/train_5198.jpg,이 건물 3층에 위치한 센터의 이름은 무엇인가요?,제이노래짱 단란주점,요양보호사교육원 제이노래짱,굿모닝복지센터 단란주점,굿모닝복지센터 요양보호사교육원,d
train_5199.jpg,train/train_5199.jpg,벽에 적힌 문구는 무엇인가요?,HAVE A NICE DAY,WELCOME TO OUR CAFE,ENJOY YOUR COFFEE AND ENJOY YOURSELF,COFFEE IS LIFE,c
train_5200.jpg,train/train_5200.jpg,이 사진에서 볼 수 있는 편의점의 이름은 무엇인가요?,GS25,7-Eleven,CU,FamilyMart,d
train_5201.jpg,train/train_5201.jpg,사진에서 메로나맛우유의 가격은 얼마인가요?,"\1,800","\2,000","\1,500","\2,500",a
train_5202.jpg,train/train_5202.jpg,이 식당에서 파인애플과 오리방석은 어떻게 해야 하나요?,주문할 때 요청해요,무료로 제공되지 않아요,셀프로 직접 가져가야 해요,직원이 가져다 줘요,c
train_5203.jpg,train/train_5203.jpg,사진 속 버스 정류장 7번 승강장에서 갈 수 없는 목적지는 어디인가요?,양덕원,원주,성남,동서울,b
train_5204.jpg,train/train_5204.jpg,벽에 붙어 있는 포스터에 공통적으로 적혀 있는 단어는 무엇인가요?,카페 엑스히비션,요루시카,필름로그,푸쉬,b
train_5205.jpg,train/train_5205.jpg,이 이미지에 보이는 중앙 대형 전광판에서 붉은 글씨로 쓰여진 브랜드 이름은 무엇인가요?,Promise,CHINTAI,MBP,Glico,d
train_5206.jpg,train/train_5206.jpg,이미지 속 젤라또 메뉴판에 적힌 '위드달걀 Gelato' 가격은 얼마인가요?,6.5,3.5,4.5,5.5,d
train_5207.jpg,train/train_5207.jpg,이 식당에서 식권은 얼마에 판매되고 있나요?,"7,000원","10,000원","12,000원","5,000원",a
train_5208.jpg,train/train_5208.jpg,이 사진 속 종이에 적혀 있는 문구는 무엇인가요?,창문 닫기,문 열지 마세요,문 열기,문 꼭,d
train_5209.jpg,train/train_5209.jpg,사진 속 트롤리 키스 미니(Trolli Kiss minis) 젤리 봉지당 중량은 얼마인가요?,100g,110g,103g,105g,a
train_5210.jpg,train/train_5210.jpg,이 행사 포스터에 적힌 '트릭컬 리바이브 명랑 운동회'의 개최 기간은 언제인가요?,2026년 4월 3일(금) ~ 4월 5일(일),2024년 10월 1일(금) ~ 10월 3일(일),2025년 9월 26일(금) ~ 9월 28일(일),2023년 9월 26일(금) ~ 9월 28일(일),c
train_5212.jpg,train/train_5212.jpg,이 사진 속 표지판에 적힌 내용은 무엇인가요?,부산시 지하철역,서울시 버스정류장,대전시 주차금지 구역,여주시 택시승강장,d
train_5213.jpg,train/train_5213.jpg,이 표지판에서 금지하고 있는 행위는 무엇인가요?,차량 주차 금지,흡연 금지,사진 촬영 금지,무단투기 금지,d
train_5215.jpg,train/train_5215.jpg,두 용기 중에서 '카레빵'이라고 적힌 용기의 라벨 배경 색깔은 무엇인가요?,파란색과 빨간색,분홍색과 보라색,노란색과 갈색,초록색과 흰색,c
train_5216.jpg,train/train_5216.jpg,이 제품의 가격은 얼마인가요?,580円,780円,680円,880円,c
train_5217.jpg,train/train_5217.jpg,"냉장고 문에 붙어 있는 안내문에 따르면, 사용 후 반드시 해야 할 일은 무엇인가요?",사용 후 반드시 시건장치함 잠금,사용 후 청소하기,사용 후 문을 열어두기,사용 후 내용물 점검,a
train_5218.jpg,train/train_5218.jpg,이 계단 벽에 붙어 있는 노란색 경고 표지판에 적힌 문구는 무엇인가요?,계단 주의,화재 발생시 대피,손잡이 잡기,출입 금지,a
train_5219.jpg,train/train_5219.jpg,이 제품의 6본입 한 박스 가격은 얼마인가요?,"150,000원","135,000원","120,000원","142,900원",d
train_5220.jpg,train/train_5220.jpg,스티커에 적힌 문구는 무엇인가요?,고양이를 만지지 마세요,고양이 식비를 위해 일하고 있습니다,고양이가 음식을 먹고 있습니다,고양이는 이 카페의 마스코트입니다,b
train_5221.jpg,train/train_5221.jpg,이 전시 벽면에 적힌 제목은 무엇인가요?,국내외 사적지 조사 보존,국내외 자료수집과 도서발간,연구를 통해 독립정신을 바로 세우다,한국독립운동사연구소 개소와 학술연구,c
train_5223.jpg,train/train_5223.jpg,사진 속 종이박스에 적힌 문구 중 '팍팍 뿌려 안할거면 꺼져' 옆에 적힌 가격은 얼마인가요?,"12,000","13,000","7,000","10,000",a
train_5224.jpg,train/train_5224.jpg,오뚜기 오늘밥상 제품 중 닭볶음탕 양념에 들어간 주요 맛내기 재료는 무엇인가요?,고추장과 간장,고춧가루와 마늘,고춧가루와 설탕,간장과 마늘,b
train_5225.jpg,train/train_5225.jpg,평화이발관에서 아이롱파마의 가격은 얼마인가요?,200원,"2,200원","2,000원",180원,b
train_5226.jpg,train/train_5226.jpg,사진 속 '컵불닭냉면' 메뉴의 가격은 얼마인가요?,"6,800원","7,200원","5,500원","8,500원",a
train_5227.jpg,train/train_5227.jpg,이 슬라이드에서 설명하는 그래프의 제목은 무엇인가요?,Influence accumulation,Controlled Fusion Strategy,Temporal decay timeline,Interaction query,c
train_5228.jpg,train/train_5228.jpg,이 안내문에 따르면 리뷰 작성 시 어떤 메뉴를 포함해야 하나요?,"피자, 햄버거, 치킨, 감자튀김","물냉면, 비빔냉면, 튀김만두, 돈까스, 만두국","김치찌개, 된장찌개, 불고기, 삼겹살","라면, 떡볶이, 순대, 오뎅",b
train_5229.jpg,train/train_5229.jpg,이 가게에서 '旬のおまかせにぎり' 세트의 가격은 얼마인가요?,3300円,3600円,1480円,1980円,a
train_5230.jpg,train/train_5230.jpg,사진 속 킨더 초콜릿 상자에 적힌 무게는 얼마인가요?,200g,100g,50g,150g,b
train_5231.jpg,train/train_5231.jpg,랭커 PC방 사장이 미성년자 흡연자에게 경고한 내용 중 올바른 것은 무엇인가요?,담배를 다 부숴버리고 학교든 집이든 찾아간다.,미성년자에게는 흡연을 허용하지 않는다.,담배를 피우면 담배값을 두 배로 내야 한다.,담배를 피우면 즉시 퇴장 조치한다.,a
train_5232.jpg,train/train_5232.jpg,이 가게에서 판매하는 음식 중 하나가 무엇인가요?,비빔밥,불고기,탄탄멘,김치찌개,c
train_5233.jpg,train/train_5233.jpg,'Seoul Meetup' 행사에 관심 있는 대상이 아닌 것은 무엇인가요?,실리콘밸리 트렌드 끝단의 상황이 궁금하신 분,"개발자, 비개발자, 기술 업계, 비기술 업계 모두 환영합니다",음악 공연에 관심 있는 분,AI 너머의 세상이 궁금하신 분,c
train_5235.jpg,train/train_5235.jpg,이 이미지에 보이는 손 선풍기 손잡이에 적힌 글자는 무엇인가요?,Samsung,Let's Grow,AI Academy,SSAFY,d
train_5237.jpg,train/train_5237.jpg,이 축구 경기장 입구에 적힌 글자는 무엇인가요?,LIVERPOOL FOOTBALL CLUB,ARSENAL FOOTBALL CLUB,MANCHESTER UNITED,CHELSEA FOOTBALL CLUB,d
train_5238.jpg,train/train_5238.jpg,이 장소에서 긴급상황 발생 시 신고할 번호는 무엇인가요?,110,119,112,114,c
train_5239.jpg,train/train_5239.jpg,사진 속 간판에 적힌 전화번호는 무엇인가요?,010-1234-5678,02-987-6543,010-1111-2222,010-8257-8366,d
train_5240.jpg,train/train_5240.jpg,이 라벨에 적힌 구입금액은 얼마인가요?,A000065324,2.8GHz,20111220,9367400,d
train_5241.jpg,train/train_5241.jpg,이 이미지 속 상점의 이름은 무엇인가요?,스탁버스,스타벅스,스벅스,스타벅,b
train_5242.jpg,train/train_5242.jpg,책 등에 붙어 있는 도서관 분류번호 중 '300'번대는 어떤 주제를 다루는 책인가요?,사회과학,역사,자연과학,문학,a
train_5243.jpg,train/train_5243.jpg,도시락을 먹으려면 고객이 해야 할 행동은 무엇인가요?,자리에서 기다려야 한다,직접 도시락을 가져가야 한다,직원을 불러야 한다,도시락을 반납해야 한다,c
train_5244.jpg,train/train_5244.jpg,이 사진에 보이는 편의점 상호명은 무엇인가요?,CU,이마트24,7-ELEVEN,GS25,c
train_5246.jpg,train/train_5246.jpg,사진 속 상자에 적힌 '에탄올 83%'의 설명으로 옳은 것은 무엇인가요?,자동차 연료로 사용된다,피부 보습에 좋은 화장품이다,음식 조리에 사용되는 에탄올이다,일상생활 속 간편하고 빠르게 소독효과가 있다,d
train_5247.jpg,train/train_5247.jpg,포스트잇에 적힌 우편배송 비용은 얼마인가요?,"6,500원","6,000원","5,500원","5,000원",c
train_5248.jpg,train/train_5248.jpg,사진 속 감자칩 제품의 이름은 무엇인가요?,Coca-Cola plus,ULTRA GARLIC,SUPER DRY,POCARI SWEAT,b
train_5249.jpg,train/train_5249.jpg,사진 속 문서의 제목으로 올바른 것은 무엇인가요?,[실습 3] 효과적인 팀워크를 위한 전략,[실습 4] 갈등 해결 및 중재 기술,[실습 1] 업무 효율성 향상 방법,[실습 2] 너와 나의 소통방법을 이해하기,d
train_5250.jpg,train/train_5250.jpg,주차장 내에 금연구역임을 알리는 표지판에 적힌 내용 중 올바른 것은 무엇인가요?,주차 가능,음주운전 금지,흡연구역,불법주차 금지,d
train_5251.jpg,train/train_5251.jpg,이 포스터에서 GANADI 팝업 스토어가 열리는 날짜는 언제인가요?,2024년 12월 1일부터 14일까지,2024년 11월 14일부터 29일까지,2023년 12월 14일부터 29일까지,2024년 12월 14일부터 29일까지,d
train_5252.jpg,train/train_5252.jpg,이 SOS 전화기 위에 붙어 있는 안내문에 CCTV 설치 목적은 무엇이라고 적혀 있나요?,고객 서비스를 위해 설치되었다,고객 편의를 위해 설치되었다,화재 진압을 위해 설치되었다,범죄예방과 고객안전을 위해 설치되었다,d
train_5253.jpg,train/train_5253.jpg,이 사진이 촬영된 공항의 이름은 무엇인가요?,제주공항,김해공항,김포공항,인천공항,a
train_5254.jpg,train/train_5254.jpg,이 과자의 맛은 무엇입니까?,커피 맛,초콜릿 맛,바나나 맛,딸기 맛,a
train_5257.jpg,train/train_5257.jpg,이 비석에 적힌 '사업명'은 무엇인가요?,삼성멀티캠퍼스,1997년 9월 30일,여산동 718-5,삼우설계,a
train_5258.jpg,train/train_5258.jpg,이미지 속 에너지 음료 캔에 적혀 있는 문구 중 'ZERO SUGAR'와 함께 표시된 제품명은 무엇인가요?,BURN ENERGY DRINK,RED BULL SUGAR FREE,MONSTER ENERGY ULTRA,ROCKSTAR ZERO SUGAR,c
train_5259.jpg,train/train_5259.jpg,이 건물의 간판에 적힌 병원 이름은 무엇인가요?,CHA 의과학대학교 강남차병원,서울 중앙 병원,CHA 의과학대학교 서울병원,강남 서울 대학교 병원,a
train_5260.jpg,train/train_5260.jpg,이 사진 속 빨간색 팔각형 표지판에 적힌 글자는 무엇인가요?,주의 CAUTION,출발 GO,정지 STOP,천천히 SLOW,c
train_5261.jpg,train/train_5261.jpg,"이 식빵 패키지에 적힌 내용 중, 포함된 우유 함량은 얼마인가요?",32%,3.79%,7.9%,0.32%,b
train_5262.jpg,train/train_5262.jpg,매천고등학교와 매천중학교는 각각 몇 미터 거리에 있나요?,50m,200m,100m,150m,c
train_5263.jpg,train/train_5263.jpg,이 사진에서 '소원성취'라는 문구가 적힌 표지판이 걸려 있는 곳은 무엇을 의미하나요?,역사적인 전쟁터,전통 공예품을 파는 가게,소원을 이루어 준다는 의미의 장소,음식을 판매하는 식당,c
train_5264.jpg,train/train_5264.jpg,이 운동 기구의 이름은 무엇입니까?,에어서핑,에어로빅,에어로바이크,서핑보드,a
train_5265.jpg,train/train_5265.jpg,이 버스 정류장에서 107번 버스가 도착 예정인 시간은 얼마입니까?,4분,3분,8분,11분,d
train_5266.jpg,train/train_5266.jpg,안랩 방문객은 안내를 받기 위해 어느 층 안내 데스크로 가야 하나요?,1층,B1층,B2~B4층,2층,d
train_5267.jpg,train/train_5267.jpg,이 종이컵 쌓기에서 가장 위에 적힌 글자는 무엇인가요?,줌,해,활,게,a
train_5268.jpg,train/train_5268.jpg,이 건물의 이름은 무엇인가요?,별빛 하우스,은하수 타워,해돋이 아파트,달빛 빌라,a
train_5271.jpg,train/train_5271.jpg,건물 외벽에 붙어 있는 간판에 적힌 내용 중 올바른 것은 무엇인가요?,태광 학원 수강 신청,태광 카페 메뉴 안내,태광 병원 진료 안내,태광 공인중개사 원·투룸 임대·매매,d
train_5272.jpg,train/train_5272.jpg,사진 속에 적힌 문구의 내용은 무엇인가요?,사랑은 시간이 지나도 변하지 않는 감정이다.,"사랑은 언제나 우리 곁에 있지만, 쉽게 볼 수는 없다.","모두가 사랑을 찾아 헤매이지만 아무도 찾을 수 없을 거야. 결국, 그 증거만 남아 있을 뿐이니까.","행복은 멀리 있지 않고, 바로 지금 여기 있다.",c
train_5273.jpg,train/train_5273.jpg,이 도로 표지판에서 '대덕 연구 개발 특구'로 가려면 어느 도로로 가야 합니까?,중앙대로,대덕대로,유성대로,한밭대로,b
train_5274.jpg,train/train_5274.jpg,이 책의 제목은 무엇인가요?,데이터 과학과 인공지능,금융 투자 전략 입문,금융 데이터 분석을 위한 파이썬 판다스,파이썬과 머신러닝 기초,c
train_5275.jpg,train/train_5275.jpg,이 간판에서 근로자 국비 지원 대상에 포함되지 않는 직업은 무엇인가요?,병원코디네이터,간호조무사,피부미용사,노래방 운영자,d
train_5276.jpg,train/train_5276.jpg,사진 속 첫 번째 가게 이름은 무엇인가요?,광어 우럭 모임회,아락,더벤티,커피하우스,b
train_5277.jpg,train/train_5277.jpg,사진 속 '음주 측정기' 포장지에 적힌 문구 중 올바른 것은 무엇인가요?,복잡한 사용,간편한 휴대,부정확한 측정,어려운 조작,b
train_5278.jpg,train/train_5278.jpg,이 이미지에서 '아랑' 역을 맡은 배우의 이름은 무엇인가요?,이승준,유리아,김주헌,서영주,b
train_5280.jpg,train/train_5280.jpg,사진 속 파란색 현수막에 적힌 서비스는 무엇인가요?,빠른 음식 배달 서비스,무료 전국 배송 서비스,당일배송 고속버스 택배,해외배송 특급 택배,c
train_5284.jpg,train/train_5284.jpg,사진 속 과자 봉지에 적힌 맛은 무엇인가요?,매콤한 맛,달콤한 맛,신맛,짠맛,a
train_5285.jpg,train/train_5285.jpg,이 행사에서 14시에 예정된 일정은 무엇인가요?,[글로벌 웹툰 게임스] TALK TALK! 토크쇼,[브롤스타즈] 최강 라이벌 매치,포인트 팡팡! 코드퀘스트,개막식,b
train_5286.jpg,train/train_5286.jpg,이 식당 '자매 감자탕'의 전화번호는 무엇인가요?,582-0010,582-1010,582-1001,582-0110,a
train_5287.jpg,train/train_5287.jpg,이 가게의 영업 시작 시간은 언제인가요?,AM 11:00,PM 12:00,PM 6:00,AM 9:00,a
train_5288.jpg,train/train_5288.jpg,이 사진 속에서 '정형외과'가 위치한 층은 몇 층인가요?,6층,5층,8층,7층,d
train_5289.jpg,train/train_5289.jpg,이 가게의 상호명은 무엇인가요?,4242 Sandwich,GS Pay,Cafe A,Lifestyle Platform,a
train_5291.jpg,train/train_5291.jpg,할머니 떡볶이 가게에서 떡볶이의 가격은 얼마인가요?,"7,000원","6,000원","5,000원","3,000원",c
train_5292.jpg,train/train_5292.jpg,이 표지판에 적혀 있는 고도는 몇 미터입니까?,1500 Mtrs,2000 Mtrs,3000 Mtrs,2505 Mtrs,d
train_5294.jpg,train/train_5294.jpg,벽에 붙어 있는 검은색 안내판에 적힌 'SSAFY'의 의미는 무엇인가요?,Super Software Academy For Young,Samsung Science Academy For Young,Samsung Software Academy For Youth,Smart Software Academy For Youth,c
train_5295.jpg,train/train_5295.jpg,순환 01A 버스의 첫 차 출발 시간은 언제인가요?,22:00,05:40,22:10,06:00,b
train_5296.jpg,train/train_5296.jpg,카페 입구에 있는 칠판에 적힌 수박 주스의 가격은 얼마인가요?,"5,000원","8,000원","6,000원","7,000원",c
train_5297.jpg,train/train_5297.jpg,다음 중 이미지에 있는 지하철 노선도에 포함된 역명이 아닌 것은 무엇인가요?,막걸리 역,Beer Station,서울역,청주 역,c
train_5298.jpg,train/train_5298.jpg,매장 내에서 어떤 물품을 사용하면 200원 할인을 받을 수 있나요?,일회용 컵,종이빨대,플라스틱 접시,텀블러,d
train_5300.jpg,train/train_5300.jpg,이 주차장 건물에 입점해 있는 매장이 아닌 것은 무엇인가요?,CU,No Brand Burger,BLACKYAK,롯데리아,d
train_5302.jpg,train/train_5302.jpg,사진 속 샌드위치에는 몇 칼로리가 적혀 있나요?,500 kcal,300 kcal,600 kcal,461 kcal,d
train_5303.jpg,train/train_5303.jpg,"위 이미지에 보이는 간판 중 경북산업직업전문학교, 영진직업전문학교, 영진건설기술교육원은 어떤 건물에 위치해 있나요?",지하 1층,높은 빌딩 꼭대기,도로변 가로등 기둥,1층 상가,b
train_5304.jpg,train/train_5304.jpg,이 건물의 이름은 무엇인가요?,발왕산역,설악산역,한라산역,지리산역,a
train_5305.jpg,train/train_5305.jpg,이 사진에서 쥐 모양 인형이 앉아 있는 상자에 적힌 문구 중 맞는 것은 무엇인가요?,전국 어디서나 1588-1301,마음까지 전하는 우체국 소포,KOREA DELIVERY,EMS 우체국 국제특송,b
train_5308.jpg,train/train_5308.jpg,이 선크림 광고에서 'Top Pick'으로 소개된 제품은 무엇인가요?,맑은쌀 선크림,산뜻한 쿨진정 선크림,진주 선크림,아쿠아프레쉬 선크림,a
train_5309.jpg,train/train_5309.jpg,이 표지판에 적힌 'のりかえ'는 무슨 뜻인가요?,안내소,환승,매표소,출구,b
train_5310.jpg,train/train_5310.jpg,이미지에 표시된 생맥주 한 잔의 가격은 얼마인가요?,"2,900원","4,000원","3,500원","2,500원",a
train_5311.jpg,train/train_5311.jpg,이 건물 5층에 위치한 치과 이름은 무엇인가요?,이지웰그린치과,이지웰치과,이지웰블루치과,이지웰레드치과,c
train_5312.jpg,train/train_5312.jpg,이 건물에 입주해 있는 헬스장 이름은 무엇인가요?,웰라인 휘트니스,추 한의원,도마 강정,강주오 법률사무소,a
train_5313.jpg,train/train_5313.jpg,이 빨래방의 운영 시간은 어떻게 되어 있나요?,오전 9시부터 오후 9시까지 운영한다,24시간 운영한다,오전 6시부터 오후 10시까지 운영한다,주말만 운영한다,b
train_5314.jpg,train/train_5314.jpg,이 조형물에 적힌 날짜는 무엇인가요?,2월 20일,4월 10일,1월 15일,3월 5일,a
train_5315.jpg,train/train_5315.jpg,이 주유소에서 고급 휘발유의 가격은 얼마인가요?,1729,1859,2009,1500,c
train_5316.jpg,train/train_5316.jpg,이 음료 컵에 적힌 문구는 무엇인가요?,행운이 오는 부적,맛있는 커피,건강을 위한 차,행복을 주는 음료,a
train_5317.jpg,train/train_5317.jpg,왼쪽 책 표지에 적힌 내용 중 TV 애니메이션 방영 예정 연도는 언제인가요?,2024년,2023년,2026년,2025년,d
train_5318.jpg,train/train_5318.jpg,이 가게의 이름은 무엇인가요?,HALF BAGEL,FULL BAGEL,BAGEL KING,BAGEL HOUSE,a
train_5319.jpg,train/train_5319.jpg,이 음식에 꽂혀 있는 깃발에 적힌 문구는 무엇인가요?,한국산 돼지고기 인증,대한민국 양계장 출생인증,친환경 야채 사용,국내산 한우 인증,b
train_5320.jpg,train/train_5320.jpg,이 간판에 적힌 가게 이름은 무엇인가요?,강원 365 닭강정,배니닭강정,금성닭강정,정보통 닭강정,b
train_5321.jpg,train/train_5321.jpg,"이 표지판에 따르면, 무엇이 금지되어 있나요?",좌회전 금지,유턴 금지,직진 금지,우회전 금지,d
train_5322.jpg,train/train_5322.jpg,명성고깃집 간판에 적힌 전문 분야는 무엇인가요?,한우전문점,숯불구이 전문점,백탄특수부위 전문점,양념갈비 전문점,c
train_5323.jpg,train/train_5323.jpg,파란색 캔에 그려진 캐릭터는 무엇인가요?,산리오의 폼폼푸린,포켓몬스터의 피카츄,포켓몬스터의 고라파덕,포켓몬스터의 야도란,c
train_5325.jpg,train/train_5325.jpg,이 제품들의 공통적인 특징으로 올바른 것은 무엇인가요?,저칼로리 두부면과 발효 유제품이다,고열량 밀가루 면과 낫또 제품이다,저칼로리 두부면과 낫또 제품이다,고칼로리 밀가루 면과 발효 유제품이다,c
train_5326.jpg,train/train_5326.jpg,사진 속 교재 이름은 무엇인가요?,DIGITAL WORLD,DIGITAL FUTURE,DIGITAL TECH,DIGITAL HERO,d
train_5327.jpg,train/train_5327.jpg,이 약국 간판에 적힌 글자는 무엇인가요?,원,병,약,식,c
train_5328.jpg,train/train_5328.jpg,이 가게의 상호명은 무엇인가요?,Candy finger,Sweet candy,Finger candy,Finger sweet,c
train_5331.jpg,train/train_5331.jpg,이 키보드에서 '스크롤 락' 기능을 담당하는 키는 무엇이라고 적혀 있나요?,ScrLk,Scroll Lock,Scroll,ScrLock,a
train_5332.jpg,train/train_5332.jpg,이 건물 입구에 붙어 있는 빨간색 표지판에 적힌 '대피소'는 무슨 뜻인가요?,대피소는 은행 영업시간을 알리는 표지판이다,대피소는 비상 시 피난하는 장소를 의미한다,대피소는 음식점 이름이다,대피소는 주차장을 나타내는 표지판이다,b
train_5333.jpg,train/train_5333.jpg,장애인 화장실은 몇 층에 있나요?,5층,7층,6층,8층,b
train_5334.jpg,train/train_5334.jpg,이 사진에 보이는 'E/V 비상사다리함'은 무엇을 위한 용도일까요?,화재 진압용 소화전,엘리베이터 비상사다리 보관함,전기실 안전장비함,유수검지장치 보관함,b
train_5336.jpg,train/train_5336.jpg,이 휴게실 문에 붙어 있는 문구 중 '문을 꼭 닫고 다닙시다!'의 의미로 가장 적절한 것은 무엇인가요?,문을 열고 다녀도 된다,문을 잠그지 않아도 된다,문을 항상 닫아 두어야 한다,문을 열어 놓아야 한다,c
train_5339.jpg,train/train_5339.jpg,사진 속 상품 가격표에 적힌 두 상품의 가격은 얼마인가요?,각 1500엔,각 990엔,각 1200엔,각 500엔,b
train_5340.jpg,train/train_5340.jpg,"문제에서 주어진 식 3^(x+2) + 3^(x+1) + 3^x = 39일 때, x의 값은 무엇인가요?",1,3,2,4,a
train_5341.jpg,train/train_5341.jpg,아래 표지판에 적힌 내용 중 통제구역에서 금지된 행위는 무엇인가요?,관계자 외 출입금지,사진촬영금지,흡연금지,주차금지,a
train_5344.jpg,train/train_5344.jpg,이 건물 2층에 위치한 상호명은 무엇인가요?,HAZZYS,상의 임대,클리비 의원,A TWOSOME PLACE,d
train_5345.jpg,train/train_5345.jpg,이 사진 속 표지판에 적힌 문구는 무엇인가요?,통행금지,주차장,출입금지,주차금지,d
train_5348.jpg,train/train_5348.jpg,사진 속 간판에 적힌 김밥집 이름은 무엇인가요?,음악창고,THE VENTI,LADY,고봉민김밥,d
train_5349.jpg,train/train_5349.jpg,이 건물에 입점해 있는 가게 중 지하에 위치한 가게는 무엇인가요?,SO PUNG 김밥 분식,비타민 노래방,CCTV 경고,강남 부동산,b
train_5350.jpg,train/train_5350.jpg,사진 속 제품 중에서 '베이킹소다'라고 적힌 용기의 무게는 얼마인가요?,700 g,500 g,1 kg,300 g,b
train_5351.jpg,train/train_5351.jpg,이 건물에 적힌 큰 글씨는 무엇인가요?,근본,근본주의,기본,기본주의,a
train_5352.jpg,train/train_5352.jpg,안내문에 따르면 이 시설은 어떤 이유로 출입이 금지되어 있나요?,시민의 생명과 재산을 보호하는 중요한 수해방지 시설이기 때문에,야생 동물이 출몰하기 때문에,주차장이 만차여서,공사 중이기 때문에,a
train_5353.jpg,train/train_5353.jpg,"이 사진 속 금연구역 안내문에 따르면, 흡연 시 부과되는 과태료는 얼마인가요?",5만원,20만원,15만원,10만원,d
train_5354.jpg,train/train_5354.jpg,이 맥주잔에 적혀 있는 브랜드 이름은 무엇인가요?,맥주,Kaitese Crew,kloud,일상,c
train_5355.jpg,train/train_5355.jpg,사진 속 안경닦이 천에 적힌 브랜드 이름은 무엇인가요?,LensWipe,GlasSON,OptiCare,CleanEye,b
train_5356.jpg,train/train_5356.jpg,벽에 붙어 있는 노란 메모지에 적혀 있는 문구는 무엇인가요?,8월 마지막 간식,7월 마지막 간식,6월 첫 간식,9월 첫 간식,a
train_5357.jpg,train/train_5357.jpg,이미지에 나온 '맑은 재첩국' 한 팩의 중량은 얼마인가요?,500g,200g,300g,1kg,a
train_5359.jpg,train/train_5359.jpg,냉장고 문에 붙어 있는 빨간색 안내문에는 무엇이라고 적혀 있나요?,사용후 반드시 시건장치함 관계자외 사용을 금합니다!,사용전 반드시 점검하십시오!,음식물 반입 금지!,냉장고 온도는 -27도로 설정되어 있습니다.,a
train_5360.jpg,train/train_5360.jpg,사진 속 과학마술 콘서트가 열리는 장소는 어디인가요?,광화문 광장,서울시청 대강당,코엑스 컨벤션 센터,꿈의숲 아트센터 퍼포먼스홀,d
train_5361.jpg,train/train_5361.jpg,이 건물에 적힌 간판의 업체명은 무엇인가요?,행복한 베이커리,서울 부동산,삼성 전자,두레 컨설팅,d
train_5367.jpg,train/train_5367.jpg,다음 중 이미지에 보이는 차 이름이 아닌 것은 무엇인가요?,GREEN TEA OCEAN,EARL GREY AMOUR,PINK FLAMINGO,SAKURA SAKURA,a
train_5368.jpg,train/train_5368.jpg,이 지하철 칸은 몇 호차인가요?,4호차,8호차,10호차,6호차,b
train_5369.jpg,train/train_5369.jpg,이 건물의 이름은 무엇인가요?,STARBUCKS,MODI,FUJI ROCK FESTIVAL '25,Ma Maison,b
train_5370.jpg,train/train_5370.jpg,이 기계 화면에 적힌 문구 중 맞는 것은 무엇인가요?,제로는 세상을 구원한다,제로 스토어에서 50% 할인 중이다,이제는 ZERO가 세상을 지배한다,제로 스토어는 다이어트에 좋다,c
train_5371.jpg,train/train_5371.jpg,이 편의점에서 새로 입고된 상품에 대해 안내하는 문구는 무엇인가요?,신상품 입고!,오늘의 특가!,한정 판매!,재고 정리 중!,a
train_5373.jpg,train/train_5373.jpg,이 데코 테이프 제품의 가격은 얼마인가요?,"\1,500","\2,000",\500,"\1,000",d
train_5374.jpg,train/train_5374.jpg,다음 중 이미지 속 광고에서 소개하는 제품명이 아닌 것은 무엇인가요?,테라 라이트,참이슬,처음처럼,일품진로,c
train_5375.jpg,train/train_5375.jpg,이 가게에서 머리핀과 머리끈을 판매하는 브랜드 이름은 무엇인가요?,HAIRZONE,STYLEME,D'TALE,HAIRART,c
train_5376.jpg,train/train_5376.jpg,이 건물에 입주해 있는 병원의 이름은 무엇인가요?,국민병원,서울병원,더드림병원,삼성병원,c
train_5377.jpg,train/train_5377.jpg,사진 속 대기번호 중 가장 큰 숫자는 무엇인가요?,177,176,175,178,d
train_5378.jpg,train/train_5378.jpg,이 도로 표지판에 적힌 글자는 무엇입니까?,천천히,정지선,주차금지,횡단보도,d
train_5379.jpg,train/train_5379.jpg,이 사진 속 표지판에 적힌 내용은 무엇인가요?,택시 승강장,서울 시내버스 정류장,공항버스 타는 곳,지하철 입구,c
train_5380.jpg,train/train_5380.jpg,이 식물의 한글 이름은 무엇인가요?,쪽,다래풀과,Persicaria tinctoria H.Gross,홍릉,a
train_5381.jpg,train/train_5381.jpg,스타트래블 우리카드의 혜택으로 맞는 것은 무엇인가요?,국내와 해외 모두 2만원 당 별 1개 적립,"국내에선 1만원 당 별 2개, 해외에선 4배 더 특별하게","국내에선 3만원 당 별 1개, 해외에선 2배 더 특별하게","국내에선 2만원 당 별 1개, 해외에선 3배 더 특별하게",d
train_5382.jpg,train/train_5382.jpg,이 건물에 있는 헬스장 이름은 무엇인가요?,GYM MECA,스타댄스,로고스,DECO,a
train_5383.jpg,train/train_5383.jpg,사진에 보이는 높은 건물의 이름은 무엇인가요?,63 BUILDING,LOTTE WORLD TOWER,SEOUL TOWER,GALERIA FORET,d
train_5386.jpg,train/train_5386.jpg,사진 속 상가 간판 중 한국어로 적힌 한의원 이름은 무엇인가요?,동아한의원,엘림한의원,엘림침술원,동아식품,b
train_5387.jpg,train/train_5387.jpg,이 건물 2층에 위치한 '율핏'에서는 어떤 서비스를 제공한다고 적혀 있나요?,1:1PT / 그룹PT,영어 학원,커피 판매,요가 수업,a
train_5388.jpg,train/train_5388.jpg,이미지에 보이는 가방 브랜드 이름은 무엇인가요?,Nike,Puma,Adidas,Supreme,d
train_5389.jpg,train/train_5389.jpg,이 병원 건물 앞에 설치된 현수막에 소개된 장비는 무엇인가요?,첨단 CT 스캔 장비,최첨단 MRI 스캐너,초정밀 인공지능 디지털 X-ray (초저선량),고해상도 초음파 장비,c
train_5390.jpg,train/train_5390.jpg,가운데 칸에 보관된 '믹스' 브랜드 제품 중 가장 아래에 있는 제품의 이름은 무엇인가요?,믹스 프렌치,믹스 블루썸,믹스 아이스뱅,믹스 이스더블,c
train_5393.jpg,train/train_5393.jpg,"우시라멘 메뉴 중에서 가격이 10,000원인 음식은 무엇인가요?",소유라멘,돈가스정식,오야꼬동,남작우동 SET,a
train_5394.jpg,train/train_5394.jpg,"에어컨 전용 리모컨 안내문에 따르면, 여름철 적정 온도는 얼마 이상으로 설정해야 하나요?",26도 이상,20도 이상,24도 이상,22도 이상,a
train_5395.jpg,train/train_5395.jpg,이 치과의 이름은 무엇인가요?,서울치과,바른이 치과,김철수 치과,이도훈 치과,d
train_5396.jpg,train/train_5396.jpg,이 상자에 적힌 제품 이름은 무엇인가요?,OCTOPUS 9K HE,OCTOPUS 7K LE,OCTOPUS 8K HE,OCTOPUS 8K XE,c
train_5398.jpg,train/train_5398.jpg,터미널에 출력된 'k=3'일 때 x의 값은 무엇인가요?,x=[1.00102881 0.99978237 1.0001585],x=[1.00910156 0.99786328 1.00098926],x=[1.000109 0.999978 1.0000109],x=[0.75 0.825 1.03125],b
train_5399.jpg,train/train_5399.jpg,이 이미지 속 간판 중 '여성 웰니스 리딩 파트너'라는 문구가 적힌 회사 이름은 무엇인가요?,한화생명금융서비스,한화손보,Eagles,한화투자증권,b
train_5400.jpg,train/train_5400.jpg,이 건물 안내판에 적혀 있지 않은 내용은 무엇인가요?,Next Academy,스타벅스 매장 위치,GLA,SSAFY,b
train_5401.jpg,train/train_5401.jpg,이 버스 정류장의 관리번호는 무엇인가요?,140,134,132,130,b
train_5402.jpg,train/train_5402.jpg,"사진 속에 적힌 문구 중 """"비오는 날""""에 관련된 내용은 무엇인가요?",계단 주의,금연시설 안내,우산 판매 중,결제는 카카오페이,c
train_5403.jpg,train/train_5403.jpg,사진 속 파란색 음료의 브랜드 이름은 무엇인가요?,메가 MGC 커피,포카리스웨트,게토레이,파워 에이드,d
train_5404.jpg,train/train_5404.jpg,CU 편의점 출입문은 어디에 있나요?,건물 2층에 있습니다,건물 옥상에 있습니다,건물 입구에 있습니다,건물 뒤쪽에 있습니다,c
train_5405.jpg,train/train_5405.jpg,이 건물의 2층에 위치한 곳은 어디인가요?,고양이 카페,디자이너 사무실,신승원컷앤컷,말랑캣 카페,c
train_5406.jpg,train/train_5406.jpg,이 건물 3층에 위치한 병원의 이름은 무엇인가요?,이민음치과,리앤웰성형외과의원,HPN-K,알앤비성형외과,d
train_5407.jpg,train/train_5407.jpg,"이 사진 속에 적힌 문구 중, 맥도날드가 사용하는 문구는 무엇인가요?",위험용 조명등,우리동네 나눔 가게,부산광역시 용역업체 사용을 허가합니다.,맥도날드는 부산광역시용역업체 사용을 허가합니다.,b
train_5409.jpg,train/train_5409.jpg,사진에 보이는 간판에 적힌 은행 이름은 무엇인가요?,KEB 하나은행,신한은행,국민은행,IBK 기업은행,d
train_5410.jpg,train/train_5410.jpg,이 길가에 세워진 노란색 표지판에 적힌 제한 속도는 얼마인가요?,80km/h,60km/h,30km/h,50km/h,c
train_5411.jpg,train/train_5411.jpg,이 제품의 보관 방법으로 옳은 것은 무엇인가요?,습기가 많은 곳에 보관하기,서늘하고 건조한 곳에 보관하기,냉장고에 바로 넣기,직사광선에 오래 두기,b
train_5412.jpg,train/train_5412.jpg,이 매장의 오뚜기 컵밥 한 개의 할인된 가격은 얼마인가요?,"1,990원","3,000원","2,800원","2,490원",d
train_5413.jpg,train/train_5413.jpg,이 간판에 적힌 단어는 무엇입니까?,카페 베이커리,커피 숍,커피 베이커리,베이커리 카페,c
train_5415.jpg,train/train_5415.jpg,사진 속 녹색 상자에 적힌 제품명은 무엇인가요?,じゃがりこL,抹茶のもなか,ライフコレクション,ロキソニンS,b
train_5416.jpg,train/train_5416.jpg,사진에 보이는 현수막에 적힌 전화번호는 무엇인가요?,1234-5678,02-123-4567,1555-4737,010-9876-5432,c
train_5417.jpg,train/train_5417.jpg,이 매장 진열대에 붙어 있는 간판에 적힌 내용은 무엇인가요?,스낵 / 과자,건강 식품,음료 / 주류,신선 식품,a
train_5418.jpg,train/train_5418.jpg,이 식당의 간판에 적힌 전문 요리는 무엇인가요?,해물탕 전문점,전주비빔밥과 한우 전문점,삼겹살 전문점,김치찌개 전문점,b
train_5419.jpg,train/train_5419.jpg,사진 속 간판에 적힌 '창인카센터'의 연락처 번호 중 하나는 무엇인가요?,010-2562-6828,051-741-1100,051-746-2336,010-4723-2336,a
train_5420.jpg,train/train_5420.jpg,이 가게 점심 메뉴 중에서 '셰프 추천 코스'의 가격은 얼마인가요?,"4,200엔","3,300엔","6,600엔","5,500엔",c
train_5421.jpg,train/train_5421.jpg,이 식당에서 테이크아웃 아메리카노의 가격은 얼마인가요?,"1,000원","1,500원","3,000원","2,500원",b
train_5422.jpg,train/train_5422.jpg,왼쪽에 있는 과자 봉지에 적힌 주요 재료는 무엇인가요?,고구마 60%,햇감자 100%,옥수수 80%,밀가루 50%,b
train_5423.jpg,train/train_5423.jpg,이 가게의 이름은 무엇인가요?,GP FACTORY,BMW MOTORRAD,CLASSICLE DAEGU,SUZUKI,a
train_5425.jpg,train/train_5425.jpg,홈플러스 동광주점에서 정상영업한다고 알리는 현수막에 적힌 문구는 무엇인가요?,홈플러스 동광주점은 할인행사 중입니다.,홈플러스 동광주점은 임시휴업 합니다.,홈플러스 동광주점은 휴무일입니다.,홈플러스 동광주점은 정상영업 합니다!,d
train_5426.jpg,train/train_5426.jpg,이 기차역 승강장의 호차번호는 무엇인가요?,5호차,9호차,3호차,7호차,a
train_5427.jpg,train/train_5427.jpg,이 건물의 5층에 위치한 병원은 무엇인가요?,안과,피부과,내과,치과,d
train_5429.jpg,train/train_5429.jpg,사진 속 왼쪽 포스터에 적힌 민트초코 맥주의 알코올 도수는 얼마인가요?,6.0도,5.0도,4.5도,3.2도,d
train_5431.jpg,train/train_5431.jpg,사진에 보이는 책의 제목은 무엇인가요?,파이썬 프로그래밍 기초,SQL 자격검정 실전문제,데이터 과학 입문,웹 개발 완성,b
train_5433.jpg,train/train_5433.jpg,이 이미지에 보이는 책 표지에 적힌 과목 이름은 무엇인가요?,국어영역 문법·작문·문학,과학영역 물리학 I,수학영역 미적분 II,영어영역 듣기·말하기,c
train_5434.jpg,train/train_5434.jpg,사진 속 커피숍 간판에 적힌 이름은 무엇인가요?,COMPOSE COFFEE,유정보석,구구 떡볶이,PARIS BAGUETTE,a
train_5435.jpg,train/train_5435.jpg,사진에 보이는 부동산 중 전화번호가 010-3628-6567인 곳은 어디인가요?,아성부동산,선수촌부동산,신광매일마트,수가정의학과,a
train_5436.jpg,train/train_5436.jpg,이 골든 티켓에서 당첨 등수는 무엇인가요?,1등 당첨,3등 당첨,4등 당첨,2등 당첨,b
train_5437.jpg,train/train_5437.jpg,엘리베이터 문에 붙어 있는 경고 문구 중 '손대지 마시오'는 어떤 의미인가요?,문 앞에서 기다리라는 안내,엘리베이터 문을 밀라는 지시,손을 대지 말라는 경고,문을 세게 닫으라는 안내,c
train_5438.jpg,train/train_5438.jpg,이 건물의 2층은 무엇으로 표시되어 있나요?,교육동 2F,휴게실 2F,회의실 2F,사무실 2F,a
train_5439.jpg,train/train_5439.jpg,"이 현수막에 적힌 내용 중, 전동 킥보드 이용자에게 어떤 행동을 권고하고 있나요?","급경사로 사고위험, 하차 후 보행",급경사로 이용 금지,급경사로 속도 제한,급경사로 통행 허용,a
train_5440.jpg,train/train_5440.jpg,이 표지판에 적힌 안내문 내용은 무엇인가요?,쓰레기를 버리지 마세요.,실내와 야외 모두 금연입니다.,주차 금지 구역입니다.,음식물 반입 금지입니다.,b
train_5441.jpg,train/train_5441.jpg,사진 속 간판에 적힌 전화번호는 무엇인가요?,031-987-6543,042-123-4567,010-1111-2222,042-485-2650,d
train_5442.jpg,train/train_5442.jpg,왼쪽 배너에 적힌 음식 이름은 무엇인가요?,오마카세 모듬회,불고기 정식,김치찌개,초밥 세트,a
train_5443.jpg,train/train_5443.jpg,이미지 속 영화 '마루 밑 아리에티'의 4K 리마스터링 개봉일은 언제인가요?,2024.12.01,2025.07.10,2026.08.19,2023.09.15,c
train_5444.jpg,train/train_5444.jpg,이 가게의 이름은 무엇인가요?,인생 PIZZA,피자나라,맛있는 피자,행복 피자,a
train_5445.jpg,train/train_5445.jpg,세 개의 상자에 적힌 문구 중 빨간색 상자에 적힌 문구는 무엇인가요?,너무 멋있어,항상 행복하세요,오늘 하루도 힘내세요~,어른인데 나가 놀고 싶어요,c
train_5446.jpg,train/train_5446.jpg,이 건물에 입주해 있는 의료기관 중 '성형외과'로 표기된 곳은 어디인가요?,CU 편의점,LR HEALTH & BEAUTY,이밀음치과,리앤웰성형외과의원,d
train_5448.jpg,train/train_5448.jpg,이 소공원 안내도에서 안내하는 위치 중 하나가 아닌 것은 무엇인가요?,소화전,화장실,운동공간,출입구,a
train_5449.jpg,train/train_5449.jpg,사진 속 건물에 적힌 간판 중 '공인중개사'가 포함된 간판의 전화번호는 무엇인가요?,02-455-1388,02-455-1389,452-6688,02-455-1380,c
train_5450.jpg,train/train_5450.jpg,이 표지판에 적힌 금지 사항은 무엇인가요?,음주금지,쓰레기 투기 금지,흡연금지,애완동물 출입 금지,c
train_5451.jpg,train/train_5451.jpg,이 대출 광고에서 최대 상환 기간은 며칠인가요?,103일,60일,30일,180일,a
train_5452.jpg,train/train_5452.jpg,오리온 촉촉한 초코칩 쿠키의 중량은 얼마인가요?,320g,150g,216g,500g,a
train_5454.jpg,train/train_5454.jpg,사진 속 도로에 표시된 제한 속도는 얼마인가요?,30,50,40,20,a
train_5456.jpg,train/train_5456.jpg,이 이미지에 보이는 캐릭터와 함께 적힌 문구는 무엇인가요?,전설의 용사,디어 마이 히어로,영웅을 찾아서,모험을 시작하라,b
train_5457.jpg,train/train_5457.jpg,다음 중 두 번째 현수막에 적힌 내용으로 올바른 것은 무엇인가요?,부분 국비 전기실무 & 전기기능사 산재근로자를 위한 훈련,전액 자비 전기실무 & 전기기능사 산재근로자 교육,부분 자비 전기실무 & 전기기능사 안전교육,전액 국비 전기실무 & 전기기능사 산재근로자를 위한 훈련,d
train_5458.jpg,train/train_5458.jpg,이 향수의 이름은 무엇인가요?,Citrus Moon,Rose Bloom,Ocean Breeze,Lavender Sky,a
train_5459.jpg,train/train_5459.jpg,사진 속 아이스크림 중 초콜릿 맛 아이스크림의 이름은 무엇인가요?,에쵸 바닐라,스위트 망고,스위트 딸기,에쵸 초코,d
train_5460.jpg,train/train_5460.jpg,건물 2층에 위치한 '수학의 힘' 학원의 상담 전화번호는 무엇인가요?,T. 419-7612,T. 512-9111,T. 570-7742,T. 511-0582,d
train_5461.jpg,train/train_5461.jpg,다음 중 이 도로 표지판에서 오른쪽 방향으로 안내하고 있는 장소는 무엇인가요?,기흥구보건소,백남준 아트센터,경기도어린이박물관,경기도박물관,a
train_5463.jpg,train/train_5463.jpg,이 모기채 제품에 대해 설명한 내용 중 맞는 것은 무엇인가요?,헤드는 본체에 고정되어 있지 않다,간편한 건전지 타입이 아니다,버튼을 동시에 눌러야 작동한다,AAA 건전지 4개가 필요하다,c
train_5464.jpg,train/train_5464.jpg,이 건물에 입주한 학원 중에서 '김영천 수학 학원'의 전화번호는 무엇인가요?,1-959-2550,959-2550,959-4435,959-4433,b
train_5465.jpg,train/train_5465.jpg,이 안내문에 따르면 냉난방 중에는 무엇을 해야 하나요?,창문을 잠가주시기 바랍니다.,창문을 열어주시기 바랍니다.,창문을 닫아주시기 바랍니다.,창문을 깨끗이 닦아주시기 바랍니다.,c
train_5466.jpg,train/train_5466.jpg,매장 내에서 제공하지 않는 1회용품은 무엇인가요?,1회용 비닐봉투,1회용 컵(플라스틱 컵),1회용 접시,1회용 나무젓가락,b
train_5467.jpg,train/train_5467.jpg,이 식당 테이블 위에 보이는 병맥주 브랜드 이름은 무엇인가요?,테라,카스,맥스,하이트,b
train_5468.jpg,train/train_5468.jpg,유라시아 대륙철도 승차권에 적힌 출발지와 도착지는 어디인가요?,익산 → 런던,대구 → 뉴욕,서울 → 베를린,부산 → 파리,a
train_5469.jpg,train/train_5469.jpg,이 안내문에 따르면 KTX 10호차는 어디에 대기해야 하나요?,중간 통로에서 대기한다,안내문에는 대기 장소가 없다,10-18호차 쪽에서 대기한다,1-9호차 쪽에서 대기한다,c
train_5470.jpg,train/train_5470.jpg,이 건물 입구에 적혀 있는 건물 이름은 무엇인가요?,송도중앙타워,송도서부타워,인천중앙타워,송도동부타워,a
train_5471.jpg,train/train_5471.jpg,이 곳의 점심시간은 언제인가요?,12:20 ~ 13:20,12:00 ~ 13:00,11:50 ~ 12:50,13:00 ~ 14:00,a
train_5472.jpg,train/train_5472.jpg,이 상점의 간판에 적힌 상호명은 무엇인가요?,수완점,MR. OPTIC,안경 콘택트,EYESAVER,d
train_5473.jpg,train/train_5473.jpg,인성 영화 감상문 공모전의 공모기간은 언제부터 언제까지인가요?,2020년 11월 1일(일)~11월 30일(월),2020년 9월 1일(화)~9월 30일(수),2020년 12월 1일(화)~12월 31일(목),2020년 10월 12일(월)~30일(금),d
train_5474.jpg,train/train_5474.jpg,세 가지 식사 메뉴 중에서 '샌드위치 콤보'에 포함된 음식은 무엇인가요?,주로 흰쌀밥과 반찬으로 구성된 도시락,"샌드위치와 다양한 야채, 콩류, 견과류",여러 가지 버섯과 견과류가 포함된 샐러드,볶음밥과 김치가 포함된 한식 세트,b
train_5475.jpg,train/train_5475.jpg,노란색 용기에 적혀 있는 제품의 이름은 무엇인가요?,100% 단일성분 세제,과탄산소다,손이 좋아하는 주방세제,SUGAR BUBBLE 주방세제,b
train_5477.jpg,train/train_5477.jpg,이 사진에서 보이는 공항의 이름은 무엇인가요?,인천 국제공항,김포 국제공항,부산 국제공항,제주 국제공항,d
train_5478.jpg,train/train_5478.jpg,"스마트오피스텔 차량 무료 등록 안내에 따르면, 입주민 명의 이외의 차량이 유료로 주차하려면 어떻게 해야 합니까?",입주민 명의 차량과 동일하게 등록된다,관리사무소에 방문하여 신청해야 한다,입주민이 직접 ㈜에이엔텍에 전화로 신청해야 한다,무료로 등록할 수 있다,c
train_5479.jpg,train/train_5479.jpg,이 식당의 상호명은 무엇인가요?,이웃집 아저씨가 튀겨주는,산토리 프리미엄 몰츠,쿠시카츠 오지상,오사카식 튀김꼬치,c
train_5480.jpg,train/train_5480.jpg,건물 3층에 임대 중인 공간의 용도는 무엇인가요?,"카페, 음식점","사무실, 병의원, 치과교정과","노래방, PC방","헬스장, 요가원",b
train_5482.jpg,train/train_5482.jpg,이 건물에 적힌 상호명은 무엇인가요?,청운마트,선우마트,대성마트,행복마트,b
train_5483.jpg,train/train_5483.jpg,현재까지 작성된 자기소개서를 어디로 제출해야 하나요?,admin@honam.ac.kr,2021055@honam.ac.kr,contact@honam.ac.kr,2021055@honam.edu,b
train_5484.jpg,train/train_5484.jpg,이 사진의 조형물에 적힌 글자는 무엇인가요?,HOLIDAY LETTERS,LETTERS FROM SUMMER,SUMMER VACATION,SUMMER MEMORIES,b
train_5487.jpg,train/train_5487.jpg,이 세탁기에서 표시된 최대 세탁 용량은 얼마인가요?,5kg,16kg,10kg,20kg,b
train_5488.jpg,train/train_5488.jpg,이 영수증에 적힌 거래 금액은 얼마인가요?,"180,000원","200,000원","150,000원","100,000원",a
train_5489.jpg,train/train_5489.jpg,슬러시 메이커 제품 박스에 적힌 최소 작동 시간은 얼마인가요?,최소 1시간이 필요해요!,최소 2시간이 필요해요!,최소 10분이 필요해요!,최소 30분이 필요해요!,b
train_5490.jpg,train/train_5490.jpg,이 사진 속 조미료 용기 중 가운데에 적힌 것은 무엇인가요?,소금,고추가루,간장,후추,b
train_5491.jpg,train/train_5491.jpg,이 안내문에 따르면 에스컬레이터가 정비 중일 때 이용하라고 권장하는 것은 무엇인가요?,버스 또는 택시,자전거 또는 킥보드,계단 또는 엘리베이터,지하철 또는 기차,c
train_5492.jpg,train/train_5492.jpg,이 문구에서 '금지합니다'라는 단어가 의미하는 것은 무엇인가요?,모든 출입을 허용한다,모든 출입을 금지한다,직원 외 출입을 금지한다,직원 외 출입을 허용한다,c
train_5493.jpg,train/train_5493.jpg,사진 속에서 '노웨어 틴스틱'의 정가가 얼마라고 적혀 있나요?,"29,000원","19,550원","23,000원","20,000원",c
train_5495.jpg,train/train_5495.jpg,이 건물 2층에 위치한 매장의 이름은 무엇인가요?,산더미 미서 돼지국밥,MEGA COFFEE,그린 약국,D. Ark,d
train_5497.jpg,train/train_5497.jpg,퀴즈노스에서 빅3 샌드위치 탄산콤보 중 햄&치즈 + 탄산음료의 가격은 얼마인가요?,"9,000원","8,000원","11,400원","7,300원",d
train_5498.jpg,train/train_5498.jpg,이 가게 간판에 적힌 가게 이름은 무엇인가요?,한결식당,한결마트,한결서점,한결카페,a
train_5499.jpg,train/train_5499.jpg,이 표지판에 따르면 불법 주차 시 어떤 조치가 취해지나요?,경고장 발부,단속 및 견인 조치,주차 허용,과태료 부과,b
train_5501.jpg,train/train_5501.jpg,미락국밥 가게 앞에 주차장은 어디에 있다고 안내하고 있나요?,가게 안쪽,바로 앞,옆 건물 앞,건물 뒷편,d
train_5502.jpg,train/train_5502.jpg,사진 속 책 제목 중 '데미안'을 쓴 작가는 누구인가요?,에밀 신클레어,헤르만 헤세,소로,Claire,b
train_5503.jpg,train/train_5503.jpg,사진 속 문구에서 '꿈을 현실로 만드는' 다음에 이어지는 단어는 무엇인가요?,도전,시작,중간,끝,b
train_5504.jpg,train/train_5504.jpg,이 가게에서 제공하는 서비스로 맞는 것은 무엇인가요?,주차 무료 서비스,모든 메뉴 포장 가능합니다,테이크아웃 불가,포장 불가,b
train_5505.jpg,train/train_5505.jpg,콜라박스의 평균 방음 효과는 몇 dB인가요?,79.27 dB,40.20 dB,-39.07 dB,-40.20 dB,c
train_5506.jpg,train/train_5506.jpg,이미지에 적힌 '강남구' 표지판 아래에 있는 문구 중 맞는 것은 무엇인가요?,강남을 힘차게! 시민을 신나게! 강남 대전환!,강남을 힘차게! 구민을 신나게! 강남 대혁명!!,강남을 힘차게! 구민을 신나게! 강남 대전환!!,강남을 힘차게! 구민을 신나게! 강남 대혁신!!,c
train_5507.jpg,train/train_5507.jpg,이 표지판에 적힌 '비상문'의 영어 표기는 무엇인가요?,EXIT,SAFETY DOOR,FIRE EXIT,EMERGENCY DOOR,a
train_5508.jpg,train/train_5508.jpg,이 사진에 나온 투표소 이름은 무엇인가요?,서구4 제9투표소,부평3 제5투표소,계양1 제7투표소,계양2 제8투표소,d
train_5509.jpg,train/train_5509.jpg,이 광고문구에서 소개하는 서비스는 무엇과 관련이 있나요?,음식 배달 서비스,교육 콘텐츠 서비스,금융지능 서비스,여행 예약 서비스,c
train_5510.jpg,train/train_5510.jpg,이 제품의 이름은 무엇인가요?,짱구는 못말려 볼펜,크레용 신짱 스티커,짱구는 못말려 메탈 키링,짱구는 못말려 인형,c
train_5511.jpg,train/train_5511.jpg,사진 속에 붙어 있는 종이에는 어떤 문구가 적혀 있나요?,영업 시간: 오전 9시부터,서울역 도착 10분 전,오늘의 메뉴: 바베큐 치킨,시베리아급 냉방 중,d
train_5512.jpg,train/train_5512.jpg,쓰레기 분리수거함 중에서 캔과 유리를 버리는 곳은 어디인가요?,PLASTIC,TRASH,CAN GLASS,PAPER,c
train_5513.jpg,train/train_5513.jpg,이 가게 간판에 적힌 문구는 무엇인가요?,Let's meet time,Let's eat time,Let's meat fine,Let's meat time,d
train_5514.jpg,train/train_5514.jpg,다음 중 이미지 속에 있는 표지판에 적힌 내용이 아닌 것은 무엇인가요?,낭만부자 주차장,제주 낭만 포레스트,강호장군 주차장,낭만부자,c
train_5515.jpg,train/train_5515.jpg,다음 중 이 사진에 보이는 트럭에 적힌 택배 회사 이름은 무엇인가요?,한진택배,롯데택배,경동택배,CJ대한통운,c
train_5516.jpg,train/train_5516.jpg,이 포장마차에서 모듬순대의 가격은 얼마인가요?,"6,000원","8,000원","10,000원","12,000원",b
train_5518.jpg,train/train_5518.jpg,이 메뉴판에 적힌 '아샷추 아이스티'의 가격은 얼마인가요?,"3,600원","3,400원","3,000원","3,200원",b
train_5519.jpg,train/train_5519.jpg,이 도로 표지판에 적힌 도로 이름은 무엇인가요?,신창지구·2순환로,신만마을·고실마을,풍영로,운남지구,c
train_5520.jpg,train/train_5520.jpg,이 표지판에 쓰인 비상용 망치 사용법으로 옳은 것은 무엇인가요?,비상 버튼을 눌러 경보를 울린다,유리창 모서리를 깨고 신속히 탈출한다,유리창 중앙을 부수고 탈출한다,문 손잡이를 돌려 문을 연다,b
train_5521.jpg,train/train_5521.jpg,이 사진 속 간판에 적힌 한의원 이름은 무엇인가요?,석산로한의원,간석한의원,봄봄한의원,주안한의원,c
train_5522.jpg,train/train_5522.jpg,이 가게 간판에 적힌 상호명은 무엇인가요?,최고의 PC,프로 PC,퍼펙트 PC,완벽한 PC,c
train_5523.jpg,train/train_5523.jpg,사진 속에 보이는 '야타이키타' 메뉴의 할인된 가격은 얼마인가요?,"50,000원","40,000원","45,000원","35,000원",d
train_5524.jpg,train/train_5524.jpg,대전시내버스가 2022년 7월 1일부터 시행하는 정책은 무엇인가요?,현금요금 할인,노선 변경,무료 와이파이 제공,교통카드 전면시행,d
train_5527.jpg,train/train_5527.jpg,GS25 초특가 세일 행사에서 8월 한 달 동안 딱 한 달만 진행되는 CJ 맛밤 60G 4팩 세트의 가격은 얼마인가요?,"3,600원","3,900원","14,500원","2,300원",c
train_5528.jpg,train/train_5528.jpg,사진 속 간판에 적힌 '역삼 우주 약국'의 전화번호는 무엇인가요?,558-1234,558-7931,558-5485,555-3540,c
train_5529.jpg,train/train_5529.jpg,이미지 속 병원 광고에 나온 수술 종류는 무엇인가요?,관절수술,뇌수술,노안백내장수술,심장수술,c
train_5530.jpg,train/train_5530.jpg,이 장소에서 주차가 금지된 이유로 올바른 것은 무엇인가요?,주차 공간이 부족합니다.,시멘트 덩어리 떨어져요!,도로 공사 중입니다.,주차 시 과태료가 부과됩니다.,b
train_5532.jpg,train/train_5532.jpg,이 사진에서 가장 큰 글씨로 적혀 있는 문구는 무엇인가요?,환기구에 쓰레기를 버리지 맙시다!,6-227,911-9900,추락 위험 (출입하지 마세요),a
train_5533.jpg,train/train_5533.jpg,이 벽에 적힌 글귀 중 'By' 뒤에 나오는 단체명은 무엇인가요?,유성복합터미널,주유성구,백마봉사단,충남대학교,c
train_5535.jpg,train/train_5535.jpg,이 스코어보드에서 '오스틴' 선수의 타율은 얼마입니까?,0.336,0.427,1.082,0.655,a
train_5536.jpg,train/train_5536.jpg,이 티켓의 공연 시작 시간은 언제인가요?,2025년 07월 05일 오후 7시 30분,2025년 07월 04일 오후 7시 30분,2025년 07월 04일 오후 4시 24분,2025년 06월 04일 오후 7시 30분,b
train_5537.jpg,train/train_5537.jpg,이 매장에서 판매 중인 스퀴즈팝(스트로베리구미)의 가격은 얼마인가요?,"14,990원","12,990원","10,990원","9,990원",b
train_5538.jpg,train/train_5538.jpg,사진 속 타로 카드 중 'ACE of CUPS' 카드에는 어떤 그림이 그려져 있나요?,9개의 막대기를 들고 있는 사람,등에 등불을 든 노인,잔을 들고 있는 사람,잔에서 물이 흘러나오는 컵,d
train_5539.jpg,train/train_5539.jpg,이 건물 간판에 적힌 호텔의 이름은 무엇인가요?,그랜드 HOTEL,아카데미 모텔,서울 호텔,아카데미 HOTEL,d
train_5540.jpg,train/train_5540.jpg,SSAFY 월간 멘투유 EP.06의 주제는 무엇인가요?,역량과 직무 경험 차이,AI 모델 개발,서비스 개발 경험,알고리즘 공부 방법론,a
train_5541.jpg,train/train_5541.jpg,이 간판에 적혀 있는 문구는 무엇인가요?,빵 하나의 즐거움,맛있는 빵 가게,신선한 빵 매일,빵과 커피 전문점,a
train_5543.jpg,train/train_5543.jpg,이 문구는 어떤 문을 안내하는 표지인가요?,화장실 문,출입문,비상문,회의실 문,c
train_5544.jpg,train/train_5544.jpg,이 버스의 노선 번호는 무엇인가요?,1300,1200,1100,2200,b
train_5546.jpg,train/train_5546.jpg,이 건물에 입주해 있는 업체 중 '세무사' 사무실의 이름은 무엇인가요?,호조,블랙박스,권동운,골프연습장,c
train_5547.jpg,train/train_5547.jpg,이미지 속 노란색과 파란색 간판에 적힌 단어는 무엇인가요?,프르미스,프로미,프로스,프로미스,d
train_5548.jpg,train/train_5548.jpg,이 사진에서 보이는 지하철 역의 이름은 무엇인가요?,신촌역,사당역,산본역,서울역,c
train_5549.jpg,train/train_5549.jpg,이 건물에서 진행하는 전시회의 주인공은 누구인가요?,레오나르도 다 빈치,클로드 모네,빈센트 반 고흐,파블로 피카소,c
train_5550.jpg,train/train_5550.jpg,이 병에 적혀 있는 술의 종류는 무엇인가요?,드라이 진,럼,보드카,위스키,a
train_5551.jpg,train/train_5551.jpg,"이 화장실 안내문에 따르면, 화장실은 어디에 있나요?",건물 내부 오른쪽에 있습니다.,건물 내부 왼쪽에 있습니다.,"나가서 오른쪽, 건물입구에 있습니다.","나가서 왼쪽, 건물입구에 화장실이 있습니다.",d
train_5552.jpg,train/train_5552.jpg,이 맥주 캔에 적힌 '프린체'와 '당질' 관련 문구는 무엇인가요?,프린체 50% 당질 ON,프린체 70% 당질 ON,프린체 50% 당질 OFF,프린체 70% 당질 OFF,d
train_5553.jpg,train/train_5553.jpg,이 건물의 이름은 무엇인가요?,루벤스빌,청담빌딩,삼성빌딩,카이져빌딩,a
train_5554.jpg,train/train_5554.jpg,데이터 수집 미션 진행 방식에 따른 제출 가능한 이미지 파일 형식은 무엇인가요?,bmp 파일만 가능,gif 파일만 가능,jpg와 png 파일 가능,tiff 파일만 가능,c
train_5555.jpg,train/train_5555.jpg,이 사진에 보이는 간판 중 커피와 관련된 상호명은 무엇인가요?,PARK VIEW,커피빈,GS25 편의점,스타벅스,a
train_5557.jpg,train/train_5557.jpg,이 사진에 보이는 편의점의 이름은 무엇인가요?,CU,이마트24,GS25,7-Eleven,c
train_5558.jpg,train/train_5558.jpg,오른쪽 증서에 적힌 전공은 무엇인가요?,컴퓨터공학 전공,기계공학 전공,화학공학 전공,전기공학 전공,a
train_5559.jpg,train/train_5559.jpg,사진 속 간판에 적힌 단어는 무엇인가요?,Fantastic,Fantashic,Fastastic,Fantasic,a
train_5560.jpg,train/train_5560.jpg,"이 금연구역 표지판에 따르면, 금연구역 내에서 흡연할 경우 부과되는 과태료는 얼마인가요?",1만원,3만원,5만원,10만원,c
train_5561.jpg,train/train_5561.jpg,이 제품의 100g당 나트륨 함량은 얼마인가요?,0.34 g,2.77 g,158 g,340.3 mg,d
train_5562.jpg,train/train_5562.jpg,이 음료의 이름은 무엇인가요?,포도녹차 젤리 크러쉬,딸기 바나나 스무디,초콜릿 라떼,망고 요거트 쉐이크,a
train_5563.jpg,train/train_5563.jpg,이미지 속 중앙에 적힌 문구는 무엇인가요?,99% 살균 인체무해,반찬은 셀프바 이용 부탁드립니다,손님은 위생을 꼭 지켜주세요,음식은 남기지 마세요,b
train_5564.jpg,train/train_5564.jpg,이 이미지에 적힌 문구 중 커피와 디저트에 대해 희망하는 내용은 무엇인가요?,Dessert,A Twosome Place,WE HOPE OUR COFFEE & DESSERTS FILL YOUR DAYS,A Twosome Place Presents Pleasant Coffee & Dessert Experience.,c
train_5565.jpg,train/train_5565.jpg,이 편의점 출입문에 붙어 있는 노브랜드 관련 문구에서 노브랜드 상품을 구매할 수 있는 곳은 어디인가요?,노브랜드 매장,온라인 쇼핑몰,이마트24 편의점,편의점24,c
train_5566.jpg,train/train_5566.jpg,이 과자 봉지에 적힌 과자의 종류는 무엇인가요?,CASAVA CHIPS,SWEET POTATO CHIPS,POTATO CHIPS,TARO CHIPS,a
train_5567.jpg,train/train_5567.jpg,위 사진의 초록색 도로 표지판에 표시된 '성읍'의 숫자는 무엇입니까?,3,1,4,2,d
train_5569.jpg,train/train_5569.jpg,캐리마켓 패밀리세일 기간은 언제부터 언제까지인가요?,8.11 ~ 8.20,9.1 ~ 9.10,7.20 ~ 7.30,8.1 ~ 8.10,a
train_5570.jpg,train/train_5570.jpg,이 포켓몬 카드의 이름은 무엇인가요?,뷰티플라이,파이리,이상해씨,피카츄,a
train_5571.jpg,train/train_5571.jpg,이 상품의 이름은 무엇인가요?,Drink缶バッジ Collection,Drink缶バッジ Series,Drink缶バッジ Pack,Drink缶バッジ Set,a
train_5572.jpg,train/train_5572.jpg,사진 속 파란색 표지판에 적힌 도로명은 무엇인가요?,아차산로7길,성락성결교회,성수2가7동 주민센터,공영주차장,a
train_5573.jpg,train/train_5573.jpg,이 사진에 보이는 보드게임카페의 이름은 무엇인가요?,Red Button,상상의문,Blue Elephant,New Aura,a
train_5574.jpg,train/train_5574.jpg,"Dublins Horse and Carriages 가격표에 따르면, 'Dublin Castle / City Hall'의 가격은 얼마인가요?",€50,€30,€40,€60,c
train_5575.jpg,train/train_5575.jpg,화면에 보이는 치킨텐더 샐러드의 가격은 얼마인가요?,"\16,500","\10,000","\15,500","\6,000",c
train_5576.jpg,train/train_5576.jpg,이 사진에 보이는 자동차 번호판의 번호는 무엇인가요?,39고 5023,39고 5302,39고 5033,39고 5032,d
train_5577.jpg,train/train_5577.jpg,사진 속에 보이는 오뚜기 컵밥 포장지에 적힌 문구는 무엇인가요?,신제품 출시,20% UP,10% 할인,30% 증량,b
train_5578.jpg,train/train_5578.jpg,화장실에서 올바른 사용법으로 표시된 것은 무엇인가요?,변기 위에 올라가서 사용한다,변기 옆에 앉아서 사용한다,변기에 앉아서 사용한다,변기 앞에 서서 사용한다,c
train_5579.jpg,train/train_5579.jpg,"이 행사 포스터에 따르면, 2025 금융권 공동채용 박람회의 주최 기관 중 하나가 아닌 것은?",생명보험협회,한국무역협회,금융투자협회,은행연합회,b
train_5583.jpg,train/train_5583.jpg,이 포스터에서 소개하는 냉동식품의 시작 가격은 얼마인가요?,"2,900원부터","2,800원부터","3,000원부터","4,900원부터",a
train_5585.jpg,train/train_5585.jpg,이 사진에서 보이는 현수막에 적힌 문구는 무엇인가요?,평화시장 주차장은 무료입니다.,이제 그만! 담배꽁초 무단투기!,"오늘은 비가 옵니다, 우산을 챙기세요.",환영합니다! 평화시장 방문을 환영합니다.,b
train_5586.jpg,train/train_5586.jpg,이 도로 표지판에 적힌 문구는 무엇을 알리고 있나요?,횡단보도입니다,주차금지 구역입니다,도로 공사 중입니다,어린이보호구역 여기부터 속도를 줄이시오,d
train_5587.jpg,train/train_5587.jpg,수제 어묵 고로케 가게에서 판매하지 않는 고로케 종류는 무엇인가요?,김치 어묵고로케,고구마 어묵고로케,불고기 어묵고로케,치즈 어묵고로케,c
train_5588.jpg,train/train_5588.jpg,이 천에 적힌 글씨는 무엇인가요?,감귤 창고 감자밭,감자 창고 미깡밭,미깡 창고 감귤밭,감귤 창고 미깡밭,c
train_5589.jpg,train/train_5589.jpg,벽에 붙은 안내문에 따르면 계단 이동 시 주의할 점은 무엇인가요?,계단을 오를 때 휴대전화 사용 금지,"미끄럼·낙상 주의, 난간을 꼭 잡고 이동할 것",계단을 두 줄로 올라갈 것,계단에서 뛰지 말 것,b
train_5590.jpg,train/train_5590.jpg,이 가게에서 오후 8시까지 할인하는 메뉴는 무엇인가요?,어묵우동탕,맵닭골뱅이무침,매콤해우동,아이스 생맥주,d
train_5591.jpg,train/train_5591.jpg,이 음료수 병에 적혀 있는 브랜드 이름은 무엇인가요?,fanta,sprite,rivella,cola,c
train_5593.jpg,train/train_5593.jpg,이 건물에서 '강진숯불갈비'는 어느 층에 위치해 있나요?,3층,5층,1층,7층,a
train_5595.jpg,train/train_5595.jpg,사진 속 노란색 간판에 적힌 상호명은 무엇인가요?,S-mart,Speed 부동산,동전자,아이 이쁘다,a
train_5596.jpg,train/train_5596.jpg,이 가게의 이름은 무엇인가요?,참치정육점,참치학교,영조어패류,얼음,a
train_5597.jpg,train/train_5597.jpg,이 카페의 와이파이 비밀번호는 무엇인가요?,KT_GIGA_8A23,WiFi2024,Cafe1234,0cda4dh696,d
train_5598.jpg,train/train_5598.jpg,다음 중 이미지에 보이는 제품의 이름으로 올바른 것은 무엇인가요?,동원 참치,동원 스팸,스팸 클래식 싱글,스팸 클래식 싱글과 동원 고추참치,d
train_5600.jpg,train/train_5600.jpg,이 트램이 향하는 목적지는 어디인가요?,Causeway Bay,Happy Valley,Kennedy Town,Central,c
train_5601.jpg,train/train_5601.jpg,사진에 보이는 카페의 이름은 무엇인가요?,EDIYA COFFEE,HOLLYS COFFEE,PASCUCCI,STARBUCKS,c
train_5602.jpg,train/train_5602.jpg,이 교차로의 오른쪽에 있는 큰 건물의 이름은 무엇인가요?,서울시립도서관,서울시립미술관,서울시립대학교 병원,서울시립대학교,d
train_5603.jpg,train/train_5603.jpg,이미지 속 선반에 있는 '카밀 핸드 크림'의 가격은 얼마인가요?,"6,000원","2,430원","2,900원","4,600원",b
train_5604.jpg,train/train_5604.jpg,서울국제정원박람회가 열리는 기간은 언제부터 언제까지인가요?,2026년 5월 1일부터 10월 27일까지,2026년 4월 1일부터 9월 30일까지,2026년 3월 1일부터 8월 31일까지,2026년 6월 1일부터 11월 30일까지,a
train_5606.jpg,train/train_5606.jpg,식당 출구로 가기 위해서 어떻게 해야 한다고 안내되어 있나요?,계단으로 이동 후 19층 엘리베이터를 이용하세요.,직접 엘리베이터를 타고 19층으로 올라가세요.,계단으로 이동 후 20층 엘리베이터를 이용하세요.,직접 엘리베이터를 타고 20층으로 올라가세요.,a
train_5607.jpg,train/train_5607.jpg,이 이미지에 보이는 돈까스 제품 이름은 무엇인가요?,오리지널 돈까스,리야 새우,디지게 매운 돈까스,매운 소스 돈까스,c
train_5608.jpg,train/train_5608.jpg,이 표지판에 적힌 문구 중 CCTV가 작동 중이라는 내용을 정확히 표현한 것은 무엇인가요?,에스원 경비 중,에스원 CCTV 작동중,에스원 CCTV 정지,에스원 출입금지,b
train_5610.jpg,train/train_5610.jpg,이곳은 어떤 종류의 공간인가요?,회의실,휴게실,SELF CAFE,자판기 코너,c
train_5611.jpg,train/train_5611.jpg,가게 간판에 적힌 문구는 무엇인가요?,HONG KONG STAY HAPPY,HONG KONG BE HAPPY,HONG KONG BE BRAVE,HONG KONG STAY STRONG,b
train_5612.jpg,train/train_5612.jpg,순찰자전용 거점주차구역의 주간 거점시간은 언제인가요?,14:00 ~ 16:00,12:00 ~ 14:00,21:00 ~ 00:00,16:00 ~ 18:00,a
train_5613.jpg,train/train_5613.jpg,VOLT BEAN 요일 이벤트에서 금요일에 할인하는 음료는 무엇인가요?,딸기라떼,복숭아아이스티,자두에이드,다크원아메리카노,c
train_5614.jpg,train/train_5614.jpg,메뉴판에 따르면 '삼겹두루치기'의 가격은 얼마인가요?,"22,000","20,000","15,000","18,000",b
train_5615.jpg,train/train_5615.jpg,사진 속 식당의 이름은 무엇인가요?,그릴 하우스,고기 천국,마장동 김씨,레드 버튼,c
train_5616.jpg,train/train_5616.jpg,이 카페의 이름은 무엇인가요?,투썸플레이스,이디야커피,스타벅스,빽다방,d
train_5618.jpg,train/train_5618.jpg,이 사진에 보이는 세 가게 중 중앙에 위치한 가게의 이름은 무엇인가요?,삼물 지역 농협,풍년 떡집·방앗간,맛깔반찬,연창역 이번지,c
train_5619.jpg,train/train_5619.jpg,사진 속 멀티캠퍼스(역삼) 주간메뉴표에 따르면 7월 23일 목요일 도시락 메뉴 중에 포함된 음식은 무엇인가요?,돼지고기김치볶음,닭갈비,소불고기,대파매운족발구이,d
train_5620.jpg,train/train_5620.jpg,사진에 보이는 바다 근처 공원에 설치된 조형물에 적힌 글자는 무엇인가요?,LOVE,PEACE,HOPE,HAPPY,a
train_5621.jpg,train/train_5621.jpg,사진 속 건물에 크게 보이는 브랜드 이름은 무엇인가요?,Heineken,Corona,Guinness,Budweiser,a
train_5622.jpg,train/train_5622.jpg,이 구호용품보관함 안에 비치되어 있는 마스크는 어떤 상황에서 사용하라고 적혀 있나요?,지진 발생 시 사용,홍수 발생 시 사용,화재 발생 시 사용,정전 시 사용,c
train_5625.jpg,train/train_5625.jpg,이 건물에 있는 간판 중 영어 학원을 의미하는 곳은 어디인가요?,LUMI ON,애로우 잉글리시,용용선생,게임캠퍼스,b
train_5626.jpg,train/train_5626.jpg,건물에 적힌 대학 이름은 무엇인가요?,고려대학교,건국대학교,서울대학교,연세대학교,b
train_5627.jpg,train/train_5627.jpg,이 간판에 적힌 빵집 이름은 무엇인가요?,聰明小熊?乾專門店,Jenny Bakery,文具 STATIONERY,珍?曲奇聰明小熊,b
train_5628.jpg,train/train_5628.jpg,왼쪽 가게 간판에 적힌 전화번호는 무엇인가요?,T.827-1717,T.826-1717,T.827-1008,T.826-1008,d
train_5629.jpg,train/train_5629.jpg,이 건물의 간판에 적힌 글자는 무엇인가요?,AOB,OAB,BOA,BAO,d
train_5630.jpg,train/train_5630.jpg,'선로출입문 출입절차' 안내문에 따르면 비정기적 선로출입 시 반드시 받아야 하는 것은 무엇인가요?,출입 허가증 발급,사전 신고서 제출,출입 등록 카드 작성,사전 통보 후 통제,d
train_5631.jpg,train/train_5631.jpg,사진에 보이는 '알레드제로'의 정제 용량은 얼마인가요?,120 mg,240 mg,180 mg,60 mg,a
train_5633.jpg,train/train_5633.jpg,사진 속 봉투에 적힌 상호명은 무엇인가요?,맛있는 집,서울 빵집,"여기, 구움",행복한 카페,c
train_5634.jpg,train/train_5634.jpg,이미지에 보이는 책 중에서 '취업성공 후기집'이라는 제목의 책을 제공하는 곳은 어디인가요?,네이버,삼성전자,서울대학교,SSAFY 취업지원센터,d
train_5635.jpg,train/train_5635.jpg,이 간판에 적힌 약국의 이름은 무엇인가요?,행복약국,서울약국,팜스약국,건강약국,c
train_5636.jpg,train/train_5636.jpg,이 가게의 이름은 무엇인가요?,PleaseMangoMany,MangoPleaseMany,ManyMangoPlease,MangoManyPlease,d
train_5637.jpg,train/train_5637.jpg,"""""어제가 내일이었으면 좋겠다. 그럼 오늘이 금요일일 텐데...""""라는 문장에서 오늘은 무슨 요일인가요?",목요일,수요일,일요일,금요일,c
train_5638.jpg,train/train_5638.jpg,이 도로의 제한 속도는 얼마인가요?,50 km/h,30 km/h,20 km/h,40 km/h,b
train_5639.jpg,train/train_5639.jpg,케이블TV 방송 단체서비스 월 이용료가 변경되어 얼마가 되었나요?,"변경 전 월 5,000원 → 변경 후 월 6,000원","변경 전 월 6,000원 → 변경 후 월 7,000원","변경 전 월 3,800원 → 변경 후 월 4,200원","변경 전 월 4,400원 → 변경 후 월 5,500원",d
train_5640.jpg,train/train_5640.jpg,이 사진에 걸려 있는 글씨는 무엇을 알리고 있나요?,2024 혼디 환영회,2023 혼디 송년회,2024 혼디 송년회,2024 혼디 신년회,c
train_5641.jpg,train/train_5641.jpg,이 건물에 입주한 병원 또는 클리닉 중 '성형외과'가 적힌 곳은 어디인가요?,CU 편의점,법무법인 새명,이민음치과,리앤웰성형외과,d
train_5642.jpg,train/train_5642.jpg,오른쪽 안내문에 적힌 내용 중 맞는 것은 무엇인가요?,도시락 드시는 고객께서는 직원에게 불러주세요.,도시락 드시는 고객께서는 직원을 불러주세요. :),도시락 드시는 고객께서는 직원에게 직접 결제해 주세요.,도시락 드시는 고객께서는 셀프로 도시락을 가져가세요.,b
train_5645.jpg,train/train_5645.jpg,천장에 설치된 기기의 브랜드는 무엇인가요?,EPSON,LG,삼성,SONY,a
train_5646.jpg,train/train_5646.jpg,이 영화 예매권에 적힌 영화 제목은 무엇인가요?,탑 건 (2D 광음 4K),인터스텔라 (3D),기생충 (4D),어벤져스 (IMAX),a
train_5647.jpg,train/train_5647.jpg,이 사진 속 철제 보관함에 적힌 글자는 무엇인가요?,공지사항,자전거,소화기,소독제,c
train_5648.jpg,train/train_5648.jpg,이 사진에 보이는 은행의 이름은 무엇인가요?,국민은행,하나은행,우리은행,신한은행,c
train_5649.jpg,train/train_5649.jpg,이 영화관의 이름은 무엇인가요?,MOVIE PALACE,SHONAN CINEMA HALL,109 CINEMAS SHONAN,CINEMA PARK,c
train_5650.jpg,train/train_5650.jpg,이 사진 속 에어컨 실외기 브랜드는 무엇인가요?,캐리어,LG,대우,삼성,d
train_5652.jpg,train/train_5652.jpg,폴메디슨 히알루론산 아이크림의 할인 전 가격은 얼마인가요?,"17,900원","14,000원","4,000원","69,000원",d
train_5653.jpg,train/train_5653.jpg,이 사진에 보이는 가게의 이름은 무엇인가요?,서울베이커리,서울샐러드,서울커피,서울식당,b
train_5654.jpg,train/train_5654.jpg,사진에 보이는 간판 중에서 '미용실'이라고 적힌 곳의 이름은 무엇인가요?,노블레스 홈쇼핑,emart24,행운 미용실,이안식당,c
train_5655.jpg,train/train_5655.jpg,책 제목 'FLUSH 똥'의 부제는 무엇인가요?,일상 속 과학 이야기,재미있는 생물학 탐험,뜻밖의 보물에 숨겨진 놀라운 과학,화학의 신비를 풀다,c
train_5656.jpg,train/train_5656.jpg,이 표지판에 적힌 전화번호는 무엇인가요?,031-123-4567,010-9876-5432,032-937-5800,042-555-1234,c
train_5657.jpg,train/train_5657.jpg,사진 속 음료 캔에 적힌 칼로리 정보는 무엇인가요?,200 kcal,100 kcal,50 kcal,0 kcal,d
train_5659.jpg,train/train_5659.jpg,이 건물 간판에 적힌 업소 이름은 무엇인가요?,서울커피,부산마사지,서울안마,인천안마,c
train_5660.jpg,train/train_5660.jpg,이 사진에 보이는 간판의 상호명은 무엇인가요?,교차로,헤어갤러리,카페베네,톤미플,b
train_5661.jpg,train/train_5661.jpg,"이 기계에 붙어 있는 안내문에 따르면, 쾌적한 실내공기를 위해 누가 환기장치를 설치했나요?",부산시청,부산도시철도,한국전력,환경부,b
train_5662.jpg,train/train_5662.jpg,'간부RC 역량강화과정' 강의가 열리는 날짜는 언제인가요?,8월 20일(목),8월 23일(일),8월 21일(금),8월 22일(토),c
train_5663.jpg,train/train_5663.jpg,사진 속 상점 중 세일(SALE) 표시가 보이는 곳은 어디인가요?,BEBENORI,ALLERMAN,STYLE 21st.,그린오피스,a
train_5664.jpg,train/train_5664.jpg,이 식당의 전화번호는 무엇인가요?,010-5555-6666,02-123-4567,033-632-1567,031-987-6543,c
train_5665.jpg,train/train_5665.jpg,이 주차장 입구의 통과 높이 제한은 얼마인가요?,2.1m,2.5m,3.0m,2.3m,d
train_5666.jpg,train/train_5666.jpg,이 건물의 2층에 위치한 내과 병원의 이름은 무엇인가요?,옥계내과,다원동종의학과의원,이 지 학 원,보새한의원,a
train_5667.jpg,train/train_5667.jpg,'아이&아이' 무인할인점에서 24시간 판매하는 상품이 아닌 것은?,음료,과자,의류,아이스크림,c
train_5668.jpg,train/train_5668.jpg,이 공인중개사 사무소 간판에 적힌 전화번호는 무엇인가요?,451-1355,987-6543,123-4567,407-5800,d
train_5669.jpg,train/train_5669.jpg,이곳에서 볼 수 있는 편의점의 이름은 무엇인가요?,7-Eleven,GS25,CU,이마트24,b
train_5670.jpg,train/train_5670.jpg,메뉴판에 적힌 '여름철 메뉴'에서 '서리태 냉 콩국수'의 가격은 얼마인가요?,"5,000원","7,000원","12,000원","8,000원",d
train_5671.jpg,train/train_5671.jpg,이 벽에 설치된 설비의 명칭은 무엇인가요?,소화기,엘리베이터 안내,피난계획도,소화전,d
train_5672.jpg,train/train_5672.jpg,이 간판에 적힌 글귀는 무엇인가요?,일본 가정식 살림살이,중국 요리 전문점,이탈리아 피자 가게,한국 전통 음식 전문점,a
train_5673.jpg,train/train_5673.jpg,사진 속 가게의 이름은 무엇인가요?,해물쑥 아이스크림,시작한 집,찹쌀떡 딸기,여수당,d
train_5674.jpg,train/train_5674.jpg,beige 색상의 양초에 적힌 문구는 무엇인가요?,활력: 에너지를 북돋아 주는 향,마무리: 오래도록 마음에 남는 향,시작: 새로운 하루의 첫 페이지를 열어보세요,휴식: 편안한 저녁 시간을 위한 향,c
train_5675.jpg,train/train_5675.jpg,이 사진에 보이는 그릇 세트에 적혀 있는 내용 중 맞는 것은 무엇인가요?,COFFEE,PEPPER,SALT SHAKER,SUGAR,b
train_5676.jpg,train/train_5676.jpg,이 안내문에서 '발빠짐 주의'라는 문구가 의미하는 것은 무엇인가요?,승강장에 미끄러운 물이 있으니 조심하라는 뜻,승강장 문이 갑자기 닫히니 조심하라는 뜻,열차가 빠르게 출발하니 조심하라는 뜻,열차와 승강장 사이의 간격이 넓으니 조심하라는 뜻,d
train_5677.jpg,train/train_5677.jpg,사진 속 상품 중 1+1 행사로 판매되고 있는 것은 무엇인가요?,하몽 소다 크래커,일품 곱창볶음,감성 깡냉이,김치왕교자,a
train_5678.jpg,train/train_5678.jpg,이 이미지에 적힌 문구는 무엇인가요?,희망은 언제나 우리 곁에,"우린 초라, 해져도 다시 빛나",빛나는 미래를 위해,"우리 함께 걷자, 영원히",b
train_5679.jpg,train/train_5679.jpg,이 사진에서 보이는 큰 길 입구에 있는 문은 무엇이라고 적혀 있나요?,雷門,ストレスをなくすための皆さんに,日本トムソン,太田買取,a
train_5680.jpg,train/train_5680.jpg,이 건물의 7층에 위치한 치과의 이름은 무엇인가요?,하이치과,엠마뷰티아카데미,센텀이비인후과,더바디테라피,a
train_5681.jpg,train/train_5681.jpg,글빛도서관 1층에 없는 자료실은 무엇인가요?,자료실1_일반도서,자료실2_일반도서,자료실1_아동,자료실1_그림,b
train_5682.jpg,train/train_5682.jpg,사진 속에서 '그래놀라'의 가격은 얼마인가요?,"5,480원","4,980원","5,980원","2,300원",c
train_5683.jpg,train/train_5683.jpg,이 건물의 1층에는 어떤 업종이 입주해 있나요?,피트니스 센터,자전거 대여,커피숍,서점,b
train_5684.jpg,train/train_5684.jpg,이 엘리베이터 안에 붙어있는 포스터는 무엇을 축하하는 내용인가요?,삼성 임직원 복지 프로그램 안내,삼성전자 신제품 출시 축하,삼성청년 SW·AI아카데미 16기 입학 축하,엘리베이터 안전 수칙 안내,c
train_5686.jpg,train/train_5686.jpg,이 이미지 속에 보이는 간식의 맛은 무엇인가요?,바닐라 맛,딸기 맛,레몬 버터 맛,초콜릿 맛,c
train_5687.jpg,train/train_5687.jpg,이 가게의 Orange Bagel은 어떤 재료로 만들었나요?,100% 오렌지 과즙과 이탈리아산 밀가루,100% 레몬 과즙과 프랑스산 밀가루,100% 오렌지 과즙과 프랑스 & 캐나다산 밀가루,100% 사과 과즙과 미국산 밀가루,c
train_5688.jpg,train/train_5688.jpg,이 제품의 이름은 무엇인가요?,쑥인절미,호박인절미,팥인절미,단호박떡,b
train_5689.jpg,train/train_5689.jpg,이 교차로에서 지켜야 할 제한 속도는 무엇인가요?,80 km/h,50 km/h,30 km/h,60 km/h,b
train_5690.jpg,train/train_5690.jpg,이 사진 속 표지판에 적힌 도로 이름은 무엇인가요?,역삼로 12길,테헤란로 33길,삼성로 21길,강남대로 45길,b
train_5691.jpg,train/train_5691.jpg,이 이미지에서 레몬 맛 젤로(JELL-O)의 가격은 얼마인가요?,$5.99,$2.49,$1.79,$2.99,b
train_5693.jpg,train/train_5693.jpg,이 건물의 간판에 적힌 상호명(가게 이름)은 무엇인가요?,롯데마트,도라에몽,이마트,돈키호테,d
train_5694.jpg,train/train_5694.jpg,이 버스 정류장의 이름은 무엇인가요?,부산역,임랑삼거리,해운대,포구,b
train_5695.jpg,train/train_5695.jpg,아이스크림 컵에 적혀 있는 상호명은 무엇인가요?,서울우유,상하목장,롯데제과,빙그레,b
train_5696.jpg,train/train_5696.jpg,"특실 서비스 변경 안내에 따르면, 특실물품은 어디에서 셀프 서비스로 제공되나요?",객실 내 뒤편(테이블),객실 복도,객실 내 앞편(의자),객실 내 창가 쪽,a
train_5698.jpg,train/train_5698.jpg,마징가부동산에서 전문적으로 취급하는 매물 종류가 아닌 것은 무엇인가요?,"아파트, 오피스텔","자동차, 오토바이","토지, 상가","빌딩, 건물",b
train_5701.jpg,train/train_5701.jpg,사진 속 옷 라벨에 적혀 있지 않은 문구는 무엇인가요?,100% cotton material,MADE IN KOREA_OMNIBUS,Made with organic cotton,basic and simple_colorful,c
train_5702.jpg,train/train_5702.jpg,이 안내문에서 과실수 병해충 예방을 위해 사용한 것은 무엇인가요?,비료 살포,가지치기,농약 살포,물 주기,c
train_5705.jpg,train/train_5705.jpg,이 건물에 있는 노래방 이름은 무엇인가요?,야채랑 과일나라,독일보험,PRO BIT.,청개구리 노래방,d
train_5706.jpg,train/train_5706.jpg,이 건물 안내판에 따르면 1층에 있는 곳은 어디인가요?,국민은행 ATM,정반 강남시험센터,세미나홀 임대,스타벅스와 GS25,d
train_5708.jpg,train/train_5708.jpg,이 노란색 표지판에는 무엇에 대해 경고하고 있나요?,불법주·정차 CCTV 단속 중,과속 차량 단속 중,주차 요금 안내,쓰레기 무단 투기 금지,a
train_5709.jpg,train/train_5709.jpg,이 가게의 상호명은 무엇인가요?,모던베이커리,빵굽는집,모카베이커리,코롬방 제과점,d
train_5710.jpg,train/train_5710.jpg,이 건물 입구에 적혀 있는 노래방의 이름은 무엇인가요?,노래방,강남공인중개사,비타민,연습장,c
train_5711.jpg,train/train_5711.jpg,이 건물 외벽에 적힌 글자는 무엇인가요?,Better Book,Butter Book,Battery Book,Bitter Book,b
train_5712.jpg,train/train_5712.jpg,이 분리수거함에서 파란색 뚜껑이 붙은 통에는 어떤 쓰레기를 버리나요?,재활용품,종량제 봉투,일반 쓰레기,음식물 쓰레기,c
train_5715.jpg,train/train_5715.jpg,이 사진 속의 공원 이름은 무엇인가요?,장지문화공원,한강시민공원,서울숲공원,남산공원,a
train_5716.jpg,train/train_5716.jpg,이 건물에 적힌 간판 중 '진성정밀' 간판에 적힌 내용으로 맞는 것은 무엇인가요?,200T 보링,100T 보링,50T 보링,150T 보링,b
train_5717.jpg,train/train_5717.jpg,아래 안내문에 적힌 '역곡 1호점'의 전화번호는 무엇인가요?,032-343-9970,032-343-2340,080-478-9247,080-080-0808,a
train_5718.jpg,train/train_5718.jpg,"사진 속 안내판에 따르면, 이용고객이 안전과 편의를 위해 이용해야 하는 것은 무엇인가요?",출입금지 구역,엘리베이터,노란안전선 안에 탑승,계단 또는 에스컬레이터,d
train_5719.jpg,train/train_5719.jpg,이 식당에서 뼈해장국의 가격은 얼마인가요?,"1,000원","9,000원","8,000원","10,000원",d
train_5720.jpg,train/train_5720.jpg,빨간색 책 표지에 적힌 책 제목은 무엇인가요?,요조와 임경선의 교환일기,문학동네,여자로 살아가는 우리들에게,교토의 밤 산책,c
train_5721.jpg,train/train_5721.jpg,이 사진에 보이는 교차로 신호등의 현재 신호는 무엇인가요?,깜빡이는 빨간불,노란불,빨간불,파란불,c
train_5723.jpg,train/train_5723.jpg,이 표지판에 따르면 'The Cuckoo'까지의 거리는 얼마인가요?,2km,9km,3km,0.7km,a
train_5724.jpg,train/train_5724.jpg,기둥에 붙어 있는 포스터에 적힌 문구는 무엇인가요?,"THANKS, GREEN",GO GREEN NOW,SAVE THE PLANET,"HELLO, WORLD",a
train_5725.jpg,train/train_5725.jpg,"반미 362 세트 메뉴에서 10,000원에 포함된 메뉴는 무엇인가요?",반미샌드위치 + 쌀국수 + 캔음료,반미샌드위치 + 아메리카노,반미샌드위치 + 쌀국수,반미샌드위치 + 콜라,b
train_5727.jpg,train/train_5727.jpg,리틀 그라운드 매장 벽에 적힌 문구 중 어떤 내용이 포함되어 있나요?,전 세계 다양한 브랜드 소개와 인큐베이팅을 통해 글로벌 트렌드를 만들어가는 감성 공간입니다.,리틀 그라운드는 전자제품을 판매하는 매장입니다.,리틀 그라운드는 식료품을 주로 판매하는 매장입니다.,리틀 그라운드는 성인 의류 전문 매장입니다.,a
train_5728.jpg,train/train_5728.jpg,사진에 보이는 '허니뻥이요' 과자의 가격은 얼마인가요?,"2,300원","2,100원","1,700원","2,000원",b
train_5729.jpg,train/train_5729.jpg,이 사진에 나온 대한지방행정공제회의 2026년도 신입직원 채용 필기전형 시험 날짜는 언제인가요?,2026년 6월 6일,2026년 5월 6일,2025년 6월 6일,2026년 7월 6일,a
train_5730.jpg,train/train_5730.jpg,이 건물 입구에 붙어 있는 '위험' 표지판 아래에 적혀 있는 문구는 무엇인가요?,전기위험,출입금지,화재주의,고압가스,d
train_5731.jpg,train/train_5731.jpg,이 건물 3층에 위치한 병원의 진료과목은 무엇인가요?,치과,피부과,소아과,내과,b
train_5732.jpg,train/train_5732.jpg,2025 환경데이터 활용 및 분석 공모전 3차 평가에 참가한 팀 이름은 무엇인가요?,BAM,GREEN,ECO,DATA,a
train_5733.jpg,train/train_5733.jpg,사진 속 상가 임대 안내문에 적힌 전화번호는 무엇인가요?,010 1234-5678,010 3888.0113,010 5555-5555,010 9468-1233,b
train_5734.jpg,train/train_5734.jpg,사진 속 건물에 있는 '조은안과' 간판에 적힌 연락처는 무엇인가요?,031-987-6543,646-5055,02-123-4567,653-0000,b
train_5736.jpg,train/train_5736.jpg,이 소화전 사용법 중 두 번째 단계는 무엇인가요?,벨브열기,소화기 사용,호스 빼내기,불 끄기,a
train_5737.jpg,train/train_5737.jpg,이 포스터에서 보호하고자 하는 대상은 무엇인가요?,성인 도박꾼,우리 아이들,학생의 학업권,스포츠 선수,b
train_5738.jpg,train/train_5738.jpg,이 식당의 이름은 무엇인가요?,서울식당,백종원의 삼계탕,맛있는 국수집,홍콩반점 0410,d
train_5740.jpg,train/train_5740.jpg,이 사진에서 보이는 건물 이름은 무엇인가요?,메디타워,서울타워,코엑스,테헤란로 빌딩,a
train_5741.jpg,train/train_5741.jpg,이 제품의 정식 명칭은 무엇인가요?,multivitamin gummy jelly,energy star multivitamins,HerbaLand vegetarian vitamin,HerbaLand energy booster,b
train_5742.jpg,train/train_5742.jpg,이 도로 표지판에 따르면 '언주로'까지 얼마나 떨어져 있나요?,300m,500m,1km,100m,a
train_5745.jpg,train/train_5745.jpg,사진 속 주황색 표지판에 적힌 내용은 무엇인가요?,주차금지 호재마트앞,주차가능 호재마트앞,주차가능 관리사무소앞,주차금지 관리사무소앞,a
train_5746.jpg,train/train_5746.jpg,이 제품의 이름은 무엇인가요?,스태프 PICK,비누 & 데일리 세트,프레쉬 핸드 크림,우드 룸 스프레이,d
train_5747.jpg,train/train_5747.jpg,빵·케이크 보관 안내에 따르면 기본 보관 시간은 얼마인가요?,1시간,2시간,3시간,4시간,c
train_5748.jpg,train/train_5748.jpg,이 간판에 적힌 영화관 이름은 무엇인가요?,신영 독립예술극장,새신영약국,정신건강의학과,성형외과,a
train_5749.jpg,train/train_5749.jpg,사진 속 'ma:n'yo' 제품의 종류는 무엇인가요?,Pure Cleansing Oil,White Velvet Perfume Hand Wash,Facial Toner,Body Lotion,a
train_5752.jpg,train/train_5752.jpg,다음 중 식당 출구 안내문에 적힌 내용으로 맞는 것은 무엇인가요?,식당 출구는 오른쪽 계단 옆에 있습니다,엘리베이터를 타고 바로 식당 출구로 이동하세요,식당 출구는 통역실 옆에 있습니다,계단으로 이동 후 19층 엘리베이터를 이용해주세요,d
train_5753.jpg,train/train_5753.jpg,사진 속 트럭에 적혀 있는 전화번호는 무엇인가요?,02-3456-7890,010-1234-5678,1588-7924,031-9876-5432,c
train_5755.jpg,train/train_5755.jpg,이 건물에 입주해 있는 스튜디오의 이름은 무엇인가요?,메이크유 스튜디오,메이크업 아트 스튜디오,엄가네,양반네 연돈 삼겹구이,a
train_5756.jpg,train/train_5756.jpg,이 차단바에 적힌 문구 중 운전자가 주의해야 할 내용은 무엇인가요?,주차장 입구 주차금지,차단바 접촉사고 주의 파손시 운전자 배상책임,주차장 출구에서 정차 필수,차단바는 자동으로 열림,b
train_5757.jpg,train/train_5757.jpg,이 표지판에 적힌 내용은 무엇인가요?,양방향 주차장,일방통행 주차장,주차금지 구역,통행금지 구역,b
train_5758.jpg,train/train_5758.jpg,이 문에 붙어 있는 주의 문구 중 '반대편 사람 주의!'라는 문구에서 설명하는 것은 무엇인가요?,문 뒤에 사람이 있을 수 있다,문이 열려 있다,문이 자동으로 닫힌다,문이 잠겨 있다,a
train_5759.jpg,train/train_5759.jpg,사진 속 경고문에 따르면 엘리베이터 문에 어떤 행동을 하면 위험한가요?,뛰어들지 마시오,기대면 추락 위험,손대지 마시오,문을 잡아당기지 마시오,b
train_5760.jpg,train/train_5760.jpg,진웨이성 메뉴판에서 짜장면 가격은 얼마인가요?,"8,500","7,000","10,000","17,000",b
train_5761.jpg,train/train_5761.jpg,이 건물에 있는 진료 과목으로 올바른 것은 무엇인가요?,"정신과, 내과, 소아과","정형외과, 내과, 소아과","치과, 피부과, 내과","정형외과, 치과, 피부과",b
train_5764.jpg,train/train_5764.jpg,이 사진 속 디저트 위에 적힌 글자는 무엇인가요?,달고래 바나나 소주,달고나 바나나 소주,밤고래 바나나 주스,밤고래 바나나 소주,d
train_5765.jpg,train/train_5765.jpg,이 매장의 브랜드 이름은 무엇인가요?,STARBUCKS,GODIVA,TWOSOME PLACE,LAVAZZA,b
train_5766.jpg,train/train_5766.jpg,사진 속 LP 앨범 표지에 적힌 영화 제목은 무엇인가요?,JUSTIN HURWITZ,MUSIC BY J?HANN J?HANNSSON,LA LA LAND,ORIGINAL MOTION PICTURE SOUNDTRACK,c
train_5767.jpg,train/train_5767.jpg,이 사진 속 매장 앞에 설치된 '티켓박스' 안내문에 적힌 화살표 방향은 어디를 가리키고 있나요?,아래쪽,왼쪽,위쪽,오른쪽,b
train_5768.jpg,train/train_5768.jpg,이 이미지에 보이는 퍼즐의 브랜드 이름은 무엇인가요?,HUZZLE,PUZZLE KING,LOGIC PUZZLE,CASTLE PUZZLE,a
train_5769.jpg,train/train_5769.jpg,냉장고에 들어있는 캔 음료의 브랜드 이름은 무엇인가요?,Sprite,All Free,Pepsi,Coca Cola,b
train_5770.jpg,train/train_5770.jpg,이 간판에 적혀 있는 글자는 무엇인가요?,BOOK STORE,SNACK BAR,FLOWER SHOP,COFFEE SHOP,b
train_5772.jpg,train/train_5772.jpg,이미지에 보이는 카드 중 노란색 카드에 적힌 숫자는 무엇인가요?,8,2,0,7,a
train_5774.jpg,train/train_5774.jpg,이 가게 간판에 적혀 있는 문구는 무엇인가요?,Open 24 hours,매일 신선함,"Always, 365 fresh",Fresh every day,c
train_5775.jpg,train/train_5775.jpg,이 가게의 이름은 무엇인가요?,HBAF ALMOND store,HBAF ALMOND mart,HAPPY ALMOND store,HBAL ALMOND store,a
train_5776.jpg,train/train_5776.jpg,이 건물에 있는 '메가타운약국'은 몇 층에 위치해 있나요?,1층,4층,3층,2층,d
train_5777.jpg,train/train_5777.jpg,종합안내도에서 축구장 옆에 있는 시설은 무엇이라고 적혀 있나요?,주차장,농구장 및 구장,테니스장,야외 공연장,a
train_5778.jpg,train/train_5778.jpg,사진 속 건물에 적힌 글씨 중에서 회계 및 세무 관련 서비스를 제공하는 곳의 이름은 무엇인가요?,제일정보컴퓨터학원,친환경수소전기버스,동남회계·세무법인,종로실용음악학원,c
train_5779.jpg,train/train_5779.jpg,이 건물에 입점해 있는 카페의 이름은 무엇인가요?,커피빈,스타벅스,TOUS les JOURS,이디야커피,c
train_5780.jpg,train/train_5780.jpg,이 건물 앞에 붙어 있는 표지판에 적힌 금연 안내 문구로 옳은 것은 무엇인가요?,흡연 가능 구역,흡연실은 지하 1층에 있음,건물 앞 흡연 허용,건물 앞 흡연 절대금지,d
train_5781.jpg,train/train_5781.jpg,이 시장의 이름은 무엇인가요?,광장시장,청량리시장,뚝도청춘시장,남대문시장,c
train_5782.jpg,train/train_5782.jpg,이 전동 킥보드에 붙어 있는 노란색 쪽지에 적힌 내용은 무엇인가요?,브레이크 고장!! 타면 아파요 안돼!!,Beam 전동 킥보드는 안전하게 사용하세요.,배터리가 방전되었습니다.,이 킥보드는 99.9% 항균 처리되었습니다.,a
train_5783.jpg,train/train_5783.jpg,이 책 표지에 적힌 잡지 이름은 무엇인가요?,Future WORLD,Galaxy MAGAZINE,Amazing STORIES,Astounding SCIENCE FICTION,d
train_5785.jpg,train/train_5785.jpg,이 그림에서 '싸피'라는 기회를 어떻게 대해야 한다고 적혀 있나요?,싸피라는 기회를 소중히,싸피라는 기회를 무시하자,싸피라는 기회를 잊자,싸피라는 기회를 남용하자,a
train_5786.jpg,train/train_5786.jpg,사진 속에서 '롯데 후라보노레이디'껌의 가격은 얼마인가요?,"\1,200",\500,"\2,000","\1,000",a
train_5787.jpg,train/train_5787.jpg,이 프링글스 감자칩의 맛은 무엇인가요?,치폴레 사워 크림,핫&스파이시,사워크림 어니언,바비큐,a
train_5788.jpg,train/train_5788.jpg,이 이미지의 계산대에 적혀 있는 상호명은 무엇인가요?,코스트코,이마트,홈플러스,롯데마트,d
train_5789.jpg,train/train_5789.jpg,이 편의점 복권 판매점의 영업시간은 언제까지인가요?,오전 8시부터 오후 8시까지,오전 7시부터 밤 11시까지,24시간 영업,오전 9시부터 오후 10시까지,b
train_5790.jpg,train/train_5790.jpg,대전시립미술관 3-4전시실에서 진행되는 전시 기간은 언제부터 언제까지인가요?,2026.7.23.~9.27.,2026.6.23.~9.27.,2023.7.23.~9.27.,2026.7.23.~8.27.,a
train_5791.jpg,train/train_5791.jpg,"이 지하철역에서 수인분당선, 2호선, 5호선으로 갈아타려면 어느 방향으로 가야 하나요?",위쪽으로 간다,왼쪽으로 간다,아래쪽으로 간다,오른쪽으로 간다,c
train_5792.jpg,train/train_5792.jpg,사진 속 간판에 적힌 '플스방'은 무엇의 줄임말인가요?,Play Soccer Room,Play Station Room,Play Store Room,Play School Room,b
train_5793.jpg,train/train_5793.jpg,이미지 속 티켓 두 장은 어떤 공연의 입장권인가요?,노트르담 드 파리,오페라의 유령,레 미제라블,캣츠,a
train_5795.jpg,train/train_5795.jpg,이 신문 2090호의 발행일은 언제인가요?,2023년 12월 31일,2024년 5월 1일,2024년 4월 1일,2023년 3월 15일,c
train_5796.jpg,train/train_5796.jpg,이 니트 조끼에 적혀 있는 문구는 무엇인가요?,MERRY CHRISTMAS,HAPPY HOLIDAYS,LET IT SNOW,SANTA! OMG I KNOW HIM!,d
train_5798.jpg,train/train_5798.jpg,이 도시락 포장지에 적힌 주요 메뉴는 무엇인가요?,치킨 데리야끼와 밥,불고기,김치찌개,비빔밥,a
train_5800.jpg,train/train_5800.jpg,이 간판에서 'PRESENT' 글자 중 빨간색으로 표시된 글자는 무엇인가요?,S,P,E,R,a
train_5801.jpg,train/train_5801.jpg,이 지하철 노선도에서 표시된 이 칸의 차량번호는 무엇인가요?,1102,1305,1234,1216,d
train_5802.jpg,train/train_5802.jpg,포키 초콜릿 과자의 이름에 적힌 한글은 무엇인가요?,포키크세,포키극새,포키극세,포키크새,c
train_5803.jpg,train/train_5803.jpg,사진에 보이는 'DAMTA' 매장은 어떤 종류의 매장인가요?,커피 전문점,의류 매장,24시 무인 매장,서점,c
train_5804.jpg,train/train_5804.jpg,이 자동차 정비소 간판에 적힌 영어 브랜드 이름은 무엇인가요?,CONTINENTAL,BRIDGESTONE,GOODYEAR,MICHELIN,c
train_5805.jpg,train/train_5805.jpg,이 대기표에서 '대기인수'는 몇 명인가요?,16명,5명,147명,41명,d
train_5806.jpg,train/train_5806.jpg,이 곳에서 제공하는 무료 와이파이의 ID는 무엇인가요?,GIGA_KT_0245,FREE_WIFI_01,KT_WIFI_2023,KT_GIGA_0245,d
train_5807.jpg,train/train_5807.jpg,이 초콜릿 제품의 카카오 함량은 얼마인가요?,70%,100%,99%,85%,c
train_5808.jpg,train/train_5808.jpg,'우리동네GS' 앱으로 편의점/마트를 이용할 때 GS Pay 결제 시 제공되는 혜택은 무엇인가요?,무료 배달,최대 5% 할인,최대 10% 할인+적립,3천원 할인,c
train_5809.jpg,train/train_5809.jpg,'03. 사각사각 바다소금촉' 키링에 적힌 알파벳은 무엇인가요?,HOME,LIFE,LOVE,HOPE,c
train_5810.jpg,train/train_5810.jpg,위 이미지에 표시된 장소는 어디인가요?,기계실,통제구역,공조기계실,전기실,a
train_5813.jpg,train/train_5813.jpg,사진에 보이는 건물 입구에 적힌 글자는 무엇인가요?,M3,A1,C4,B2,a
train_5814.jpg,train/train_5814.jpg,라벤더 퍼플 메뉴 중 라벤더 아이스크림 가격은 얼마인가요?,5.4,7.5,6.9,4.8,d
train_5815.jpg,train/train_5815.jpg,이 간판에 적힌 글자는 무엇입니까?,호두빵,호두과자,본호두과자,본호두,d
train_5816.jpg,train/train_5816.jpg,이미지에 적힌 수수께끼의 답은 무엇인가요?,A BOOK,A HAT,A CLOCK,A PILLOW,d
train_5817.jpg,train/train_5817.jpg,다음 중 이미지에 보이는 음료의 이름과 가격이 올바르게 짝지어진 것은 무엇인가요?,"딸기쿠키프라페 - 3,500원","메가에이드 - 4,200원","큐브라떼 - 4,200원","메가리카노 - 3,900원",c
train_5819.jpg,train/train_5819.jpg,이 술병에 적힌 위스키 이름은 무엇인가요?,JOHNNIE WALKER,CHIVAS REGAL,BALLANTINE'S,JACK DANIEL'S,b
train_5820.jpg,train/train_5820.jpg,사진 속 안내문에 따르면 코로나19 관련하여 어떤 지침을 부탁하고 있나요?,식사 시 대화 자제를 부탁드립니다,식사 시 반드시 마스크 착용을 부탁드립니다,손 소독을 꼭 하시길 부탁드립니다,입장 전 체온 측정을 부탁드립니다,a
train_5821.jpg,train/train_5821.jpg,이 경기에서 두산 베어스의 24번 선수 이름은 무엇인가요?,정진호,카메론,박건호,최주환,b
train_5822.jpg,train/train_5822.jpg,이 가게에서 결제 가능한 모바일 결제 서비스가 아닌 것은 무엇인가요?,삼성 페이(Samsung Pay),애플 페이(Apple Pay),제로페이,네이버 페이,a
train_5823.jpg,train/train_5823.jpg,사진 속 'Half Day 면접' 과정 중 '심층 인터뷰'에 포함된 내용으로 옳은 것은 무엇인가요?,"PC 기반, 직무 시나리오 상황에서의 과제를 수행",정해진 답이 없는 인문학적 주제에 대한 그룹 토의 진행,면접장에 마련된 별도 공간에서 비대면 영상 인터뷰 응시,"문제해결 PT 포함, 지원서 내 경험, 연구, 수상 등 기재 내용에 대한 심층 질의응답 진행",d
train_5824.jpg,train/train_5824.jpg,이 곳에 적힌 환영 문구는 무엇인가요?,Welcome to Korea,Bienvenue en France,Bienvenido a M?xico,Hafa Adai! WELCOME TO GUAM,d
train_5826.jpg,train/train_5826.jpg,사진 속 버스 좌석 헤드커버에 적힌 글씨는 무엇인가요?,한양여행사,서울버스,행복여행,은혜장식,d
train_5827.jpg,train/train_5827.jpg,천원책방에서 9월 1일부터 진행하는 명절선물특선 행사와 관련하여 문의할 전화번호는 무엇인가요?,031-9876-5432,02-1234-5678,010-0000-0000,010-3901-0078,d
train_5828.jpg,train/train_5828.jpg,책 '아포칼립스' 표지에 적힌 문구 중 올바른 것은 무엇인가요?,"'21세기 패권, 무엇으로 결정되는가'",'세계 질서의 기원이 된 제국의 탄생부터','문명의 종말은 어떻게 새로운 시작이 되는가','국내 최초 공개! 페르시아와 로마·바빌로니아 편견',c
train_5829.jpg,train/train_5829.jpg,메뉴판에 적힌 '복숭아 아이스티'의 가격은 얼마인가요?,3.5,3.9,4.0,3.0,d
train_5830.jpg,train/train_5830.jpg,이 사진 속 간판에 따르면 수안보 사우나의 회원권 3개월 가격은 얼마인가요?,3만원,30만원,12만원,90만원,c
train_5831.jpg,train/train_5831.jpg,이 건물에 있는 핑퐁장 이름은 무엇인가요?,탁구 월드,핑퐁 스타,스매시 365,PINGPONG 24,d
train_5832.jpg,train/train_5832.jpg,이 책의 제목은 무엇인가요?,마음산책,자신감 없는 만화가가 생존하는 법,진짜진짜최종,들개이빨,c
train_5833.jpg,train/train_5833.jpg,오뚜기 칼국수 전문점 간판에 적힌 전화번호는 무엇인가요?,532-3868,987-6543,010-1234-5678,123-4567,a
train_5834.jpg,train/train_5834.jpg,이 간판에 적힌 MY HOME 원룸텔의 전화번호는 무엇인가요?,02-123-4567,02-558-5156,02-987-6543,02-555-1234,b
train_5835.jpg,train/train_5835.jpg,이 사진에 있는 표지판에 적힌 도로명은 무엇인가요?,인동가산로,영등포로,구로중앙로,남포동로,a
train_5836.jpg,train/train_5836.jpg,이 거리 표지판에 적힌 도로 이름은 무엇인가요?,논현로98길,강남대로,삼성로123길,청담동길,a
train_5837.jpg,train/train_5837.jpg,"이 통신 매장에서 월 9,900원부터 무제한으로 이용할 수 있는 서비스는 무엇인가요?",통화/문자/데이터 무제한,데이터 무제한,통화/문자 무제한,통화만 무제한,c
train_5838.jpg,train/train_5838.jpg,사진 속 케이크에 적힌 문구는 무엇인가요?,welcome back,thank you,congratulations,happy birthday,a
train_5840.jpg,train/train_5840.jpg,이 건물 꼭대기에 빨간색으로 적힌 글자는 무엇인가요?,OLD YORKER,NEW YORKER,NEW YORK,YORK NEW,b
train_5841.jpg,train/train_5841.jpg,이 버스 안에서 이용할 수 있는 무료 와이파이의 이름은 무엇인가요?,GG BUS WiFi,GG FREE WiFi,BUS FREE WiFi,경기 무료 WiFi,a
train_5842.jpg,train/train_5842.jpg,이 건물 2층에 위치한 식당의 이름은 무엇인가요?,하트진경,뻔띠하우스,제로당식당,효린스,c
train_5844.jpg,train/train_5844.jpg,이미지에 보이는 과자 중에서 '버터와플' 과자 상자에는 무엇이라고 적혀 있나요?,바삭한 식감의 와플,과자의 귀족 버터와플,달콤한 맛의 와플,고소한 맛의 버터와플,b
train_5845.jpg,train/train_5845.jpg,이 화면에 표시된 세 곳 중 하나가 아닌 것은 무엇인가요?,서울대,연세대,한양대,카이스트,c
train_5846.jpg,train/train_5846.jpg,사진 속 과자의 이름은 무엇인가요?,부산20 갈매기,부산16 갈매기맛,부산16 갈매기,서울12 갈매기,c
train_5847.jpg,train/train_5847.jpg,이미지에 보이는 빨간색 세로 간판에 적힌 글자는 무엇인가요?,?光裕?,롯데백화점,한신백화점,新光三越,d
train_5849.jpg,train/train_5849.jpg,쿠키런 모험의 탑 × 노티드 콜라보 팝업 스토어는 언제까지 진행되나요?,2024.06.28(금) ~ 07.11(목),2024.07.01(월) ~ 07.15(월),2024.06.01(토) ~ 06.28(금),2024.05.20(월) ~ 06.10(월),a
train_5851.jpg,train/train_5851.jpg,이 도로 표지판에 적힌 문구는 무엇인가요?,NO PARKING,ROAD WORK AHEAD,SPEED LIMIT 50,STOP,b
train_5853.jpg,train/train_5853.jpg,사진 속 가게의 이름은 무엇인가요?,BEVERLY,PALM TREE,DANCO,FREE,c
train_5854.jpg,train/train_5854.jpg,메뉴판에서 'DONER KEBABS'의 가격은 얼마인가요?,$19.00,$13.00,$15.00,$10.00,b
train_5855.jpg,train/train_5855.jpg,사진 속 건물에 적힌 글귀 중 맞는 것은 무엇인가요?,마세라티 강남지점,마세라티 강남센터,마세라티 강남서비스,마세라티 서울서비스,c
train_5856.jpg,train/train_5856.jpg,이 음료 포장지에 적힌 문구 중 무엇이 맞나요?,수박 먹으면 힘이 난다,수박 먹으면 건강해진다,수박 먹으면 행복해진다,수박 먹으면 나랑 사귀는 거다,d
train_5857.jpg,train/train_5857.jpg,참치뱃살에 함유된 영양소 중 어패류 중 최고라고 설명된 것은 무엇인가요?,비타민 C,칼슘,DHA와 EPA,단백질,c
train_5858.jpg,train/train_5858.jpg,이 티켓은 어떤 전시회의 입장권인가요?,근현대 미술의 이해,인상주의에서 초기 모더니즘까지,고흐의 생애와 작품,한국 전통 미술의 세계,b
train_5859.jpg,train/train_5859.jpg,사진 속 소화전 사용 방법 중 3번째 단계는 무엇인가요?,불 끄기,밸브 닫기,호스 빼내기,밸브 열기,a
train_5860.jpg,train/train_5860.jpg,찻잔에 적힌 문구는 무엇인가요?,따뜻한 차 (Warm Tea),차가운 물 (Cold Water),시원한 음료 (Cold Drink),커피 한 잔 (A Cup of Coffee),a
train_5862.jpg,train/train_5862.jpg,이 도로 표지판에 적힌 큰 글씨는 무엇인가요?,장신로,신완마을-고실마을,신창지구-2순환로,하남산단,a
train_5863.jpg,train/train_5863.jpg,이 책상에 놓인 이름표에 적힌 이름은 무엇인가요?,Compose Coffee,삼성청년SW,한상규,AI아카데미,c
train_5864.jpg,train/train_5864.jpg,제로당식당에서 설탕 사용에 대해 어떤 점을 강조하고 있나요?,설탕을 많이 사용함,설탕 없이 더 맛있게,설탕 50% 절감,설탕 대체 감미료 사용,b
train_5866.jpg,train/train_5866.jpg,이 사진에 보이는 두 가게의 이름은 무엇인가요?,GS25와 Paris Baguette,이마트24와 Starbucks,CU와 Dunkin' Donuts,7-ELEVEN과 TOUS les JOURS,d
train_5867.jpg,train/train_5867.jpg,이 가게 '구룡아구 1번지'에서 전문으로 하는 음식은 무엇인가요?,치킨 전문,삼겹살 전문,생아구 전문,피자 전문,c
train_5870.jpg,train/train_5870.jpg,광장 순희네 빈대떡 가게에서 녹두 빈대떡의 가격은 얼마인가요?,"4,000원","5,000원","3,500원","6,000원",b
train_5871.jpg,train/train_5871.jpg,이 건물 입구에 적힌 상호명은 무엇인가요?,multicampu,multicampus,multicamp,multicampuss,b
train_5872.jpg,train/train_5872.jpg,사진 속에 보이는 '천하제빵' 명패 아래에 적힌 문구는 무엇인가요?,완판의 달인 임동석,최고의 제빵사 김민수,베이킹 마스터 이수진,대한민국 제과기능장 박지훈,a
train_5873.jpg,train/train_5873.jpg,이 안내판에서 '어린이 보호자 손 꼭 잡고!' 문구가 강조된 곳은 어디인가요?,승강장,엘리베이터,화장실,출입구,a
train_5876.jpg,train/train_5876.jpg,"이미지 속 검은색 벽면에 적힌 글에 따르면, 춤추는 별을 탄생시키기 위해서는 무엇을 지니고 있어야 하나요?",끊임없는 연습과 노력을 해야 한다.,다른 사람과 협력해야 한다.,자신 속에 혼돈을 지니고 있어야 한다.,별의 빛을 따라야 한다.,c
train_5877.jpg,train/train_5877.jpg,이 건물에 입주해 있는 치과의원은 몇 층에 있나요?,11층,3층,12층,10층,d
train_5879.jpg,train/train_5879.jpg,사진 속 냉장고 안의 만두 종류 중 '맵치광이만두'와 '매운김치만두' 이외에 나머지 만두의 이름은 무엇인가요?,육즙고기만두,김치만두,야채만두,해물만두,a
train_5880.jpg,train/train_5880.jpg,이 도로 표지판에 따르면 '올림픽대로' 방향은 어느 쪽인가요?,오른쪽,직진,왼쪽,없음,b
train_5881.jpg,train/train_5881.jpg,이 가게의 이름은 무엇인가요?,백토리 도예공방,토리 도예공방,백토리 도자기집,한토리 도예공방,a
train_5883.jpg,train/train_5883.jpg,이 도착 안내 전광판에 따르면 서울에서 출발하는 열차 중 18시 39분에 도착하는 열차의 플랫폼 번호는 무엇인가요?,4,3,10,9,b
train_5884.jpg,train/train_5884.jpg,이 시계 화면에 표시된 시간은 언제인가요?,08:45,10:15,12:26,14:30,c
train_5888.jpg,train/train_5888.jpg,다음 중 이미지 속 우편함에 적혀 있지 않은 이름은 무엇인가요?,네트워크실,청소년 상담실,PC지원실,전임교수실,b
train_5889.jpg,train/train_5889.jpg,이미지에 나온 선거 포스터에서 제안하는 정책이나 구호는 무엇인가요?,공공의료를 강화하겠습니다.,서강·합정의 밤길이 더 밝아지도록 함께 걷겠습니다.,교통비를 절감하겠습니다.,청년 일자리를 늘리겠습니다.,b
train_5891.jpg,train/train_5891.jpg,사진 속 큰 박스에 적혀 있는 제품은 무엇인가요?,식기세척기,전자레인지,컴퓨터 이동형 모니터 스탠드,냉장고,c
train_5892.jpg,train/train_5892.jpg,"사진 속 텍스트에 따르면, '브런치 카페'는 어떤 이미지로 다가오는가요?",화려한 무대의 이미지,활기찬 운동장의 이미지,조용한 도서관의 이미지,편안한 쉼터의 이미지,d
train_5893.jpg,train/train_5893.jpg,이 문이 위치한 곳은 어디인가요?,화장실,휴게실,기계실,회의실,c
train_5894.jpg,train/train_5894.jpg,이 경기장 외벽에 크게 적힌 구단 이름은 무엇인가요?,KB손해보험 스타즈,부산 아이파크,대한민국 배구 대표팀,서울 SK 나이츠,a
train_5896.jpg,train/train_5896.jpg,이 사진 속에 보이는 깻잎의 가격은 얼마인가요?,990원,"1,200원",800원,"1,500원",a
train_5897.jpg,train/train_5897.jpg,사진 속 전기버스에 적힌 문구는 무엇인가요?,"깨끗한 공기, 전기버스와 함께",친환경 버스와 함께 가요,서울시민을 위한 전기버스,전기버스 타고 숨 쉬는 서울로,d
train_5898.jpg,train/train_5898.jpg,이 유리잔에 적혀 있는 위스키 브랜드 이름은 무엇인가요?,MAKER'S MARK,JIM BEAM,JACK DANIEL'S,JAMESON,b
train_5899.jpg,train/train_5899.jpg,이 사진에 보이는 노래방과 당구 클럽은 건물의 몇 층에 위치해 있나요?,1층,2층,지하 1층,3층,b
train_5900.jpg,train/train_5900.jpg,이 사진에 있는 간판들 중에서 '이삭토스트' 매장의 전화번호는 무엇인가요?,02-123-4567,02-336-8815,02-761-2345,02-322-6745,d
train_5901.jpg,train/train_5901.jpg,사진 속 엑셀 파일에서 P1 열의 2번째 숫자는 무엇인가요?,11.81009,10.36816,17.63046,15.56433,b
train_5904.jpg,train/train_5904.jpg,이 건물 벽에 적힌 글자는 무엇을 뜻하는가?,자연과학관,자동차교육장,자전거수리점,자전거교육장,d
train_5905.jpg,train/train_5905.jpg,사진 속 작은 포장지에 적힌 글자는 무엇을 나타내고 있나요?,일본어로 된 제품 설명,영어로 된 브랜드명,한국어로 된 제품 이름,중국어로 된 안내문,a
train_5906.jpg,train/train_5906.jpg,아래 책들 중 'Why?' 시리즈가 다루고 있는 주제가 아닌 것은 무엇인가요?,사춘기와 성,똥,공룡,우주 탐사,d
train_5908.jpg,train/train_5908.jpg,피규어라이즈 스탠다드 AMPLIFIED 황제드라몬의 가격은 얼마인가요?,"60,000원","50,000원","45,000원","54,000원",d
train_5909.jpg,train/train_5909.jpg,이 그림에서 여자아이가 남자아이에게 한 말은 무엇인가요?,생일 축하해,고마워 오빠,고마워 사랑해,오빠 생일 축하해,d
train_5910.jpg,train/train_5910.jpg,이 현수막에 적힌 상점가의 이름은 무엇인가요?,인동로데오상가,주차장 모닝,전국제일,모닝 BAR,a
train_5911.jpg,train/train_5911.jpg,포스터에 적힌 전시 기간은 언제부터 언제까지인가요?,2023년 9월 27일부터 10월 21일까지,2025년 9월 27일부터 10월 21일까지,2025년 10월 1일부터 11월 1일까지,2024년 9월 1일부터 10월 1일까지,b
train_5913.jpg,train/train_5913.jpg,이 이미지 속 커피 전문점의 이름은 무엇인가요?,스타벅스,투썸플레이스,이디야 커피,커피빈,c
train_5914.jpg,train/train_5914.jpg,이 장바구니에 담긴 과자 중 '고소한 맛'을 강조하는 제품은 무엇인가요?,오리온 땅콩크림,크라운 산도,롯데 칸쵸,오리온 고소미,d
train_5915.jpg,train/train_5915.jpg,쿠퍼 패밀리 멤버십에 가입하면 스탬프 5개 적립 시 어떤 혜택을 받을 수 있나요?,1팩 무료 증정,사은품 증정,할인 쿠폰 제공,추가 적립금 지급,a
train_5916.jpg,train/train_5916.jpg,이 신발 매장의 브랜드 이름은 무엇인가요?,BIRKENSTOCK,NEW BALANCE,ADIDAS,NIKE,a
train_5917.jpg,train/train_5917.jpg,사진 속 간판에 적힌 '화평교회'는 몇 층에 위치하고 있나요?,6층,3층,4층,5층,d
train_5918.jpg,train/train_5918.jpg,2026년 주민등록 사실조사 방문조사 기간은 언제부터 언제까지인가요?,2026. 3. 27. ~ 5. 27.,2026. 8. 22. ~ 8. 23.,2025. 9. 8. ~ 11. 9.,2026. 7. 20. ~ 9. 7.,c
train_5919.jpg,train/train_5919.jpg,이 건물 입구 주차장 근처에 붙어 있는 노란색과 빨간색 간판에 적힌 임대 관련 전화번호는 무엇인가요?,010-4432-3794,02-123-4567,010-1234-5678,010-9876-5432,a
train_5920.jpg,train/train_5920.jpg,이 주차장 입구에 붙어 있는 '월주차' 안내문에 적힌 전화번호는 무엇인가요?,02-1234-5678,02-1111-2222,02-6498-6716,02-9876-5432,c
train_5921.jpg,train/train_5921.jpg,사진 속 밀가루 중에서 1kg 기준으로 가장 저렴한 가격은 얼마인가요?,"1,730원","2,220원","5,590원","2,350원",a
train_5922.jpg,train/train_5922.jpg,이 지폐에 적힌 액면가는 얼마인가요?,"10,000원","50,000원","5,000원","1,000원",a
train_5923.jpg,train/train_5923.jpg,이 제품의 이름은 무엇인가요?,고급 캐러멜 호두,프리미엄 호두정과,그린넛 아몬드,프리미엄 캐슈넛,b
train_5924.jpg,train/train_5924.jpg,이미지 속 제품 포장지에 표시된 크런치의 함량은 몇 퍼센트인가요?,10%,50%,25%,75%,c
train_5926.jpg,train/train_5926.jpg,이 사진 속 가게의 이름은 무엇인가요?,복경주빵,이상복경주빵,경주빵카페,경주빵명가,b
train_5927.jpg,train/train_5927.jpg,사진 속에서 '동원 골든 스위트콘' 1+1 행사 가격은 얼마인가요?,"3,000원","2,240원","2,800원","1,300원",c
train_5928.jpg,train/train_5928.jpg,사진에 보이는 투명한 갈색 병에 붙어 있는 라벨 중 '베이비파우더'라고 적힌 번호는 무엇인가요?,Moss,33,48,01,c
train_5929.jpg,train/train_5929.jpg,사진 속에서 'Almond pain au'의 가격은 얼마인가요?,5.0,4.0,6.0,4.5,a
train_5930.jpg,train/train_5930.jpg,오늘의 이행시에서 '추위'와 관련된 내용으로 맞는 것은 무엇인가요?,따뜻한 커피 한잔,시원한 맥주 한 잔,추어탕 한 그릇...,위모 소주 한 병이요~,c
train_5931.jpg,train/train_5931.jpg,이 건물 입구에 설치된 보라색 표지판은 어떤 이용자를 위한 주차장임을 안내하고 있나요?,고령자 전용 주차장,일반인 전용 주차장,장애인 전용 주차장,임산부 전용 주차장,c
train_5932.jpg,train/train_5932.jpg,이 프로모션에서 신한 슈퍼SOL로 결제하면 아메리카노 최대 얼마의 혜택을 받을 수 있나요?,최대 5천원 혜택,최대 2천원 혜택,최대 1천원 혜택,최대 3천원 혜택,b
train_5933.jpg,train/train_5933.jpg,사진 속 '빼빼로' 제품 중 화이트 쿠키 맛의 칼로리는 몇 kcal인가요?,205 kcal,185 kcal,220 kcal,150 kcal,b
train_5934.jpg,train/train_5934.jpg,이미지 속 볼링핀 모양 광고판에 적힌 영업 시작 시간은 언제인가요?,오후 1시,오전 9시,오전 10시 30분,오후 12시,c
train_5935.jpg,train/train_5935.jpg,이 이미지에 사용된 축하 문구 중 한글로 올바르게 적힌 것은 무엇인가요?,생일 축하해요,생일 축하 해요,행복한 생일,생일 축하합니다,d
train_5936.jpg,train/train_5936.jpg,이 이미지에 적힌 문구 중 'SSAFY 16기'와 함께 무엇을 축하한다고 적혀 있나요?,성공을 축하합니다,입학을 축하합니다,취업을 축하합니다,졸업을 축하합니다,b
train_5937.jpg,train/train_5937.jpg,이 건물의 이름은 무엇인가요?,FORTY EIGHT,FORTY EIGHT 18,FORTY EIGHT 28,FORTY EIGHT 38,d
train_5938.jpg,train/train_5938.jpg,롯데리아에서 회원 전용 리워드를 받으려면 어떻게 해야 하나요?,QR 코드를 찍고 할인 받기,영수증을 제출하기,매장 방문 시 쿠폰 받기,계산대에서 직접 요청하기,a
train_5939.jpg,train/train_5939.jpg,사진 속 기둥에 붙어 있는 전단지에는 어떤 내용을 홍보하고 있나요?,중고차 판매,영어 학원 등록,피자 배달 서비스,당일 대출 100%,d
train_5940.jpg,train/train_5940.jpg,사진 속 건물에 적힌 간판에 쓰인 상호명은 무엇인가요?,중국집,김밥천국,부대찌개,한식뷔페,c
train_5941.jpg,train/train_5941.jpg,사진 속 표지판에 따르면 성덕고등학교와 성덕중학교는 각각 얼마만큼 떨어져 있나요?,600m,300m,400m,500m,c
train_5942.jpg,train/train_5942.jpg,사진 속 현수막에 적힌 문구 중 올바른 내용은 무엇인가요?,근저당대통령은 세제개편 추진하라,근저당대통령은 세제개편 철회하라,근저당대통령은 교육개혁 철회하라,근저당대통령은 환경개선 철회하라,b
train_5943.jpg,train/train_5943.jpg,이 그림에 적힌 문구 중에서 정확한 내용은 무엇인가요?,공에 바람을 넣어라!,공에 날개를 달아라!,공을 멀리 던져라!,공을 잡아라!,b
train_5945.jpg,train/train_5945.jpg,이 사진에 보이는 음식점 간판의 이름은 무엇인가요?,치킨비어,핫한마라탕,불닭볶음탕,마라샹궈,b
train_5946.jpg,train/train_5946.jpg,이 건물 임대 안내문에 적힌 전화번호는 무엇인가요?,02) 5555-0000,02) 6003-5034,02) 9876-5432,02) 1234-5678,b
train_5947.jpg,train/train_5947.jpg,이 표지판에 적힌 문구는 무엇인가요?,It's not the entrance!,Please use the main door.,Open from 9 AM to 9 PM,Welcome to our cafe!,a
train_5948.jpg,train/train_5948.jpg,이미지에 보이는 PC방의 이름은 무엇인가요?,무지개 PC,별 PC,드림 PC,하늘 PC,a
train_5949.jpg,train/train_5949.jpg,이 거리에서 흡연을 할 경우 부과되는 과태료는 얼마인가요?,5만원,1만원,50만원,10만원,d
train_5950.jpg,train/train_5950.jpg,사진 속에 보이는 수학학원의 이름은 무엇인가요?,AMERICAN PIZZA,SOGA NAIL SALON,롯데프레시,온[o:n] 수학 학원,d
train_5951.jpg,train/train_5951.jpg,이 간판에 적힌 내용으로 맞는 것은 무엇인가요?,쿠키 판매 중,커피 할인해요,빙수 팔아요,음료 무료 시음,c
train_5952.jpg,train/train_5952.jpg,이 사진에 보이는 파란색 교통 표지판에는 어떤 내용이 적혀 있나요?,일방통행,주차금지,속도제한 30km,횡단보도,a
train_5953.jpg,train/train_5953.jpg,이 위스키의 숙성 연수는 몇 년인가요?,21년,15년,17년,12년,c
train_5954.jpg,train/train_5954.jpg,이 건물의 간판에 적힌 글자는 무엇인가요?,맑은 유치원,푸른 어린이집,행복한 유치원,바른 어린이집,d
train_5955.jpg,train/train_5955.jpg,사진 속에 보이는 '극세사로 부드러운 동물모양 먼지떨이'의 가격은 얼마인가요?,"\3,000","\2,000","\5,000","\1,000",b
train_5956.jpg,train/train_5956.jpg,"이 사진에서 4, 5번 출구는 어떤 상태인가요?",임시 개방 중이다,폐쇄되어 있다,공사 중이다,정상 운영 중이다,b
train_5957.jpg,train/train_5957.jpg,이 간판에서 남성 커트 가격은 얼마인가요?,"9,000원","5,000원","15,000원","12,000원",a
train_5958.jpg,train/train_5958.jpg,이 건물 간판에 적힌 한의원의 이름은 무엇인가요?,금강산 한의원,설악산 한의원,백두산 한의원,한라산 한의원,a
train_5959.jpg,train/train_5959.jpg,이 거리의 이름은 무엇인가요?,BROADWAY,GREENE ST,5TH AVENUE,WALL ST,b
train_5960.jpg,train/train_5960.jpg,이 건물에 있는 '빵스토리' 가게에서 빵과 도넛의 시작 가격은 얼마인가요?,2000원,1500원,500원,1000원,d
train_5961.jpg,train/train_5961.jpg,이 마트 음료 코너에 오늘 날짜로 안내된 날짜는 언제인가요?,1월 26일,11월 26일,12월 25일,12월 26일,d
train_5963.jpg,train/train_5963.jpg,이 이미지에 있는 프리미엄 에스프레소 머신의 모델명은 무엇인가요?,EX-100,EX-400,EX-200,EX-300,a
train_5964.jpg,train/train_5964.jpg,이 현수막에 따르면 어떤 방식의 음식물쓰레기 종량제가 시행되고 있나요?,RFID방식,바코드 방식,QR코드 방식,무게 측정 방식,a
train_5965.jpg,train/train_5965.jpg,다음 중 이미지에 보이는 책 제목이 아닌 것은 무엇인가요?,자바와 함께하는 자료구조의 이해,파이썬으로 배우는 머신러닝,데이터 통신과 네트워크,컴퓨터 구조,b
train_5967.jpg,train/train_5967.jpg,이 건물에 입점해 있는 미용실의 이름은 무엇인가요?,낙킴,코발트미용실,우발아트,홍헤어,d
train_5968.jpg,train/train_5968.jpg,이 안내문에 따르면 어디에서 만날 수 있다고 적혀 있나요?,홍대입구역점,강남역점,명동역점,영등포역점,d
train_5969.jpg,train/train_5969.jpg,2층 강의장의 중식시간은 언제인가요?,13:00 ~ 14:00,12:15 ~ 13:15,12:00 ~ 13:00,12:45 ~ 13:45,d
train_5970.jpg,train/train_5970.jpg,사진 속 버스에 적힌 문구는 무엇인가요?,JEJU ISLAND TOUR,SEOUL CITY TOUR,BUSAN CITY TOUR,DAEGU CITY TOUR,c
train_5971.jpg,train/train_5971.jpg,이 도로 표지판들 중 '진입 금지'라는 문구가 적힌 표지판은 어떤 모양인가요?,네모난 흰색 판,사각형,삼각형,원형,d
train_5973.jpg,train/train_5973.jpg,이 사진 속 양념통 중 'RED PEPPER'라고 적힌 양념통에는 무엇이 들어 있나요?,후추,소금,고추가루,설탕,c
train_5976.jpg,train/train_5976.jpg,이 건물에 위치한 '화정 콜라텍'은 어디에 있나요?,2층,지하 1층,3층,1층,b
train_5977.jpg,train/train_5977.jpg,이 가게의 상호명은 무엇인가요?,펫in공간,개in공간,개in가게,프리미엄 펫샵,b
train_5978.jpg,train/train_5978.jpg,벽에 붙어 있는 포스터에 적힌 영화 제목은 무엇인가요?,THE PARTY,LA FETE,THE DANCE,LA BOUM,d
train_5979.jpg,train/train_5979.jpg,이 사진에 보이는 상점 간판 중 화장품과 생활용품을 주로 판매하는 곳은 어디인가요?,OLIVE YOUNG,A TWOSOME PLACE,DREAUM,SAMYANG,a
train_5980.jpg,train/train_5980.jpg,이 가게의 영업시간은 어떻게 되어 있나요?,24시간 영업,월요일 휴무,오후 12시부터 오후 10시까지,오전 9시부터 오후 9시까지,a
train_5981.jpg,train/train_5981.jpg,이 음료수의 맛은 무엇인가요?,복숭아맛,바나나맛,초코맛,딸기맛,d
train_5982.jpg,train/train_5982.jpg,이 건물 벽에 붙어 있는 안내문에 따르면 CCTV 설치의 목적은 무엇인가요?,홍보 및 광고 목적,주차 관리 및 차량 출입 통제,"방범 및 화재예방, 시설안전관리",에너지 절약 및 환경 보호,c
train_5983.jpg,train/train_5983.jpg,이 사진에서 볼 수 있는 공원의 이름은 무엇인가요?,청계천공원,한강시민공원,동문시장공원,중앙문화공원,d
train_5985.jpg,train/train_5985.jpg,이미지 속 간판에 적힌 생맥주 가격은 얼마인가요?,"1,900원","3,000원",900원,"2,500원",a
train_5986.jpg,train/train_5986.jpg,"이 강의 자료에 따르면, 2024년에 발표된 'SAMURAI' 연구는 어떤 주제를 다루고 있나요?",로봇 제어 알고리즘,비주얼 물체 트래킹 State-of-the-art 모델,자연어 처리 모델,음성 인식 최신 기술,b
train_5987.jpg,train/train_5987.jpg,사진 속 건물 간판에 적힌 미용실 ‘모즈토리’의 매직 시술 가격은 얼마인가요?,"70,000원","40,000원","60,000원","50,000원",c
train_5988.jpg,train/train_5988.jpg,사진 속 흰색 택시 옆면에 적혀 있는 콜택시 브랜드 이름은 무엇인가요?,MyCab,블랙캡,서울콜,마리아 모텔,a
train_5989.jpg,train/train_5989.jpg,이 배에 적힌 문구는 무엇인가요?,Haeundae Cruise,Sea Breeze,Busan Ferry,Ocean Explorer,a
train_5990.jpg,train/train_5990.jpg,사진 속 노란색 아이스크림 포장지에 적힌 제품명은 무엇인가요?,부드러운,더블초코칩,빵또아,콘칩,c
train_5992.jpg,train/train_5992.jpg,이 우유 팩에 적힌 내용 중 '1등급 신선한 목장우유'라고 표시된 것은 무엇을 의미하나요?,우유의 포장 크기를 나타낸다,우유의 가격이 1등급이다,우유가 1리터임을 의미한다,우유의 신선도와 등급을 나타낸다,d
train_5993.jpg,train/train_5993.jpg,이 카페에서 와이파이 비밀번호는 무엇인가요?,a029912377,Twosome_2G,Twosome_5G,Twosome_2023,a
train_5994.jpg,train/train_5994.jpg,이 사진에 보이는 베이컨 제품의 무게는 얼마인가요?,454g,300g,500g,200g,a
train_5998.jpg,train/train_5998.jpg,이 책의 제목에 포함된 주요 기술 용어는 무엇인가요?,JAVA,Python,HTML,SQL,d
train_5999.jpg,train/train_5999.jpg,이 가게에서 부대찌개 3인분을 주문할 때 제공되는 서비스는 무엇인가요?,무료 주차,음료수 제공,포장 및 배달,무제한 리필,c
train_6000.jpg,train/train_6000.jpg,이 자판기에서 뽑을 수 있는 만두는 어떤 모습인가요?,노란색과 분홍색 캐릭터 모양 만두,하트 모양 만두,사각형 만두,곰돌이와 토끼 모양 만두,a
train_6001.jpg,train/train_6001.jpg,이 건물의 주소는 무엇인가요?,강남대로 100,테헤란로 212,역삼로 300,삼성로 50,b
train_6002.jpg,train/train_6002.jpg,이 안내문에 따르면 지하철 하차 후 몇 분 내에 재승차하면 기본운임 부과가 면제되나요?,30분,10분,20분,15분,d
train_6003.jpg,train/train_6003.jpg,치킨만세 가게 간판 아래 빨간색 리본에 적힌 문구는 무엇인가요?,최고의 치킨 맛집,신선한 재료만 사용,정직한 가격으로 승부,치킨으로 모두가 만족하는 세상,d
train_6004.jpg,train/train_6004.jpg,이 식당에서 '얼큰 닭곰탕'의 가격은 얼마인가요?,"10,000원","12,000원","15,000원","13,000원",d
train_6005.jpg,train/train_6005.jpg,사진 속 상점 중에서 '돼지껍데기'를 판매하는 곳은 어디인가요?,라온 공인중개사,에이스인력,주식회사 샤원,바 글 바 글,d
train_6006.jpg,train/train_6006.jpg,이 이미지 속 버스 광고에서 지원하는 최대 금액은 얼마인가요?,최대 5000만원 지원,최대 6000만원 지원,최대 7000만원 지원,최대 8000만원 지원,b
train_6007.jpg,train/train_6007.jpg,이 골목에 위치한 라멘집의 이름은 무엇인가요?,SHINSEKAI RAMEN,신세계 중국집,라멘하우스,세계라멘집,a
train_6008.jpg,train/train_6008.jpg,이 AED 자동 심장 제세동기 기기에서 문을 열면 어떤 경고가 울린다고 적혀 있나요?,문을 열면 전원이 켜집니다.,문을 열면 자동으로 119에 신고됩니다.,문을 열면 경고음이 울립니다.,문을 열면 기기가 작동합니다.,c
train_6010.jpg,train/train_6010.jpg,이 건물에 입주해 있는 치과 이름은 무엇인가요?,신 승 세 무 회 계,용 인 대 유 도 관,유 디 치 과,NH 농 협 은 행,c
train_6011.jpg,train/train_6011.jpg,사진 속에 보이는 SSAFY 16기 축하 카드에 적힌 문구는 무엇인가요?,SSAFY 16기 수료를 축하합니다,SSAFY 16기 입학을 축하합니다,SSAFY 16기 합격을 축하합니다,SSAFY 16기 졸업을 축하합니다,b
train_6012.jpg,train/train_6012.jpg,이 건물에 적힌 간판 중 영어로 되어 있는 상호명은 무엇인가요?,LG WHIS,たぬき,GONGGAN,LG WHISA,c
train_6013.jpg,train/train_6013.jpg,이 건물 3층에 위치한 곳은 무엇인가요?,우리안경,마사지,라테스,체형관리,b
train_6014.jpg,train/train_6014.jpg,고척 스카이돔 앞에 위치한 현수막에 적힌 마을축제 개최 연도는 무엇인가요?,2025년,2026년,2023년,2024년,b
train_6016.jpg,train/train_6016.jpg,이 구호용품 보관함에 비치된 마스크는 어떤 상황에서 사용해야 하나요?,일상적인 먼지 제거용으로 사용한다,화재 발생 시 사용한다,비상시 감기 예방용으로 사용한다,평상시 마스크 착용 시 사용한다,b
train_6019.jpg,train/train_6019.jpg,이 사진에 보이는 글자의 내용은 무엇인가요?,서행 15km 이하,속도 10km 제한,최고 속도 10km,서행 10km 이하,d
train_6020.jpg,train/train_6020.jpg,이 가게의 이름은 무엇인가요?,진미떡,진미떡방,판타스틱 코인 노래연습장,왕송편,b
train_6021.jpg,train/train_6021.jpg,이 만화책의 제목은 무엇인가요?,마법사의 이야기,열두 가지 모험,용사의 전설,일곱 개의 대죄,d
train_6022.jpg,train/train_6022.jpg,이미지에 보이는 '아라비아따' 소스에 포함된 토마토 함량은 얼마인가요?,45%,75.4%,65.4%,54%,c
train_6023.jpg,train/train_6023.jpg,이 케이크의 이름은 무엇인가요?,멜론롤,초코롤,딸기롤,바나나롤,a
train_6027.jpg,train/train_6027.jpg,사진 속 표지판에 따르면 신호공원과 화장실까지 각각 몇 미터 남았나요?,"신호공원 300m, 화장실 350m","신호공원 250m, 화장실 200m","신호공원 200m, 화장실 250m","신호공원 150m, 화장실 180m",c
train_6028.jpg,train/train_6028.jpg,이 도로 표지판에 따르면 '광산 IC'로 가려면 어느 방향으로 가야 하나요?,우회전,유턴,좌회전,직진,a
train_6030.jpg,train/train_6030.jpg,사진 속 건물에 있는 '바로그의원'에서 진료하는 과목은 무엇인가요?,정형외과,치과,피부과,내과,c
train_6031.jpg,train/train_6031.jpg,사진 속 티셔츠 뒷면에 적힌 브랜드 이름은 무엇인가요?,patagonia,columbia,north face,marmot,a
train_6032.jpg,train/train_6032.jpg,8층 803호에 입주해 있는 곳은 무엇인가요?,(주)정진,(주)제이원홀딩스,스터디카페,(주)영진에셋,c
train_6033.jpg,train/train_6033.jpg,이 공항 건물에 적혀 있는 문구는 무엇인가요?,Welcome to Incheon,Welcome to Jeju,Welcome to Busan,Welcome to Seoul,b
train_6034.jpg,train/train_6034.jpg,이 표지판에 적힌 공사 중인 장소는 도로에서 얼마나 떨어져 있나요?,500m 앞,200m 앞,100m 앞,300m 앞,d
train_6035.jpg,train/train_6035.jpg,이 포스터에 적힌 밴드 이름은 무엇인가요?,MUSE,RADWIMPS,COLDPLAY,ONE OK ROCK,a
train_6036.jpg,train/train_6036.jpg,"이 가게에서 1,280엔에 판매하는 상품은 무엇인가요?",紅茶(홍차),味覇(웨이파),コ?ヒ?(커피),カレ?(카레),b
train_6037.jpg,train/train_6037.jpg,이 안내문에서 '위험' 표시가 붙은 내용은 무엇인가요?,안전하게 이용하세요,손잡이를 꼭 잡으세요,어린이나 노약자는 보호자와 함께 이용하세요,걷거나 뛰지 마세요,d
train_6039.jpg,train/train_6039.jpg,이 건물에 있는 간판 중 전화번호가 (042) 622-0321인 곳은 어디인가요?,GS25 편의점,꿈이 있는 교회,스카이 영·수 전문학원,효주의 상실,c
train_6040.jpg,train/train_6040.jpg,이 사진에서 촬영한 장소의 이름은 무엇인가요?,신다신,현대그룹 회장 정몽헌,오징어군내 전문,단천식당,d
train_6042.jpg,train/train_6042.jpg,전봇대에 붙어 있는 광고문에 적힌 전화번호는 무엇인가요?,011-408-0138,011-502-0138,010-1234-5678,031-502-0138,b
train_6045.jpg,train/train_6045.jpg,'공주를 찾습니다' 이벤트에서 2시간 동안 여자 두 명이 마셔야 하는 소주 병 수는 몇 병인가요?,6병,8병,2병,4병,d
train_6046.jpg,train/train_6046.jpg,이 식당의 이름은 무엇인가요?,제주흑돼지,서울아지매막창,대구곱창전문,부산돼지국밥,b
train_6047.jpg,train/train_6047.jpg,사진 속 달걀 1판의 전단 세일 가격은 얼마인가요?,"5,800원","8,800원","7,800원","6,800원",d
train_6048.jpg,train/train_6048.jpg,전자레인지 위에 놓인 눈사람 모형들의 특징으로 맞는 것은 무엇인가요?,모두 검은 장갑을 끼고 있다,모두 파란 목도리를 하고 있다,모두 빨간 모자를 쓰고 있다,모두 초록색 스카프를 하고 있다,c
train_6049.jpg,train/train_6049.jpg,이 간판에 적힌 가게 이름은 무엇인가요?,THE BUFFIT LABS,THE BUFFIT,THE BUFFIT LAB,THE BUFFET LAB,c
train_6050.jpg,train/train_6050.jpg,동별 안내판에 따르면 110동은 어느 방향으로 가야 합니까?,직진,뒤로,왼쪽,오른쪽,a
train_6051.jpg,train/train_6051.jpg,노란색 간판에 적혀 있는 주요 단어는 무엇인가요?,음식점,카페,문구,서점,c
train_6052.jpg,train/train_6052.jpg,이 건물에 있는 식당 중 38년 전통이 있다고 적힌 음식점은 무엇인가요?,부대찌개,오겹살,노래 연습장,손짜장,d
train_6053.jpg,train/train_6053.jpg,이름표에 적힌 이름 중 오른쪽 이름표에 적힌 사람의 이름은 무엇인가요?,Jihyun Kim,Minseok Lee,yeowon Jung,Dongcho Park,c
train_6054.jpg,train/train_6054.jpg,이 가게에서 판매하는 음료의 가격은 얼마인가요?,"2,500원","1,200원","3,500원","1,900원",d
train_6057.jpg,train/train_6057.jpg,복숭아 1+1 행사 가격은 얼마인가요?,"9,900원","15,800원","6,000원","7,900원",d
train_6058.jpg,train/train_6058.jpg,이 사진 속 간판에서 '100주년'을 기념하는 브랜드는 무엇인가요?,Glico,MEGMILK SNOW BRAND,SAMTY,CHINTAI,b
train_6060.jpg,train/train_6060.jpg,이 간판에서 가장 크게 보이는 식당 이름은 무엇인가요?,가정식집밥,대선159,행복식당,신호식당,d
train_6061.jpg,train/train_6061.jpg,이 표지판에 적힌 문구는 무엇인가요?,원숭이 출몰 지역,자전거 전용 도로,어린이 보호 구역,주차 금지 구역,a
train_6062.jpg,train/train_6062.jpg,음료 컵에 붙어 있는 라벨에는 어떤 문구가 적혀 있나요?,맛있는 음료,달콤한 커피,행복한 하루,사랑마루,d
train_6063.jpg,train/train_6063.jpg,이미지에 보이는 메뉴에서 '고기선택' 항목에 없는 것은 무엇인가요?,표고튀김,닭갈비,우삼겹,소곱창(강추),b
train_6064.jpg,train/train_6064.jpg,화면에 보이는 발표 제목은 무엇인가요?,프로그래밍 언어 기초,의지의 언어 vs. 쓸모의 언어,개발자와 기획자의 역할,소프트웨어 개발 프로세스,b
train_6065.jpg,train/train_6065.jpg,사진 속 빵 이름과 가격이 올바르게 짝지어진 것은 무엇인가요?,스리라차 베이컨 5.2,커리 5.4,치즈 통삼겹 7.6,콘치즈마요 7.4,c
train_6066.jpg,train/train_6066.jpg,이 카페에서 테이크아웃을 하면 얼마를 할인 받을 수 있나요?,할인 없음,1000원 할인,2000원 할인,500원 할인,b
train_6068.jpg,train/train_6068.jpg,이 건물 임대와 관련된 전화번호는 무엇인가요?,02) 5035-6003,02) 6003-5035,02) 6003-5034,02) 5034-6003,c
train_6069.jpg,train/train_6069.jpg,이 가게 창문에 적힌 문구 중 맞는 것은 무엇인가요?,We Bake BURGER bodaciously!!,We Make BURGER bodaciously!!,We Make PIZZA bodaciously!!,We Cook BURGER deliciously!!,b
train_6071.jpg,train/train_6071.jpg,이 사진에 보이는 간판 중 '치킨&호프'가 위치한 곳은 몇 층인가요?,2층,3층,1층,4층,c
train_6073.jpg,train/train_6073.jpg,이 프로그램의 주요 내용은 무엇인가요?,역사 박물관 견학 및 퀴즈 대회,현대사 영화 감상 및 토론 프로그램,전통 역사 강의와 필기 체험 프로그램,"VR, 메타버스를 활용한 독립운동가 워크북 체험 프로그램",d
train_6074.jpg,train/train_6074.jpg,이 역에서 화장실까지 거리는 얼마나 됩니까?,30m,10m,20m,50m,a
train_6075.jpg,train/train_6075.jpg,이미지 속 안내판에 비치된 위생봉투는 어떤 용도로 사용하나요?,반려동물 배변 위생봉투,쇼핑 물품 포장 봉투,일회용 비닐봉투,음식물 쓰레기 봉투,a
train_6076.jpg,train/train_6076.jpg,이 건물 안내판에서 1층에 위치한 편의점 이름은 무엇인가요?,Ministop,GS25,7-Eleven,CU,b
train_6077.jpg,train/train_6077.jpg,이 이미지에서 마블 스튜디오 영화 제목은 무엇인가요?,캡틴 아메리카,아이언맨,스파이더맨,토르,c
train_6079.jpg,train/train_6079.jpg,이 문이 위치한 곳은 어디인가요?,EPS-B,화장실,EPS-A,회의실,a
train_6080.jpg,train/train_6080.jpg,이 사진 속 입구의 상단에 적혀 있는 동물원의 이름은 무엇인가요?,大阪動物園 OSAKA ZOO,上野動物園 UENO ZOO,新宿動物園 SHINJUKU ZOO,東京動物園 TOKYO ZOO,b
train_6081.jpg,train/train_6081.jpg,이 가게의 이름은 무엇인가요?,HEALTHY TACOS & COLD BEER,NYC TAQUERIA,DOWNTOWN BROOKLYN,THE TACO BOOTH,d
train_6082.jpg,train/train_6082.jpg,이 GS25 편의점 행사 포스터에서 500ml 블랙커피(1400)의 가격은 얼마인가요?,1900원,1400원,6000원,2800원,b
train_6083.jpg,train/train_6083.jpg,이 주차장에 설치된 표지판에 적힌 문구는 무엇인가요?,주차 가능 시간 안내,차량 출입 자유,차량 진입금지 주차장,주차 허용 구역,c
train_6084.jpg,train/train_6084.jpg,테이블 위에 놓인 빨간색 종이에 적힌 문구는 무엇인가요?,3명이상 단체석,예약석입니다,좌석이 비어있습니다,5명이상 단체석,d
train_6085.jpg,train/train_6085.jpg,이 사진에서 '라움헤어'를 찾으려면 어디를 검색하라고 안내하고 있나요?,구글에서 '라움헤어' 검색,네이버에서 '평평문구' 검색,네이버에서 '라움헤어' 검색,다음에서 '라움헤어' 검색,c
train_6086.jpg,train/train_6086.jpg,이 건물의 이름은 무엇입니까?,절영로 194,시비감,흰여울 문화마을,"남자, 여자 화장실",c
train_6087.jpg,train/train_6087.jpg,이 건물에서 볼 수 있는 의료 관련 간판은 무엇인가요?,M-POWER 수학 학원,다봄 국어학원,알파 프로 바둑학원,엘리트치과,d
train_6088.jpg,train/train_6088.jpg,이 사진 속 피자 박스에 적힌 브랜드 이름은 무엇인가요?,GOPIZZA,PIZZAHUT,DOMINO'S,PIZZA ALVO,a
train_6089.jpg,train/train_6089.jpg,이 의자의 가격은 얼마인가요?,"21,490원","30,000원","10,990원","15,000원",a
train_6092.jpg,train/train_6092.jpg,이 건물의 이름은 무엇인가요?,성판악국립공원탐방안내소,한라산탐방안내센터,한라산국립공원성판악탐방안내소,성판악국립공원한라산안내소,c
train_6093.jpg,train/train_6093.jpg,이 표지판에 적힌 경고 내용으로 옳은 것은 무엇인가요?,가스 정합기 폭발위험 절대금연,가스 정합기 안전 사용 흡연 권장,가스 정합기 사용 가능 흡연 가능,가스 누출 주의 흡연 가능,a
train_6094.jpg,train/train_6094.jpg,'눈물이 펑펑' 김밥집에서 야채 김밥의 가격은 얼마인가요?,"2,000원","3,500원","4,500원","2,500원",b
train_6095.jpg,train/train_6095.jpg,모니터 받침대에 적혀 있는 브랜드 이름은 무엇인가요?,SAMSUNG,APPLE,LG,DELL,a
train_6097.jpg,train/train_6097.jpg,이 장소에 설치된 대피소 표지판에서 '대피소'를 영어로 무엇이라고 표시하고 있나요?,SAFE ZONE,SHELTER,EVACUATION AREA,EMERGENCY EXIT,b
train_6100.jpg,train/train_6100.jpg,이 티셔츠에 인쇄된 문구 'GYULMEDAL' 아래에 적힌 것은 무엇인가요?,ENJOY YOUR DAY!,LOVE YOUR ORANGE!,FRESH AND SWEET!,CHECK OUT OUR TASTE NOTE!,d
train_6101.jpg,train/train_6101.jpg,왼쪽 화면에 적힌 것 중 '소비뇽 블랑' 바로 아래에 있는 단어는 무엇인가요?,소비뇽 블랑,샤르도네,리슬링,모스카토,c
train_6102.jpg,train/train_6102.jpg,CENTERFIELD 건물의 2층에 위치한 곳 중 '스파'를 제공하는 곳은 어디인가요?,THE TRINITY SPA,THE KITCHEN IL FORNO,emart24,STARBUCKS,a
train_6103.jpg,train/train_6103.jpg,이 식당 간판에 적힌 상호명은 무엇인가요?,なか卯 (NAKAU),EVANGELION,うどん (UDON),京風,a
train_6104.jpg,train/train_6104.jpg,이미지 속 'Jig Coffee' 간판에 기재된 문의 전화번호는 무엇인가요?,1533-1587,010-3590-1439,02-376-0600,010-5400-1439,a
train_6105.jpg,train/train_6105.jpg,이 버스 정류장의 이름은 무엇인가요?,삼성역,서울역,강남역,월평역,d
train_6106.jpg,train/train_6106.jpg,이 장소에서 음주 및 흡연에 대해 어떤 안내가 되어 있나요?,"음주 및 흡연 허용, 단 지정 구역에서만","음주, 흡연 금지 위반 시 과태료 10만원 부과",음주 및 흡연 자유롭게 가능,흡연은 가능하나 음주는 금지,b
train_6107.jpg,train/train_6107.jpg,이 건물에 입주해 있는 의료 기관 중 내과 진료를 전문으로 하는 곳은 어디인가요?,NH농협은행,정문약국,스마일내과의원,리더스치과,c
train_6108.jpg,train/train_6108.jpg,이 가게의 간판에 적힌 영어 단어는 무엇인가요?,cakehouse,breadhouse,bakehouse,bakehouse 서울,c
train_6110.jpg,train/train_6110.jpg,이 책들 중 'Part 7 필수 전략서'는 어떤 시험 준비를 위한 책인가요?,토익,텝스,토플,오픽,a
train_6111.jpg,train/train_6111.jpg,이 도로 표지판에 따르면 '신창·수완지구' 방면으로 가려면 어느 고속도로를 이용해야 합니까?,부산울산고속도로,무안광주고속도로,서울외곽순환고속도로,경부고속도로,b
train_6112.jpg,train/train_6112.jpg,이 음료수 캔에 적힌 제품명은 무엇인가요?,HOT6 THE QUEEN ENERGY,HOT6 THE PRINCE ENERGY,HOT6 THE HERO ENERGY,HOT6 THE KING ENERGY,d
train_6113.jpg,train/train_6113.jpg,사진 속 부동산 관련 간판에 적힌 부동산 이름은 무엇인가요?,기린 공인중개사,YK 부동산,삼성 공인중개사,송림 부동산,a
train_6114.jpg,train/train_6114.jpg,이 엘리베이터 문에 붙어 있는 빨간색 안내문에 적혀 있는 내용은 무엇인가요?,주의: 문 닫힘,음식물 반입 금지,담배연기 싫어요,비상시 연락처 안내,c
train_6115.jpg,train/train_6115.jpg,이 간판에 적힌 '쌈밥'의 가격은 얼마인가요?,"15,000원","12,000원","10,000원","14,000원",d
train_6116.jpg,train/train_6116.jpg,이 표지에 적힌 이름은 무엇인가요?,이영희,신현준,김민수,박지훈,b
train_6118.jpg,train/train_6118.jpg,이 주차장(P7) 안내판에 1층(1F)에는 어떤 시설이 있나요?,그랜드볼룸,아쿠아리움,영화관,스타필드 코엑스몰,a
train_6119.jpg,train/train_6119.jpg,컴포즈커피의 스페셜티 블렌딩 커피는 주로 어떤 원두를 베이스로 사용하나요?,케냐 원두,과테말라 원두,"브라질, 콜롬비아 원두",에티오피아 원두,c
train_6120.jpg,train/train_6120.jpg,이 표지판에 적힌 내용 중 올바른 것은 무엇인가요?,차량 진입 금지,보행 시 차량 주의,자동차 출입 금지,보행자 전용 도로,b
train_6121.jpg,train/train_6121.jpg,이 가게에서 안내하는 '임직원 & 가족 휴대폰 특별행사'에 해당하지 않는 내용은 무엇인가요?,"체험, 상담, 개통",신규가입,중고폰 매입,기기변경,c
train_6122.jpg,train/train_6122.jpg,다음 중 '통제구역' 표지판에 적힌 내용으로 맞는 것은 무엇인가요?,주의: 누구나 출입 가능,출입 허가자만 출입 가능,경고: 관계자외 출입금지,주차는 관계자만 가능,c
train_6123.jpg,train/train_6123.jpg,이 표지판에 적힌 경고 문구는 무엇인가요?,화재위험 불을 피우지 마시오,감전위험 만지지 마시오,낙상위험 손잡이를 잡으시오,출입금지 무단 출입 금지,b
train_6124.jpg,train/train_6124.jpg,이 사진에 보이는 도로명 표지판에 적힌 도로명은 무엇인가요?,테헤란로 34길,테헤란로 30길,테헤란로 32길,테헤란로 50길,a
train_6125.jpg,train/train_6125.jpg,8월 3일에 치르는 첫 시험은 무엇과 관련된 평가인가요?,오프라인 평가,AI 활용 평가,과목평가와 월말 평가,최종 프로젝트 평가,c
train_6126.jpg,train/train_6126.jpg,에드바르 뭉크의 작품 설명 중 '병든 아이'와 관련된 내용으로 옳은 것은 무엇인가요?,'병든 아이'는 뭉크의 어머니가 주인공인 작품이다.,'병든 아이'는 밝고 행복한 아이의 모습을 그린 작품이다.,'병든 아이'는 뭉크가 어린 시절 겪은 가족의 비극을 바탕으로 한 작품이다.,'병든 아이'는 뭉크가 성인이 된 후에 처음 만든 작품이다.,c
train_6127.jpg,train/train_6127.jpg,이 가게에서 판매하는 주요 제품은 무엇인가요?,속초 오징어,속초 막걸리 술빵,속초 김치찌개,속초 해물탕,b
train_6129.jpg,train/train_6129.jpg,이 표지판에 적힌 한글 단어는 무엇인가요?,매점,식당,마트,카페,a
train_6131.jpg,train/train_6131.jpg,이 간판에서 홍보하는 과일은 무엇인가요?,복숭아,배,포도,사과,a
train_6132.jpg,train/train_6132.jpg,이 러닝머신 화면에 표시된 현재 속도는 얼마인가요?,3.0,6.0,2.3,4.5,b
train_6133.jpg,train/train_6133.jpg,사진 속 건물 유리창에 보이는 간판 중 하나는 무엇인가요?,SUBWAY,JIMMY JOHN'S,STARBUCKS COFFEE,KFC,b
train_6134.jpg,train/train_6134.jpg,이 사진 속 간판에 적힌 커피숍 이름은 무엇인가요?,ESPRESSO BAR,BREW CAFE,COMPOSE COFFEE,COFFEE HOUSE,c
train_6135.jpg,train/train_6135.jpg,사진 속에 있는 사탕의 브랜드 이름은 무엇인가요?,롯데 칸쵸,해태 허니버터칩,오리온 초코파이,크라운 마이쮸,d
train_6136.jpg,train/train_6136.jpg,사진에 보이는 두 과자 중 바비큐 맛으로 표기된 과자는 무엇인가요?,Cheetos,Lays,Potato Crisp,Maltesers,c
train_6139.jpg,train/train_6139.jpg,사진 속 우유 제품 중 행사 가격이 적용된 것은 무엇인가요?,맛있는 우유 GT,초코에몽 800원,"초코에몽 1,500원",흑임자 우유,b
train_6140.jpg,train/train_6140.jpg,인경 수선실에서 바지 허리 수선 가격은 얼마부터인가요?,"15,000원","8,000원","18,000원","5,000원",a
train_6141.jpg,train/train_6141.jpg,이 건물 내에 있는 노래방 이름은 무엇인가요?,인형뽑기방,노라존,코인노래방,헤어인글램,b
train_6142.jpg,train/train_6142.jpg,'스테인리스 자석바'의 가격은 얼마인가요?,"\3,000","\5,000","\1,000",\600,b
train_6143.jpg,train/train_6143.jpg,이 건물에 입주한 은행의 이름은 무엇인가요?,우리은행,신한은행,국민은행,하나은행,a
train_6144.jpg,train/train_6144.jpg,이 이미지에 있는 대구축산농협 홍보 문구에서 강조하는 내용은 무엇인가요?,최신 식품 조리 기술 보유,믿을 수 있는 안전한 우리 먹거리,가장 저렴한 가격 보장,친환경 농산물 인증,b
train_6145.jpg,train/train_6145.jpg,사진 속 '우먼스 타이레놀정 10정'의 가격은 얼마인가요?,"3,000원","24,000원","2,500원","6,000원",a
train_6146.jpg,train/train_6146.jpg,이 제품의 이름은 무엇인가요?,오뚜기 비빔면,오뚜기 잡채밥,오뚜기 잡채,오뚜기 라면,c
train_6148.jpg,train/train_6148.jpg,이 식당 출입 시 손 소독에 대해 안내하는 문구의 내용은 무엇인가요?,식당 출입 전 체온을 재주세요,"식당 출입 시, 손 소독을 해주세요",식당 출입 시 마스크 착용 필수,식당 내 음식물 반입 금지,b
train_6150.jpg,train/train_6150.jpg,'솔솔커피'에서 라떼 가격은 얼마인가요?,5.0,6.0,4.5,3.0,a
train_6151.jpg,train/train_6151.jpg,사진 속 노란색 간판에 적힌 학원의 이름은 무엇인가요?,삼성육교,결이고은 에스테틱,V-B,프렌즈 아카데미,d
train_6153.jpg,train/train_6153.jpg,이 카드에 적힌 문구의 내용으로 맞는 것은 무엇인가요?,문제를 더 보면서 답을 찾아라.,마음은 몸 아래에 머문다 하셨다.,쉬지 말고 계속 문제를 봐라.,답이 안 보이면 몸부터 쉬어라.,d
train_6154.jpg,train/train_6154.jpg,미나리의 효능으로 옳지 않은 것은 무엇인가요?,간기능 개선,중금속 배출과 해독,피부 미백 효과,심혈관질환 예방,c
train_6155.jpg,train/train_6155.jpg,오뚜기 컵라면 제품 이름은 무엇인가요?,매운 김치 라면,진라면 매운맛,열라 참깨 라면,불닭 볶음면,c
train_6157.jpg,train/train_6157.jpg,이 가게의 전문 요리는 무엇인가요?,일식,한식,중화요리,양식,c
train_6158.jpg,train/train_6158.jpg,이 사진에 보이는 음료 중에서 캔으로 된 음료는 무엇인가요?,환타,펩시,사이다,코카콜라,b
train_6162.jpg,train/train_6162.jpg,트램펄린 운동이 자녀에게 어떤 도움이 된다고 적혀 있나요?,기초체력과 신체조절 능력을 키우고 스트레스를 해소한다,심폐 기능 강화와 혈액 순환을 돕는다,근육량 증가와 체중 감량에 효과적이다,학습 능력과 집중력을 향상시킨다,a
train_6163.jpg,train/train_6163.jpg,사진 속 빨간색 물체에 적힌 문구는 무엇인가요?,주차금지,소화기,출입금지,금연구역,a
train_6165.jpg,train/train_6165.jpg,이 간판에 적힌 기관명은 무엇인가요?,서울신용보증재단,경남신용보증재단,대구신용보증재단,경북신용보증재단,d
train_6166.jpg,train/train_6166.jpg,이 사진 속 역명판에 적힌 역 이름은 무엇인가요?,부산,서울,용산,신촌,b
train_6167.jpg,train/train_6167.jpg,호텔 내 금연 구역에 대한 설명 중 옳은 것은 무엇인가요?,모든 객실과 모든 구역에서 흡연이 금지되어 있다.,흡연으로 인해 요금 청구가 절대 없다.,흡연 시 숙박비를 돌려준다.,흡연 시 현관 앞 흡연구역을 이용할 수 없다.,a
train_6168.jpg,train/train_6168.jpg,다음 중 이미지 속 빵 이름과 가격이 올바르게 짝지어진 것은 무엇인가요?,"플로레인 쌀 휘낭시에 2,700원","미니 단호박 우유 생크림 4,000원","크로와상 3,000원","얼그레이 티그레 4,000원",a
train_6169.jpg,train/train_6169.jpg,파란색 교통 표지판에 적힌 내용은 무엇인가요?,스쿨존 속도 단속 중,중앙차로 버스전용,횡단보도 50m 전방,운행차로 지정 단속 중,b
train_6170.jpg,train/train_6170.jpg,이 카페의 와이파이 비밀번호는 무엇인가요?,CONGCAPHE926,WIFI,CAPHE926,CONGCAPHE,a
train_6171.jpg,train/train_6171.jpg,이 가게 간판에 적혀 있는 글자는 무엇인가요?,MISSION,VISION,VISSION,VISSON,c
train_6172.jpg,train/train_6172.jpg,이 건물에 입점해 있는 식당의 대표 메뉴로 적힌 것은 무엇인가요?,레전드 양궁장,키다리 약국,노래타운,간바지 연탄 고추장 불고기,d
train_6173.jpg,train/train_6173.jpg,이 건물에 입주해 있는 성형외과의 이름은 무엇인가요?,법무법인 새명,리앤웰성형외과,수안,이민 음치과,b
train_6176.jpg,train/train_6176.jpg,이 식당의 간판에 적힌 식당 이름은 무엇인가요?,만두전골 디안,디안 만두집,만두전골 집,디안 만두전골,d
train_6177.jpg,train/train_6177.jpg,'장송의 프리렌' 화집 표지에 적혀 있는 문구 중 옳은 것은 무엇인가요?,"다시 떠올려도 돼, 프리렌.",여기서만 볼 수 있는 오리지널 단편 포함.,"저자: 김철수, 이영희",프리렌은 신비한 마법사입니다.,a
train_6178.jpg,train/train_6178.jpg,이 안내문에서 '호출방법' 중 Step.03에 해당하는 내용은 무엇인가요?,원하는 목적지 선택,지정 정류장에서 호출 차량 탑승,이용할 차량 선택/호출,앱 설치·회원가입,c
train_6179.jpg,train/train_6179.jpg,이 트럭에서 판매하고 있는 과일의 종류는 무엇인가요?,사과,감,포도,배,a
train_6180.jpg,train/train_6180.jpg,이 안내판에서 '엘리베이터'가 위치한 곳까지의 거리는 얼마인가요?,40m,10m,30m,20m,c
train_6181.jpg,train/train_6181.jpg,이 가게에서 전문적으로 수리하는 서비스는 무엇인가요?,"침수, 파손, 충격 A/S 100% 전문점",자동차 정비 전문점,컴퓨터 수리 전문점,가전제품 판매 전문점,a
train_6183.jpg,train/train_6183.jpg,도서 반납함에 적힌 문구는 무엇인가요?,책 대출함,책 반납함,도서 반납함,도서 대출함,c
train_6184.jpg,train/train_6184.jpg,이 이미지에 적힌 '성심당'은 언제부터 시작되었나요?,1965 이전,1956 이후,1960 이후,1956 이래,d
train_6185.jpg,train/train_6185.jpg,이 매점에서 매점상품을 구매하려면 어떻게 해야 하나요?,셀프 오더를 이용한다,직원에게 직접 주문한다,온라인 주문을 한다,전화 주문을 한다,a
train_6186.jpg,train/train_6186.jpg,"이 지하철역 안내문에 따르면, 부정승차는 어떤 행위입니까?",무료 이용 권장,할인 승차권 사용,범죄행위,합법적인 승차 방법,c
train_6187.jpg,train/train_6187.jpg,사진 속 놀이기구 이름은 무엇인가요?,QUEEN,PRINCE,KING,JOKER,c
train_6188.jpg,train/train_6188.jpg,사진 속 세로 전광판에 적힌 문구 중 'DREAME'와 함께 언급된 것은 무엇인가요?,세계 판매 No.2,세계 판매 No.1,한국 판매 No.2,한국 판매 No.1,b
train_6189.jpg,train/train_6189.jpg,소화전 사용 방법 중 두 번째 단계는 무엇인가요?,호스 빼내기,밸브 닫기,불 끄기,밸브 열기,d
train_6190.jpg,train/train_6190.jpg,이 건물 2층에 위치한 곳의 종류는 무엇인가요?,카페,술집,노래방,서점,b
train_6192.jpg,train/train_6192.jpg,왼쪽 간판에 적힌 가게 이름은 무엇인가요?,다연금조,이천마트,건영인테리어,지정택거래점,b
train_6194.jpg,train/train_6194.jpg,사진 속 상점 중 음악학원 이름은 무엇인가요?,조민경 Hair,강인 배화학원,"안녕, 모차르트 음악학원",골드플래스,c
train_6195.jpg,train/train_6195.jpg,사진 속 책의 제목은 무엇인가요?,컴퓨터활용능력 필기 2024 기본서,정보처리기사 실기 2024 기본서,정보처리기사 필기 2024 기본서,정보처리기사 필기 2023 기본서,c
train_6196.jpg,train/train_6196.jpg,이 옷의 가격은 얼마인가요?,"\39,900","\69,900","\59,900","\49,900",d
train_6197.jpg,train/train_6197.jpg,사진 속 건전지 포장에 표시된 AA형 건전지의 가격은 얼마인가요?,"\1,000","\3,000","\16,000","\5,000",b
train_6199.jpg,train/train_6199.jpg,이 건물들 중에서 '은 Silver'라는 글자가 보이는 가게는 어디인가요?,뉴욕메들리,산호당,은 Silver,대흥철판갈비,b
train_6201.jpg,train/train_6201.jpg,이 가게의 '크마세트' 가격은 얼마인가요?,"4,200원","3,500원","2,900원","1,800원",c
train_6202.jpg,train/train_6202.jpg,이 현수막에서 공모전의 주제는 무엇인가요?,청년 창업 아이디어 공모전,AI를 활용한 지역상권 활성화 아이디어 공모전,스마트 시티 개발 아이디어 공모전,환경 보호를 위한 아이디어 공모전,b
train_6203.jpg,train/train_6203.jpg,이 건물의 빨간색 간판에 적힌 음식은 무엇인가요?,라멘,타코야키,스시,우동,b
train_6204.jpg,train/train_6204.jpg,이 이미지에서 가장 큰 광고판에 그려진 사람의 모습과 함께 적혀 있는 브랜드 이름은 무엇인가요?,Glico,Asahi,ZETTERIA,CHi,a
train_6205.jpg,train/train_6205.jpg,이 건물의 명칭은 무엇인가요?,부산지방검찰청,서울지방중소벤처기업청,부산지방중소벤처기업청,부산지방경찰청,c
train_6206.jpg,train/train_6206.jpg,오뚜기 진라면 컵 65g*15입 세트의 할인 전 가격은 얼마인가요?,"10,500원","12,000원","11,680원","9,980원",c
train_6207.jpg,train/train_6207.jpg,이 밥솥에 적혀 있는 기능 중 '재가열'과 함께 표시된 단어는 무엇인가요?,예약,취사,보온,시간,c
train_6208.jpg,train/train_6208.jpg,오늘의 할 일(To-Do List)에 포함된 과제가 아닌 것은 무엇인가요?,책 '데이터 분석 실무 가이드' 읽기,Pandas groupby 실습 복습,SSAFY 데이터 분석 과제 제출하기,Buy coffee beans before 6pm,a
train_6209.jpg,train/train_6209.jpg,"신문 기사 제목에 따르면, '초지능시대'에 일상화된 것은 무엇인가요?",사람과 로봇의 결혼,로봇세와 주 4일 근무,미래 도시의 건설,인공지능의 완전한 통제,b
train_6210.jpg,train/train_6210.jpg,이 건물에 위치한 'YOGASTE'는 어떤 종류의 센터인가요?,치과의원,피트니스센터,요가전문센터,내과의원,c
train_6212.jpg,train/train_6212.jpg,이미지에 보이는 '핫도그 3입' 제품의 가격은 얼마인가요?,"7,890원","10,590원","8,590원","13,490원",c
train_6213.jpg,train/train_6213.jpg,책상 위에 놓인 휴대용 선풍기에 적힌 글자는 무엇인가요?,SAMSUNG,SSAFY,Samsung,AI,b
train_6214.jpg,train/train_6214.jpg,큰 현수막에 적힌 문구는 무엇인가요?,무재해가 어렵다,무재해가 쉽다,무재해가 행복이다,무재해가 불행이다,c
train_6216.jpg,train/train_6216.jpg,이 가게의 간판에 적힌 전문 요리는 무엇인가요?,코다리찜,닭볶음탕,갈비찜,김치찌개,a
train_6217.jpg,train/train_6217.jpg,이 식당 간판에 적힌 음식 메뉴는 무엇인가요?,콩국수 + 순두부,라면 + 떡볶이,비빔밥 + 불고기,김치찌개 + 된장찌개,a
train_6219.jpg,train/train_6219.jpg,이 사진에 보이는 'Glico' 광고판에서 주인공이 하고 있는 동작은 무엇인가요?,점프하는 모습,걷는 모습,달리기 하는 모습,춤추는 모습,c
train_6220.jpg,train/train_6220.jpg,이 가게 간판에 적힌 가게 이름은 무엇인가요?,그대 꽃,나의 꽃,너의 꽃,우리 꽃,c
train_6222.jpg,train/train_6222.jpg,이 사진에 보이는 '출구 OUT' 표지판은 무엇을 나타내고 있나요?,입구를 나타낸다,출구를 나타낸다,비상구 위치를 알려준다,화장실 위치를 알려준다,b
train_6223.jpg,train/train_6223.jpg,이 장소의 와이파이 비밀번호는 무엇인가요?,bo1234,password123,wifi2023,ts11301130,d
train_6224.jpg,train/train_6224.jpg,이 벽화에 적힌 '선물'이라는 시를 쓴 사람은 누구인가요?,김소월,이상,나태주,윤동주,c
train_6225.jpg,train/train_6225.jpg,사진 속 간판에 적힌 음식 이름은 무엇인가요?,짜장면 & 짬뽕,땡기면 & 땡비어,라면 & 만두,김밥 & 떡볶이,b
train_6227.jpg,train/train_6227.jpg,이 가게의 상호명은 무엇인가요?,청년통닭,서울통닭,진미통닭,황금통닭,c
train_6228.jpg,train/train_6228.jpg,이 도로 표지판에 적힌 하천 이름은 무엇인가요?,이계천,한강,낙동강,금강,a
train_6229.jpg,train/train_6229.jpg,천변고속화도로에서 시설물 보강 및 보수공사로 인해 교통통제가 실시되는 기간은 언제부터 언제까지인가요?,26년 7월 29일 ~ 26년 12월 31일,26년 6월 29일 ~ 26년 12월 30일,26년 7월 1일 ~ 26년 12월 31일,26년 8월 1일 ~ 26년 12월 25일,a
train_6231.jpg,train/train_6231.jpg,사진 속 포켓몬 카드 팩에 적힌 문구 중 올바른 것은 무엇인가요?,포켓몬 카드 게임,포켓몬 비디오 게임,포켓몬 영화 티켓,포켓몬 만화책,a
train_6232.jpg,train/train_6232.jpg,이 약국 입구에 크게 보이는 빨간색 글자는 무엇인가요?,약,치과,한의원,병원,a
train_6233.jpg,train/train_6233.jpg,사진 속 간판에서 '양진석검도관'은 어느 층에 위치해 있나요?,1층,2층,지하 1층,3층,b
train_6235.jpg,train/train_6235.jpg,이 가게 간판에 적힌 가게 이름은 무엇인가요?,인덕원 맛집,몽골 선교회,바위섬,철판구이,c
train_6236.jpg,train/train_6236.jpg,이 나무 안내판에 적힌 문구의 내용은 무엇인가요?,이곳은 출입 금지 구역입니다,쓰레기를 반드시 가져가세요,우장산을 아끼고 사랑합시다,산책로에서 자전거를 타지 마세요,c
train_6237.jpg,train/train_6237.jpg,이 가게의 이름은 무엇인가요?,오피스마트 & LIFT,오피스디포 & LIFE,오피스마트 & LIFE,오피스디포 & LIFT,b
train_6238.jpg,train/train_6238.jpg,이 광고판에 적힌 대학 이름은 무엇인가요?,대구보건대학교,광주보건대학교,서울보건대학교,부산보건대학교,a
train_6239.jpg,train/train_6239.jpg,이 병원에서 제공하지 않는 서비스는 무엇인가요?,미용실,요양원 연계,격리병실,건강검진,a
train_6240.jpg,train/train_6240.jpg,노란색 안전 펜스에 적힌 문구는 무엇인가요?,어린이 보호 구역,주차 금지 구역,자전거 전용 도로,학교 앞 정차 금지,a
train_6241.jpg,train/train_6241.jpg,이미지 속 만화에 나오는 문구 중 맞게 적힌 것은 무엇인가요?,그는 밴드에게서 눈을 떼었어.,그는 밴드에게서 눈을 감았어.,그는 밴드에게서 눈을 감지 못했어.,그는 밴드에게서 눈을 떼지 못했어.,d
train_6243.jpg,train/train_6243.jpg,오른쪽 봉제인형에 적혀 있는 브랜드 이름은 무엇인가요?,MobaXterm,Follow terminal folder,Remote monitoring,Kiwi,d
train_6244.jpg,train/train_6244.jpg,'로로네 빵 나오는 시간'에 관한 정보 중 옳지 않은 것은 무엇인가요?,밤식빵은 10:00부터 11:00까지 나온다,화이트롤과 리본패스츄리는 10:30부터 11:30까지 나온다,주차는 무료이다,소금빵은 12:00부터 12:30까지 나온다,c
train_6245.jpg,train/train_6245.jpg,"GS25 스무디 냉장고에 붙어 있는 스무디 종류 중 가격이 3,500원인 것은 무엇인가요?",초코 스무디,바닐라 스무디,바나나 스무디,딸기 스무디,d
train_6246.jpg,train/train_6246.jpg,행궁다과 카페의 간판에 적힌 설명으로 옳은 것은 무엇인가요?,일식 디저트 카페,중식 디저트 카페,한식디저트카페,양식 디저트 카페,c
train_6247.jpg,train/train_6247.jpg,사진 속 상자에 적힌 문구 중 올바른 문장은 무엇인가요?,SSAFY 15기 입학을 축하합니다,SSAFY 16기 입학을 축하합니다,SSAFY 16기 환영합니다,SSAFY 16기 졸업을 축하합니다,b
train_6248.jpg,train/train_6248.jpg,사진 속 간판에 적힌 '멜론 노래 연습'은 어떤 종류의 시설인가요?,카페,음악 공연장,피아노 학원,노래 연습장,d
train_6250.jpg,train/train_6250.jpg,이 사진에 보이는 가게의 이름은 무엇인가요?,국제시장,만복수산,꽃분이네,MERRY CHRISTMAS,c
train_6251.jpg,train/train_6251.jpg,이 사진 속 포스터에 적힌 투어 이름은 무엇인가요?,Dolphin Apartment,Ocean View,City Lights,Sunset Boulevard,a
train_6253.jpg,train/train_6253.jpg,대박 떡볶이 가게에서 세일 중인 어묵 3개의 가격은 얼마인가요?,"1,000원","5,000원","3,000원","2,000원",d
train_6256.jpg,train/train_6256.jpg,이 사진 속 상점의 이름은 무엇인가요?,VAPE WORLD,HELLO VAPE,VAPE ZONE,E-CIGARETTE SHOP,b
train_6257.jpg,train/train_6257.jpg,이 타로 카드 중에서 'THE DEVIL' 카드의 배경색은 무엇인가요?,주황색,분홍색,노란색,파란색,c
train_6258.jpg,train/train_6258.jpg,이 지하철 역 이름은 무엇인가요?,선릉,역삼 (센터필드),삼성,강남,b
train_6259.jpg,train/train_6259.jpg,이 전기 설비에 붙어 있는 노란색 경고문에 적힌 내용으로 알맞은 것은 무엇인가요?,전력 공급 중단 안내,고압 전기 위험 접근 금지,전기 설비 점검 중 출입 금지,특고압 전력케이블 매설 굴착 절대 금지,d
train_6260.jpg,train/train_6260.jpg,사진 속 현수막에 적힌 문구는 무엇인가요?,"잘했고, 잘하고 있고, 잘 될 거야!",성공은 노력의 결과다,항상 최선을 다하자!,꿈을 향해 달려가자,a
train_6261.jpg,train/train_6261.jpg,왼쪽 스크린에서 01B 팀의 최종 점수는 얼마인가요?,42,30,57,51,a
train_6262.jpg,train/train_6262.jpg,이 건물 이름은 무엇인가요?,진넥스타워,진넥스빌,진넥스홀,진넥스센터,b
train_6264.jpg,train/train_6264.jpg,이 건물 외벽에 걸려 있는 광고판에 적힌 디저트 이름은 무엇인가요?,딸기케이크,바닐라푸딩,망고시루,초콜릿무스,c
train_6266.jpg,train/train_6266.jpg,이미지 속 셔터에 적힌 문구는 무엇인가요?,LOVE IS free,LOVE IS money,LOVE IS time,LOVE IS power,a
train_6267.jpg,train/train_6267.jpg,사진 속 메뉴판에 적힌 '꿔바로우'의 설명으로 옳은 것은?,각종 재료를 골고루 볶아 만든 볶음밥입니다.,새콤달콤한 토마토 국물이 특징인 마라탕입니다.,돼지고기 안심을 바삭하게 튀겨 새콤 달콤한 특제 소스에 버무린 중화요리입니다.,매운맛이 강한 마라탕입니다.,c
train_6268.jpg,train/train_6268.jpg,사진 속 커피 음료에 붙어있는 노란색 라벨에 적힌 브랜드 이름은 무엇인가요?,Maxim,Dunkin',Starbucks,Coffee Bean,a
train_6269.jpg,train/train_6269.jpg,이 음식점 간판에 적힌 문구 중에서 무한리필이 가능한 것은 무엇인가요?,명품 생삼겹살,흑돼지 대패,쌈야채 무한리필,명품 한돈 대패,c
train_6270.jpg,train/train_6270.jpg,이 책의 제목은 무엇인가요?,영어 회화 무작정 따라하기,해커스 토익 기출 보카,토익 LC 완성,기초 일본어 단어장,b
train_6271.jpg,train/train_6271.jpg,BALLANTINE'S 17년 위스키의 가격은 얼마인가요?,"215,900원","130,900원","100,000원","200,000원",b
train_6272.jpg,train/train_6272.jpg,케이크 진열대에서 '생크림케이크'의 가격은 얼마인가요?,"32,000원","40,000원","30,000원","35,000원",b
train_6273.jpg,train/train_6273.jpg,이 자동차 정비소에서 제공하지 않는 서비스는 무엇인가요?,타이어 교체,손 세차,자동차 정비,세차,a
train_6274.jpg,train/train_6274.jpg,이 화면에서 '선불요금'으로 적힌 금액은 얼마인가요?,"20,000원","30,000원","40,000원","10,000원",b
train_6275.jpg,train/train_6275.jpg,이 가게의 간판에 적힌 브랜드 이름은 무엇인가요?,au by KDDI,NTT docomo,SoftBank,?天モバイル,b
train_6276.jpg,train/train_6276.jpg,이 제품의 이름은 무엇인가요?,하이드레이트 크레아틴 모노 저스트,모노 크레아틴 저스트 하이드레이트,크레아틴 모노 저스트 하이드레이트,저스트 크레아틴 모노 하이드레이트,d
train_6278.jpg,train/train_6278.jpg,"이 건설 현장 입구에 적힌 안내문에 따르면, 차량 운전자는 무엇을 해야 하나요?",안전모 착용,출입증을 제시,속도 제한 준수,보행자 확인 철저,d
train_6279.jpg,train/train_6279.jpg,이 간판에 적힌 가게 이름은 무엇인가요?,무국적 요리주점,부보상,과학 영재 학원,황돌길,b
train_6280.jpg,train/train_6280.jpg,회의실 벽에 적힌 문구는 무엇인가요?,Project Deadline,Annual General Meeting,Meeting for Slacking Off,Team Brainstorming,c
train_6281.jpg,train/train_6281.jpg,이 건물 간판에 적혀 있지 않은 가게 이름은 무엇인가요?,YANGMANI KOREAN BBQ,GABIN KOREAN GRILL,THE KIMBAP,SEOUL TACO,d
train_6282.jpg,train/train_6282.jpg,동천FC 축구회원 모집 공고에 따르면 정기모임은 언제 있나요?,매주 일요일 오전 8시 30분부터 12시까지,매주 수요일 오후 6시부터 8시까지,매주 토요일 오전 9시부터 11시까지,매주 월요일 오전 8시 30분부터 12시까지,a
train_6283.jpg,train/train_6283.jpg,이 사진에 나온 전통시장의 이름은 무엇인가요?,인천신포시장,부산자갈치시장,제주동문시장,서울남대문시장,c
train_6285.jpg,train/train_6285.jpg,위너 축구교실에서 취미반은 주 몇 회 수업을 진행하나요?,주 5회 월~금,주 1회~3회,주 7회,주 2회~4회,b
train_6287.jpg,train/train_6287.jpg,이미지에 나온 서비스가 주로 어떤 사람들을 위한 것인가요?,운동을 좋아하는 사람들,요리를 좋아하는 사람들,음악을 좋아하는 사람들,차를 좋아하는 사람들,d
train_6288.jpg,train/train_6288.jpg,애스터스터디카페의 1회 시간권 6시간 이용 요금은 얼마인가요?,"4,000원","6,000원","8,000원","10,000원",c
train_6289.jpg,train/train_6289.jpg,이 두유 팩에 적혀 있는 1회 제공량 고칼슘 두유의 칼슘 함량은 얼마인가요?,100mg,250mg,150mg,200mg,d
train_6290.jpg,train/train_6290.jpg,이 이미지에 보이는 큰 글씨는 무엇이라고 적혀 있나요?,쿠키런 퓨전,쿠키런 킹덤,쿠키런 어드벤처,쿠키런 오븐브레이크,d
train_6291.jpg,train/train_6291.jpg,이 건물에 붙어 있는 안내문에 적힌 학교 이름은 무엇인가요?,해운대중학교,모라초등학교,부산과학고,동래고등학교,b
train_6292.jpg,train/train_6292.jpg,이 간판에 적힌 영어 단어는 무엇인가요?,Krispy Kreme,Starbucks,Subway,Jollibee,d
train_6293.jpg,train/train_6293.jpg,사진 속 건물에 적힌 상호명은 무엇인가요?,AGABANG & COMPANY,AGABANG & COMPANYX,AGABANG & COMPANION,AGABANG & COMPANIES,a
train_6294.jpg,train/train_6294.jpg,이 표지판에 따르면 5번 출구 방향은 어디인가요?,직진,뒤쪽,왼쪽,오른쪽,c
train_6295.jpg,train/train_6295.jpg,이 매대에 진열된 '몽쉘 생크림 케이크' 제품 중 딸기 맛으로 표시된 것은 어떤 색상 박스에 있나요?,갈색 박스,분홍색 박스,빨간색 박스,베이지색 박스,b
train_6296.jpg,train/train_6296.jpg,'오드펠로우즈' 아이스크림을 직접 개발한 미슐랭 레스토랑 셰프의 이름은 무엇인가요?,Kim Yuna,Lee Min Ho,John Smith,Sam Mason,d
train_6297.jpg,train/train_6297.jpg,사진 속 건물 1층에 있는 커피숍 이름은 무엇인가요?,CATPLE,MEGA COFFEE,아쿠아 플레이하우스,사보야키,b
train_6298.jpg,train/train_6298.jpg,이 전기자전거 손잡이에 붙어있는 안내문에 적힌 내용은 무엇인가요?,전기자전거 요금은 1시간에 3000원,안전모 착용은 필수입니다,자전거 반납은 지정 장소에서만 가능,한번 타고 끝? 스윙은 환승까지,d
train_6304.jpg,train/train_6304.jpg,이 그림 속 둥근 테두리 안에 적힌 문구는 무엇인가요?,너 혼자 못한다,나 혼자 못한다,나는 잘한다,나 혼자 한다,b
train_6305.jpg,train/train_6305.jpg,이 가방에 들어있는 과일 건조 제품의 종류는 무엇인가요?,건조 망고만,건조 바나나와 망고 믹스,건조 망고와 파인애플 믹스,건조 파인애플만,c
train_6306.jpg,train/train_6306.jpg,사진 속 술병 라벨에 적힌 술의 도수는 얼마인가요?,20%,15%,25%,30%,c
train_6307.jpg,train/train_6307.jpg,이 이미지에 나온 대회 명칭은 무엇인가요?,2024년 메타버스 개발자 경진대회,2024년 소프트웨어 개발자 경진대회,2024년 인공지능 개발자 경진대회,2024년 게임 개발자 경진대회,a
train_6308.jpg,train/train_6308.jpg,이 간판에서 판매하는 음식 메뉴가 아닌 것은 무엇인가요?,닭,바베큐,피자,보리밥,c
train_6309.jpg,train/train_6309.jpg,사진 속 거북이 모양 스퀴시 제품의 향은 무엇인가요?,복숭아향,딸기향,메론향,사과향,c
train_6310.jpg,train/train_6310.jpg,이 가게의 이름은 무엇인가요?,work in progress,2F,carhartt,相席 カラオケ,c
train_6311.jpg,train/train_6311.jpg,사진에 보이는 큰 글자는 무엇인가요?,SSAFY,SAFETY,SASSY,SAFE,a
train_6312.jpg,train/train_6312.jpg,9월 12일 금요일 메뉴 중 식권 금액은 얼마인가요?,"5,000원","8,000원","6,000원","7,000원",d
train_6313.jpg,train/train_6313.jpg,"메뉴판에 따르면, '구운 한우교자 (올리브유)' 350g의 가격은 얼마인가요?","10,000원","11,000원","12,000원","6,000원",c
train_6314.jpg,train/train_6314.jpg,사진 속 신문 모양의 카드에서 1997년을 나타내는 문구는 무엇인가요?,Year Of Birth 1983,Year Of Birth 1997,Year Of Birth 1994,Year Of Birth 1984,b
train_6315.jpg,train/train_6315.jpg,이 선물 세트에 포함된 핸드워시의 향은 무엇인가요?,레몬 향,자몽 향,청포도 향,라벤더 향,c
train_6316.jpg,train/train_6316.jpg,이 가게 앞에 그려진 로봇 그림에 적힌 문구는 무엇인가요?,FREE DRINK,FREE ROBOT,OPEN NOW,ROBOT CAFE,b
train_6318.jpg,train/train_6318.jpg,우유 버터 카스테라 신메뉴 할인 이벤트에서 할인 전 가격은 얼마인가요?,"6,800원","8,500원","7,800원","7,500원",b
train_6319.jpg,train/train_6319.jpg,사진 속 두 가게 중 '준차이' 가게는 어떤 종류의 음식점을 의미하나요?,중식당,일식당,양식당,한식당,a
train_6320.jpg,train/train_6320.jpg,이미지 속 간판에 적힌 '투자에 AI를 더하다'라는 문구와 함께 등장하는 회사명은 무엇인가요?,한화손보,PLUS ETF,한화투자증권 MTS,한화생명금융서비스,c
train_6321.jpg,train/train_6321.jpg,이 사진 속 가게의 간판에 적힌 글자는 무엇인가요?,blues & jazz,classical music,jazz & soul,rock & roll,c
train_6322.jpg,train/train_6322.jpg,이 카페에서 아메리카노의 가격은 얼마인가요?,"2,000원","3,000원","2,500원","3,500원",c
train_6323.jpg,train/train_6323.jpg,이미지 속 종이컵에 적힌 문구 중 옳은 것은 무엇인가요?,DUCOBI - NOT A COFFEE IT'S A TREND.,DUCOBI - THE BEST TEA SHOP.,DUCOBI - HOT CHOCOLATE SPECIAL.,DUCOBI - FRESH JUICE ONLY.,a
train_6324.jpg,train/train_6324.jpg,사진 속 가운데에 있는 책자의 제목은 무엇인가요?,젊은이여 노래하라,천주교대구대교구 인동성당,인동성당 주보,자캐오나무 미사곡,d
train_6326.jpg,train/train_6326.jpg,사진 속 인물의 주요 경력 중 '18년 ~ 20년' 기간에 있었던 직장은 어디인가요?,연세대학교,Language,Market D,SKT Brain,d
train_6328.jpg,train/train_6328.jpg,이곳에서 제공하는 와이파이 이름은 무엇인가요?,코로나 WIFI,인연합치과 WIFI,엘리베이터 WIFI,소화기 WIFI,b
train_6329.jpg,train/train_6329.jpg,사진 속 모나미 유성매직 제품에 포함된 펜의 개수는 몇 개인가요?,8본입,12본입,10본입,6본입,a
train_6331.jpg,train/train_6331.jpg,이 건물의 상호명은 무엇인가요?,한양대학교,강북학원,강남대성학원,서울대학교,c
train_6332.jpg,train/train_6332.jpg,이 건물에 있는 음식점 이름은 무엇인가요?,향미 콩밥,향미 콩 사랑,공룡 멸치 국수,한방 비지장,b
train_6333.jpg,train/train_6333.jpg,유니클로 OPEN 행사는 몇 일 동안 진행되나요?,5일간,8일간,3일간,10일간,b
train_6334.jpg,train/train_6334.jpg,'영등포 푸르지오' 공인중개사 사무소의 대표 이름은 무엇인가요?,이 민호,강 혁,김 영수,박 철수,b
train_6336.jpg,train/train_6336.jpg,이 전시된 곤충 표본들이 발견된 마을 이름은 무엇인가요?,나가사키 마을,교토 마을,오나 마을,도쿄 마을,c
train_6337.jpg,train/train_6337.jpg,사진에 붙어 있는 포스터에 따르면 삼성 스마트폰 SSAFY 교육생이 받을 수 있는 혜택은 무엇인가요?,임직원 동일 혜택 구입 가능,무료 점심 제공,교육비 전액 지원,무상 A/S 지원,a
train_6338.jpg,train/train_6338.jpg,이 간판에 적힌 문구 중 영어로 옳게 적힌 것은 무엇인가요?,Do you likes cheese cake?,Do you liking cheese cake?,Do you like cheese cake?,Do you liked cheese cake?,c
train_6339.jpg,train/train_6339.jpg,이 책의 차례에서 '나는 메리 포핀스'에 해당하는 MBTI 유형은 무엇인가요?,ENTP,INFJ,ISTJ,ISFP,c
train_6340.jpg,train/train_6340.jpg,이 도로 표지판에 적힌 육교 이름은 무엇인가요?,인동가산로,삼성육교,서울가산로,대구육교,b
train_6341.jpg,train/train_6341.jpg,이 표지판에 따르면 7번과 8번 출구는 어느 방향에 있나요?,아래쪽,위쪽,우측,좌측,b
train_6342.jpg,train/train_6342.jpg,이 용기면 라면의 이름은 무엇인가요?,얼큰한 김치찌개,진한 사골곰탕,매운맛 불닭볶음면,개운한! 새우탕,d
train_6343.jpg,train/train_6343.jpg,이 식당의 이름은 무엇인가요?,진가네 돼지갈비,진가네 대구갈비,수정사우나,대구식당 진가네,b
train_6344.jpg,train/train_6344.jpg,사진 속에 보이는 아이스크림 이름은 무엇인가요?,SEOUL CHERRY BLOSSOM ICE CREAM,JEJU CAMELLIA BLOSSOM ICE CREAM,BUSAN ROSE BLOSSOM ICE CREAM,BUSAN CAMELLIA BLOSSOM ICE CREAM,d
train_6346.jpg,train/train_6346.jpg,삼형제김밥에서 3~4세 어린이용 유부김밥의 가격은 얼마인가요?,"5,500원","4,000원","5,000원","6,000원",b
train_6347.jpg,train/train_6347.jpg,이 사진에서 '엑스퍼티짐'에서 제공하는 서비스는 무엇인가요?,"헬스, 골프, PT","피트니스, 마사지, 다이어트","헬스, 수영, 명상","요가, 필라테스, 수영",a
train_6348.jpg,train/train_6348.jpg,이 이미지에 있는 텍스트 중 한국어로 올바르게 적힌 단어는 무엇인가요?,피카츄,레드카드,옐로우 카드,파란색 공,c
train_6350.jpg,train/train_6350.jpg,이 가게의 이름은 무엇인가요?,아리랑 옛날 순대,부산 해물탕,서울 떡볶이,한식당 맛집,a
train_6351.jpg,train/train_6351.jpg,이 건물 3층에 입주해 있는 병원이나 클리닉이 아닌 것은 무엇인가요?,치항외과,서경근피부비뇨기과,신세계 스마일 아카데미 & 라이브 스튜디오,밀란(가발),c
train_6352.jpg,train/train_6352.jpg,이 사진에 보이는 '다올 DANCE STUDIO'의 문의 연락처는 무엇인가요?,010-2068-7858,02-2068-7858,010-1234-5678,02-1234-5678,a
train_6353.jpg,train/train_6353.jpg,2024 부산국제보트쇼가 열리는 곳은 어디인가요?,BEXCO,COEX,DOME,KINTEX,a
train_6355.jpg,train/train_6355.jpg,이 전단지에서 'Smaller Size'가 얼마나 개선되었는지에 대해 올바르게 설명한 것은 무엇인가요?,12배 빨라짐,정확도 손실 1% 이하,87% 향상,90% ROI 향상,c
train_6356.jpg,train/train_6356.jpg,<가나디 그리는 법>에서 3단계에서 귀의 가로 세로 위치를 참고해 그려야 하는 것은 무엇인가요?,귀,입,눈,코,c
train_6357.jpg,train/train_6357.jpg,계란을 넣고 몇 분 동안 계속 저어야 한다고 안내되어 있나요?,3분,1분,5분,10분,b
train_6358.jpg,train/train_6358.jpg,사진에 보이는 컵라면의 상표명은 무엇인가요?,김치찌개 컵라면,순두부찌개 컵라면,육개장 사발면,된장찌개 컵라면,c
train_6359.jpg,train/train_6359.jpg,이 사진 속 도넛 모양 간판에 적힌 글자는 무엇인가요?,SANDY'S DOUGHNUTS,SANDY'S DONUTS,RANDY'S DONUTS,RANDY'S DOUGHNUT,c
train_6360.jpg,train/train_6360.jpg,이 가게의 전화번호는 무엇인가요?,010-1111-2222,031-9876-5432,424-7692,02-1234-5678,c
train_6361.jpg,train/train_6361.jpg,이 편의점에서 수입 맥주 4캔의 가격은 얼마인가요?,4캔 이만원,4캔 2만원,4캔 만원,4캔 5천원,c
train_6362.jpg,train/train_6362.jpg,이미지 속 닌텐도 스위치 게임 중 '루이지 맨션 3'의 가격은 얼마인가요?,"64,800원","88,000원","54,800원","25,000원",a
train_6363.jpg,train/train_6363.jpg,추석 선물세트 사전예약 기간은 언제부터 언제까지인가요?,26.8.1(화) ~ 9.1(금),26.9.1(금) ~ 10.15(일),26.7.1(월) ~ 8.31(목),26.8.6(목) ~ 9.16(수),d
train_6365.jpg,train/train_6365.jpg,이 병원의 이름은 무엇인가요?,양·한방 협진병원,보건소,보강한방병원,동서진의료재단,c
train_6367.jpg,train/train_6367.jpg,메뉴판에 따르면 '새우라면'의 가격은 얼마인가요?,"6,000원","10,000원","18,000원","5,000원",a
train_6368.jpg,train/train_6368.jpg,캐리어 배송 수령처의 운영시간은 언제인가요?,10:00 ~ 16:00,09:00 ~ 15:30,07:30 ~ 12:00,08:30 ~ 11:00,b
train_6369.jpg,train/train_6369.jpg,생곱창집 가게 앞 세로 배너에 적힌 서비스 내용은 무엇인가요?,포장 주문만 가능,예약 필수 안내,셀프서비스 시작합니다,음료 무제한 제공,c
train_6370.jpg,train/train_6370.jpg,코리아약국에 관한 안내문에 적힌 '정확 처방 조제'는 어디에 위치해 있나요?,지하 3층,1층,B1층,2층,c
train_6371.jpg,train/train_6371.jpg,대전 한화생명 볼파크 전광판에 나온 투수 이교훈 선수의 생일은 언제인가요?,2001년 7월 10일,1998년 12월 1일,1999년 3월 15일,2000년 5월 29일,d
train_6372.jpg,train/train_6372.jpg,이 가게의 이름은 무엇인가요?,포장가능 신갈비,불당 물갈비 전문점,불당 신사우 물갈비,신사우 갈비집,c
train_6373.jpg,train/train_6373.jpg,사진 속 가게의 이름은 무엇인가요?,ZUBORAYA,サロンパス,LOTTERIA,住友情報,c
train_6375.jpg,train/train_6375.jpg,이 상자에 담긴 제품의 이름은 무엇인가요?,모이스처 라이징 로션,화이트닝 에센스,아쿠아 수딩 젤,R.E.D BLEMISH CLEAR CREAM,d
train_6376.jpg,train/train_6376.jpg,이 광고판에 소개된 제품은 무엇인가요?,황금 포르투갈 에그 타르트,초코 크림 케이크,바닐라 아이스크림,딸기 치즈 타르트,a
train_6377.jpg,train/train_6377.jpg,메뉴판에 따르면 '된장짜글이밥'의 가격은 얼마인가요?,"7,000원","10,000원","6,000원","4,000원",c
train_6378.jpg,train/train_6378.jpg,"이마트 앞에 걸린 현수막에 따르면, 1월 29일(수)은 어떤 날인가요?",휴점하는 날,정상 영업하는 날,문화 행사 진행하는 날,할인 행사가 있는 날,a
train_6379.jpg,train/train_6379.jpg,"SSAFY 소개 글에 따르면, 삼성청년SW·AI아카데미(SSAFY)의 주요 목표는 무엇인가요?",국제 IT 컨퍼런스 개최,취업 준비생에게 SW·AI 역량 향상 교육 및 취업 지원 서비스 제공,국내 대학과의 산학 협력 강화,최신 전자제품 개발 및 판매,b
train_6380.jpg,train/train_6380.jpg,사진 속 초콜릿 상자에 적힌 문구 중 올바른 것은 무엇인가요?,Small Batch Candy Bright Flavor Sugar Bean Direct Trade Sugar Bean,Medium Batch Chocolate Mild Flavor Coffee Bean Direct Trade Coffee Bean,Large Batch Chocolate Dark Flavor Cocoa Bean Indirect Trade Cocoa Bean,Small Batch Chocolate Bright Flavor Cacao Bean Direct Trade Cacao Bean,d
train_6381.jpg,train/train_6381.jpg,사진 속 건물의 이름은 무엇인가요?,서울역,대전역,부산역,광주역,c
train_6382.jpg,train/train_6382.jpg,이 상자 안에 들어있는 음식 브랜드 이름은 무엇인가요?,KFC,BBQ,GOOBNE CHICKEN,맘스터치,c
train_6383.jpg,train/train_6383.jpg,이 제품의 포장 개봉 방법으로 올바른 것은 무엇인가요?,포장 끝을 아래로 접어 천천히 연다,포장 끝을 돌려서 연다,포장 끝을 옆으로 잡아 빠르게 연다,포장 끝을 위로 접어 천천히 연다,d
train_6384.jpg,train/train_6384.jpg,이 건물 3층에 위치한 학원 이름은 무엇인가요?,점핑팝 줄넘기 클럽,영수학원,유성 태권도,스칼라 음악학원,d
train_6385.jpg,train/train_6385.jpg,이 건물 입구에 붙어 있는 '흡연금지' 안내문에 적힌 전화번호는 무엇인가요?,02-553-1896,02-553-1998,02-552-1996,02-553-1996,d
train_6387.jpg,train/train_6387.jpg,소화전을 사용할 때 두 번째로 해야 할 행동은 무엇인가요?,호스 빼내기,불 끄기,밸브 열기,밸브 닫기,c
train_6388.jpg,train/train_6388.jpg,이 사진에 보이는 두 상점의 이름은 무엇인가요?,"커피 오아시스, GS25","커피 오아시스, CU","스타벅스, CU","투썸플레이스, GS25",a
train_6389.jpg,train/train_6389.jpg,이미지 속 휘트니스엠 롯데캐슬점 5월 이벤트 가격은 얼마인가요?,15만원,10만원,20만원,25만원,a
train_6390.jpg,train/train_6390.jpg,이 건물에 위치한 병원의 이름은 무엇인가요?,대구병원,서울병원,대학병원,부산병원,a
train_6391.jpg,train/train_6391.jpg,음료 디스펜서 옆에 있는 통에 붙어 있는 문구는 무엇인가요?,음료 컵 보관함,쓰레기통,남은 음료 버리는 곳,자원 재활용함,c
train_6392.jpg,train/train_6392.jpg,이 건물에 입주해 있는 기관 중 하나의 이름은 무엇인가요?,대한사회복지회,서울대학교병원,한국은행,강남치과의원,a
train_6393.jpg,train/train_6393.jpg,사진 속 건물 임대 광고에 명시된 임대 면적은 얼마인가요?,1600 SQUARE METRES,1400 SQUARE METRES,1200 SQUARE METRES,1000 SQUARE METRES,b
train_6394.jpg,train/train_6394.jpg,이 사진 속 종이 가방에 적힌 '지평'은 무엇과 콜라보레이션을 한 브랜드인가요?,JIM BEAM,맥도날드,스타벅스,롯데,a
train_6395.jpg,train/train_6395.jpg,오리온에서 판매하는 '참 붕어빵' 한 박스에는 몇 마리가 들어 있나요?,5마리,12마리,30마리,18마리,d
train_6396.jpg,train/train_6396.jpg,MSI 익스피리언스 데이 1주년 기념 행사에서 2부 시작 시간은 언제인가요?,17:00,14:00,15:00,13:00,c
train_6397.jpg,train/train_6397.jpg,이 케이크에 붙어 있는 상호명은 무엇인가요?,CHEFCHO,DOW'S,2020,PORT,a
train_6398.jpg,train/train_6398.jpg,사진 속 7-ELEVEN 편의점에서 와인과 위스키를 최대 몇 퍼센트 할인 판매하고 있나요?,최대 30%,최대 20%,최대 15%,최대 10%,b
train_6399.jpg,train/train_6399.jpg,이 제품의 이름은 무엇인가요?,ROYCE' VANILLA CHOCOLATE,ROYCE' ALMOND CHOCOLATE,ROYCE' STRAWBERRY CHOCOLATE,ROYCE' POTATOCHIP CHOCOLATE,d
train_6400.jpg,train/train_6400.jpg,이 삼각김밥의 종류는 무엇인가요?,참치마요,김치,멸치볶음,불고기,a
train_6401.jpg,train/train_6401.jpg,옐로우클렌즈 주스에 들어가지 않은 재료는 무엇인가요?,자몽,오렌지,당근,파인애플,c
train_6402.jpg,train/train_6402.jpg,사진 속 빨간색 간판에 적힌 가게 이름은 무엇인가요?,올킬 스터디카페,장터할인마트,진초동순두부,미향 부페식 고시식당,b
train_6403.jpg,train/train_6403.jpg,이 사진 속 건물의 간판에 적힌 상호명은 무엇인가요?,생활안전 CCTV,진 미용타운,달구벌대로329길,진 카페,b
train_6404.jpg,train/train_6404.jpg,이 빵집의 이름은 무엇인가요?,Sweet Home,Fast Bakery,Slow Bread,Bread & Butter,c
train_6406.jpg,train/train_6406.jpg,영화 입장권에 적힌 영화 제목은 무엇인가요?,명탐정 코난: 척안의 잔영 (자막),겨울왕국 2,어벤져스: 엔드게임,기생충,a
train_6407.jpg,train/train_6407.jpg,이 식당의 전화번호는 무엇인가요?,111-2222,475-9248,987-6543,123-4567,b
train_6411.jpg,train/train_6411.jpg,트레이더스 홀세일 클럽 명지점의 8월 휴점일은 언제인가요?,8월 3일과 8월 17일,8월 1일과 8월 15일,8월 10일과 8월 24일,8월 5일과 8월 20일,c
train_6412.jpg,train/train_6412.jpg,이 수하물의 무게는 얼마인가요?,13.5 kg,15.2 kg,16.0 kg,14.8 kg,d
train_6413.jpg,train/train_6413.jpg,이 건물의 간판에 적힌 전화번호는 무엇인가요?,987-6543,010-1111-2222,472-9933,123-4567,c
train_6414.jpg,train/train_6414.jpg,이 도로에 설치된 제한 속도 표지판에 적힌 제한 속도는 얼마인가요?,80,60,30,50,c
train_6415.jpg,train/train_6415.jpg,사진에 보이는 '만석군'은 어떤 종류의 음식점인가요?,양식당,한식부페,일식집,중식당,b
train_6416.jpg,train/train_6416.jpg,사진 속 건물 2층에 위치한 스터디 카페의 이름은 무엇인가요?,천지부동산,무에타이,제과제빵,아이비스터디카페,d
train_6418.jpg,train/train_6418.jpg,이 잔에 적혀 있는 맥주 브랜드 이름은 무엇인가요?,BUDWEISER,CARLSBERG,HEINEKEN,GUINNESS,d
train_6419.jpg,train/train_6419.jpg,이 건물에 입주해 있는 한식 전문점의 이름은 무엇인가요?,만두레한우,시우타일,세무사김영복,SIWOO TILE,a
train_6420.jpg,train/train_6420.jpg,미래치과의원의 진료시간은 언제인가요?,"월~금 09:30 - 18:30, 토요일 09:30 - 14:00","월~금 09:30 - 18:30, 토요일 09:30 - 12:30","월~금 09:30 - 18:30, 토요일 휴진","월~금 09:30 - 18:30, 토요일 09:30 - 15:00",a
train_6421.jpg,train/train_6421.jpg,이 사진에 보이는 안내판에 적힌 문구는 무엇인가요?,진입금지,서행,주차금지,출차주의,d
train_6422.jpg,train/train_6422.jpg,이 약품의 용량은 얼마인가요?,10mL,5mL,20mL,14mL,d
train_6423.jpg,train/train_6423.jpg,이 부스의 주제는 무엇인가요?,인공지능,환경 과학,바이오 기술,로봇공학,a
train_6424.jpg,train/train_6424.jpg,이 공간 벽면에 적힌 글자는 무엇인가요?,SOFTY,SSAFY,SUNDAY,SAFETY,b
train_6425.jpg,train/train_6425.jpg,이 가게의 전화번호는 무엇인가요?,0507-1322-8062,070-9876-5432,031-1234-5678,02-3456-7890,a
train_6426.jpg,train/train_6426.jpg,이 매장의 브랜드 행사 내용으로 옳은 것은 무엇인가요?,신제품 출시 기념 사은품 증정,마리끌레르 핸드백 최대 60% 할인,빵 구매 시 음료 무료 제공,전 품목 30% 할인,b
train_6427.jpg,train/train_6427.jpg,이 간판에 적힌 세탁소의 이름은 무엇인가요?,진평 2길 빨래방,24시 무인운영 빨래방,세븐 빨래방 24시,세븐 24시 빨래방,d
train_6428.jpg,train/train_6428.jpg,이 간판에 적힌 장소는 무엇인가요?,커피 전문점,수제 버거 전문점,영화관 입구,연인 노래 연습장,d
train_6431.jpg,train/train_6431.jpg,이 도로 표지판에 따르면 '하남산단'으로 가려면 어느 방향으로 가야 하나요?,오른쪽,왼쪽,직진,뒤로 돌아가야 한다,a
train_6432.jpg,train/train_6432.jpg,이 건물 옥상 광고판에 적힌 김치 관련 브랜드 이름은 무엇인가요?,맛있는 김치,김치월드,종가,청정원,c
train_6436.jpg,train/train_6436.jpg,세탁기용량 20kg 기준으로 표준코스의 세탁 요금은 얼마인가요?,"6,000","6,500","7,000","5,500",a
train_6437.jpg,train/train_6437.jpg,이미지에 적힌 '상가임대' 문의 전화번호는 무엇인가요?,010-1234-5678,010-3888-0113,02-3888-0113,010-9468-1233,b
train_6438.jpg,train/train_6438.jpg,칠판에 붙어 있는 'Wanted' 포스터에 적힌 현상금은 얼마인가요?,$50 billion,$50 million,$500 thousand,$5 million,a
train_6439.jpg,train/train_6439.jpg,이 건물에 입주한 학원의 전문 분야는 무엇인가요?,요리 전문학원,영어 전문학원,수학 전문학원,음악 전문학원,c
train_6441.jpg,train/train_6441.jpg,이미지에 보이는 'EUTHYMOL' 제품은 무엇과 관련된 것인가요?,핸드크림,치약과 칫솔,열쇠고리,노트북 케이스,b
train_6442.jpg,train/train_6442.jpg,이 컴퓨터에 장착된 그래픽 카드 브랜드는 무엇인가요?,AMD RYZEN AI 7,Qualcomm Adreno,Intel UHD Graphics,NVIDIA GEFORCE RTX,d
train_6443.jpg,train/train_6443.jpg,이 기구에 장착된 무게 추의 무게는 얼마인가요?,10kg,20kg,25kg,15kg,b
train_6444.jpg,train/train_6444.jpg,이 작품 '아직은 낭만'은 어떤 가수의 노래에서 영감을 받았나요?,윤하,윤치호,윤미래,윤마치,d
train_6445.jpg,train/train_6445.jpg,메뉴판에서 '제육덮밥'의 가격은 얼마인가요?,"6,000원","6,500원","5,500원","7,000원",b
train_6446.jpg,train/train_6446.jpg,사진 속 스피커에 적힌 글자는 무엇인가요?,LikeMe,LoveYou,LookUp,LiveNow,a
train_6447.jpg,train/train_6447.jpg,이 표지판에 따르면 '관월교'로 가려면 어느 방향으로 가야 하나요?,유턴,직진,오른쪽,왼쪽,c
train_6450.jpg,train/train_6450.jpg,이 경기에서 뉴욕 닉스(New York Knicks)와 클리블랜드 캐벌리어스(Cleveland Cavaliers)의 현재 점수는 무엇인가요?,"뉴욕 닉스 130점, 클리블랜드 캐벌리어스 120점","뉴욕 닉스 120점, 클리블랜드 캐벌리어스 130점","뉴욕 닉스 124점, 클리블랜드 캐벌리어스 125점","뉴욕 닉스 125점, 클리블랜드 캐벌리어스 124점",d
train_6451.jpg,train/train_6451.jpg,화재 시 방수용 기구함에서 가장 먼저 해야 할 행동은 무엇인가요?,호스 빼내기,밸브 닫기,밸브 열기,불 끄기,a
train_6453.jpg,train/train_6453.jpg,위 이미지에서 '건강하고 맛있게 보관이 가능한' 용기의 재질은 무엇인가요?,종이,금속,플라스틱,유리,d
train_6454.jpg,train/train_6454.jpg,책꽂이에 꽂혀 있는 책 중에서 '국가론'이라는 제목이 붙은 책의 저자는 누구인가요?,강성태,유발 하라리,플라톤,정재승,c
train_6456.jpg,train/train_6456.jpg,사진 속 건물에 적힌 아울렛 매장의 이름은 무엇인가요?,2010 OUTLET 서울 아울렛,2022 OUTLET 대구 아울렛,2001 OUTLET 이천일 아울렛,1999 OUTLET 부산 아울렛,c
train_6457.jpg,train/train_6457.jpg,관외대학교 통학생 철도교통비 지원 내용 중 1회 최대 지원 금액은 얼마인가요?,20만원,10만원,30만원,50만원,b
train_6458.jpg,train/train_6458.jpg,이 도로 바닥에 적힌 글자는 무엇을 의미하나요?,속도 제한 구역,주차 금지 구역,야간 안전 운전 구역,어린이 보호 구역,d
train_6459.jpg,train/train_6459.jpg,이 우유 팩에 적혀 있는 원유의 등급은 무엇인가요?,국산 2B등급 원유 90%,수입산 1A등급 원유 100%,국산 3C등급 원유 80%,국산 1A등급 원유 100%,d
train_6460.jpg,train/train_6460.jpg,이 건물에 있는 1층 상점에서 사용할 수 있다고 적힌 상품권은 무엇인가요?,지역사랑 상품권,문화 상품권,온누리 상품권,모바일 상품권,c
train_6461.jpg,train/train_6461.jpg,테이블 위에 놓인 안내문에 적힌 내용 중 맞는 것은 무엇인가요?,테이블은 매일 소독됩니다.,테이블 위에 음식을 올리지 마세요.,"테이블을 밀거나 매달릴 경우, 넘어져 위험할 수 있으니 주의 부탁드립니다.",테이블은 이동이 불가능합니다.,c
train_6462.jpg,train/train_6462.jpg,이 제품의 맛 종류 중 초콜릿 맛은 무엇이라고 적혀 있나요?,고구마 맛,녹차 맛,딸기 맛,피스타치오 초콜릿 맛,d
train_6463.jpg,train/train_6463.jpg,이 표지판에 적힌 내용은 무엇인가요?,출차시 일시정지 보행자 확인철저,주차금지 구역 설정,차량 속도 제한 30km,보행자 통행 금지,a
train_6466.jpg,train/train_6466.jpg,이 제품의 이름은 무엇인가요?,X80 푸드서비스 타올,프리미엄 키친 타올,소프트 키친 타올,엑스트라 소프트 타올,a
train_6467.jpg,train/train_6467.jpg,이 계산서에서 '생맥주500 (0.45L)'의 총 금액은 얼마인가요?,"20,000원","80,000원","5,000원","22,900원",a
train_6468.jpg,train/train_6468.jpg,이미지에 보이는 '가보정'에서 소개하는 가보정의 의미는 무엇인가요?,맛있고 건강한 음식점입니다.,친절하고 빠른 서비스를 뜻합니다.,아름답고 큰집이라는 의미입니다.,전통을 지키는 한식집입니다.,c
train_6469.jpg,train/train_6469.jpg,이 제품의 지름(크기)은 얼마인가요?,40cm,34cm,30cm,28cm,b
train_6470.jpg,train/train_6470.jpg,이 사진에 보이는 한의원의 전화번호는 무엇인가요?,475-1075,476-1075,472-2870,472-1075,a
train_6471.jpg,train/train_6471.jpg,이 건물의 간판에 적힌 기관명으로 옳은 것은 무엇인가요?,한국관광공사,서울교통공사,대한사회복지회,대한적십자사,c
train_6473.jpg,train/train_6473.jpg,미카도스시 구미진평점에서 모든 접시의 균일 가격은 얼마인가요?,"1,900원","2,500원",900원,"1,200원",a
train_6475.jpg,train/train_6475.jpg,"이미지에 따르면, 'the transformed PA'는 무엇으로 간주되었나요?",a (response variable),a predictor variable,a confounding variable,a random variable,a
train_6476.jpg,train/train_6476.jpg,이 마트에서 과자 1+1 행사에 대해 설명한 문구는 무엇인가요?,1+1 많이 살수록 더 싸게,3+1 많이 살수록 더 싸게,2+1 많이 살수록 더 싸게,1+2 많이 살수록 더 싸게,a
train_6477.jpg,train/train_6477.jpg,사진 속 도쿄 스카이트리 타워에 적힌 문구는 무엇인가요?,Happy New Year,Merry Christmas,Tokyo Skytree,Welcome to Tokyo,a
train_6479.jpg,train/train_6479.jpg,이 영화관 입구에 설치된 간판에 적힌 기술 명칭은 무엇입니까?,ScreenX,Dolby VISION + ATMOS,IMAX 3D,4DX SCREEN,b
train_6480.jpg,train/train_6480.jpg,스티커에 적힌 문구는 무엇인가요?,조심하세요! 개가 있어요.,여기서 사진 촬영 금지입니다.,손 소독제를 꼭 사용하세요.,앗 들켰다! 다른 로라도 찾아봐!,d
train_6484.jpg,train/train_6484.jpg,이 건물에 입주해 있는 학원 이름은 무엇인가요?,원더풀,대한병원,투썸플레이스,리아영어학원,d
train_6485.jpg,train/train_6485.jpg,이 건물 2층에서 판매하는 음식 메뉴와 가격이 올바르게 짝지어진 것은 무엇인가요?,"콩나물해장국 6000원, 콩나물비빔밥 6000원","콩나물해장국 6000원, 콩나물비빔밥 7000원","콩나물해장국 7000원, 콩나물비빔밥 6000원","콩나물해장국 5000원, 콩나물비빔밥 7000원",b
train_6486.jpg,train/train_6486.jpg,이 금속 구조물에 적힌 전화번호 중 '카드' 관련 서비스 전화번호는 무엇인가요?,02-1234-5678,010-5555-5555,010-9881-3667,010-2180-5824,c
train_6488.jpg,train/train_6488.jpg,이 건물 2층에 위치한 업종은 무엇인가요?,약국,부동산,노래방,김밥집,b
train_6489.jpg,train/train_6489.jpg,이 뮤지컬 '매디슨 카운티의 다리'는 어느 기간 동안 공연되나요?,2024.12.01 ~ 12.31,2025.06.01 ~ 08.01,2025.05.01 ~ 07.13,2024.10.01 ~ 11.30,c
train_6490.jpg,train/train_6490.jpg,이 게시판의 이름은 무엇인가요?,장안2파출소 게시판,서울경찰청 게시판,드론 비행 제한구역 안내판,중요지명피의자 게시판,a
train_6491.jpg,train/train_6491.jpg,이 화면에서 상단에 표시된 프로그램 이름은 무엇인가요?,docker.desktop,Docker Hub,MCP Toolkit,Kubernetes,a
train_6492.jpg,train/train_6492.jpg,이 건물에 적힌 상호명 중 하나가 아닌 것은 무엇인가요?,マトウ家具,K-BOOKS KingsKing,Starbucks,Shoden,c
train_6493.jpg,train/train_6493.jpg,이 교육과정 자판기에서 '인공지능'과 '빅데이터' 교육과정을 받으려면 어떻게 해야 하나요?,동전을 넣는다,버튼을 누른다,화면을 터치한다,레버를 돌린다,d
train_6494.jpg,train/train_6494.jpg,사진 속 소독제 병에 적혀 있는 살균 효과는 몇 %인가요?,99.9%,100%,90%,95.5%,a
train_6495.jpg,train/train_6495.jpg,이 이미지에 나온 매일우유의 지방 함량은 얼마인가요?,3.6%,1.5%,2.0%,5.0%,a
train_6496.jpg,train/train_6496.jpg,이 사진에서 보이는 지하철 역 이름은 무엇인가요?,판교,선릉,잠실,강남,a
train_6497.jpg,train/train_6497.jpg,이마트 행사에서 참여 비용은 얼마인가요?,"20,000원","10,000원","25,000원","15,000원",d
train_6498.jpg,train/train_6498.jpg,사진 속 상자에 적힌 문구는 무엇인가요?,건강을 생각하는 마음,"깨끗한 물, 제주 삼다수",맛있는 과자와 함께,정성을 채우다. 즐거움을 맛보다,d
train_6499.jpg,train/train_6499.jpg,2026 국립광주과학관 사진 특별전의 전시 기간은 언제부터 언제까지인가요?,2026.4.24.(금) ~ 6.14.(일),2026.5.1.(토) ~ 7.15.(목),2026.3.1.(월) ~ 5.31.(일),2026.6.1.(수) ~ 8.30.(일),a
train_6500.jpg,train/train_6500.jpg,이 도로 표지판에 표시된 도로 이름은 무엇인가요?,강남대로,삼성로,테헤란로,역삼로,c
train_6501.jpg,train/train_6501.jpg,이 사진에 있는 안내문 중 '피난계획도'는 몇 층에 해당하는 건물의 도면인가요?,18층,17층,20층,19층,d
train_6502.jpg,train/train_6502.jpg,"이미지에 보이는 가격표에 따르면, 양념 돈 불고기의 100g 가격은 얼마인가요?","2,280원","1,480원","2,000원","9,500원",b
train_6503.jpg,train/train_6503.jpg,이 사진 속 티셔츠와 에코백에 공통적으로 적혀 있는 단어는 무엇인가요?,space,rb m,riverberamento,coffee,c
train_6504.jpg,train/train_6504.jpg,이 야구 경기에서 한국과 대결하는 상대 국가의 국기는 무엇인가요?,일본,미국,중국,호주,d
train_6505.jpg,train/train_6505.jpg,이 표지판에 적힌 내용은 무엇인가요?,출입구 앞 주차금지,환풍구입구 추락위험 접근금지,화재 발생 시 연락처 안내,비상구 위치 안내,b
train_6506.jpg,train/train_6506.jpg,이 영화 '건국전쟁2 프리덤파이터'의 전국 개봉일은 언제인가요?,8월 15일,12월 25일,10월 9일,9월 10일,d
train_6507.jpg,train/train_6507.jpg,이미지 왼쪽 하단에 찍힌 날짜는 무엇인가요?,2024/12/31,2022/11/11,2025/03/26,2023/05/01,c
train_6508.jpg,train/train_6508.jpg,이 간판에 적힌 상호명은 무엇인가요?,Santorini,Athens,Mykonos,Rhodes,a
train_6509.jpg,train/train_6509.jpg,이 이미지에 보이는 야시장의 이름은 무엇인가요?,Shilin Night Market,Feng Chia Night Market,Liuhe Night Market,Raohe Night Market,b
train_6510.jpg,train/train_6510.jpg,이 매장의 와이파이 비밀번호는 무엇인가요?,U+NET1370-5G,라인시럽,MEGA COFFEE,FF44000#6J,d
train_6512.jpg,train/train_6512.jpg,이 튀김 가게에서 '수제 고급 어묵' 4개를 사면 얼마인가요?,"10,000원","3,000원","5,000원","1,000원",b
train_6513.jpg,train/train_6513.jpg,이 가게의 이름은 무엇인가요?,starbucks,tom n toms,banapresso,coffee bean,c
train_6515.jpg,train/train_6515.jpg,이 노트에 적힌 문구 중 'SSAFY 생활을 ___하는 하루'에서 빈칸에 들어갈 단어는 무엇인가요?,기획하는,공부하는,즐기는,기록하는,d
train_6516.jpg,train/train_6516.jpg,음악연습실에서 연습할 수 없는 악기는 무엇인가요?,색소폰,드럼,피아노,기타,c
train_6517.jpg,train/train_6517.jpg,사진 속 노란색 현수막에 적힌 문구 중 맞는 것은 무엇인가요?,기다려주는 깜빡이 켜는 배려운전 양보운전,깜빡이 켜는 배려운전 기다려주는 양보운전,양보운전 깜빡이 켜는 배려운전 기다려주는,배려운전 기다려주는 양보운전 깜빡이 켜는,b
train_6519.jpg,train/train_6519.jpg,이 사진 속에 보이는 핸드크림 브랜드 이름은 무엇인가요?,Stanley,Strong,atrix,Samsung,c
train_6520.jpg,train/train_6520.jpg,사진 속에 보이는 '빼빼로' 제품 중 딸기 맛은 어떤 색상의 상자에 담겨 있나요?,분홍색 상자,빨간색 상자,주황색 상자,초록색 상자,a
train_6522.jpg,train/train_6522.jpg,이 바위에 적힌 '매봉'의 높이는 얼마인가요?,825m,582.5m,5825m,582m,b
train_6524.jpg,train/train_6524.jpg,"메뉴판에 따르면, 만둣국의 가격은 얼마인가요?","6,500원","5,000원","7,000원","6,000원",a
train_6525.jpg,train/train_6525.jpg,이 약국 간판에 적힌 전화번호는 무엇인가요?,752-1316,2522-0000,1568-0000,100-2000,a
train_6526.jpg,train/train_6526.jpg,사진 속 옷가게에서 판매하는 '인견바지'의 가격은 얼마인가요?,"\15,000","\5,000","\20,000","\10,000",d
train_6527.jpg,train/train_6527.jpg,이 안내문에 따르면 '세븐테마카페'는 몇 층에 위치해 있나요?,3층~5층,8층~10층,1층~3층,6층~7층,d
train_6528.jpg,train/train_6528.jpg,'슬림형 탄산정수기'의 주요 특징으로 올바른 것은 무엇인가요?,터치리스 기능이 없어 비접촉 출수가 불가능하다,IoT 센서 및 모니터링을 통한 소모품 발주 및 오류 안내로 관리가 쉬움,가정용 정수기가 아닌 산업용 정수기이다,탄산수 출수는 버튼 출수만 가능하다,b
train_6529.jpg,train/train_6529.jpg,이 이미지에서 트램에 적힌 글귀 중 맞는 것은 무엇인가요?,THE LARGEST AND BROADEST,THE NEWEST AND FASTEST,THE OLDEST AND SHORTEST,THE SMALLEST AND NARROWEST,a
train_6530.jpg,train/train_6530.jpg,이곳의 주소는 무엇입니까?,강남구 역삼동 707-4,공개공지 안내,에스원 1588-3112,테헤란로 316,d
train_6531.jpg,train/train_6531.jpg,이 초콜릿 과자 'きのこの山'의 맛으로 맞는 것은 무엇인가요?,바닐라맛,딸기맛,초코맛,우지 말차맛,d
train_6532.jpg,train/train_6532.jpg,봄날 카페의 메뉴판에 적힌 마카롱 가격은 얼마인가요?,4.0,5.5,5.0,2.5,d
train_6533.jpg,train/train_6533.jpg,이 인형 뽑기 기계에서 한 사람이 뽑을 수 있는 경품 개수는 몇 개인가요?,2점,1점,무제한,3점,b
train_6534.jpg,train/train_6534.jpg,이 버스 정류장의 이름은 무엇인가요?,한국자산신탁 센터필드,역삼역 포스코타워역삼,서울역,대한사회복지회,d
train_6535.jpg,train/train_6535.jpg,이미지에 보이는 '동원참치' 제품 뚜껑에 적힌 문구가 아닌 것은 무엇인가요?,살코기 동원참치,100% 천연 재료만 사용,대한민국 대표참치,LIGHT STANDARD 라이트 스탠다드,b
train_6536.jpg,train/train_6536.jpg,이 행사에서 축하하는 대상은 무엇인가요?,삼성청년SW·AI아카데미 17기 입학,삼성청년SW·AI아카데미 16기 졸업,삼성청년SW·AI아카데미 15기 졸업,삼성청년SW·AI아카데미 16기 입학,d
train_6540.jpg,train/train_6540.jpg,"이 도로 표지판에 따르면, 사상(Sasang) 방향으로 가려면 얼마만큼 이동해야 합니까?",30m,30km,150m,5km,c
train_6541.jpg,train/train_6541.jpg,책장에 꽂혀 있는 책 제목 중 '괴벨스'가 포함된 책의 정확한 제목은 무엇인가요?,괴벨스의 심리전,"괴벨스, 대중 선동의 심리학",괴벨스의 선동술,괴벨스와 나치 선전,b
train_6542.jpg,train/train_6542.jpg,사진 속 상자에 적힌 문구는 무엇인가요?,SSAFY 16기 입학을 축하합니다,SSAFY 16기 환영합니다,SSAFY 17기 입학을 환영합니다,SSAFY 15기 졸업을 축하합니다,a
train_6543.jpg,train/train_6543.jpg,오른쪽 상자에 적힌 판매 가격은 얼마인가요?,55000,10000,30000,12000,a
train_6544.jpg,train/train_6544.jpg,이 간판에 적힌 전화번호는 무엇인가요?,010-0000-0000,987-6543,465-9293,123-4567,c
train_6547.jpg,train/train_6547.jpg,사진 속 건물에 적힌 병원 이름은 무엇인가요?,서울의료원,블리비의원,서울병원,코로나 클리닉,b
train_6548.jpg,train/train_6548.jpg,이 술병 라벨에 적힌 브랜드 이름은 무엇인가요?,CHIVAS REGAL,KAVALAN,JINRO,JACK DANIEL'S,b
train_6549.jpg,train/train_6549.jpg,이 건물에 입주해 있는 학원 이름은 무엇인가요?,NH농협은행,연세외국어학원,김영재치과,다빈치 성형외과 피부과,b
train_6550.jpg,train/train_6550.jpg,사진 속 카페의 이름은 무엇인가요?,OCEAN VIEW,SEA BREEZE,BLUE BAY,HIDDEN SEA,d
train_6551.jpg,train/train_6551.jpg,이 바구니 안에 들어있는 주류의 종류는 무엇인가요?,와인,맥주,위스키,사케,c
train_6553.jpg,train/train_6553.jpg,사진 속 담배 제품 중 '골드'라는 이름이 적힌 제품은 어떤 브랜드인가요?,팔리아멘트,비스타,아쿠아,말보로,d
train_6555.jpg,train/train_6555.jpg,이 가게 간판에 적혀 있는 문구는 무엇인가요?,맛있는 분식집,원조 제일 돌솥,신선한 채소 가게,전통 한식 전문,b
train_6557.jpg,train/train_6557.jpg,이 제품의 할인율은 얼마인가요?,5% 할인,20% 할인,15% 할인,10% 할인,d
train_6558.jpg,train/train_6558.jpg,이 유튜브 영상 제목에서 '실시간 랜선여행'을 하는 곳은 어디인가요?,서울타워,경복궁,롯데월드,넥슨컴퓨터박물관,d
train_6559.jpg,train/train_6559.jpg,이 가게의 간판에 적힌 상호명은 무엇인가요?,행복사진관,청년사진관,모던사진관,초원사진관,d
train_6561.jpg,train/train_6561.jpg,야구 경기장 스코어보드에 나온 선수 박준순의 타율은 얼마인가요?,0.310,0.286,0.313,0.299,b
train_6562.jpg,train/train_6562.jpg,이 버스의 후면에 적혀 있는 여행사 이름은 무엇인가요?,코리아나항공여행사,실크로드,삼양스퀘어밀,그랜버드,a
train_6563.jpg,train/train_6563.jpg,이 연구의 목표 중 하나로 맞는 것은 무엇인가요?,해양 플라스틱 쓰레기 완전 제거,환경난제 대응정책 가능성 논의,익산시 약취 저감 정책 폐지,시민과학 연구 제외,b
train_6565.jpg,train/train_6565.jpg,이 가게의 전문 메뉴는 무엇인가요?,김치찌개와 된장찌개,떡볶이와 순대,비빔밥과 불고기,손칼국수와 손만두국,d
train_6566.jpg,train/train_6566.jpg,이 이미지에 보이는 영어 단어는 무엇인가요?,Welcome,Goodbye,Greetings,Hello,c
train_6567.jpg,train/train_6567.jpg,이 부동산 중개소 간판에 적힌 전화번호는 무엇인가요?,T.555-6789,T.123-4567,T.789-0123,T.476-0044,d
train_6568.jpg,train/train_6568.jpg,이 노트북 표지에 적힌 노트북의 크기는 무엇인가요?,Legal / 35.6 X 21.6cm,Letter / 27.9 X 21.6cm,A4 / 21.0 X 29.7cm,B5 / 25.0 X 17.6cm,b
train_6569.jpg,train/train_6569.jpg,이 사진에서 보이는 주유소 옆에 있는 상점의 이름은 무엇인가요?,서울농협 하나로마트,가산농협 하나마트,가산농협 하나로마켓,가산농협 하나로마트,d
train_6570.jpg,train/train_6570.jpg,사진 속 책자 표지에 적힌 제목은 무엇인가요?,SSAFY 교육과정 안내,SSAFY 취업성공 후기집,SSAFY 졸업생 명단,SSAFY 취업지원 안내서,b
train_6571.jpg,train/train_6571.jpg,이 사진 속 'bing-dong-dang' 카페에서 아메리카노 핫 음료의 가격은 얼마인가요?,2700원,3000원,3500원,2500원,a
train_6572.jpg,train/train_6572.jpg,이 표지판에 적힌 'PICK-UP' 구역은 어떤 용도로 사용되는 곳인가요?,주차 금지 구역,장기 주차 구역,잠시 대기 구간,차량 정비 구역,c
train_6576.jpg,train/train_6576.jpg,8월 25일에 진행되는 15기 8월 취업특강의 강의 주제는 무엇인가요?,이력서 작성법,취업 동향 분석,자기소개서 심화 분석,면접 준비 전략,c
train_6577.jpg,train/train_6577.jpg,이 사진에 보이는 건물의 이름은 무엇인가요?,GREEN TEA HOUSE,OSULLOC TEA MUSEUM,OSULLOC COFFEE SHOP,JEJU TEA MUSEUM,b
train_6578.jpg,train/train_6578.jpg,이 건물에 있는 사무소의 전화번호는 무엇인가요?,042-537-9898,042-537-9999,042-537-9989,042-537-9988,c
train_6579.jpg,train/train_6579.jpg,다음 중 이미지에 보이는 지하철 역 이름이 아닌 것은 무엇인가요?,수리산,강남,대야미,반월,b
train_6580.jpg,train/train_6580.jpg,이 소주 병의 상표명은 무엇인가요?,한라산,처음처럼,참이슬 fresh,좋은데이,c
train_6581.jpg,train/train_6581.jpg,이 가게의 간판에 적힌 음식 종류는 무엇인가요?,갈비탕 전문점,숯불 갈비,숯가마 바베큐 치킨,참치회 전문점,c
train_6582.jpg,train/train_6582.jpg,이 건물에 있는 상점 중에서 '가족오락관' 옆에 있는 상점은 무엇인가요?,인형뽑기,약국,다이소 고객주차장,카페,c
train_6583.jpg,train/train_6583.jpg,이 소화기에 적혀 있는 글자는 무엇인가요?,소방서,화재경보기,비상구,소화기,d
train_6584.jpg,train/train_6584.jpg,소금통에 적혀 있는 영어 단어는 무엇인가요?,SUGAR,OIL,SALT,PEPPER,c
train_6586.jpg,train/train_6586.jpg,이 사진에 적힌 전화번호는 무엇인가요?,010-1234-5678,1588-1234,02-3456-7890,1544-6764,d
train_6587.jpg,train/train_6587.jpg,"이 포스터의 제목에 따르면, 소방관들이 노출 평가를 받은 화합물은 무엇과 관련이 있나요?",화학물질 사고 대응 소방관들의 독성 가스 노출 평가,소방관들의 방화복 내화성 평가,산불 진화 소방관들의 미세먼지 노출 평가,타이어 화재 대응 소방관들의 휘발성유기화합물 노출 평가,d
train_6588.jpg,train/train_6588.jpg,외부 고객께서는 어느 층에서 안내를 받아야 합니까?,1층,지하 1층,2층,3층,a
train_6589.jpg,train/train_6589.jpg,벽에 붙어 있는 빨간색 표지판에 적힌 CCTV 작동중인 회사 이름은 무엇인가요?,세콤,안전넷,경비원,에스원,d
train_6590.jpg,train/train_6590.jpg,이 이미지에 보이는 구글 번역 화면에서 'din'이라는 단어가 어떤 의미와 관련이 있다고 설명하고 있나요?,"부채와 사회적 규범, 의무의 세계와 관련된 용어",음식 메뉴의 이름,스포츠 용어,기계 부품의 명칭,a
train_6592.jpg,train/train_6592.jpg,이 방의 용도는 무엇인가요?,서재,휴게실,회의실,통역실,d
train_6594.jpg,train/train_6594.jpg,이 건물 유리창에 적힌 은행의 이름은 무엇인가요?,민국 저축 은행,서울 저축 은행,국민 저축 은행,대한 저축 은행,a
train_6595.jpg,train/train_6595.jpg,사진 속 'BAILEYS' 미니어처 병에 적힌 맛은 무엇인가요?,Mint & Chocolate,Vanilla & Caramel,Chocolate & Hazelnut,Strawberries & Cream,d
train_6596.jpg,train/train_6596.jpg,사진 속 포장지에 적힌 치즈 브랜드 이름은 무엇인가요?,Brie,Cheddar,Gouda,Babybel,d
train_6597.jpg,train/train_6597.jpg,이 사진에서 보이는 '가고싶은섬 생일도'라는 문구는 어디에 적혀 있나요?,전봇대에 걸린 현수막,산 위에 설치된 큰 글자 간판,버스 뒤쪽의 광고판,건물 벽면의 카페 간판,b
train_6598.jpg,train/train_6598.jpg,"이 테이블 위에 적힌 안내문에 따르면, 매장 내에서 금지된 행위는 무엇인가요?",음식물 반입 금지,애완동물 출입 금지,일회용품 사용 금지,흡연 금지,c
train_6600.jpg,train/train_6600.jpg,이 건물에 적힌 회사 이름은 무엇인가요?,삼성전자 Samsung Electronics,현대자동차 Hyundai Motor,LG화학 LG Chem,쎄트렉아이 SATREC INITIATIVE,d
train_6601.jpg,train/train_6601.jpg,이 사진에 나온 건물의 주소는 무엇인가요?,역삼로 45,테헤란로 217,삼성로 88,강남대로 123,b
train_6602.jpg,train/train_6602.jpg,이미지에 보이는 간판 중에서 '봉구스밥버거' 옆에 적힌 영어 문구는 무엇인가요?,Fresh and Tasty,Go Together!,Best Burger,Welcome!,b
train_6603.jpg,train/train_6603.jpg,이 건물에 위치한 필라테스 전문 스튜디오의 전화번호는 무엇인가요?,02-538-9996,02-123-4567,031-987-6543,1588-6400,a
train_6604.jpg,train/train_6604.jpg,이 건물에 붙어 있는 광고에서 'FOD'는 무엇과 관련된 것인가요?,온라인 쇼핑,스포츠 경기 중계,영화 서비스,음악 스트리밍,c
train_6605.jpg,train/train_6605.jpg,이 과자 봉지에 적힌 문구 중 실제 재료를 나타내는 것은 무엇인가요?,Contains Artificial Flavors,Low Fat and Sugar Free,Made From Real Fresh Potato,Gluten Free Product,c
train_6606.jpg,train/train_6606.jpg,이 휴대폰 가게에서 할인 행사 관련으로 적혀 있지 않은 내용은 무엇인가요?,액정 교체,만원,전격 출시,휴대폰 할인,a
train_6607.jpg,train/train_6607.jpg,이 자전거 주차장의 24시간 이용 요금은 얼마인가요?,1000엔,300엔,100엔,500엔,b
train_6608.jpg,train/train_6608.jpg,이 사진에 보이는 역 이름은 무엇인가요?,대전역,광주역,부산역,서울역,c
train_6609.jpg,train/train_6609.jpg,사진 속에서 '짚신'은 어떤 재료로 만들어졌나요?,가죽,플라스틱,나무,짚,d
train_6611.jpg,train/train_6611.jpg,컨테이너에 적힌 경고 문구는 무엇인가요?,"TARE 4,570 KG","MAX. GR. 25,000 KG","PAYLOAD 20,430 KG","CAUTION 9'6"""" HIGH",d
train_6612.jpg,train/train_6612.jpg,이 장소에서 금연구역 반경은 몇 미터입니까?,5미터,10미터,20미터,15미터,b
train_6613.jpg,train/train_6613.jpg,이 사진 속 상자에 적힌 문구 중 올바른 문장은 무엇인가요?,렌즈클리닝 일회용티슈,렌즈세척 다회용티슈,렌즈닦이 휴대용 천,렌즈관리 멀티 클리너,a
train_6614.jpg,train/train_6614.jpg,이 이미지에 적힌 글자는 무엇인가요?,LA SEINE,LE SEIN,LE SEINE,LA SEIN,a
train_6615.jpg,train/train_6615.jpg,이 제품의 에너지 소비 효율 등급은 몇 등급인가요?,3등급,1등급,4등급,2등급,c
train_6616.jpg,train/train_6616.jpg,이 쓰레기통에 적혀 있는 문구는 무엇인가요?,재활용품 전용수거함,일반쓰레기 전용수거함,음식물 쓰레기 전용수거함,종량제봉투 전용수거함,d
train_6618.jpg,train/train_6618.jpg,이 건물에 위치한 CU 편의점 출입문은 어디에 있나요?,건물 뒤에 있습니다,건물 입구에 있습니다,건물 옥상에 있습니다,건물 옆에 있습니다,b
train_6623.jpg,train/train_6623.jpg,이 카드에 적혀 있는 문구는 무엇인가요?,Happy New Year,Merry Christmas,Happy Holidays,Season's Greetings,b
train_6625.jpg,train/train_6625.jpg,"대복식당 메뉴판에 따르면, 돼지두루치기의 가격은 얼마인가요?","15,000원","21,000원","13,000원","16,000원",d
train_6626.jpg,train/train_6626.jpg,뭉티기는 어떤 조건에서 판매되는 음식인가요?,당일 도축한 한우 우둔살을 24시간 이내에만 판매한다,한우 등심을 48시간 이내에 판매한다,주말과 공휴일에만 판매한다,냉동된 소고기를 일주일에 한 번 판매한다,a
train_6628.jpg,train/train_6628.jpg,계단에 붙어 있는 안내문에는 무엇이라고 적혀 있나요?,계단 주의,좌측 보행,우측 보행,중앙 보행,c
train_6629.jpg,train/train_6629.jpg,이 간판에 적힌 병원 이름은 무엇인가요?,맑음 피부과,맑음 치과,맑음 정신건강의학과,맑음 내과,c
train_6630.jpg,train/train_6630.jpg,사진 속 상호명 중에서 24시간 운영되는 스터디 카페 이름은 무엇인가요?,공부의 철인,BURGER KING,430 헤어,셀독 24 스터디 카페,d
train_6632.jpg,train/train_6632.jpg,별콩커피에서 아이스 아메리카노 가격은 얼마인가요?,2500원,2000원,3000원,3800원,a
train_6633.jpg,train/train_6633.jpg,사진 속 가게 이름은 무엇인가요?,박씨네 보리밥,장씨네 국밥,김씨네 보리밥,장씨네 보리밥,d
train_6635.jpg,train/train_6635.jpg,이 지하철역 출입구에 붙어 있는 '대피소' 표지판은 무엇을 의미하나요?,관광 안내소 위치 표시,지하철 역사 내 화장실 위치 안내,비상시 대피할 수 있는 대피소,지하철 역사 내부의 휴게 공간,c
train_6637.jpg,train/train_6637.jpg,이 엘리베이터 내부에 적힌 비상호출 버튼 위 문구 중 올바른 내용은 무엇인가요?,항상 눌러 주세요,비상시 눌러도 안 됩니다,비상시만 눌러 주세요,평상시 눌러 주세요,c
train_6638.jpg,train/train_6638.jpg,ABKO AF108PRO 제품의 할인 전 가격은 얼마인가요?,"\82,000","\90,000","\76,000","\89,900",d
train_6640.jpg,train/train_6640.jpg,사진 속의 'DREAM CACAO' 제품에 적혀 있는 카카오 함량은 얼마인가요?,72%,82%,62%,92%,b
train_6641.jpg,train/train_6641.jpg,이 족보 그림에서 'Mathild'의 바로 위에 있는 이름은 무엇인가요?,Charlotte,William,L?opold,Fran?ois,a
train_6642.jpg,train/train_6642.jpg,첫 번째 쇼핑 안내에서 음료 주문 후 어떤 순서로 진행해야 하나요?,상품 선택 → 결제 → 음료 순서로 진행,결제 → 음료 → 상품 선택 순서로 진행,음료 → 상품 선택 → 결제 순서로 진행,결제 → 상품 선택 → 음료 순서로 진행,c
train_6644.jpg,train/train_6644.jpg,이 제품에 포함된 우유의 함유량은 얼마인가요?,0.5%,3.2%,2.5%,1.83%,d
train_6645.jpg,train/train_6645.jpg,이미지에 보이는 간판 중 '청미나리 농장'과 관련된 전화번호는 무엇인가요?,555-1234,555-9789,02)568-0630,02)123-4567,c
train_6647.jpg,train/train_6647.jpg,이미지에 적힌 와인 한 병의 네이버페이/토스페이 20% 페이백 적용 후 체감가는 얼마인가요?,"13,520원","12,000원","15,000원","16,900원",a
train_6648.jpg,train/train_6648.jpg,이 건물에 적힌 '사랑방 재가복지센터'의 전화번호는 무엇인가요?,062-252-3993,062-333-1234,062-444-5678,062-555-0000,a
train_6649.jpg,train/train_6649.jpg,블루베리시루 판매 일정 안내에 따르면 블루베리시루는 언제 판매하지 않나요?,매일 하루 종일 판매하지 않는다,금요일부터 일요일까지 판매하지 않는다,월요일부터 목요일까지 판매하지 않는다,토요일과 일요일만 판매하지 않는다,b
train_6650.jpg,train/train_6650.jpg,이 샐러드의 이름은 무엇인가요?,곤약밥연어포케샐러드,참치회덮밥,야채비빔밥,닭가슴살샐러드,a
train_6651.jpg,train/train_6651.jpg,사진 속 커피 메뉴 이름은 무엇인가요?,강남다방커피,부드러운커피,바닐다방커피,달콤커피,a
train_6652.jpg,train/train_6652.jpg,이 주차장은 누구 전용 주차장인가요?,새가족 전용 주차장,일반인 전용 주차장,고객 전용 주차장,임직원 전용 주차장,a
train_6653.jpg,train/train_6653.jpg,이 장소에서 개최되는 행사는 무엇인가요?,마로니에 어린이공원 개장식,도서관 개관식,한강 마라톤 대회,서울시청 축제,a
train_6654.jpg,train/train_6654.jpg,순후추 나쵸 과자의 가격은 얼마인가요?,"2,100원","1,800원","2,300원","1,700원",b
train_6655.jpg,train/train_6655.jpg,지하철역 이용 안내문에서 '선로 무단출입 금지' 이유로 올바른 설명은 무엇인가요?,안전한 지하철 이용을 위해 선로에 내려가지 마세요.,비상시에는 주변 사람에게 도움을 요청하세요.,분실물이 증가하고 있으니 소지품을 꼭 챙기세요.,안내에 따라 안전한 곳으로 이동하세요.,a
train_6656.jpg,train/train_6656.jpg,영화 입장권에 적혀 있는 영화 제목은 무엇인가요?,기생충,어벤져스,겨울왕국,닥터 두리틀,d
train_6657.jpg,train/train_6657.jpg,셀독24 스터디카페 창동점의 무인 시스템 운영 시간은 어떻게 되나요?,평일 오전 7시부터 오후 10시까지,주말만 운영,주중 9시부터 18시까지,"24시간, 365일",d
train_6658.jpg,train/train_6658.jpg,지하철 문에 그려진 포켓몬 카드 중 '라프라스' 카드에 적힌 두 가지 기술은 무엇인가요?,"물대포, 파도타기","파도타기, 용의숨결","물대포, 불꽃세례","불꽃세례, 파도타기",a
train_6660.jpg,train/train_6660.jpg,포켓몬 초코롤 과자에 적힌 유통기한은 언제인가요?,2025.12.31까지,2027.01.01까지,2024.06.30까지,2026.08.17까지,d
train_6661.jpg,train/train_6661.jpg,이 도로 바닥에 표시된 '30'은 무엇을 의미하나요?,어린이 보호구역 내 제한 속도,최대 주차 가능 시간,주차 금지 구역 시작,도로 번호,a
train_6664.jpg,train/train_6664.jpg,이 사진에 보이는 편의점의 이름은 무엇인가요?,LAWSON,7-Eleven,GS25,FamilyMart,a
train_6665.jpg,train/train_6665.jpg,새동아직업전문학교에서 모집하는 국비 직업훈련 교육생 연령 조건으로 옳은 것은?,20세 이상 65세 미만,15세 이상 75세 미만,18세 이상 80세 미만,10세 이상 70세 미만,b
train_6666.jpg,train/train_6666.jpg,이 영화 포스터에 적힌 영화 제목은 무엇인가요?,위키드 포 굿드,위키드 포 구드,위키드 포 굿,위키드 포 굿드드,c
train_6667.jpg,train/train_6667.jpg,이 제품의 용량은 얼마인가요?,15mL,20mL,10mL,25mL,b
train_6668.jpg,train/train_6668.jpg,이 커피 컵에 적힌 문구는 무엇인가요?,진한 에스프레소,달콤한 카푸치노,차가운 아메리카노,따뜻한 라떼,d
train_6669.jpg,train/train_6669.jpg,이 제품의 판매 가격은 얼마인가요?,30000원,12000원,18000원,24000원,d
train_6671.jpg,train/train_6671.jpg,이 음식 사진에서 영수증에 적힌 주문 번호는 무엇인가요?,#124,#001,#999,#100,a
train_6672.jpg,train/train_6672.jpg,이 가게의 이름은 무엇인가요?,서울피자,청담김밥,한강버거,낙원타코,d
train_6673.jpg,train/train_6673.jpg,이 가게에서 'ちいかわ ぬいぐるみ' 인형을 특별할인 가격으로 살 수 있는 금액은 얼마인가요?,"2,300엔","1,900엔","1,540엔","1,000엔",d
train_6674.jpg,train/train_6674.jpg,이 광고판에 소개된 건강기능식품 브랜드 이름은 무엇인가요?,ALL THE BETTER,유산균 케어,힘차게 오늘,건강한 하루,a
train_6675.jpg,train/train_6675.jpg,이 도리토스 과자의 맛은 무엇인가요?,바베큐맛,매운맛,사워크림맛,나초치즈맛,d
train_6677.jpg,train/train_6677.jpg,이 제품 포장지에 적힌 브랜드명은 무엇인가요?,Nanoweb Technology,Acoustic,Elixir,Phosphor Bronze,c
train_6678.jpg,train/train_6678.jpg,이 건물의 상호명은 무엇인가요?,(주)금수커넥팅,금수커넥터,금수케이블링,(주)금속커넥터,a
train_6679.jpg,train/train_6679.jpg,이 문이 있는 장소는 어디인가요?,기계실,화장실,휴게실,회의실,a
train_6680.jpg,train/train_6680.jpg,사진 속 '족발의 효능' 중 3번째로 적힌 내용은 무엇인가요?,콜레스테롤 축적을 막아줘요.,숙취를 제거해줘요.,피부미용과 노화방지에 효과 있어요.,산모의 모유분비를 촉진해요.,a
train_6681.jpg,train/train_6681.jpg,이 책장에 꽂혀 있는 책 중 '엣센스 국어사전'은 어떤 출판사에서 나온 책인가요?,민중서림,해커스어학연구소,도서출판 산책,길벗,a
train_6683.jpg,train/train_6683.jpg,이 사진에 보이는 역 이름은 무엇인가요?,인천역,강릉역,서울역,부산역,b
train_6684.jpg,train/train_6684.jpg,이 간판에 따르면 'Joe's Pizza'가 뉴욕에서 어떤 평가를 받고 있나요?,뉴욕에서 가장 작은 피자 가게,뉴욕에서 가장 비싼 피자,뉴욕 최고의 피자,뉴욕에서 가장 오래된 피자,c
train_6685.jpg,train/train_6685.jpg,이 사진에 보이는 약국 상호명은 무엇인가요?,역삼 약국,삼문구 약국,온리 약국,온누리 약국,d
train_6687.jpg,train/train_6687.jpg,영등포시장으로 가려면 어느 방향으로 가야 하나요?,유턴,우회전,직진,좌회전,d
train_6688.jpg,train/train_6688.jpg,이 건물의 awning(차양)에 적힌 문구는 무엇인가요?,대한불교조계종,대한예수교장로회 충현교회,서울시립대학,충현초등학교,b
train_6690.jpg,train/train_6690.jpg,이 버스의 노선 번호는 무엇인가요?,4253,242,EV 버스,서울 1호선,b
train_6691.jpg,train/train_6691.jpg,이 간판에 적힌 글자는 무엇인가요?,소풍 떡볶이,맛있는 라면,소풍 김밥,행복 김밥,c
train_6692.jpg,train/train_6692.jpg,이 식당의 이름은 무엇인가요?,서울식당,신라식당,한라식당,신라분식,b
train_6694.jpg,train/train_6694.jpg,다음 중 '남녀노소 우리 가족 종합비타민' 광고에 적힌 문구는 무엇인가요?,대한민국 1등 유산균,우엉의 구수한 맛!,남녀노소 우리 가족 종합비타민,Let's Drink Twice!,c
train_6695.jpg,train/train_6695.jpg,이 건물의 주소는 무엇인가요?,강남대로 108,논현로 45,역삼로 318,테헤란로 212,d
train_6696.jpg,train/train_6696.jpg,사진에 보이는 '이춘복참치' 간판에 적힌 전화번호는 무엇인가요?,02-743-4558,02-734-4555,02-734-5548,02-734-4558,d
train_6697.jpg,train/train_6697.jpg,이 승차권의 출발역과 도착역은 어디인가요?,부산 - 김천구미,서울 - 부산,수서 - 김천구미,수서 - 대전,c
train_6698.jpg,train/train_6698.jpg,이 약국의 이름은 무엇인가요?,새성모병원,성모약국,새성모한약국,새성모약국,d
train_6699.jpg,train/train_6699.jpg,이 가게의 전문 메뉴는 무엇인가요?,돼지갈비,김치찌개,불고기,우럭회무침,d
train_6701.jpg,train/train_6701.jpg,오른쪽에 있는 주황색 쓰레기통에 적힌 글자는 무엇인가요?,일반쓰레기,음식물쓰레기,대형쓰레기,재활용쓰레기,a
train_6703.jpg,train/train_6703.jpg,사진 속 가게 건물에 걸려 있는 빨간색 깃발에 적힌 글자는 무엇인가요?,Supreeme,Supreme,Supremee,Suprem,b
train_6706.jpg,train/train_6706.jpg,이 건물에 입주해 있는 병원의 종류는 무엇인가요?,안과,피부과,치과,내과,a
train_6707.jpg,train/train_6707.jpg,이 가게 앞에 붙어 있는 파란색 현수막에 적힌 내용은 무엇인가요?,카페 요아정 COMING SOON,할인 행사 진행 중,영업 시간 변경 안내,새로 오픈하는 요거트 가게,a
train_6708.jpg,train/train_6708.jpg,이 건물 1층에 있는 음식점의 이름은 무엇인가요?,미스터피자,파파존스,도미노피자,피자헛,c
train_6709.jpg,train/train_6709.jpg,이 사진 속 간판에 적힌 가게 이름은 무엇인가요?,Pizza Pazzo,Pizzeria Pazzo,Pazzia Pizzeria,Pizzeria Pizza,b
train_6710.jpg,train/train_6710.jpg,이 가게의 상호명은 무엇인가요?,파스타하우스,바질숲,스테이크하우스,이탈리안키친,b
train_6711.jpg,train/train_6711.jpg,사진 속 '그라운드 룰' 중 5번째 규칙은 무엇인가요?,서로 도와주기,자만하지 않기!,긍정 마인드,줄고 있으면 깨워주기,b
train_6712.jpg,train/train_6712.jpg,이 이미지에 보이는 식당 이름은 무엇인가요?,참맛 설렁탕,일번지 정육식당,참포 노래방,술방울 노래방,b
train_6714.jpg,train/train_6714.jpg,이 거리에서 눈에 띄는 큰 간판에 그려진 동물은 무엇인가요?,게,새우,문어,오징어,a
dev_0001.jpg,dev/dev_0001.jpg,이 인형뽑기 기계의 상호명은 무엇인가요?,JILL BY JILL STUART,PRIZE GAME,STUART,COCO ZZANG,d
dev_0002.jpg,dev/dev_0002.jpg,사진 속 초콜릿 매대에서 린트(Lindt) 초콜릿의 가격은 얼마인가요?,3.49,2.69,4.15,1.75,c
dev_0003.jpg,dev/dev_0003.jpg,이 비상 대피 안내문에서 3층 강의실 중 가장 오른쪽에 위치한 강의실 번호는 무엇인가요?,강의실 304,강의실 301,강의실 305,강의실 302,b
dev_0004.jpg,dev/dev_0004.jpg,이 체성분 분석 결과에서 BMI(체질량지수)는 얼마로 표시되어 있나요?,23.5,18.4,20.7,25.9,c
dev_0005.jpg,dev/dev_0005.jpg,사진 속 건물 2층에 있는 '삼송 한식부페' 간판에 적힌 전화번호는 무엇인가요?,02-2854-0307,02-381-6620,02-1854-0307,02-381-6622,b
dev_0006.jpg,dev/dev_0006.jpg,종이류를 분리배출 할 때 어떻게 해야 하나요?,내용물을 비우고 이물질을 제거하여 배출,"비닐코팅, 테이프, 스프링 등을 제거하여 배출","음식물, 이물질이 묻은 경우 깨끗이 씻어서 물기 제거 후 배출",테이프 등을 제거 후 배출,b
dev_0008.jpg,dev/dev_0008.jpg,빨간색 티셔츠에 적힌 문구 중 올바른 것은 무엇인가요?,COLORAMA COLORAMA,COLARAMA COLORAMA,COLARAMA COLARAMA,COLORAMA COLARAMA,a
dev_0010.jpg,dev/dev_0010.jpg,이 현수막에 소개된 김말봉 선생님은 어떤 분야에서 유명한 인사인가요?,망우역사문화공원에 계신 유명인사,한국의 전통 음악가,중랑구의 전설적인 운동선수,중랑구 출신의 현대 미술가,a
dev_0011.jpg,dev/dev_0011.jpg,사진에 보이는 '스토크 세라믹 텀블러' 두 가지 제품의 가격은 각각 얼마인가요?,"58,000원과 64,000원","65,000원과 69,000원","60,000원과 70,000원","62,000원과 68,000원",d
dev_0013.jpg,dev/dev_0013.jpg,PC 71 주문 내역에 포함되지 않은 메뉴는 무엇인가요?,아이스아메리카노(대) 1개,대패삼겹볶음밥 1개,쏘팡(마약핫도그) 1개,계란후라이 1개,b
dev_0014.jpg,dev/dev_0014.jpg,이 사진 속 건물에 있는 간판 중 '인동스팝'과 관련된 장소는 무엇인가요?,INdong K-POP CLUB,24시간 노래방,코아 볼링장,식당,a
dev_0015.jpg,dev/dev_0015.jpg,"이 지하철 승강장 안전문에 적힌 경고문 중, 승강장과 열차 사이에 관한 주의사항은 무엇인가요?",문이 열릴 때 위험하오니 손을 집거나 기대지 마십시오.,승강장과 열차 사이 발 빠짐 주의!,문을 밀지 마세요.,승강장 안전문이 닫힐 때 다음 열차를 이용하세요.,b
dev_0016.jpg,dev/dev_0016.jpg,사진 속 글귀에서 '지금 서 있기 때문이죠'라는 말의 의미로 가장 알맞은 것은 무엇인가요?,서 있기 때문에 계속 버틸 수 있다,지금 힘들지만 견디고 있다,서 있기 때문에 앞으로 나아간다,서 있으면 기분이 좋아진다,b
dev_0017.jpg,dev/dev_0017.jpg,다음 중 기울기와 y절편이 주어진 직선의 방정식으로 올바른 것은 무엇인가요?,x = x₁,y - y₁ = m(x - x₁),y = mx + n,x/a + y/b = 1,c
dev_0018.jpg,dev/dev_0018.jpg,이 건물에 적혀 있는 간판의 이름은 무엇인가요?,MOTEL COMMA,MOTEL COMMAA,HOTEL COMMA,HOTEL COMMAA,c
dev_0019.jpg,dev/dev_0019.jpg,사진 속 매장에서 '빼빼로' 딸기맛 제품의 가격은 얼마인가요?,"1,000원","1,290원","1,890원","1,590원",d
dev_0020.jpg,dev/dev_0020.jpg,이 건물 4층에는 어떤 사무소가 있나요?,리앤유 법률사무소,(주)트인시스템즈,예원세무법인,뉴서울국제특허법률사무소,d
dev_0021.jpg,dev/dev_0021.jpg,"이 도로 공사 안내판에 따르면, 도로가 전면 통제되는 기간은 언제부터 언제까지인가요?",2023. 05. 19 ~ 2023. 08. 05,2023. 06. 01 ~ 2023. 09. 01,2023. 05. 01 ~ 2023. 05. 31,2023. 04. 15 ~ 2023. 07. 15,a
dev_0022.jpg,dev/dev_0022.jpg,이미지에 보이는 책 제목 중 하나가 아닌 것은 무엇인가요?,SQL 자격검정 실전문제,Samsung SW AI academy For Youth,SSAFY Let's Grow Together,SQL 데이터베이스 관리,d
dev_0023.jpg,dev/dev_0023.jpg,이 컵에 적힌 문구 중 올바른 것은 무엇인가요?,달콤한 과일과 함께하는 칵테일,청량한 바람과 함께하는 맥주,회오리와 함께 새로운 한잔,불타는 열정과 함께하는 소주,c
dev_0026.jpg,dev/dev_0026.jpg,포스터에서 권장하는 열사병 예방 방법 중 하나가 아닌 것은?,무거운 옷을 입기,모자와 양산을 사용하기,방 안을 시원하게 유지하기,수분을 자주 보충하기,a
dev_0029.jpg,dev/dev_0029.jpg,이 종이에 적힌 'Access Code'는 무엇을 위한 코드인가요?,인터넷 쇼핑몰 할인 코드,영화 스트리밍 서비스 이용 코드,음악 서비스 무료 체험을 위한 코드,게임 다운로드 코드,c
dev_0030.jpg,dev/dev_0030.jpg,이 발권기에서 무인 발권이 가능한 승차권은 어떤 조건을 만족해야 하나요?,인터넷 예매 승차권만 발권 가능하다,모든 승차권 발권이 가능하다,일주일 이내 승차권만 발권 가능하다,당일 승차권만 발권 가능하다,d
dev_0031.jpg,dev/dev_0031.jpg,사진 속 노란색 간판에 적힌 내용은 무엇인가요?,전통 한식당,신선한 해산물 판매점,본 참치 전문점,유기농 채소 전문점,c
dev_0035.jpg,dev/dev_0035.jpg,이곳 굿티스치과에서 제공하는 임플란트의 장점으로 올바르지 않은 것은 무엇인가요?,빠른 회복으로 치료 기간이 단축,최소절개로 통증이 적음,임플란트 시술 후 추가 수술 필요,3D 컴퓨터 모의 시술로 안전,c
dev_0036.jpg,dev/dev_0036.jpg,이 가게의 이름은 무엇인가요?,순희네,빈대떡집,순희네빈대떡,원조순희네,c
dev_0037.jpg,dev/dev_0037.jpg,이 건물에 입주해 있는 기업 중 하나가 아닌 것은?,The Health Innovator,삼성전자,한독,IBK기업은행,b
dev_0039.jpg,dev/dev_0039.jpg,'제16회 대학진학 박람회'에서 3층의 대학홍보관은 어느 관에 있나요?,제2관,"제4관 1실, 2실",제5관,제1관,d
dev_0040.jpg,dev/dev_0040.jpg,"KANU 제품 중 8개입으로 5,200원에 판매되는 제품이 아닌 것은 무엇인가요?",디카페인 라떼,더블샷 라떼,바닐라 라떼,에스프레소 원두,d
dev_0041.jpg,dev/dev_0041.jpg,이 사진에 보이는 가게의 이름은 무엇인가요?,BAO HAUS,BAO,包家 BAO HAUS,包家 BAO,c
dev_0042.jpg,dev/dev_0042.jpg,사진 속에서 'HARIBO Goldb?ren' 과자 봉지의 가격은 얼마인가요?,"3,000원","2,000원","1,800원","2,500원",d
dev_0043.jpg,dev/dev_0043.jpg,이 가게의 주요 서비스는 무엇인가요?,LUA 카페,버클리 음식점,명진 이발,이발 암색 전문점,d
dev_0044.jpg,dev/dev_0044.jpg,이 액자에 적힌 글귀 중 오른쪽 세로로 적힌 문구는 무엇인가요?,독립의 자유화 낙낙영 & ~,독립의 자유화 낙낙영 &,독립자유화 낙낙영 &,독립의 자유화,d
dev_0045.jpg,dev/dev_0045.jpg,이 식당 간판에 적힌 이름은 무엇인가요?,A.GA GELATO,Michelin,Zandunga Mexican Food,Zandunga,d
dev_0046.jpg,dev/dev_0046.jpg,명동 칼국수 가게 앞에 안내된 닭볶음탕에 대한 설명 중 옳은 것은 무엇인가요?,닭볶음탕은 알림 방법이 명확하다.,닭볶음탕은 매우 맵다고 안내되어 있다.,닭볶음탕은 무료로 제공된다고 적혀 있다.,닭볶음탕은 전문집이 아니라고 적혀 있다.,d
dev_0048.jpg,dev/dev_0048.jpg,청담초밥에서 제공하는 서비스가 아닌 것은 무엇인가요?,배달 서비스를 제공한다,청담초밥 사시미를 특별하게 즐길 수 있다,SNS 및 네이버 영수증 리뷰 작성 시 음료를 제공한다,부드러운 초밥을 제공한다,a
dev_0049.jpg,dev/dev_0049.jpg,SK hynix 비전에서 AI Memory 리더십 공고화에 포함되지 않은 것은 무엇인가요?,eSSD,HBM,차세대 제품,DRAM,d
dev_0050.jpg,dev/dev_0050.jpg,Joseph Collet이 1717년에 취임한 관직은 무엇인가요?,벵골(Bengal)의 총독,아일랜드의 사령관,브리티시 엘리트 대표,마드라스(Madras)의 총독,d
dev_0051.jpg,dev/dev_0051.jpg,이 사진 속 벽에 붙어 있는 싸인들 중에서 '맛있게 잘 먹고 갈게요'라는 문구가 적힌 사람은 누구인가요?,양세하,이명우,창모,강동원,b
dev_0053.jpg,dev/dev_0053.jpg,사진에 보이는 카드에 적힌 문구는 무엇인가요?,WELCOME TO THE PARTY,ENJOY YOUR JOURNEY,HAVE A NICE DAY,THE NEXT SIGNAL STARTS TODAY,d
dev_0054.jpg,dev/dev_0054.jpg,사진 속에 있는 '플라스틱 메모'의 가격은 얼마인가요?,"?3,000","?1,500","?2,200",?150,d
dev_0055.jpg,dev/dev_0055.jpg,이미지에 보이는 간판에 적힌 문구는 무엇인가요?,THE AMAZING BRENTWOOD A SHAPE CENTRE,THE AMAZING DOWNTOWN A SHAPE CENTRE,THE AMAZING BRENTWOOD A SHAPE CENTER,THE BEAUTIFUL BRENTWOOD A SHAPE CENTRE,a
dev_0057.jpg,dev/dev_0057.jpg,천년의 황칠 식당에서 가장 비싼 메뉴는 무엇인가요?,"왕갈비탕 13,000","특황칠왕갈비탕 18,000","얼큰왕갈비찜 17,500","수육곰탕 10,000",b
dev_0058.jpg,dev/dev_0058.jpg,"사진 속 커피콩빵 설명에 따르면, 커피콩빵을 보관할 때 반드시 냉장 또는 냉동 보관이 필요한 이유는 무엇인가요?",곰팡이 발생을 방지하기 위해,커피콩빵의 신선함을 유지하기 위해,포장지를 보호하기 위해,커피콩빵의 맛을 더 좋게 하기 위해,a
dev_0059.jpg,dev/dev_0059.jpg,왼쪽 책 표지에 적힌 책 제목은 무엇인가요?,외로움의 철학,같이 가면 길이 된다,철학의 외로움,서로의 등을 바라보며,a
dev_0060.jpg,dev/dev_0060.jpg,사진 속 치즈 제품 중 'PECORINO ROMANO DOP'라는 이름이 적힌 치즈 브랜드는 무엇인가요?,PARMIGIANO REGGIANO,ROMANO,AMBROSI,KIRKLAND,c
dev_0061.jpg,dev/dev_0061.jpg,이 사진에 있는 비상구 안내판에 적힌 문구 중 올바른 내용은 무엇인가요?,비상문 EXIT 유도등 설치는 선택사항이다,비상문 EXIT 유도등이 반드시 설치되어야 하는 법령청소에는 사용할 수 있음,비상문 EXIT 유도등이 설치되어야 하는 법령청소에는 사용할 수 없음,비상문 EXIT 유도등이 설치되어야 하는 법령청소에는 사용할 수 있음,c
dev_0062.jpg,dev/dev_0062.jpg,이 사진 속 VR 기반 교육훈련 시스템 화면에 적힌 '초저저항측정기' 설명에 따르면 무엇을 투입하여 측정한다고 되어 있나요?,"1·2차측 ES 투입, GCB 제거하여 측정","1·2차측 ES 제거, GCB 제거하여 측정","1·2차측 ES 제거, GCB 투입하여 측정","1·2차측 ES 투입, GCB 투입하여 측정",d
dev_0063.jpg,dev/dev_0063.jpg,책 표지에 적힌 제목은 무엇인가요?,서울 여행,JOURNEY TO SEOUL 서울 여행,SEOUL TRIP,서울 관광,b
dev_0065.jpg,dev/dev_0065.jpg,이 빵집에서 '레몬 커드 시나몬 롤'의 가격은 얼마인가요?,6.8,5.8,5.3,6.3,c
dev_0069.jpg,dev/dev_0069.jpg,이 사진에서 보이는 'KB국민은행' 건물 옆에 붙어 있는 간판에 적힌 주소는 무엇인가요?,대종로 480번길 1~60,대종로 480번길 1~50,대종로 480번길,대종로 480번길 1~100,a
dev_0070.jpg,dev/dev_0070.jpg,이 극장의 이름은 무엇인가요?,사막 공주 극장,사막 황후 극장,사막 여신 극장,사막 여왕 극장,b
dev_0072.jpg,dev/dev_0072.jpg,이 표지판에서 2024년 용띠의 행운의 숫자는 무엇인가요?,9,8,7,3,b
dev_0073.jpg,dev/dev_0073.jpg,'흑과 백 시리즈' 전시에서 작가가 탐구하기 시작한 것은 무엇인가요?,빛이 전혀 없는 밤의 풍경,완전한 암흑과 단순한 공백,밝고 선명한 색채의 대비,형태를 재현하기보다 어둠 속에서 떠오르는 감각과 흔적,d
dev_0074.jpg,dev/dev_0074.jpg,이 건물 3층에 위치한 병원의 이름은 무엇인가요?,리앤웰성형외과의원,LR HEALTH & BEAUTY,알앤비성형외과,이민음치과,c
dev_0075.jpg,dev/dev_0075.jpg,사진의 버스 측면에 적힌 전화번호는 무엇인가요?,623-3000,051-623-0300,051-623-3000,051-623-0000,a
dev_0076.jpg,dev/dev_0076.jpg,이 가게의 이름은 무엇입니까?,Ramen Afro Beats Shinjuku,Afro Beats Ramen,Ramen Shinjuku,Afro Beats,a
dev_0077.jpg,dev/dev_0077.jpg,이 가게 간판에 적힌 라면의 종류는 무엇인가요?,돼지고기 라면,해물 라면,생강간장 라면,매운 라면,c
dev_0078.jpg,dev/dev_0078.jpg,건물 벽에 세로로 적힌 캐릭터 이름 중에 없는 것은 무엇인가요?,MISAKI,JUNKO,HANAKO,SHIRAI,c
dev_0081.jpg,dev/dev_0081.jpg,사진에 있는 나무 기둥과 안내판에 적힌 '한라산 백록담'은 무엇을 의미하나요?,한라산 정상에 위치한 화산 분화구 호수,한라산 주변 마을 이름,한라산의 등산로 이름,한라산 국립공원의 입구,a
dev_0082.jpg,dev/dev_0082.jpg,사진 속 가게 '맛봄'에서 판매하는 메뉴가 아닌 것은 무엇인가요?,오뎅,피자,떡볶이,튀김,b
dev_0083.jpg,dev/dev_0083.jpg,이 식당의 점심 특선 정식 코스 가격은 얼마인가요?,"29,000원","39,000원","19,000원","49,000원",a
dev_0084.jpg,dev/dev_0084.jpg,이 사진에 보이는 가게 이름은 무엇인가요?,최종현학술관,CHAGEE,테헤란로29길,HAPPY,b
dev_0085.jpg,dev/dev_0085.jpg,이 선수 김택연의 생년월일은 언제인가요?,2006.07.03,2004.05.03,2005.06.03,2007.08.03,c
dev_0086.jpg,dev/dev_0086.jpg,이 사진에 보이는 음식점 간판에 적힌 메뉴는 무엇인가요?,味?ら?めん,カレ?ライス,?司,うなぎ弁?,a
dev_0088.jpg,dev/dev_0088.jpg,'모바일 디오라마 AR 시스템'의 기술 특징으로 옳지 않은 것은 무엇인가요?,모바일 카메라기반 3차원 공간형성 생성 기술,실시간 3D 프린팅 기술,다수 디바이스 인터랙션 및 이동 공유 기술,다수 사용자 디바이스 실시간 위치 추적 기술,b
dev_0089.jpg,dev/dev_0089.jpg,이 식당에서 제공하는 간지소금갈비살의 가격은 얼마인가요?,"9,000원","10,000원","12,000원","15,000원",c
dev_0090.jpg,dev/dev_0090.jpg,사진 속 간판에 적힌 학원의 이름은 무엇인가요?,LIFEFX 아카데미원,Life 아카데미학원,LIFEFX 아카데미학원,LIFE 아카데미학원,c
dev_0091.jpg,dev/dev_0091.jpg,포스터에 소개된 냉면의 가격은 얼마인가요?,12000원,15000원,10000원,8000원,a
dev_0093.jpg,dev/dev_0093.jpg,이 이벤트에서 1회 참가 비용은 얼마인가요?,"15,000원","20,000원","5,000원","10,000원",d
dev_0094.jpg,dev/dev_0094.jpg,다음 중 이미지에 표시된 '카발란 디스틸러리 셀렉트 싱글몰트 700ml'의 가격은 얼마인가요?,"69,800원","49,980원","75,000원","59,900원",a
dev_0096.jpg,dev/dev_0096.jpg,이 표지판에 적힌 한글 문구는 무엇인가요?,대한민국 임시국,임시정부 대한민국,대한민국 정부,대한민국 임시정부,d
dev_0097.jpg,dev/dev_0097.jpg,제1회 연인의 날 기념행사가 언제 개최되나요?,2026년 8월 19일,2026년 7월 19일,2023년 8월 19일,2026년 9월 19일,a
dev_0099.jpg,dev/dev_0099.jpg,이 가게 입구에 붙어있는 wakemake 광고 문구 중 올바른 것은 무엇인가요?,Wake your Glow Make your Color,Wake your Color Make your Glow,Make your Color Wake your Glow,Make your Glow Wake your Color,b
dev_0100.jpg,dev/dev_0100.jpg,이 건물 벽에 적힌 간판의 상호명은 무엇인가요?,자매국수,아랑졸디 자매국수,아랑졸디 자매국수 since 2002,자매국수 since 2002,a
dev_0101.jpg,dev/dev_0101.jpg,대전캠퍼스 셔틀 4호차가 7시 59분에 출발하는 정류장은 어디인가요?,유성시장,봉명동(대덕대로),유성온천역(유성온천역 1번출구),기성동(대전시청),c
dev_0105.jpg,dev/dev_0105.jpg,이 미용실 간판에 적힌 전화번호는 무엇인가요?,461-1977,469-1777,469-1977,469-1971,c
dev_0107.jpg,dev/dev_0107.jpg,이곳에서 '장대로' 방향을 가르키는 도로 표지판에 적혀 있는 도로 이름은 무엇인가요?,구암동,장대로,유성시장,계룡로 52번길,b
dev_0108.jpg,dev/dev_0108.jpg,다음 중 이미지에 나온 데이터베이스 명령어에서 '칼럼 삭제'에 해당하는 것은 무엇인가요?,DROP COLUMN,DELETE TABLE,REMOVE COLUMN,ALTER TABLE,a
dev_0109.jpg,dev/dev_0109.jpg,이 포켓몬 카드에 적힌 특성 이름은 무엇인가요?,스타 포스,메탈 스탬프,엑스 부트,메탈 로스,c
dev_0111.jpg,dev/dev_0111.jpg,이미지 속 딸기 케이크의 가격은 얼마인가요?,34990원,19900원,29900원,24990원,d
dev_0112.jpg,dev/dev_0112.jpg,이 가게의 정기 휴무일은 언제인가요?,월요일과 목요일,화요일과 금요일,매일 휴무 없음,매주 일요일,a
dev_0113.jpg,dev/dev_0113.jpg,이 건물에 적힌 주소는 무엇인가요?,장덕로40번길 20,장덕로30번길 20,장덕로30번길 22,장덕로40번길 22,d
dev_0114.jpg,dev/dev_0114.jpg,이 건물의 이름은 무엇입니까?,マルチメディア梅田,UNIQLO,Yodobashi-Umeda,ヨドバシカメラ,c
dev_0116.jpg,dev/dev_0116.jpg,이 가게 메뉴판에 적힌 '특제 진한 도미 라멘'의 가격은 얼마인가요?,"1,350엔",980엔,"1,250엔","1,100엔",a
dev_0117.jpg,dev/dev_0117.jpg,나무 이정표에서 '곰두리쉼터' 바로 옆에 적힌 설명은 무엇인가요?,도서관,자연학습장,화장실,숲속도서관,a
dev_0118.jpg,dev/dev_0118.jpg,가게 간판에 적힌 메뉴 중에서 일본어로 '교토 타코야키'는 어떻게 적혀 있나요?,名古屋たこ五,東京たこ三,京都たこ?,大阪たこ八,c
dev_0120.jpg,dev/dev_0120.jpg,이 가게에서 판매하는 메뉴 중 가격이 720엔인 것은 무엇인가요?,シロノワ?ル,ミックスジュ?ス,ピザト?スト,コメダブレンド,b
dev_0121.jpg,dev/dev_0121.jpg,왼쪽 제품의 색상명은 무엇인가요?,10 Ivory 아이보리,30 Rose 로즈,20 Vanilla 바닐라,15 Honey 허니,c
dev_0123.jpg,dev/dev_0123.jpg,이 도로 표지판에 적힌 공사 구간까지의 거리는 얼마입니까?,200m 앞,50m 앞,100m 앞,150m 앞,c
dev_0124.jpg,dev/dev_0124.jpg,이 건물들에 적힌 글자 중 'HOTEL'이라는 단어가 보이는 곳은 어디인가요?,ENTERTAINMENT,SYNC ENTERTAINMENT,GRAMMOS,RADISSON BLU,c
dev_0125.jpg,dev/dev_0125.jpg,이 가게의 상호명은 무엇인가요?,뼈따구 아지매 육칼,육칼 만두,육만,뼈따구 육만,a
dev_0131.jpg,dev/dev_0131.jpg,"7월 수영팀 휴무표에 따르면, 임장인 씨가 휴무인 날은 언제인가요?","7월 1일, 7월 8일, 7월 22일","7월 6일, 7월 13일, 7월 20일","7월 5일, 7월 10일, 7월 15일","7월 7일, 7월 14일, 7월 21일",b
dev_0132.jpg,dev/dev_0132.jpg,사진 속 창문에 보이는 간판에서 왼쪽으로 가리키는 방향으로 무엇이 있다고 적혀 있나요?,코르테 웨딩홀,킹덤뷔페,주차장,카페,c
dev_0134.jpg,dev/dev_0134.jpg,이 컴퓨터 부품의 모델명은 무엇인가요?,GeForce RTX 3060 Ti,GeForce RTX 3080 GAMING X TRIO 10G,Radeon RX 5700 XT,GeForce GTX 1080 Ti,b
dev_0136.jpg,dev/dev_0136.jpg,이 식당의 간판에 적힌 상호명은 무엇인가요?,청춘고기,맛있는집,약속곱창,행복식당,c
dev_0138.jpg,dev/dev_0138.jpg,이 향수의 이름은 무엇인가요?,PEAR & FREESIA,JO MALONE,FLEUR DE BLEU,EAU DE PARFUM,a
dev_0139.jpg,dev/dev_0139.jpg,이 건물에 있는 상호명이 아닌 것은 무엇인가요?,다이소,수완서울금방,스타벅스,투썸플레이스,c
dev_0140.jpg,dev/dev_0140.jpg,"다음 중 업무 추진 과정에서 소요되는 시간, 비용, 기타 자원을 고려하여 계획을 수립하는 내용이 적힌 카드는 어느 것인가요?","업무 추진 과정에서 소요되는 시간, 비용, 기타 자원을 고려하여 계획을 수립한다.",기존에 활용하던 방식과 정보의 잠재적 장애요인이나 문제점을 파악한다.,업무 진행 중 발생할 법한 다양한 문제상황이나 돌발상황을 다각적으로 예측한다.,업무 추진 단계를 정확하게 설정한다.,a
dev_0141.jpg,dev/dev_0141.jpg,버섯 위에 적힌 글자는 무엇인가요?,금토이,금토일,감탄,고토일,b
dev_0142.jpg,dev/dev_0142.jpg,이 건물의 4층에 위치한 병원 이름은 무엇인가요?,기찬통증의학과,속시원내과,구미인동 476-8575,AUTHENTIC FINANCIAL GROUP,b
dev_0143.jpg,dev/dev_0143.jpg,다음 중 사진 속 책 제목이 아닌 것은 무엇인가요?,토익 완성 마스터 2023,AI 엔지니어링,해커스 토익 800+,ETS 토익 정기시험 기출문제집 5 1000 RC,a
dev_0145.jpg,dev/dev_0145.jpg,이 식당 메뉴판에서 3인분 이상 주문할 수 있는 삼겹살 130g의 가격은 얼마인가요?,"10,000원","8,000원","11,000원","9,000원",c
dev_0147.jpg,dev/dev_0147.jpg,사진 속 가위 제품 중 '평화 항균가위'의 모델명은 무엇인가요?,A-30TRP,Alpha,CS-705,M-501,d
dev_0148.jpg,dev/dev_0148.jpg,가게 입구 옆에 붙어 있는 가격 안내문에 적힌 내용은 무엇인가요?,균일가 1만원~3만원,신상 2만원~5만원,세일 50% 할인,특가 5천원~1만원,a
dev_0149.jpg,dev/dev_0149.jpg,이 카페에서 제공하는 무료 와이파이 비밀번호는 무엇인가요?,PASSCUCCU 2f 053958383,0539583836,PASSCUCCU 2f,PASSCUCCU 2f 0539583836,b
dev_0152.jpg,dev/dev_0152.jpg,이 건물에 입주해 있는 '새봄발달심리센터'에서 제공하는 서비스로 옳지 않은 것은 무엇인가요?,언어치료,미술치료,치과 치료,음악치료,c
dev_0153.jpg,dev/dev_0153.jpg,이미지에 있는 안내문에 따르면 이 제품은 무엇으로 소개되고 있나요?,크록스 신발의 신제품,인기 있는 신발,도쿄 오리지널 디저트,유명한 빵집 메뉴,c
dev_0156.jpg,dev/dev_0156.jpg,이 사진에 보이는 소방 시설 중에서 '소화용'으로 적혀 있는 것은 무엇인가요?,소화용,외네스방수구,제1소구,연동송수관방수구,a
dev_0157.jpg,dev/dev_0157.jpg,이 건물에서 6층에 위치한 이지웰 치과는 어떤 이름으로 불리나요?,이지웰 옐로우 치과,이지웰 그린 치과,이지웰 블루 치과,이지웰 레드 치과,d
dev_0158.jpg,dev/dev_0158.jpg,이 음식점 메뉴판에 있는 볶음류 메뉴가 아닌 것은 무엇인가요?,무뼈닭발볶음,매운오돌뼈,바지락술찜,치즈불닭,c
dev_0159.jpg,dev/dev_0159.jpg,케이블카에 적힌 'MONT BLANC 4810 m'의 의미는 무엇인가요?,케이블카의 최대 속도가 4810미터/분임을 나타낸다,몽블랑 산의 높이가 4810미터임을 나타낸다,몽블랑 산까지의 거리 4810미터를 나타낸다,케이블카가 4810미터 거리를 운행함을 의미한다,b
dev_0162.jpg,dev/dev_0162.jpg,왼쪽 책 '환상의 콤비 정보처리기사'에 표시된 이 책의 가격은 얼마인가요?,"45,000원","50,000원","42,000원","48,000원",d
dev_0163.jpg,dev/dev_0163.jpg,사진에 보이는 대형 간판에 적힌 '접프스쿨'의 주된 교육 내용은 무엇인가요?,키 성장 / 체형 교정,요가 및 스트레칭,기초 영어 회화,K-POP 몸악 줄넘기,d
dev_0164.jpg,dev/dev_0164.jpg,다음 중 이미지 속 메모지에 적힌 문구가 아닌 것은 무엇인가요?,이발이 썩었는데 방에서 양치했더니 상했어요,잘해주는 치과,잘해주는 굿 치과 멋져,잘 해 주는 치과,a
dev_0165.jpg,dev/dev_0165.jpg,이 도로 표지판에 적힌 문구 중 '추정차금지'는 무엇을 의미하나요?,추가 주차 공간 있음,차량 견인 지역,차량 속도가 제한된 구역,주차가 금지된 구역,d
dev_0166.jpg,dev/dev_0166.jpg,대림미술관에서 열리는 '팬걸 페트라 콜린스' 전시의 관람 기간은 언제부터 언제까지인가요?,2025. 8. 29 ~ 2025. 12. 31,2023. 9. 15 ~ 2023. 12. 31,2024. 7. 1 ~ 2024. 12. 31,2025. 1. 1 ~ 2025. 6. 30,a
dev_0167.jpg,dev/dev_0167.jpg,사진 속에 보이는 포스터에 적힌 날짜는 무엇인가요?,15 Juillet 2005,19 Juillet 2005,23 Juillet 2005,6 MARS 2005,d
dev_0168.jpg,dev/dev_0168.jpg,사진에 나오는 고양이 피규어 5종 중 ②번 피규어가 하는 행동은 무엇인가요?,앉아 있다,요시!,커피를 마신다,깜짝 놀란다,c
dev_0169.jpg,dev/dev_0169.jpg,이 건물에 있는 '연당국악원'의 전화번호는 무엇인가요?,010-9187-0782,010-655-0864,032-361-4573,010-4568-8275,a
dev_0172.jpg,dev/dev_0172.jpg,'돼박집' 간판에 적힌 음식 메뉴 중에 없는 것은 무엇인가요?,토종 순대,곱창전골,순대국,청담 뽈살,b
dev_0173.jpg,dev/dev_0173.jpg,이미지에 나온 닭강정 가게의 국적은 어디인가요?,미국식,한국식,일본식,중국식,b
dev_0174.jpg,dev/dev_0174.jpg,이 냉장고 제품의 행사가는 얼마인가요?,"2,660,000","2,690,000","2,700,000","2,540,000",b
dev_0176.jpg,dev/dev_0176.jpg,이 건물 2층에 위치한 곳의 이름은 무엇인가요?,산동감자탕,벌집한판 무한리필,B.B.GYM,가정문외 1522-4416,b
dev_0177.jpg,dev/dev_0177.jpg,이 건물 3층에 있는 곳은 무엇인가요?,함께하는약국,속시원 내과,기찬통증의학과,건강검진센터,c
dev_0179.jpg,dev/dev_0179.jpg,다음 중 이미지 속 메뉴판에 적힌 케이크 이름이 아닌 것은 무엇인가요?,블루베리 크림케이크,딸기크림쌀 2호,고구마 쌀케이크 2호,딸기초코쌀,a
dev_0180.jpg,dev/dev_0180.jpg,천복빌딩 5층에 입주해 있는 치과의 이름은 무엇인가요?,클리샘,FRIENDS dermatology,이지웰 블루치과,오헤어 스튜디오,c
dev_0181.jpg,dev/dev_0181.jpg,사진 속 골목에 있는 간판 중 '오늘은 밀크빵' 간판이 위치한 건물의 색상은 무엇인가요?,빨간색,노란색,흰색,파란색,c
dev_0182.jpg,dev/dev_0182.jpg,이 사진 속 간판에 적힌 가게 이름은 무엇인가요?,홀덤펍,프로젝트 프라이빗,팝가차,미용학원,c
dev_0183.jpg,dev/dev_0183.jpg,이 편의점 입구에 붙어 있는 환영 문구는 무엇인가요?,"환영합니다, 세븐일레븐입니다","환영합니다, 세븐입니다","어서오십시오, 세븐일레븐입니다","어서오십시오, 세븐입니다",d
dev_0184.jpg,dev/dev_0184.jpg,다음 중 메뉴에 없는 음료는 무엇인가요?,딸기크리미라떼,말차크리미라떼,망고크리미라떼,바닐라라떼,d
dev_0185.jpg,dev/dev_0185.jpg,이미지 속 나무판에 적힌 글 중에서 2023년에 어떤 사람과 결혼하기를 바란다는 내용은 무엇인가요?,Wishing to marry the girl I like and have a happy life together - Conder 4/9/23,"For quiet minds + happy hearts, for gratitude, love, kindness + gentle calm.",I wish to find a girlfriend in 2023 - Russell,"For Kerry Mother, wishing all of her dreams come true - 11/4/23",a
dev_0186.jpg,dev/dev_0186.jpg,이 광고판에 적힌 문구에서 맨 위에 있는 단어는 무엇인가요?,Heineken,BeeBeBeer,Beer,Beeeeeeeer,d
dev_0187.jpg,dev/dev_0187.jpg,왼쪽 경고문에 적힌 주의 사항은 무엇인가요?,기대면 추락 위험,문을 밀어 열기,비상시만 사용,손대지 마시오,d
dev_0189.jpg,dev/dev_0189.jpg,메뉴판에 나와 있는 치킨 콘도그 중에서 가장 비싼 가격은 얼마인가요?,?7.90,?9.90,?5.20,?6.50,b
dev_0191.jpg,dev/dev_0191.jpg,이 사진 속에서 '중고명품'이라고 적힌 간판의 전화번호는 무엇인가요?,1544-3899,02-987-6543,010-1111-2222,031-123-4567,a
dev_0192.jpg,dev/dev_0192.jpg,다음 중 y축에 평행한 직선의 방정식은 무엇인가요?,ax + by + c = 0,y = b,x = a,y = -\frac{a}{b}x - \frac{c}{b},c
dev_0193.jpg,dev/dev_0193.jpg,조형물에 적힌 단어 중 가장 아래에 있는 단어는 무엇인가요?,LIBERTAS,배움과나눔,VERITAS,VIRTUS,b
dev_0195.jpg,dev/dev_0195.jpg,순대국밥의 가격은 얼마인가요?,"9,000원","7,000원","10,000원","8,000원",d
dev_0197.jpg,dev/dev_0197.jpg,이 탑에 적힌 문구의 의미는 무엇인가요?,후쿠오카 타워 방문을 환영합니다!,오사카 통천각에 오신 것을 환영합니다!,교토의 아름다움을 즐기세요!,도쿄 타워에 오신 것을 환영합니다!,b
dev_0198.jpg,dev/dev_0198.jpg,이 사진에 보이는 기계에 적힌 임대 회사 이름은 무엇인가요?,Renters United,United Renters,Rental United,United Rentals,d
dev_0200.jpg,dev/dev_0200.jpg,이 사진 속 건물에 적힌 영어 문구는 무엇인가요?,RELIEVES FATIGUE,WELCOME TO HOLLYWOOD,CALIFORNIA OF STARS,AMERICAN DINER,a
dev_0201.jpg,dev/dev_0201.jpg,유리창에 적힌 카페 이름은 무엇인가요?,A TWOSOME PLACE,DESSERT CAFE,A SWEET PLACE,A TWOSOME PLACE DESSERT CAFE,a
dev_0202.jpg,dev/dev_0202.jpg,서울국제정원박람회가 열리는 기간은 언제인가요?,2026년 3월 10일부터 8월 10일까지,2025년 5월 22일부터 10월 20일까지,2023년 4월 15일부터 7월 15일까지,2024년 6월 1일부터 9월 30일까지,b
dev_0203.jpg,dev/dev_0203.jpg,사진 속 몬스터 에너지 음료 중 보라색 캔에 적힌 이름은 무엇인가요?,ULTRA VIOLET,MONSTER ENERGY,ZERO SUGAR,ULTRA FANTASY RUBY RED,a
dev_0204.jpg,dev/dev_0204.jpg,이 건물 2층에 입주해 있는 상점이나 학원 중 204호에 위치한 곳은 어디인가요?,헤어인터뷰,영어교습소 켈스,피아노,썬치킨 홍포,b
dev_0205.jpg,dev/dev_0205.jpg,이 도로 표지판에 따르면 '기흥역' 방향은 어느 쪽인가요?,왼쪽,뒤쪽,오른쪽,직진,d
dev_0208.jpg,dev/dev_0208.jpg,이미지 속 일회용 종이컵 한 팩에 몇 개의 컵이 들어있나요?,120개,150개,80개,100개,d
dev_0209.jpg,dev/dev_0209.jpg,이 과자 포장지에 표시된 30g당 나트륨 함량은 얼마인가요?,115 mg,190 mg,26 g,11 g,a
dev_0211.jpg,dev/dev_0211.jpg,이 전통 건축물의 이름은 무엇인가요?,송월정,화목정,청운정,백운정,b
dev_0212.jpg,dev/dev_0212.jpg,사진에 보이는 책의 제목은 무엇인가요?,50,위즈덤하우스,별책다방,7막 7장,a
dev_0214.jpg,dev/dev_0214.jpg,강남구에서 투명페트병과 비닐류는 어느 요일에 배출해야 하나요?,토요일만 배출,월요일만 배출,수요일만 배출,목요일만 배출,d
dev_0215.jpg,dev/dev_0215.jpg,사진 속 간판에 적힌 전화번호 중 건강의료기 상점의 전화번호는 무엇인가요?,033-433-9988,033-433-2280,033-434-2133,010-7473-5729,b
dev_0217.jpg,dev/dev_0217.jpg,사진 속 건물에 적힌 '다빈치'는 어떤 종류의 병원인가요?,치과,성형외과 피부과,안과,한의원,b
dev_0218.jpg,dev/dev_0218.jpg,이 가게 'Alpha'에서 판매하는 상품으로 옳은 것은 무엇인가요?,전자제품,신발,음료수,스마트폰 케이스,d
dev_0220.jpg,dev/dev_0220.jpg,이 전시물에 대한 설명으로 옳은 것은 무엇인가요?,호패는 주로 농기구를 만드는 데 사용되었다.,호패는 조선 시대 신분을 확인하는 신분증과 같은 역할을 했다.,심의정 호패는 1702년에 제작되어 사용되었다.,호패는 현대의 신분증과는 전혀 관련이 없다.,b
dev_0222.jpg,dev/dev_0222.jpg,사진에 보이는 음식점 메뉴판에 적힌 음식이 아닌 것은 무엇인가요?,해물두부전골,두부 조림,김치찌개,두부 삼합,c
dev_0223.jpg,dev/dev_0223.jpg,이 거리 이름은 무엇인가요?,연서로 19길,연세로 9길,연서로 9길,연세로 19길,a
dev_0227.jpg,dev/dev_0227.jpg,이 건물 2층에 있는 학원에서 가르치는 대상 중에 없는 것은 무엇인가요?,유치부,초등부,중등부,고등부,d
dev_0228.jpg,dev/dev_0228.jpg,아라리농장의 전화번호는 무엇인가요?,031-4183-4203,031-1234-5678,010-1234-5678,010-4183-4203,d
dev_0230.jpg,dev/dev_0230.jpg,이 건물 4층에 위치한 병원은 무엇인가요?,김종민 이비인후과,최안과 의원,건강과 의원,양진석 내과 의원,a
dev_0231.jpg,dev/dev_0231.jpg,이 쓰레기 분리수거장에 '공병·잡병류'가 놓여야 할 구역은 어디인가요?,가운데 구역,분리수거장 바깥,가장 오른쪽 구역,가장 왼쪽 구역,c
dev_0233.jpg,dev/dev_0233.jpg,이미지에 보이는 치약 튜브 중 '2080' 치약 튜브에 적혀 있는 문구는 무엇인가요?,WHITENING,PURE MINT,SIGNATURE,ORIGINAL TOOTHPASTE,c
dev_0234.jpg,dev/dev_0234.jpg,사진 속 간판에 적힌 'SALE' 가격은 얼마인가요?,"3,000원","1,000원","5,000원","10,000원",a
dev_0235.jpg,dev/dev_0235.jpg,이 가게에서 판매하는 상품 중 가격이 420엔인 것은 무엇인가요?,抹茶大福,栗大福,梅大福,栗どら?き,d
dev_0237.jpg,dev/dev_0237.jpg,이 건물에 적혀 있는 이름은 무엇인가요?,Middle East Technical University,Bo?azi?i University,Bah?e?ehir University,Istanbul Technical University,c
dev_0238.jpg,dev/dev_0238.jpg,전주식당에서 메뉴로 제공하는 음식이 아닌 것은 무엇인가요?,오징어 두부두루치기,비빔밥,수육,매운탕,b
dev_0241.jpg,dev/dev_0241.jpg,이 사진 속 가게 간판에 적힌 영업 시간은 어떻게 되어 있나요?,오전 9시부터 오후 9시까지,24시,오전 10시부터 오후 10시까지,매주 일요일 휴무,b
dev_0244.jpg,dev/dev_0244.jpg,'MEETING ROOM 6'로 가려면 어느 방향으로 가야 하나요?,오른쪽,아래쪽,왼쪽,위쪽,c
dev_0245.jpg,dev/dev_0245.jpg,온달 돈까스 식당 앞에 붙어 있는 안내문에 따르면 이 식당은 몇 년 전통이라고 적혀 있나요?,10년 전통,20년 전통,30년 전통,48년 전통,d
dev_0246.jpg,dev/dev_0246.jpg,이 이미지 속 뜨개실 중에서 가격이 가장 비싼 제품은 무엇인가요?,"부드럽고 따뜻한 믹스 컬러 뜨개실 1,000원","손 뜨개실 1,000원","왕코 줄뜨기 실 3,000원","핸드 니팅 뜨개실 2,000원",c
dev_0248.jpg,dev/dev_0248.jpg,다음 중 '우수상'을 받은 교육 과정 이름은 무엇인가요?,삼성전자대표이사상,부산지방고용노동청장상,1학기 우수,삼성청년SW아카데미,d
dev_0249.jpg,dev/dev_0249.jpg,천수한의원의 진료 시간이 아닌 것은 무엇인가요?,토요일 오전 9:30 ~ 오후 2:00,일요일 오전 9:30 ~ 오후 6:00,월~금 오전 9:30 ~ 오후 6:00,점심시간 1시~2시,b
dev_0252.jpg,dev/dev_0252.jpg,이 사진에 보이는 'SET OFF' 간판 아래에 적힌 내용은 무엇인가요?,고시내 카페,남녀 캐쥬얼 전문 의류 매장,건대 꽃대 부동산,모모 스튜디오,b
dev_0254.jpg,dev/dev_0254.jpg,Pleuvoir Floral Musk 핸드크림에 포함된 향기 성분이 아닌 것은 무엇인가요?,Lavender,Peony,Iris,Tuberose,a
dev_0255.jpg,dev/dev_0255.jpg,이 식당이 미쉐린 가이드에서 받은 평가는 무엇인가요?,미쉐린 추천 없음,미쉐린 2스타,미쉐린 3스타,미쉐린 1스타,d
dev_0259.jpg,dev/dev_0259.jpg,이 가게의 영업 시작 시간은 언제인가요?,오전 10시,오후 12시,오후 1시,오전 11시,d
dev_0260.jpg,dev/dev_0260.jpg,프레시 밀크티 메뉴 중 칼로리가 120Kcal로 표시된 음료는 무엇인가요?,말차 라떼,슈퍼 아보카도 밀크티,우롱 라떼,홍차 라떼,c
dev_0261.jpg,dev/dev_0261.jpg,크로와상 소프트크림의 가격은 얼마인가요?,?540/?550(??),?378/?385(??),?400/?407(??),?475/?484(??),a
dev_0262.jpg,dev/dev_0262.jpg,이 가게에서 LG이노텍 식권포인트로 사용할 수 있는 것은 무엇인가요?,푸드콘,커피 원두,와플,디저트,a
dev_0263.jpg,dev/dev_0263.jpg,사진에 나온 'Macadamia Cranberries Tart' 쿠키의 10개들이 가격은 얼마인가요?,$110,$130,$150,$140,d
dev_0265.jpg,dev/dev_0265.jpg,Galaxy Store Zone에서 혜택을 받기 위해 먼저 해야 하는 첫 번째 단계는 무엇인가요?,혜택 받기 결과 쿠폰 받기,우측 NFC 태그,삼성 계정 로그인 후 이벤트 참여,QR 스캔 후 게임 다운로드,d
dev_0266.jpg,dev/dev_0266.jpg,리모컨에 적혀 있는 문구 중 가장 아래에 적힌 것은 무엇인가요?,온도,삼성전용,취소/정지,예약,b
dev_0267.jpg,dev/dev_0267.jpg,이미지 속 'DREAUM' 간판에 적혀 있지 않은 내용은 무엇인가요?,레스토랑,공유오피스,촬영,세미나·회의실,a
dev_0268.jpg,dev/dev_0268.jpg,이 사진에 보이는 '전기조명 백화점' 간판에 적혀 있는 전화번호는 무엇인가요?,T. 02-123-4567,T. 123-4567 F. 765-4321,T. 010-5555-5555,T. 471-8333 F. 471-8332,d
dev_0270.jpg,dev/dev_0270.jpg,"'세상을 바꾸는 힘에서 미래를 바꾸는 힘으로'라는 문구가 적힌 행사 포스터에서, ERICA캠퍼스 행사는 언제 열리나요?",25.09.10. SUN - 09.14. THU,25.09.15. MON - 09.19. FRI,25.09.20. TUE - 09.22. THU,25.09.17. WED - 09.18. THU,d
dev_0274.jpg,dev/dev_0274.jpg,이 이미지에 보이는 만화책 중 '귀멸의 칼날' 시리즈는 어떤 색상의 표지를 주로 가지고 있나요?,흰색과 검은색,초록색과 검은색,노란색과 흰색,파란색과 검은색,a
dev_0276.jpg,dev/dev_0276.jpg,이 혈압계의 최고혈압(mmHg)은 얼마로 표시되어 있나요?,108,118,138,128,b
dev_0277.jpg,dev/dev_0277.jpg,이 고디바 초콜릿 세트에 포함된 초콜릿 종류가 아닌 것은 무엇인가요?,WHITE,DARK 72% COCOA,DARK 50% COCOA,MILK,a
dev_0278.jpg,dev/dev_0278.jpg,타카라카레에서 출시한 카레피자의 가격은 얼마인가요?,"8,900원","7,900원","9,800원","9,400원",b
dev_0280.jpg,dev/dev_0280.jpg,이 제품 '오리지널 베이컨'의 중량은 얼마인가요?,500g,200g,160g,320g,c
dev_0281.jpg,dev/dev_0281.jpg,사진에 보이는 테이크아웃 종이컵 중에서 한 상자에 들어있는 개수가 다른 것과 다른 것은 무엇인가요?,35개입 (약 300 ml),35개입 (약 295 ml),30개입 (약 384 ml),35개입 (380 ml),c
dev_0282.jpg,dev/dev_0282.jpg,이 이미지에서 가장 크게 보이는 간판의 이름은 무엇인가요?,びっくりドンキ?,KAM,Saizeriya,CITYWALK,c
dev_0283.jpg,dev/dev_0283.jpg,이 도로 표지판에 나온 '화곡로'는 어느 방향으로 가는 길인가요?,오른쪽만,왼쪽과 오른쪽,직진만,왼쪽만,b
dev_0284.jpg,dev/dev_0284.jpg,이 마트에서 주말에 진행하는 행사는 무엇인가요?,1+1 행사,신선 과일 특가,새우깡 할인,주말 한정 세일,d
dev_0285.jpg,dev/dev_0285.jpg,이 식당에서 tvN STORY '영자와 세리의 냠쩝서원하게' 프로그램에 출연한 횟수는 몇 회인가요?,50회,44회,10회,30회,b
dev_0286.jpg,dev/dev_0286.jpg,이 이미지에 나온 '더벤티 우주와 함께 점프!' 행사에서 제공되는 음료 중 '망고요거라떼'의 미디엄 사이즈 가격은 얼마인가요?,"3,5","3,7","2,9","5,7",c
dev_0287.jpg,dev/dev_0287.jpg,이 다용도 서랍함의 가격은 얼마인가요?,"\10,000","\5,000","\3,000","\2,000",c
dev_0288.jpg,dev/dev_0288.jpg,메이커스 마크(MAKER'S MARK) 관련 제품 중 가격이 가장 높은 것은 무엇인가요?,메이커스 마크 소이 캔들,메이커스 마크 코스터,미니 힙플라스크,메이커스 마크 우드 키링,a
dev_0289.jpg,dev/dev_0289.jpg,사진 속 간판에 적혀 있는 공장 임대 가능한 평수 중 작은 평수는 얼마인가요?,50평,100평,80평,20평,d
dev_0290.jpg,dev/dev_0290.jpg,사진 속에 보이는 시계 전문점의 상호명은 무엇인가요?,TUDOR,iPhone,brother,OMEGA,a
dev_0292.jpg,dev/dev_0292.jpg,이 가챠폰에서 뽑을 수 있는 슈퍼마리오 마킹 액세서리 중에 포함된 캐릭터가 아닌 것은 무엇인가요?,루이지,피치,키노피오,요시,a
dev_0293.jpg,dev/dev_0293.jpg,이미지에서 손에 들고 있는 주황색 파우치에 적힌 문구는 무엇인가요?,MWOYEYO!,MWOYYO!,MWOYYEO!,MWOYLEO!,a
dev_0295.jpg,dev/dev_0295.jpg,"빅데이터 분석기사 자격검정시험 고사실 배치 현황에 따르면, 1층에는 어떤 고사실이 있나요?",18~24실,고사실 없음,8~17실,1~7실,b
dev_0297.jpg,dev/dev_0297.jpg,이 버스의 노선 번호는 무엇인가요?,금강고속,77,아1004,1004,d
dev_0300.jpg,dev/dev_0300.jpg,사진 속에 있는 '三種チ?ズのミ?トドリア'의 가격은 얼마인가요?,270엔,140엔,399엔,318엔,c
dev_0301.jpg,dev/dev_0301.jpg,이 간판에 적힌 병원 종류는 무엇인가요?,예인원 내과,중앙로 내과,중앙로 치과,예인원 치과,d
dev_0303.jpg,dev/dev_0303.jpg,이 책들 중에서 '비대 가족의 알뜰 여행 대작전'이라는 제목의 책은 어느 색상의 책 표지를 가지고 있나요?,분홍색,파란색,노란색,보라색,b
dev_0304.jpg,dev/dev_0304.jpg,뉴연세 이비인후과의 평일 진료 시간은 언제인가요?,09:00~14:00,09:00~19:00,09:00~13:00,10:00~18:00,b
dev_0309.jpg,dev/dev_0309.jpg,오른쪽 광고판에 나온 세탁세제의 이름은 무엇인가요?,얼룩 제거제,마인드 브릿지,액체 세탁제,테크,d
dev_0311.jpg,dev/dev_0311.jpg,이 제품의 알코올 도수는 얼마인가요?,20%,15%,10%,5%,b
dev_0314.jpg,dev/dev_0314.jpg,이 사진에서 중앙에 있는 대형 광고판에 적힌 브랜드 이름은 무엇인가요?,SAMTY,CHINTAI,Glico,ZETTERIA,c
dev_0315.jpg,dev/dev_0315.jpg,이미지에 보이는 과자 중 하나의 포장지에 적힌 맛은 무엇인가요?,매운맛,새우 맛,치즈 맛,고소하고 달콤한 맛,c
dev_0316.jpg,dev/dev_0316.jpg,사진에 있는 로봇 전시 옆에 세워진 배너에 적힌 문구 중 올바른 것은 무엇인가요?,로봇은 미래의 적입니다,로봇은 위험합니다,로봇은 모두를 위한 것입니다,로봇은 인간을 대체합니다,c
dev_0318.jpg,dev/dev_0318.jpg,이 사진에서 보이는 '다울조명' 간판에 적힌 전화번호는 무엇인가요?,010-2501-2028,010-2501-2029,010-3359-1583,583-6447,d
dev_0320.jpg,dev/dev_0320.jpg,사진 속에서 'wakemake' 광고 문구에 포함된 문장은 무엇인가요?,Wake your Glow Make your Color,Wake your Color Make your Glow,Make your Glow Wake your Color,Make your Color Wake your Glow,b
dev_0324.jpg,dev/dev_0324.jpg,A BLOCK 4층에 위치한 음식점 중 하나가 아닌 것은?,청담동사본,홍대개미,홍수계찜닭,스타벅스,d
dev_0325.jpg,dev/dev_0325.jpg,이미지 속 상자에 적힌 브랜드명 중 하나는 무엇인가요?,VIVIEN,TRY,MISOARO,BR PA45,b
dev_0326.jpg,dev/dev_0326.jpg,5-2 승차홈에서 출발하는 버스의 노선번호는 무엇인가요?,8507,102,200,G8808,d
dev_0327.jpg,dev/dev_0327.jpg,Spaghetti alla Carbonara의 가격은 얼마인가요?,"€10,00","€11,00","€12,00","€9,00",a
dev_0328.jpg,dev/dev_0328.jpg,버스 번호 131번의 도착 예상 시간은 얼마인가요?,10분,6분,7분,5분,b
dev_0329.jpg,dev/dev_0329.jpg,아래 사진에 있는 두 장의 전단지 중 스타벅스 기프티콘을 받으려면 어떤 활동을 해야 하나요?,멘탈 테스트를 하고 커피 받기,시험 기간 응원하기,BBQ 치킨 10마리 받기,배스킨라빈스 싱글콘 받기,a
dev_0330.jpg,dev/dev_0330.jpg,이미지에 보이는 'THE 바른 치킨포' 제품의 무게는 얼마인가요?,500g,750g,2kg,1kg,d
dev_0331.jpg,dev/dev_0331.jpg,"광고 문구에 따르면, 월 얼마를 내면 티빙 무제한 무료 혜택을 받을 수 있나요?","월 39,000원","월 1,900원","월 3,900원","월 9,300원",c
dev_0332.jpg,dev/dev_0332.jpg,이 사진 속 파란색 안내판에 적힌 '손잡이를 꼭 잡으세요'는 어떤 상황에서 주의하라는 안내인가요?,에스컬레이터 이용 시,지하철 승강장 대기 시,계단 이용 시,열차 탑승 시,c
dev_0333.jpg,dev/dev_0333.jpg,다음 중 이미지 속 책 제목으로 올바른 것은 무엇인가요?,Deep Learning 시작하는 딥러닝,OpenCV 4로 배우는 컴퓨터 비전 실전 활용,라즈베리파이 4로 구현하는 사물인터넷과 초거대인공지능,쉽게 배우는 파이썬 100% 활용,c
dev_0334.jpg,dev/dev_0334.jpg,오른쪽 광고판에 적힌 문구 중 슬라임을 표현하는 단어는 무엇인가요?,실력 차이 시력 차이,쭈욱 늘려봐,파랑새안과,나만의 슬라임,b
dev_0336.jpg,dev/dev_0336.jpg,이 건물에 위치한 학원의 이름은 무엇인가요?,하이엔드 수학 전문학원,바른 수학 전문학원,만나가 오돌뼈,예스 수학,a
dev_0339.jpg,dev/dev_0339.jpg,이 사진에 보이는 주황색 간판의 음식점 이름은 무엇인가요?,호수다방,대복집,가마솥통닭,인동점,b
dev_0342.jpg,dev/dev_0342.jpg,"스타벅스 메뉴판에 따르면, """"Frozen Pink Drink with Strawberry Acai"""" 중 grande 사이즈의 가격은 얼마인가요?",47,43,49,45,d
dev_0343.jpg,dev/dev_0343.jpg,사진 속 간판에 적힌 약국의 전화번호는 무엇인가요?,02-463-1020,400-1275,02-123-4567,02-462-8275,a
dev_0345.jpg,dev/dev_0345.jpg,이 옷의 판매 가격은 얼마인가요?,"\299,000","\499,000","\399,000","\199,000",a
dev_0347.jpg,dev/dev_0347.jpg,벽에 적힌 'BRADLEY'S MERIDIAN LINE' 표지판은 무엇을 의미하나요?,브래들리의 자오선 위치 표시,브래들리의 해수면 높이 측정 지점,브래들리의 천문대 입구,브래들리의 지도 제작 사무소,a
dev_0348.jpg,dev/dev_0348.jpg,이 건물 1층에 있는 가게는 무엇인가요?,시골집,GS25,홀랄라 치킨,우신특,c
dev_0349.jpg,dev/dev_0349.jpg,SSAFY 共 : ZONE에서 식사 중에 금지된 행동은 무엇인가요?,뒷정리 생략,음식 반출 가능,마스크 미착용 가능,대화 금지,d
dev_0350.jpg,dev/dev_0350.jpg,간판에 적힌 베이글의 종류 중에 없는 것은 무엇인가요?,Cinnamon Sugar,Sesame,Poppy Seed,Blueberry,c
dev_0353.jpg,dev/dev_0353.jpg,상자에 적힌 EIGALABS의 슬로건은 무엇인가요?,We provide efficacy.,We deliver excellence.,We provide efficiency.,We ensure effectiveness.,a
dev_0354.jpg,dev/dev_0354.jpg,갈색곰(Brown Bear)과 검은곰(Black Bear)을 구별하는 특징 중 올바른 것은 무엇인가요?,갈색곰은 귀가 더 길다,검은곰은 발톱이 길고 희다,검은곰은 이마와 코 사이에 곡선이 있다,갈색곰은 어깨에 높은 혹이 있다,d
dev_0356.jpg,dev/dev_0356.jpg,이 제품 포장지에 표시된 웹사이트 주소는 무엇인가요?,WWW.Y-CHU.COM,WWW.CHU-Y.COM,WWW.CHU-Y.CO.KR,WWW.Y-CHU.CO.KR,d
dev_0359.jpg,dev/dev_0359.jpg,사진 속 봉투 안에 들어있는 제품의 종류는 무엇인가요?,핸드 크림,바디 워시,헤어 컨디셔너 마스크,페이셜 토너,b
dev_0360.jpg,dev/dev_0360.jpg,다음 중 이미지 속에 보이는 감자칩 브랜드가 아닌 것은 무엇인가요?,오감자,프링글스,새우깡,회오리킹,c
dev_0361.jpg,dev/dev_0361.jpg,화면에 보이는 코드가 구현하는 알고리즘은 무엇인가요?,빠른 정렬(퀵소트) 알고리즘,버블 정렬 알고리즘,병합 정렬 알고리즘,선택 정렬 알고리즘,a
dev_0363.jpg,dev/dev_0363.jpg,이미지에 보이는 버스에 적힌 노선 정보 중 올바른 것은 무엇인가요?,충주 - 세종시,서울 - 부산,대전 - 광주,인천 - 대구,a
dev_0365.jpg,dev/dev_0365.jpg,원네일공덕의 타임세일 시간은 언제인가요?,9am~12pm,12pm~15pm,10am~13pm,11am~14pm,c
dev_0366.jpg,dev/dev_0366.jpg,이 사진에 보이는 클라이밍 짐의 이름은 무엇인가요?,열락 CLIMBING GYM,도전 CLIMBING GYM,연락 CLIMBING GYM,도약 CLIMBING GYM,a
dev_0367.jpg,dev/dev_0367.jpg,이 사진에 보이는 두 가게 간판 중 왼쪽 간판에 적힌 글자는 무엇인가요?,아드리아,스시미,소시味,맛소시,b
dev_0370.jpg,dev/dev_0370.jpg,이 건물의 창문에 크게 적혀 있는 글자는 무엇인가요?,완성 두피,악성 피부,왕성 두피,악성 두피,d
dev_0371.jpg,dev/dev_0371.jpg,"이 게임장 직원 모집 공고에 따르면, 주 5일 근무 시 시급은 얼마인가요?","시급 9,000원","시급 12,000원","시급 10,500원","시급 8,500원",c
dev_0372.jpg,dev/dev_0372.jpg,7호선 엘리베이터 환승 시 이용 방법으로 올바른 것은 무엇인가요?,엘리베이터를 이용하지 않고 계단을 이용한다,카드를 태그하지 않고 그냥 지나간다,카드를 태그하고 바로 통과한다,카드를 태그하지 않고 비상게이트 녹색 호출버튼을 눌러 직원과 통화 후 이용한다,d
dev_0373.jpg,dev/dev_0373.jpg,이 이미지 속 포스터에 등장하는 애니메이션 작품 이름은 무엇인가요?,슬램덩크,명탐정 코난,카우보이 비밥,원피스,c
dev_0375.jpg,dev/dev_0375.jpg,이 버스의 노선과 출발 시간 중 올바른 내용은 무엇인가요?,"광주 → 시흥 (안산경유), 09:00 출발","시흥 → 안산 → 광주, 08:30 출발","광주 → 시흥 (안산경유), 08:30 출발","시흥 → 안산 → 광주, 09:00 출발",b
dev_0376.jpg,dev/dev_0376.jpg,"도서정보실 좌석 관리 안내에 따르면, 장시간 자리를 비워야 할 경우 어떻게 해야 합니까?",장시간 자리를 비울 때는 예약을 취소해야 한다,다른 이용자가 이용할 수 있도록 좌석을 양보해야 한다,좌석을 차지한 채로 기다려야 한다,직원이 올 때까지 자리를 지켜야 한다,b
dev_0378.jpg,dev/dev_0378.jpg,PEACH PLAY 헬스&필라테스 센터에서 제공하는 시설 중 하나가 아닌 것은?,프리웨이트,수영장,개별 샤워 부스,수입 명품 가구,b
dev_0379.jpg,dev/dev_0379.jpg,이 승차권에 적힌 콜센터 전화번호는 무엇인가요?,1588-2505,1588-2604,1588-2504,1588-2405,c
dev_0380.jpg,dev/dev_0380.jpg,이 카페에서 제공하는 시그니처 밀크티의 가격은 얼마인가요?,5.0,7,7.5,10.0,b
dev_0381.jpg,dev/dev_0381.jpg,이 가게의 주요 메뉴는 무엇인가요?,해산물 바비큐,중국식 만두,매운 양념 새우,볶음밥,a
dev_0383.jpg,dev/dev_0383.jpg,사진에 보이는 '초코통닭 두바이 퐁떡' 1개 가격은 얼마인가요?,"3,500원","18,000원","9,900원","6,500원",d
dev_0384.jpg,dev/dev_0384.jpg,이 사진에 보이는 'U-square'는 무엇을 나타내는 간판인가요?,광주종합버스터미널,부산항 국제여객터미널,인천공항,서울역,a
dev_0385.jpg,dev/dev_0385.jpg,이 제품에 대해 설명한 내용 중 올바른 것은 무엇인가요?,시래기는 주로 생으로 먹는 채소이다.,시래기는 여름철에 주로 수확하는 채소이다.,시래기는 알레르기 유발 식품이다.,시래기는 비타민과 무기질이 풍부한 겨울철 식품이다.,d
dev_0386.jpg,dev/dev_0386.jpg,미적분 논술형 수행 평가의 3학년 3반만 보는 시험 날짜는 언제인가요?,5월 17일(수),5월 20일(토),5월 18일(목),5월 19일(금),c
dev_0388.jpg,dev/dev_0388.jpg,진열대 위에 붙어 있는 문구 중 옳은 것은 무엇인가요?,할인 중입니다. 서둘러 주세요!,모든 상품 50% 할인!,오늘 한정 세일 행사 중입니다.,창고상품 대방출 지금이 기회!! 마지막 찬스!,d
dev_0389.jpg,dev/dev_0389.jpg,커피빈 역삼동태광타워점의 일요일 영업시간은 언제부터 언제까지인가요?,07:00AM~21:00PM,08:00AM~19:00PM,10:00AM~22:00PM,09:00AM~20:00PM,d
dev_0392.jpg,dev/dev_0392.jpg,이 카트에 담긴 'cass' 맥주 캔 한 팩의 용량은 얼마인가요?,350 mL x 24 CANS,400 mL x 30 CANS,330 mL x 20 CANS,500 mL x 12 CANS,a
dev_0393.jpg,dev/dev_0393.jpg,이 건물 출입구에 적힌 상호명은 무엇인가요?,에코 팰리스 게이트 1,에코 팰리스 흑돼지구이전문점,제주 게이트 1,제주 옥탑 흑돼지구이전문점,d
dev_0395.jpg,dev/dev_0395.jpg,이미지 속 간판에 적힌 문구 중 '제주공항'과 함께 적힌 영어 단어는 무엇인가요?,WELCOME,AIRPORT,JEJU,INTERNATIONAL,b
dev_0396.jpg,dev/dev_0396.jpg,검은색 운동화의 원래 가격은 얼마인가요?,"189,000원","129,000원","90,300원","169,000원",d
dev_0399.jpg,dev/dev_0399.jpg,이 화면에 적힌 안내 문구의 내용은 무엇인가요?,입장 및 퇴장 시 조용히,입장 및 퇴장 시 뛰지 말기,입장 및 퇴장 시 천천히,입장 및 퇴장 시 서두르기,c
dev_0400.jpg,dev/dev_0400.jpg,이 건물에 있는 '코아 당구장' 간판에는 몇 층에 위치해 있다고 적혀 있나요?,5층,2층,3층,4층,d
dev_0401.jpg,dev/dev_0401.jpg,"이 사진의 안내판에 따르면, 인사동까지의 거리는 얼마인가요?",200m,350m,300m,500m,c
dev_0402.jpg,dev/dev_0402.jpg,레이저 제모 시술 후 바로 확인할 수 있는 효과는 무엇인가요?,시술 간격 3~4개월,피부 질환 예방,시술 시간 30분,시술 즉시 효과 확인,d
dev_0403.jpg,dev/dev_0403.jpg,"GS25 편의점에서 판매하는 몬스터 에너지 음료 중 가격이 2,300원인 제품은 무엇인가요?",그린에너지,울트라 에너지,몬스터 에너지 울트라 로우,몬스터 에너지 울트라 펀치,a
dev_0404.jpg,dev/dev_0404.jpg,다음 중 첫 번째 현수막에 적힌 교육과정 기간은 언제부터 언제까지인가요?,2026.6.15 ~ 7.10,2026.9.29 ~ 12.1,2026.7.01 ~ 7.31,2026.8.03 ~ 8.28,b
dev_0405.jpg,dev/dev_0405.jpg,이미지에 보이는 'HAPPY HOUR' 행사 시간은 언제부터 언제까지인가요?,From 3pm - 6pm,From 2pm - 6pm,From 5pm - 8pm,From 4pm - 7pm,d
dev_0406.jpg,dev/dev_0406.jpg,이 표지판에 적힌 주요 내용은 무엇인가요?,흡연금지,주차금지,쓰레기 투기 금지,음주금지,a
dev_0407.jpg,dev/dev_0407.jpg,2026 금융권 공동채용 박람회 2일차 무대 프로그램에서 13:10~13:40에 진행되는 컨퍼런스 주제는 무엇인가요?,면접특강,금융투자,취업 Navigate 특강,은행,d
dev_0408.jpg,dev/dev_0408.jpg,이 커피잔이 놓여 있는 나무 받침대 위에 적힌 글자는 무엇인가요?,커피로스터스,Ryuroasters,Ryu coffee roasters,coffee roasters,c
dev_0410.jpg,dev/dev_0410.jpg,사진 속 냉장고 진열대에서 '체다치즈' 제품의 가격은 얼마인가요?,"4,490원","9,850원","3,990원","5,990원",b
dev_0411.jpg,dev/dev_0411.jpg,이 간판에 적힌 업종은 무엇인가요?,백악관 노래 연습장,백악관 커피숍,백악관 서점,백악관 식당,a
dev_0414.jpg,dev/dev_0414.jpg,16기 1학기 8월 중식시간 안내에 따르면 3층 강의장의 점심시간은 언제인가요?,12:45 ~ 13:45,12:30 ~ 13:30,12:00 ~ 13:00,12:15 ~ 13:15,b
dev_0415.jpg,dev/dev_0415.jpg,이 제품의 가격은 얼마인가요?,"\2,000","\5,000","\3,000","\1,000",c
dev_0416.jpg,dev/dev_0416.jpg,이 사진 속 버스 정류장 이름은 무엇인가요?,충장로,금호 48,광주 특산품,아시아문화전당,d
dev_0417.jpg,dev/dev_0417.jpg,이 사진에 보이는 봉투에 적힌 상호명이 아닌 것은 무엇인가요?,미스터호떡,DOGDOT,스타벅스,미스터 떡볶이,c
dev_0419.jpg,dev/dev_0419.jpg,무궁화는 우리나라를 상징하는 꽃으로 어떤 의미를 가지고 있나요?,가장 빨리 시드는 꽃,영원히 피고 또 피어 지지 않는 꽃,한 해만 피고 지는 꽃,가장 향기가 강한 꽃,b
dev_0422.jpg,dev/dev_0422.jpg,이 병원 광고에서 강조하는 전문 진료 분야가 아닌 것은 무엇인가요?,심장내과 진료,시술·스포츠재활,척추·관절·신경,양방향 척추내시경술,a
dev_0425.jpg,dev/dev_0425.jpg,이 건물에 위치한 '용가 회전훠궈'의 영업 시작 시간은 몇 시인가요?,오후 1시,오전 9시,오후 3시,오전 11시,c
dev_0427.jpg,dev/dev_0427.jpg,이 이미지 속 전광판에 안내된 행사는 무엇인가요?,코베 베이비페어 & 유아교육전,서울 국제 영화제,2023 서울 패션 위크,대한민국 식품 박람회,a
dev_0429.jpg,dev/dev_0429.jpg,사진에 보이는 'JOJO magazine' 신간 6월호의 가격은 얼마인가요?,"?2,090","?2,500","?3,619","?1,500",a
dev_0432.jpg,dev/dev_0432.jpg,이 제품의 이름은 무엇인가요?,헬로 키티 인 레이스카,도라에몽 인형,산리오 마스코트,나미 원피스 피규어,a
dev_0433.jpg,dev/dev_0433.jpg,포장지에 적힌 '408 칼로리 슈크림 단팥빵'의 칼로리는 얼마인가요?,141 kcal,250 kcal,408 kcal,311 kcal,d
dev_0434.jpg,dev/dev_0434.jpg,사진에 있는 두 소스 중 참치액에 적힌 맛은 무엇인가요?,달콤한 맛,진하고 담백한 맛,매콤한 맛,고소한 참치맛,b
dev_0437.jpg,dev/dev_0437.jpg,이 사진의 건물 광고판 중 '創業 100周年 ありがとう'라는 문구가 적힌 브랜드는 무엇인가요?,FANCL,グリコ,雪印メグミルク,プロミス,c
dev_0439.jpg,dev/dev_0439.jpg,이 건물의 4층과 5층에 위치한 업종은 무엇인가요?,서브컬처 전문점,음식점,보드게임카페,노래라운지,d
dev_0441.jpg,dev/dev_0441.jpg,사진 속 카드에 적힌 '관광 여행'과 관련된 설명으로 옳은 것은 무엇인가요?,관광 여행 카드는 15번이다.,영어 속담은 'A bird in the hand is worth two in the bush'이다.,서울을 상대방이 가지고 있을 경우 통행료를 지불한다.,세계 중심 도시는 부산이다.,c
dev_0443.jpg,dev/dev_0443.jpg,이 식당의 영업 종료 시간은 몇 시인가요?,오후 11시,오후 9시,오후 10시,오후 8시,c
dev_0444.jpg,dev/dev_0444.jpg,"식당 출입 시 안내문에 따르면, 식당을 이용하기 위해서는 어떻게 해야 하나요?",식사 외 음식 반출이 허용된다,1층에서 바로 식당으로 들어가야 한다,계단으로 이동 후 19층 엘리베이터를 이용해야 한다,엘리베이터를 타고 바로 19층으로 가야 한다,c
dev_0448.jpg,dev/dev_0448.jpg,"이 식당의 세트 메뉴 중 가격이 10,400원인 세트는 무엇인가요?",냉모밀 + 돈까스 세트,비빔밥 + 된장찌개 세트,육개장 + 제육볶음 세트,불고기 + 갈비탕 세트,a
dev_0450.jpg,dev/dev_0450.jpg,이 진열장에 전시된 캐릭터 'CHIikAWA' 관련 상품 중 화면 중앙에 노란색 배경에 그려진 캐릭터 이름은 무엇인가요?,KOREA,USAGI,FRIENDS,CHIikAWA,b
dev_0451.jpg,dev/dev_0451.jpg,CJ 비비고 소고기 듬뿍 육개장의 총 내용량은 얼마인가요?,500g,400g,460g,480g,c
dev_0452.jpg,dev/dev_0452.jpg,이 카페의 영업 시작 시간은 언제인가요?,오후 6시,오전 9시,오후 7시,오전 10시,d
dev_0454.jpg,dev/dev_0454.jpg,왼쪽 병에 적힌 제품 이름은 무엇인가요?,CONDITIONER,BODY WASH,FACIAL CLEANSER,SHAMPOO,d
dev_0456.jpg,dev/dev_0456.jpg,'THE BLACK SKIRTS' 공연 일정 중 토요일 공연 시간은 언제인가요?,2.9 SUN 6PM,2.8 SAT 7PM,2.7 FRI 8PM,2.8 SAT 6PM,b
dev_0457.jpg,dev/dev_0457.jpg,무게중심을 구할 때 사용하는 공식은 무엇인가요?,"(2a+c)/3, (2b+d)/3","(a+c+e)/3, (b+d+f)/3","(a+c)/2, (d+f)/2","(a+2c)/3, (b+2d)/3",b
dev_0459.jpg,dev/dev_0459.jpg,이 공연 안내판에 따르면 'Blue Note TOKYO'에서 예정된 공연과 관련 없는 것은 무엇인가요?,BILLIE EILISH,JOEY ALEXANDER,Little Glee Monster,TROPICAL JAZZ BIG BAND,a
dev_0460.jpg,dev/dev_0460.jpg,이 가게 간판에 적힌 일본어 '串かつ'는 무엇을 의미하나요?,라멘,꼬치 튀김,스시,우동,b
dev_0462.jpg,dev/dev_0462.jpg,성심모텔의 퇴실 가능 시간은 언제인가요?,21시,20시,23시,22시,d
dev_0463.jpg,dev/dev_0463.jpg,이 교차로에서 가운데 차선이 가리키는 진행 방향은 무엇인가요?,좌회전만,직진만,직진 또는 우회전,직진 또는 좌회전,b
dev_0464.jpg,dev/dev_0464.jpg,남해읍 터미널에서 출발하는 601번 버스가 동천에 도착하는 첫 번째 시간은 언제인가요?,13:13,10:03,14:00,11:00,b
dev_0465.jpg,dev/dev_0465.jpg,"사진 속 코드에서 'dfs' 함수의 역할에 대해 설명하고 있는 주석에 따르면, 'return'이 함수에서 어떤 역할을 하는지 무엇과 같다고 설명하고 있나요?",함수의 종료와 같다,반복문의 continue와 같다,조건문의 else와 같다,반복문의 break와 같다,d
dev_0466.jpg,dev/dev_0466.jpg,알레락정 5mg의 투약량은 어떻게 되나요?,"1일 1회, 1회 2정","1일 3회, 1회 2정","1일 1회, 1회 1정","1일 2회, 1회 1정",d
dev_0467.jpg,dev/dev_0467.jpg,다음 중 이미지 속 아이스크림 이름으로 올바른 것은 무엇인가요?,초코칩 바,딸기 아이스크림,멜론 아이스크림,카라멜로 카라멜바,d
dev_0469.jpg,dev/dev_0469.jpg,이미지에 보이는 'SOTOPORTEGO LICINI'는 무엇을 나타내고 있나요?,상점 이름,지하철 역 이름,거리 이름,레스토랑 이름,c
dev_0470.jpg,dev/dev_0470.jpg,이미지에 보이는 식당 간판에 적힌 메뉴는 무엇인가요?,냉동 삼겹살,불고기,비빔밥,된장찌개,a
dev_0472.jpg,dev/dev_0472.jpg,팝콘팩토리에서 판매하는 '씨네밀' 메뉴에 포함된 음식은 무엇인가요?,팝콘과 핫도그,감자튀김과 음료,피자와 콜라,치킨과 감자튀김,d
dev_0473.jpg,dev/dev_0473.jpg,이미지 속 주문용 태블릿 화면에 표시된 메뉴 중 하나가 아닌 것은?,Tempura,Nigiri,Recommended Menu,Gunkan Roll,a
dev_0475.jpg,dev/dev_0475.jpg,이 건물의 2층에 있는 시설은 무엇인가요?,영화 콘텐츠 스토어,BNK 부산은행,금지옥엽 3F,Cafe de BIFF,d
dev_0478.jpg,dev/dev_0478.jpg,이 사진에 보이는 KFC 매장 입구 옆 디지털 광고판에 적힌 문구가 아닌 것은 무엇인가요?,복 날에는 버켓 KFC!,인형뽑기 철권 편치 리듬게임,KFC 단품 40% 할인,Always WELCOME,c
dev_0479.jpg,dev/dev_0479.jpg,사진 속 주차장 출입문에 적혀 있는 안내문에는 무엇이라고 적혀 있나요?,출입 자유,출입 금지,주차 허용,주차 금지,d
dev_0481.jpg,dev/dev_0481.jpg,이 건물 입구에 적힌 이름은 무엇인가요?,브릿필라테스,정신과의원,장은진정신건강의학과의원,SK HUB,d
dev_0482.jpg,dev/dev_0482.jpg,"이 CCTV 촬영 안내문에 따르면, 촬영 범위는 어느 정도인가요?",진행방향 180도 50m 이내,진행방향 90도 30m 이내,진행방향 270도 200m 이내,진행방향 360도 100m 이내,d
dev_0483.jpg,dev/dev_0483.jpg,이 사진에 보이는 조형물 아래에 적힌 글자는 무엇인가요?,도깨비골 스카이밸리,도깨비숲 스카이밸리,도째비숲 스카이밸리,도째비골 스카이밸리,d
dev_0484.jpg,dev/dev_0484.jpg,생활쓰레기 배출 시간 중 '수거' 시간은 언제인가요?,새벽,오전 6시부터 9시까지,밤 7시부터 12시까지,19:00 - 24:00,a
dev_0488.jpg,dev/dev_0488.jpg,벽에 붙어 있는 만화의 제목은 무엇인가요?,피너츠,스누피,심슨,가필드,a
dev_0490.jpg,dev/dev_0490.jpg,이미지 속 강의 내용에 따르면 '진로'의 정의로 옳은 것은 무엇인가요?,자신의 적성과 능력에 따라 일정 기간 동안 계속해서 종사하는 일,돈(자본)과 연관되어 하는 일,"어떤 기준에 따라, 더 좋은 상태나 높은 단계로 나아가는 것","개인의 삶이나 사회적, 역사적 발전이 전개되는 과정",d
dev_0491.jpg,dev/dev_0491.jpg,이 식당 메뉴판에 적힌 'たまごサンド'는 어떤 음식인가요?,소고기 스테이크,나폴리탄 파스타,생선 조림,계란 샌드위치,d
dev_0493.jpg,dev/dev_0493.jpg,"이 건물 임대 광고문에 따르면, 임대문의 연락처는 무엇인가요?",02)6003-5043,02)6003-3054,02)7003-5034,02)6003-5034,d
dev_0494.jpg,dev/dev_0494.jpg,이 가게에서 '코다리정식'의 가격은 얼마인가요?,"12,000원","56,000원","36,000원","6,000원",a
dev_0497.jpg,dev/dev_0497.jpg,위퍼스트 스터디카페에서 4주 고정석(프리미엄 1인실)의 할인된 가격은 얼마인가요?,"140,000won","220,000won","200,000won","160,000won",c
dev_0500.jpg,dev/dev_0500.jpg,배수현의 시 '태어나 죽을때까지의 소원'에서 시인은 어떤 감정을 표현하고 있나요?,현재의 고통에서 벗어나고 싶어 한다,미래를 걱정하며 불안해 한다,과거를 후회하며 시간을 되돌리고 싶어 한다,행복한 순간이 지나가는 것이 두려워 시간을 멈추고 싶어 한다,d
dev_0503.jpg,dev/dev_0503.jpg,이 이미지에서 깐마늘 1kg의 할인된 가격은 얼마인가요?,"3,490원","2,792원","11,900원","9,900원",d
dev_0504.jpg,dev/dev_0504.jpg,계단 벽에 그려진 책들 중에서 다음 중 실제로 보이는 책 제목이 아닌 것은 무엇인가요?,헤아려,해리포터,버튼 버튼,정글북,a
dev_0506.jpg,dev/dev_0506.jpg,이 오미쿠지에서 '?の歌' 부분에 적힌 내용은 무엇인가요?,神?の驚きたまう二人にて今日の出?いを大切にせん,사랑의 운세는 나쁘다,오늘은 나쁜 일이 생길 것이다,?の歌는 사랑의 노래를 뜻한다,a
dev_0511.jpg,dev/dev_0511.jpg,이 건물에 있는 '미성 댄스스포츠 학원'의 전화번호는 무엇인가요?,823-5589,825-4822,123-4567,708-0000,b
dev_0513.jpg,dev/dev_0513.jpg,"이 비석에 적힌 """"고산녹번상""""의 수상 기간은 언제부터 언제까지인가요?",2024.11.15 ~ 2024,1988 ~ 2024,1980 ~ 2000,2009 ~ 2023,d
dev_0514.jpg,dev/dev_0514.jpg,"보존식 관련 안내문에 따르면, 보존식은 몇 시간 이상 보관해야 하나요?",48시간(2일) 이상,120시간(5일) 이상,72시간(3일) 이상,144시간(6일) 이상,d
dev_0515.jpg,dev/dev_0515.jpg,벽에 설치된 글자의 언어는 무엇인가요?,프랑스어,영어,독일어,이탈리아어,c
dev_0517.jpg,dev/dev_0517.jpg,이 사진 속 헬스장 'GYMBOXX'가 위치한 장소는 어디인가요?,서면역 1번 출구 앞,부산역 지하상가,"동보프라자 B1, B2 (서면로 지하상가 연결)",광복로 쇼핑거리 3층,c
dev_0518.jpg,dev/dev_0518.jpg,이 건물에 입주해 있는 병원 중 '오내과 의원'에서 진료하는 과목은 무엇인가요?,치과와 한의과,피부과와 성형외과,내과와 안과,소아과와 이비인후과,d
dev_0519.jpg,dev/dev_0519.jpg,이 사진 속 천막에 적힌 전화번호는 무엇인가요?,(02)1050-3940,(02)1234-5678,(031)2295-1054,(02)2295-1054,d
dev_0520.jpg,dev/dev_0520.jpg,이 커피숍의 상호명은 무엇입니까?,MEGA COFFEE,MGC COFFEE,MEGA MGC COFFEE,MEGA MGC,c
dev_0522.jpg,dev/dev_0522.jpg,페르가몬 아크로폴리스 안내도에서 '대극장'은 어떤 번호로 표시되어 있나요?,5,23,19,12,d
dev_0523.jpg,dev/dev_0523.jpg,이 글에서 '미하엘 엔데'의 작품 《모모》에 대해 설명한 내용 중 옳은 것은 무엇인가요?,시간을 느끼기 위해 가슴을 갖고 있지 않다.,눈멀이 있는 가슴은 모두 멈추어 버린다.,귀 없는 가슴들이 소리 없이 뛰고 있다.,가슴으로 느끼지 않은 시간은 모두 없어져 버린다.,d
dev_0524.jpg,dev/dev_0524.jpg,이 건물 3층에 위치한 곳은 무엇인가요?,프리미엄 원룸,GS25 편의점,유원세무회계,마이홈원룸텔,d
dev_0526.jpg,dev/dev_0526.jpg,사진 속 금속함에 적힌 글귀 중 '무통단자함'과 반대편에 적힌 글귀는 무엇인가요?,연결 송수 준비,송수압력범위,옥내소화전송수구,연결송수구,d
dev_0531.jpg,dev/dev_0531.jpg,사진 속 와인 리스트에 적힌 '두께시 라 클라로사' 와인의 가격은 얼마인가요?,"58,000원","60,000원","61,000원","57,000원",d
dev_0534.jpg,dev/dev_0534.jpg,이 건물에 있는 간판 중에서 '스크린골프'라고 적힌 곳은 몇 층에 있나요?,5층,3층,2층,4층,c
dev_0540.jpg,dev/dev_0540.jpg,다음 중 메뉴판에 적힌 어묵 종류와 가격이 올바르게 짝지어진 것은 무엇인가요?,マヨサンド (Mayo-sando) - 216円,きんぴら (Kinpira) - 300円,ひら天 (Hira-ten) - 237円,チ?ズちくわ (Cheese Chikuwa) - 259円,c
dev_0543.jpg,dev/dev_0543.jpg,여성문화회관 버스 정류장에서 탈 수 없는 버스 노선 번호는 무엇인가요?,8,3003,67,15,a
dev_0544.jpg,dev/dev_0544.jpg,이 가게에서 시식행사 중인 음식은 무엇인가요?,버섯,빵,과일,생강전병,a
dev_0546.jpg,dev/dev_0546.jpg,이 가게의 이름은 무엇인가요?,유성할인마트,대성슈퍼,청춘상회,행복마트,a
dev_0547.jpg,dev/dev_0547.jpg,이 건물 2층에 위치한 식당 이름은 무엇인가요?,자매식당,부대고기.왕족발,봉구네부대찌개,더 향기 피부관리숍,a
dev_0548.jpg,dev/dev_0548.jpg,이 공연 안내 배너에 적힌 티켓 가격은 얼마인가요?,1만원,5만원,2만원,3만원,c
dev_0555.jpg,dev/dev_0555.jpg,이미지에 보이는 플레이어 이름 중 오른쪽에 위치한 것은 무엇인가요?,젠야타,한조,도슴고치,젓갈젓갈밥1,c
dev_0556.jpg,dev/dev_0556.jpg,이 건물 3층에 위치한 곳의 이름은 무엇인가요?,TRY-BYC,스타이아로마,스타덤PC,분양가 확정,b
dev_0557.jpg,dev/dev_0557.jpg,이미지에 표시된 'L-A-D DUCK FAT 200GM'의 할인 전 가격은 얼마인가요?,$7.30,$6.90,$5.65,$7.70,a
dev_0559.jpg,dev/dev_0559.jpg,사진 속 간판에 적힌 '良?祈願'은 무슨 의미인가요?,행운을 비는 장소,좋은 인연을 기원함,부자를 기원함,건강을 기원함,b
dev_0563.jpg,dev/dev_0563.jpg,다음 중 이미지에 적힌 내일 할 일로 맞는 것은 무엇인가요?,내일 회의 준비,Next 멘토링 8/26,친구 만나기,아맞다 커피 명랑,b
dev_0564.jpg,dev/dev_0564.jpg,사진 속 도시락 상자의 이름은 무엇인가요?,숯불구이 돼지갈비 도시락,간장 불고기 도시락,닭갈비 도시락,숯불구이 소갈비 도시락,d
dev_0565.jpg,dev/dev_0565.jpg,장바구니 안에 들어있는 '로이히츠보코' 제품의 포장지에서 볼 수 있는 숫자는 무엇인가요?,140개,156개,90개,120개,a
dev_0568.jpg,dev/dev_0568.jpg,서울교통공사 게시판에 게시된 2026 서울교통공사 유튜브 영상 공모전의 마감일은 언제인가요?,2026년 7월 1일,2026년 7월 20일,2026년 9월 1일,2026년 8월 31일 17:00,d
dev_0570.jpg,dev/dev_0570.jpg,아래 메뉴판에서 '에스프레소 샷 추가' 시 추가되는 가격은 얼마인가요?,+ 1.0,+ 0.5,+ 1.5,+ 2.0,a
dev_0572.jpg,dev/dev_0572.jpg,이 건물의 1층에 입점해 있는 슈퍼마켓 이름은 무엇인가요?,로얄 부동산,삼익2차쇼핑,emart everyday,그린식육센터,c
dev_0574.jpg,dev/dev_0574.jpg,이 가게의 간판에 적힌 가게 이름은 무엇인가요?,에스원,쉼,82,초라멘,d
dev_0576.jpg,dev/dev_0576.jpg,이 주차장의 높이 제한은 얼마인가요?,2.8m,2.3m,2.5m,3.0m,a
dev_0577.jpg,dev/dev_0577.jpg,다음 중 문제 225에서 주어진 행렬 A와 E는 각각 무엇인가요?,"A = \(
\begin{pmatrix} 2 & -1 \\ 5 & -2 
\end{pmatrix}\), E = \(
\begin{pmatrix} 1 & 1 \\ 0 & 1 
\end{pmatrix}\)","A = \(
\begin{pmatrix} 1 & 0 \\ 0 & 1 
\end{pmatrix}\), E = \(
\begin{pmatrix} 2 & 5 \\ -1 & -2 
\end{pmatrix}\)","A = \(
\begin{pmatrix} 5 & 2 \\ -2 & -1 
\end{pmatrix}\), E = \(
\begin{pmatrix} 0 & 1 \\ 1 & 0 
\end{pmatrix}\)","A = \(
\begin{pmatrix} 2 & 5 \\ -1 & -2 
\end{pmatrix}\), E = \(
\begin{pmatrix} 1 & 0 \\ 0 & 1 
\end{pmatrix}\)",d
dev_0578.jpg,dev/dev_0578.jpg,벽에 적힌 문구 중 '100% 食べれば食べるほどやせる' 다음에 나오는 음식 이름은 무엇인가요?,ラ?メン,?司,カレ?,お好み?き,d
dev_0579.jpg,dev/dev_0579.jpg,이 엘리베이터 비상시 연락처 중 광계원 전화번호는 무엇인가요?,1899-9449,02-3429-5112,02-3429-5119,0110-631,c
dev_0583.jpg,dev/dev_0583.jpg,"성동소식 2026년 8월호에 따르면, 매봉산 숲속도서관의 운영시간은 언제부터 언제까지인가요?",09:00 ~ 18:00,08:00 ~ 17:00,10:00 ~ 20:00,11:00 ~ 21:00,c
dev_0584.jpg,dev/dev_0584.jpg,사진 속 냉장고 문에 적힌 가격표에서 'BACARDI SPICED' 럼주 한 병의 가격은 얼마인가요?,33.99달러,41.99달러,29.99달러,17.99달러,a
dev_0585.jpg,dev/dev_0585.jpg,POPCORN FACTORY에서 '더블콤보' 팝콘 세트의 가격은 얼마인가요?,"8,000원","12,000원","17,000원","15,000원",d
dev_0586.jpg,dev/dev_0586.jpg,사진 속에서 'プロ目線のインスタ運用法' 책 표지에 적힌 숫자는 무엇인가요?,50万部突破,8万部突破,1万フォロワ?突破,135万部突破,c
dev_0587.jpg,dev/dev_0587.jpg,이 사진에 보이는 '서울숲역' 3번 출입구 표지판에 적힌 역 이름은 무엇인가요?,대림,샤벳,서울숲역,에스엠타운,c
dev_0588.jpg,dev/dev_0588.jpg,"이미지 속 메뉴판에서 """"솔티드 카라멜 라떼""""의 가격은 얼마인가요?",70,65,50,60,d
dev_0590.jpg,dev/dev_0590.jpg,이 도로 표지판에 적혀 있는 '테헤란로 28길'의 주소 범위는 무엇인가요?,1~28,28~56,1~100,1~56,d
dev_0592.jpg,dev/dev_0592.jpg,사진 속 KFC 매장 옆에 있는 아이스크림 가게의 이름은 무엇인가요?,아이스 큐브,스타 팝콘,덤핑스타,스타 아이스크림,c
dev_0593.jpg,dev/dev_0593.jpg,이 교통카드 키오스크 화면에 적힌 문구는 무엇인가요?,키오스크,확인,교통카드,취소,b
dev_0594.jpg,dev/dev_0594.jpg,"전주할매집 메뉴판에 따르면, 만두김치콩나물국밥의 가격은 얼마인가요?","8,500원","7,000원","7,500원","6,000원",c
dev_0595.jpg,dev/dev_0595.jpg,이 탑승구에서 출발하는 비행기의 목적지는 어디인가요?,서울 (인천),제주,도쿄 (나리타),부산 (김해),a
dev_0596.jpg,dev/dev_0596.jpg,이 구간에서 금지된 행위는 무엇인가요?,자전거 통행 금지,불법 주·정차 금지,흡연 금지,쓰레기 투기 금지,b
dev_0597.jpg,dev/dev_0597.jpg,이 식당의 간판에 적혀 있는 메뉴 중에 없는 것은 무엇인가요?,FROZEN CUSTARD,SHAKES,BURGERS,PIZZA,d
dev_0598.jpg,dev/dev_0598.jpg,이 우체국의 금융 업무시간은 월요일부터 금요일까지 언제까지인가요?,18:00까지,17:00까지,12:00까지,16:30까지,d
dev_0600.jpg,dev/dev_0600.jpg,이 건물에 있는 식당에서 전문으로 하는 음식은 무엇인가요?,"피자, 파스타, 샐러드","파전, 감자탕, 해장국","짜장면, 탕수육, 짬뽕","삼겹살, 된장찌개, 김치찌개",b
dev_0601.jpg,dev/dev_0601.jpg,이 벽에 전시된 그림들에 공통적으로 적혀 있는 단어는 무엇인가요?,사도,남한산성,계유정난,춘추관,a
dev_0604.jpg,dev/dev_0604.jpg,"이 문에 적힌 '질식 위험공간' 경고문에 따르면, 출입이 금지된 사람은 누구인가요?",관리자만 출입 가능,모든 출입자 출입금지,직원만 출입 가능,관계자 외 출입금지,d
dev_0605.jpg,dev/dev_0605.jpg,"이 벽에 붙어 있는 안내문에 따르면, 미스트 분무는 어떤 목적으로 사용되고 있습니까?",화재 예방을 목적으로 사용한다,냉방 효과를 목적으로 사용한다,비산먼지 저감을 목적으로 사용한다,방역 소독을 목적으로 사용한다,c
dev_0607.jpg,dev/dev_0607.jpg,사진 속 간판들 중 코인노래방이 위치한 층은 어디인가요?,2층,7층,9층,4층,d
dev_0609.jpg,dev/dev_0609.jpg,사진 속에 보이는 '샤인님의원'은 몇 층에 위치해 있나요?,2층,3층,4층,5층,c
dev_0610.jpg,dev/dev_0610.jpg,이미지에 적힌 'Maksim Segmenti World Tour 2024'의 한국 공연 일정은 언제인가요?,2024년 11월 1일~5일,2023년 10월 9일~13일,2024년 9월 13일~17일,2024년 10월 9일~13일,d
dev_0611.jpg,dev/dev_0611.jpg,다음 중 사진 속 책 제목으로 올바른 것은 무엇인가요?,딥러닝 입문,정직하게 코딩하며 배우는 딥러닝 입문,BERT와 GPT로 배우는 딥러닝,자연어 처리 입문,b
dev_0613.jpg,dev/dev_0613.jpg,이 건물 벽에 붙어있는 'HeartScan 하트스캔' 안내문에 적힌 검진 종류가 아닌 것은 무엇인가요?,정밀검진,종합검진,외래진료,응급진료,d
dev_0614.jpg,dev/dev_0614.jpg,사진 속 고전 건축물에 붙어 있는 현판에는 어떤 글자가 적혀 있나요?,대한민국,경복궁,청와대,영빈관,d
dev_0615.jpg,dev/dev_0615.jpg,"메뉴판에 따르면, '모듬만두'의 가격은 얼마인가요?","9,000원","6,500원","7,500원","15,000원",d
dev_0617.jpg,dev/dev_0617.jpg,다음 중 출입문에 적힌 문구로 옳은 것은 무엇인가요?,원룸 주택 상가 아파트 매물접수,원룸 주택 상가 아파트 매물접수 안내,원룸 주택 상가 아파트 매물접수 영업,원룸 주택 상가 아파트 매물접수 중,a
dev_0618.jpg,dev/dev_0618.jpg,"신갈오거리 주차장 안내판에 따르면, 신갈 IC 제 2 공영 주차장의 현재 주차 가능 상태는 무엇인가요?",여유,무료,혼잡,만차,d
dev_0621.jpg,dev/dev_0621.jpg,이 가게에서 판매하는 고기류가 아닌 것은 무엇인가요?,LA 갈비,멸치,삼겹살,장조림,b
dev_0622.jpg,dev/dev_0622.jpg,이 사진 속 건물 앞에 있는 간판에 적힌 문구는 무엇인가요?,천안콩을 직접 볶음,천안콩을 직접 끓임,천안팥을 직접 끓임,천안팥을 직접 볶음,c
dev_0624.jpg,dev/dev_0624.jpg,이 표지판에 적힌 '東京ウィメンズプラザ'의 거리는 얼마인가요?,480m,580m,600m,1000m,c
dev_0625.jpg,dev/dev_0625.jpg,사진 속 두 가게 중 '수제초콜릿 전문점'이라는 문구가 적힌 가게의 이름은 무엇인가요?,CHOCOLATE,IN THE MIRROR,동명당,GOMANGO,c
dev_0627.jpg,dev/dev_0627.jpg,이 명함에 적힌 이메일 주소는 무엇입니까?,billyleo88@daum.net,billyleo88@naver.com,kyeo88@naver.com,kyeo@deloitte.com,b
dev_0629.jpg,dev/dev_0629.jpg,이 상품에 적혀 있는 문구 중 '사랑'과 관련된 문구가 아닌 것은 무엇인가요?,사랑 최고!! 가득 사랑합시다,언제나!!,나도 너도 모두 사랑,사랑가득,b
dev_0632.jpg,dev/dev_0632.jpg,이 사진에 보이는 책들 중 '정보처리기사 실기' 기본서가 몇 권인가요?,2권,4권,1권,3권,b
dev_0633.jpg,dev/dev_0633.jpg,이미지에 따르면 우리 주변 아동 100명 중 몇 명이 매일 끼니를 걱정하나요?,27명,4명,10명,2명,b
dev_0634.jpg,dev/dev_0634.jpg,이 사진에 보이는 식당 이름은 무엇인가요?,부평점,기네스다리,초밥,스시웨이,d
dev_0635.jpg,dev/dev_0635.jpg,이 오실로스코프 화면에서 CH1(노란색) 신호의 청두치(최대 전압)는 얼마인가요?,1.08V,15.9mV,14.1mV,1.74V,a
dev_0637.jpg,dev/dev_0637.jpg,사진에 보이는 학원 중에서 3~6학년 전문이라는 문구가 적힌 학원은 어디인가요?,GG study 학원,아소비 유성,노은 Hi5 학원,큐미르 학원,d
dev_0638.jpg,dev/dev_0638.jpg,이 건물에서 '노래방'과 관련된 간판 중 빨간색 글씨로 적힌 것은 무엇인가요?,차차차 노래방,궁전 노래방,하얀동 교회,설운도 노래방,a
dev_0639.jpg,dev/dev_0639.jpg,이미지에 보이는 '강소백 리큐르 (포도)'의 알코올 도수는 얼마인가요?,28%,23%,15%,39%,c
dev_0640.jpg,dev/dev_0640.jpg,이미지에 적힌 문구 중 '우리가 아이를 구하면 아이가 세상을 구한다'라는 문구가 포함된 단체의 이름은 무엇인가요?,Save the Children,Every Last Child,의료지원키트,Plumpy nut,a
dev_0641.jpg,dev/dev_0641.jpg,사진 속에서 '치즈 쿠키'의 가격은 얼마인가요?,500엔,650엔,675엔,470엔,c
dev_0642.jpg,dev/dev_0642.jpg,이 건물 2층에 위치한 병원은 무엇인가요?,열린 이비인후과,해민 내과,장영석 치과,U+ 매장,c
dev_0644.jpg,dev/dev_0644.jpg,파란색 포스터에 적힌 문구 중 올바른 것은 무엇인가요?,ALWAYS YOU WERE THE BEST TO ME,ANY LOVE I'LL BE WITH YOU ANYWHERE,ANYWHERE I'LL BE WITH YOU ANY LOVE,YOU WERE ALWAYS THE BEST TO ME,c
dev_0645.jpg,dev/dev_0645.jpg,이 컵라면의 맛 종류는 무엇인가요?,김치 맛,해물 맛,불고기 맛,새우 맛,d
dev_0646.jpg,dev/dev_0646.jpg,휴고 퍼플 뱅쇼 세트의 가격은 얼마인가요?,"13,200원","16,500원","14,300원","12,000원",a
dev_0647.jpg,dev/dev_0647.jpg,이 방 벽에 걸려 있는 검은색 옷에 적힌 문구는 무엇인가요?,Welcome to the HOUSE,We are HOUSE,We're UNDER HOUSE,UNDER the HOUSE,c
dev_0648.jpg,dev/dev_0648.jpg,이 가게의 전화번호는 무엇인가요?,070-8153-4770,02-501-7669,010-5334-8808,031-1234-5678,a
dev_0649.jpg,dev/dev_0649.jpg,이 이미지에 보이는 '라임 시럽' 제품의 브랜드 이름은 무엇인가요?,Mega & Coffee,MEGA & COFFEE,Mega Coffee,Coffee Mega,c
dev_0651.jpg,dev/dev_0651.jpg,이 건물에 입주해 있는 회사나 기관 중 4층에 위치한 곳은 어디인가요?,감농력연구소,ANSWER FD CO.,역삼부동산,유신특허법률사무소,a
dev_0652.jpg,dev/dev_0652.jpg,이 사진에 보이는 'D'elicieux' 가게는 어떤 종류의 가게인가요?,서점,커피 전문점,과자점,노래 연습장,c
dev_0654.jpg,dev/dev_0654.jpg,건물 입구에 있는 '온 스터디 카페'는 몇 층에 위치해 있나요?,7층,1층,3층,5층,c
dev_0655.jpg,dev/dev_0655.jpg,다음 중 이미지 속 물품에 적힌 내용과 가장 일치하는 것은 무엇인가요?,코코 토토 프리미엄 베베 엠보싱,위드 네이처 200매 물티슈,오얌티슈 여행용 티슈,M플러스 회원제 입경임,a
dev_0658.jpg,dev/dev_0658.jpg,도넛 6개를 담은 '도넛 박스'의 가격은 얼마인가요?,"18,000원","23,500원","15,000원","12,500원",c
dev_0661.jpg,dev/dev_0661.jpg,이미지 속 에너지 드링크 캔에 표시된 열량은 얼마인가요?,175 kcal,200 kcal,180 kcal,150 kcal,a
dev_0662.jpg,dev/dev_0662.jpg,이 이미지 속 화면 왼쪽 아래에 적힌 한국어 문구는 무엇인가요?,무섭고도 차갑고 소중한 사람,무섭고도 따뜻하고 소중한 하루,무섭고도 따뜻하고 소중한 사랑,무섭고도 따뜻하고 소중한 사람,d
dev_0664.jpg,dev/dev_0664.jpg,이 건물 5층에 위치한 학원의 이름은 무엇인가요?,착한세상 미용실 본점,경희 올바른 한의원,한솔요리·커피제과 제빵 학원,포시네일 구디역점,c
dev_0665.jpg,dev/dev_0665.jpg,이 사진에 보이는 주유소의 휘발유 가격은 얼마인가요?,2000,1838,1500,1848,d
dev_0666.jpg,dev/dev_0666.jpg,이 벽에 게시된 'Wall of Fame'에서 '우수상자'로 선정된 사람 중 한 명은 누구인가요?,김도영,박범준,정현진,이용문,d
dev_0667.jpg,dev/dev_0667.jpg,"'불의 정원' 안내문에 따르면, 24시간 꺼지지 않는 불꽃의 의미는 무엇인가요?",도시 조성에 따른 관광 명소 조명,포항정맥의 심장 포스코의 용광로불꽃,100년 철도역사를 기리는 불꽃,포항시민들의 열정과 희망,b
dev_0669.jpg,dev/dev_0669.jpg,이 가게의 휴무일은 언제인가요?,21일 화요일,22일 수요일,휴무일 없음,25일 토요일,d
dev_0670.jpg,dev/dev_0670.jpg,"화면에 보이는 문장에 따르면, 무엇을 바로 시작해보자고 말하고 있나요?",게임 종료,기록 내기,설정 변경,자동 저장,b
dev_0671.jpg,dev/dev_0671.jpg,이 표지판에 적힌 '북은구'는 무엇을 의미하나요?,북은구는 수로를 의미한다,북은구는 고대 성곽의 이름이다,북은구는 전통 음식의 이름이다,북은구는 고대 무덤의 이름이다,a
dev_0673.jpg,dev/dev_0673.jpg,이미지에 적힌 세 개의 전화번호 중 '홍인푸르지오 부동산'에 해당하는 전화번호는 무엇인가요?,042-826-1112,042-866-9500,042-824-2999,042-123-4567,a
dev_0674.jpg,dev/dev_0674.jpg,"HASLLA ART WORLD 안내도에 따르면, 미술관에서 야외로 나가려면 어느 경로를 이용해야 하나요?",1층 아비지갤러리를 통해 나가야 한다,주차장 쪽으로 바로 나가야 한다,지하 2층 터널을 통해 나가야 한다,조각공원으로 바로 나가야 한다,c
dev_0676.jpg,dev/dev_0676.jpg,이 기기의 모델명은 무엇인가요?,CMSSH-26-0108,R-EMD-CMSstation,CMSStation-H,CMSSystem,c
dev_0677.jpg,dev/dev_0677.jpg,"이 표지판에 적힌 """"Riservato titolari contrassegni""""의 의미는 무엇인가요?",모든 차량 주차 가능,주차 금지,주차 시간 제한 있음,허가된 차량만 주차 가능,d
dev_0680.jpg,dev/dev_0680.jpg,이 가게에서 전문적으로 수선하는 품목 중 하나가 아닌 것은 무엇인가요?,운동화,양장,청바지,교복,a
dev_0682.jpg,dev/dev_0682.jpg,이 공장의 간판에 적힌 상호명은 무엇인가요?,부산용접,대림강관,서울철강,한강금속,b
dev_0685.jpg,dev/dev_0685.jpg,이 가게에서 판매하는 주된 상품은 무엇인가요?,가방,장갑,모자,신발,b
dev_0687.jpg,dev/dev_0687.jpg,사진 속 건물 2층에 위치한 업소는 무엇을 하는 곳인가요?,찜노래방,나무구인중개사,노래 연습장,피트니스,c
dev_0689.jpg,dev/dev_0689.jpg,"이미지 속 냉장고에 붙어 있는 안내문 중, 사용 후 반드시 해야 하는 것은 무엇인가요?",사용 후 반드시 문을 닫기,사용 후 반드시 시건장치함,사용 후 반드시 청소하기,사용 후 반드시 온도 확인하기,b
dev_0691.jpg,dev/dev_0691.jpg,이 벽에 적힌 글자의 내용은 무엇인가요?,Damlang MetaSequoia Road,Damlang MetaSequoia Row,Damlang MetaSequioa Road,Damleng MetaSequioa Road,a
dev_0693.jpg,dev/dev_0693.jpg,이 책 표지에 적힌 'ChatGPT는 무엇의 9할이다'라고 되어 있나요?,기술?성능,사용법?가이드,답변?해결,질문?지시,d
dev_0695.jpg,dev/dev_0695.jpg,에이스밴드-ES 제품 포장에 적혀 있지 않은 내용은 무엇인가요?,안전성 강화,살균제 첨가,방수 기능,통기성 강화,c
dev_0698.jpg,dev/dev_0698.jpg,이 쓰레기통에 붙어있는 '음식물류폐기물 전용수거용기'라는 문구의 의미는 무엇인가요?,음식물 쓰레기를 재활용하는 쓰레기통이다,재활용 가능한 쓰레기만 버리는 쓰레기통이다,일반 쓰레기와 음식물 쓰레기를 같이 버려도 된다,음식물 쓰레기만 버리는 쓰레기통이다,d
dev_0701.jpg,dev/dev_0701.jpg,라라코스트 칠곡점에서 네이버 예약 후 방문하면 어떤 혜택을 받을 수 있나요?,마늘빵 1개 무료,아메리카노 1잔 무료,"1,000원 쿠폰 받기",에이드 1잔 무료,d
dev_0703.jpg,dev/dev_0703.jpg,사진 속 상품 중에서 '촉촉한 철판구이오징어'가 적힌 포장지의 가격은 얼마인가요?,"5,400원","4,900원","6,900원","4,200원",d
dev_0704.jpg,dev/dev_0704.jpg,"택배사 안내문에 따르면, 택배사가 출입할 수 없는 경우는 언제인가요?",택배사가 지정된 위치에 진열하지 않을 때,하루산반에 진열하지 않을 때,바닥에 무분별하게 적치시 출입 금지 조치될 때,액체가 흐를 수 있는 배송물일 때,c
dev_0705.jpg,dev/dev_0705.jpg,왼쪽 표지판에 적힌 주의 문구는 무엇인가요?,출입금지,화기엄금,기대면 추락 위험,손대지 마시오,d
dev_0706.jpg,dev/dev_0706.jpg,이 건물 입구 유리문에 적혀 있는 내용이 아닌 것은 무엇인가요?,각종 스티커,LED 종합 간판,현수막 인쇄 대행,차량글씨,c
dev_0707.jpg,dev/dev_0707.jpg,이 글에서 만난 사람은 누구인가요?,생자의 아버지,생자의 친구,생자의 어머니,생자의 형제,a
dev_0708.jpg,dev/dev_0708.jpg,디지털 스마트 부산 아카데미 제 5기 교육생 모집의 모집 기간은 언제부터 언제까지인가요?,2024. 1. 1.(월) ~ 3. 31.(일),2024. 4. 1.(월) ~ 6. 7.(금),2024. 5. 1.(수) ~ 7. 4.(목),2024. 7. 5.(금) ~ 12. 27.(금),c
dev_0709.jpg,dev/dev_0709.jpg,이 술의 이름은 무엇인가요?,소월미주주주,월미주,소월미주,소월미주주,c
dev_0710.jpg,dev/dev_0710.jpg,맥도날드 매장 내 손 씻기 안내문에 따라 손을 씻을 때 세 번째 단계에서 해야 할 일은 무엇인가요?,문지르며 말리세요,손을 씻고 헹구세요,골고루 바르세요,한 번만 누르세요,a
dev_0711.jpg,dev/dev_0711.jpg,건대입구역 막차 시간표에 따르면 토요일과 공휴일에 상행 막차 출발 시간은 몇 시인가요?,23:56,23:50,23:40,23:20,b
dev_0712.jpg,dev/dev_0712.jpg,이 발표 자료에 따르면 ICCV 2025 학회가 개최되는 장소는 어디인가요?,싱가포르,"도쿄, 일본","서울, 대한민국","호놀룰루, 하와이",d
dev_0714.jpg,dev/dev_0714.jpg,이미지에 적힌 할인 행사 내용 중 옳은 것은 무엇인가요?,와인/맥주 음시 할인 최대 20% SALE,와인/위스키 음료 할인 최대 50% SALE,와인/위스키 음시 할인 최대 10% SALE,와인/위스키 음시 할인 최대 20% SALE,d
dev_0715.jpg,dev/dev_0715.jpg,이 자판기에서 '포도 에이드' 음료의 가격은 얼마인가요?,1200원,1100원,1400원,800원,d
dev_0718.jpg,dev/dev_0718.jpg,사진 속 메뉴판에서 정탁요리 세트 1의 가격은 얼마인가요?,"59,900원","49,900원","69,000원","79,000원",a
dev_0721.jpg,dev/dev_0721.jpg,메뉴판에 따르면 마약양꼬치 1인분(10개)의 가격은 얼마인가요?,"2,000원","12,000원","8,000원","14,000원",d
dev_0723.jpg,dev/dev_0723.jpg,이 냉장고의 행사가는 얼마인가요?,"2,350,000","2,000,000","2,480,000","2,600,000",c
dev_0724.jpg,dev/dev_0724.jpg,이 건물 1층에 있는 가게 중에서 부동산 관련 가게 이름은 무엇인가요?,가족노래방,만복꼬치구이,대왕부동산,THE HAUS DESIGN ROOM,c
dev_0725.jpg,dev/dev_0725.jpg,JH HAIR에서 셋팅 펌의 가격은 얼마인가요?,"44,000원","20,000원","99,000원","77,000원",d
dev_0726.jpg,dev/dev_0726.jpg,ACU(Actuator Control Unit)의 주요 기능으로 옳지 않은 것은 무엇인가요?,음성 인식 및 처리 기능,자율주행 자동차를 위한 CAN FD & HS CAN 제어,데이터 신뢰성 제공,"조향장치, 브레이크, 방향지시등 데이터 통합",a
dev_0729.jpg,dev/dev_0729.jpg,디즈니 리조트 라인의 1일권(1-Day Pass) 성인 요금은 얼마인가요?,?900,?300,?700,"?1,200",c
dev_0730.jpg,dev/dev_0730.jpg,이 골목에서 볼 수 있는 일본 맥주 광고판에 적힌 글자는 무엇인가요?,삿포로비루,아사히맥주,기린비루,산토리,c
dev_0731.jpg,dev/dev_0731.jpg,이 트럭의 최대 적재량은 얼마인가요?,800kg,850kg,1000kg,900kg,d
dev_0733.jpg,dev/dev_0733.jpg,이 건물에 입점해 있는 골프 연습장 이름은 무엇인가요?,골프존이 만든 골프연습장,FRIENDS SCREEN,S BAR,댄스 & Fit,b
dev_0734.jpg,dev/dev_0734.jpg,조현성 콩나물국밥 가게의 메뉴 중에서 가장 비싼 음식은 무엇인가요?,생태탕,순두부,콩나물국밥,데친오징어,d
dev_0735.jpg,dev/dev_0735.jpg,이 대기 화면에서 2인석 대기 팀 수는 몇 팀인가요?,0팀,3팀,12팀,9팀,d
dev_0736.jpg,dev/dev_0736.jpg,이 사진 속 가게에서 제공하는 서비스는 무엇인가요?,세차 서비스,타이어 교체 서비스,자동차 렌트 서비스,경유 배달 서비스,d
dev_0737.jpg,dev/dev_0737.jpg,이 건물 3층에 위치한 병원은 어떤 병원인가요?,DeepAuto AI 센터,HPN-K 연구소,이밀 음치과,R&B 성형외과,d
dev_0738.jpg,dev/dev_0738.jpg,이 카페에서 제공하는 무료 Wi-Fi의 비밀번호는 무엇인가요?,twosome25,@twosommeddo53,@twosomeddo53,@twosome25,c
dev_0739.jpg,dev/dev_0739.jpg,이 건물에 입주해 있는 병원과 관련된 간판 중 3층에 위치한 병원은 무엇인가요?,LR HEALTH & BEAUTY,리앤웰성형외과의원,알앤비성형외과,이민음치과,c
dev_0740.jpg,dev/dev_0740.jpg,맥주잔에 적힌 브랜드 이름은 무엇인가요?,Cass,TERA,Hite,OB,b
dev_0741.jpg,dev/dev_0741.jpg,이미지 속 스타벅스 커피 원두 중 'ESPRESSO ROAST'라고 표기된 원두는 어느 쪽에 위치해 있나요?,가운데,맨 오른쪽에서 두 번째,맨 오른쪽,맨 왼쪽,d
dev_0742.jpg,dev/dev_0742.jpg,사진 속에 보이는 'Scrub Daddy' 제품의 특징으로 맞는 것은 무엇인가요?,Made of Metal,Soft Firm in Cool Water,Contains Detergent,Hard and Rough Texture,b
dev_0743.jpg,dev/dev_0743.jpg,"이 안내문에 따르면, '양이 보통인 사람'은 어떤 색의 숟가락으로 표시되어 있나요?",초록색,파란색,주황색,갈색,d
dev_0744.jpg,dev/dev_0744.jpg,K-라인 스포츠마사지에서 제공하는 서비스가 아닌 것은 무엇인가요?,피부미용,두통,고주파관리,운동선수 재활관리,a
dev_0746.jpg,dev/dev_0746.jpg,스트라이크존 팀의 최종 타격포인트는 얼마인가요?,2,557,179,11,b
dev_0747.jpg,dev/dev_0747.jpg,"레오나르도 다빈치 관련 퀴즈에서, 레오나르도 다빈치는 어떤 유명한 그림으로 가장 잘 알려져 있습니까?",별이 빛나는 밤,최후의 만찬,감자 먹는 사람들,모나리자,d
dev_0748.jpg,dev/dev_0748.jpg,달콤한 하루 메뉴판에 적힌 디저트 가격 중 마카롱의 가격은 얼마인가요?,"4,500원","3,500원","3,800원","2,000원",d
dev_0750.jpg,dev/dev_0750.jpg,이 건물에 있는 상호명 중 '삼성화재' 옆에 함께 적힌 것은 무엇인가요?,일일미미,장심토,ASMPT,특허법인 아이피랩,d
dev_0751.jpg,dev/dev_0751.jpg,이 치킨 박스에 포함된 노란색 소스의 이름은 무엇인가요?,머스타드 소스,치킨무,마요네즈,코울슬로,d
dev_0752.jpg,dev/dev_0752.jpg,이 가게의 이름은 무엇인가요?,까르니따스 타코 & 그릴,엘 까르니따스,엘 그릴리따스,엘 타코리따스,b
dev_0753.jpg,dev/dev_0753.jpg,세월호 9주기를 기념하여 상영하는 영화의 제목은 무엇인가요?,세월호 이야기,416 영화,기억하라,장기자랑,d
dev_0761.jpg,dev/dev_0761.jpg,다음 중 이미지 속 책 제목으로 올바른 것은 무엇인가요?,"대중들, 선동의 심리학","헨리 키신저, 외교술",기후 난민,21세기 자본,c
dev_0762.jpg,dev/dev_0762.jpg,이 작품의 제목은 무엇인가요?,불꽃,Untitled,캔들,어둠 속의 빛,b
dev_0763.jpg,dev/dev_0763.jpg,다음 중 이미지 속 책 제목에 없는 것은 무엇인가요?,Google Gemini 1.5 Llamalindex,Flutter アプリ開?,Deep Learning入門,Pythonで?ぶ,c
dev_0764.jpg,dev/dev_0764.jpg,신도림역 경찰센터는 어디에 위치해 있나요?,1호선 지상 2층 3번 출구 인근,3호선 지하 2층 1번 출구 옆,4호선 지하 1층 4번 출구 뒤,2호선 지하 1층 2번 출구 개찰구 앞,d
dev_0765.jpg,dev/dev_0765.jpg,사진 속 '마루샤브'에서 제공하는 서비스가 아닌 것은 무엇인가요?,무한 리필 서비스,소고기 무제한 리필,샐러드 바 제공,발레 강습,d
dev_0766.jpg,dev/dev_0766.jpg,이 건물에 적힌 상호명은 무엇인가요?,CHAGEE,한고교육재단,청종학술원,모던 티하우스,a
dev_0768.jpg,dev/dev_0768.jpg,이 가게의 간판에 적힌 이름은 무엇인가요?,GACHA PING,GACHA PONG,GATCHA PING,GACHA PINGG,a
dev_0770.jpg,dev/dev_0770.jpg,사진에 보이는 '토리스 엑스트라' 위스키 700ml의 세전 가격은 얼마인가요?,1144원,1850원,813원,1040원,d
dev_0771.jpg,dev/dev_0771.jpg,사진에 보이는 '초코하임' 과자의 총 칼로리는 얼마인가요?,200 kcal,180 kcal,300 kcal,245 kcal,d
dev_0772.jpg,dev/dev_0772.jpg,보드게임카페 'THE HOLIC'의 1시간 이용 요금은 얼마인가요?,"3,000원","5,000원","1,800원","7,000원",a
dev_0773.jpg,dev/dev_0773.jpg,이미지 속 '옥내 소화전 사용요령' 표지에 나와 있는 소화전 사용 첫 단계는 무엇인가요?,밸브를 시계 반대방향으로 연다,호스를 불꽃에 정확히 겨눈다,경보 수동발신기를 누른다,소화전 노즐을 준비한다,c
dev_0774.jpg,dev/dev_0774.jpg,이 사진 속 미쉐린 가이드 안내판에서 소개하는 식당 이름은 무엇인가요?,LE GUIDE MICHELIN,ミシュランガイド 熊本?大分,新市街 勝烈亭,勝烈亭 新市街本店,d
dev_0775.jpg,dev/dev_0775.jpg,롯데에서 판매하는 과자 중 초코맛 빼빼로의 가격은 얼마인가요?,"2,160원","1,000원","3,980원","1,480원",b
dev_0778.jpg,dev/dev_0778.jpg,화이트보드에 적힌 수식의 첫 번째 항은 무엇인가요?,z = a x + b y + c,SUM SQ (SUM),Error = z - z^,z = a + b + c,a
dev_0779.jpg,dev/dev_0779.jpg,이 식당 간판에 표시된 음식 재료 중에 없는 것은 무엇인가요?,ウインナ?,アスパラ一本揚,トマト,玉ねぎ,c
dev_0780.jpg,dev/dev_0780.jpg,"이 메뉴판에서 """"Affogato"""" 가격은 어떻게 표시되어 있나요?","con gelato € 5,00","con gelato € 4,00","con gelato € 3,00","con gelato e panna € 4,00",b
dev_0781.jpg,dev/dev_0781.jpg,이 표지판에 적힌 '사망 위험'을 뜻하는 영어 문구는 무엇인가요?,Risk of life,Death risk,Danger of death,Risk of death,d
dev_0783.jpg,dev/dev_0783.jpg,다음 중 '턱앤본한의원'에서 제공하는 서비스가 아닌 것은 무엇인가요?,운동복 무료 제공,안면윤곽 및 체형케어,예약우선제,안면비대칭 치료,a
dev_0786.jpg,dev/dev_0786.jpg,이 사진 속 한자 문구 중 '대강동고낭도천고풍유인물고묵서서'가 적힌 글은 몇 번째 판넬인가요?,첫 번째 판넬,마지막 판넬,네 번째 판넬,두 번째 판넬,b
dev_0790.jpg,dev/dev_0790.jpg,사진 속 가게 '원일기계'에서 취급하는 제품이 아닌 것은 무엇인가요?,컴퓨터 부품,정밀기계,식품기계,세탁기계,a
dev_0791.jpg,dev/dev_0791.jpg,사진 속 태블릿 화면에 적힌 날짜는 무엇인가요?,2026년 8월 15일 토요일,2026년 7월 14일 목요일,2023년 8월 14일 금요일,2026년 8월 14일 금요일,d
dev_0792.jpg,dev/dev_0792.jpg,이 건물에 위치한 병원 중 6층에 있는 곳은 무엇인가요?,가공연구소,임플란트,통합진료,치아교정,d
dev_0794.jpg,dev/dev_0794.jpg,사진 속 과자의 가격표에 따르면 '눈을감자' 과자의 가격은 얼마인가요?,"\3,000","\2,000","\1,700","\2,500",b
dev_0796.jpg,dev/dev_0796.jpg,이마트 와인코랩에서 간편하게 주문할 수 있다고 적힌 문구는 무엇인가요?,와인코랩,내가 찾는 술이 여기에 없다면?,이마트 와인코랩에서 간편하게 주문하세요!,REAL HOT DOG,c
dev_0797.jpg,dev/dev_0797.jpg,이 사진에 보이는 노란색 안전 바리케이트에 적힌 문구는 무엇인가요?,안전 제일,통행 금지,위험 경고,공사 중,a
dev_0798.jpg,dev/dev_0798.jpg,이 칠판에 적힌 'Share of Salt Bread'에 관한 설명 중 올바른 것은 무엇인가요?,빵의 바깥쪽은 부드럽고 안쪽은 바삭하다.,부풀어 오른 부분은 바삭한 식감을 가지고 있다.,조합된 식감이 버터 향을 느끼게 한다.,좁은 꼬리 부분은 풍부한 식감을 가지고 있다.,c
dev_0799.jpg,dev/dev_0799.jpg,다음 중 메뉴판에 적힌 음료 메뉴가 아닌 것은 무엇인가요?,킹빙설빙,아메리카노,라떼,스무디,a
dev_0800.jpg,dev/dev_0800.jpg,오예스 디핑 초코 케이크 한 봉지(30g)당 열량은 얼마인가요?,200 kcal,100 kcal,150 kcal,250 kcal,c
dev_0801.jpg,dev/dev_0801.jpg,이 간판에서 안내하는 라운지의 항공사는 무엇인가요?,아시아나항공 - THE DECK,일본항공 - THE DECK,대한항공 - THE DECK,국泰航空 - THE DECK,d
dev_0802.jpg,dev/dev_0802.jpg,'로얄 게임장' 간판에 적힌 문구 중 맞는 것은 무엇인가요?,전문 게임장 운영,30년 전통 수제화 만드는 곳,최고급 수제화 전문점,30년 정통 수제화 만드는 곳,d
dev_0803.jpg,dev/dev_0803.jpg,이 이미지에 보이는 칩스 포장지에 적힌 맛은 무엇인가요?,TOMATOS SALAMI,PIZZA SALAMI,SALTA CHIPS,KRISPIGA CHIPS,c
dev_0804.jpg,dev/dev_0804.jpg,이 사진 속 가게의 이름은 무엇인가요?,TOYOTA 포크레인,과일·알키토 전문점,24시간 무인 판매점,척척밥상 동탄영천점,d
dev_0805.jpg,dev/dev_0805.jpg,2024 공공기관 채용정보 박람회가 열리는 날짜는 언제인가요?,2023년 12월 25일 ~ 26일,2024년 1월 17일 ~ 18일,2024년 3월 10일 ~ 11일,2024년 2월 1일 ~ 2일,b
dev_0806.jpg,dev/dev_0806.jpg,사진 중앙에 보이는 파란색과 흰색 조명이 켜진 높은 건물은 무엇인가요?,도쿄 타워,도쿄 스카이트리,롯폰기 힐즈,아사쿠사 센소지,b
dev_0808.jpg,dev/dev_0808.jpg,이 건물 3층에 있는 피트니스 센터 이름은 무엇인가요?,Titleist,FMS GYM FITNESS,FANTOM,립스 필라테스,b
dev_0811.jpg,dev/dev_0811.jpg,이 케이크 메뉴판에 적힌 케이크 중 '얼그레이 쇼트 케이크'에는 어떤 재료가 들어가 있나요?,고구마와 흑임자 무스케이크,구운 초콜릿과 진한 다크초콜릿 가나슈,크림치즈와 밤이 듬뿍 든 케이크,우아하고 붉은빛 얼그레이 홍차크림,d
dev_0812.jpg,dev/dev_0812.jpg,이 사진에 적힌 와이파이 네트워크 이름(SSID)은 무엇인가요?,KT_GIGA_5G_C58F,KT_GIGA_4G_C58F,LG_U_PLUS_5G_C58F,SKT_WIFI_5G_58F,a
dev_0814.jpg,dev/dev_0814.jpg,이 사진 속 표지판에 적힌 웨딩홀 이름은 무엇인가요?,스타시티호텔,스타웨딩홀,스타웨딩시티,스타시티웨딩홀,d
dev_0817.jpg,dev/dev_0817.jpg,서울 둘레길 표지판에 따르면 '관악산공원입구'까지의 거리는 얼마인가요?,5.2km,3.5km,500m,1.1km,a
dev_0819.jpg,dev/dev_0819.jpg,이미지 속에 적힌 크리스마스 인사 문구는 무엇인가요?,SEASON'S GREETINGS,JOYFUL CHRISTMAS,MERRY CHRISTMAS,HAPPY HOLIDAYS,c
dev_0820.jpg,dev/dev_0820.jpg,이 버스 정류장에서 보문 방향으로 가는 1150번 버스의 종착지는 어디인가요?,양남 금항,황성동,보문단지,경주역,a
dev_0821.jpg,dev/dev_0821.jpg,"캠핑장 시설사용료 안내판에 따르면, 카라반 6인용의 성수기(7월~11월) 요금은 얼마인가요?","120,000원","160,000원","80,000원","105,000원",b
dev_0822.jpg,dev/dev_0822.jpg,"지폐교환기에서 10,000원권은 몇 장까지 교환할 수 있나요?",5장,10장,15장,3장,b
dev_0823.jpg,dev/dev_0823.jpg,법률사실의 외부적 용태 중에서 '법률행위'에 포함되는 것은 무엇인가요?,위법행위,내부적 용태,적법행위,사건,c
dev_0825.jpg,dev/dev_0825.jpg,이미지 속 메모 중 Matt Groening이 그린 그림 옆에 적힌 문구는 무엇인가요?,Always know your...,"To Powell's, The most dangerous place in the world for my wallet!",To Powell's Center of the world!!,LOVE THIS BOOKSTORE!!!,d
dev_0826.jpg,dev/dev_0826.jpg,이 필기 노트에서 '광도'의 단위로 적힌 것은 무엇인가요?,lm/w,lx,cd,VA,c
dev_0828.jpg,dev/dev_0828.jpg,이 건물은 어떤 시설입니까?,한화솔루션 직장어린이집,여천NCC 직장어린이집,한화솔루션과 여천NCC 직장어린이집,한화솔루션 사무실,c
dev_0829.jpg,dev/dev_0829.jpg,이미지 속에서 볼 수 있는 음료 브랜드는 무엇인가요?,코카콜라,펩시,칠성사이다,환타,c
dev_0830.jpg,dev/dev_0830.jpg,사진에 보이는 조명 전기 가게의 간판에 적힌 전문품목이 아닌 것은 무엇인가요?,전기,음식,통신,조명,b
dev_0832.jpg,dev/dev_0832.jpg,다음 중 이미지 속에 보이는 과자 이름이 아닌 것은 무엇인가요?,초코칩 쿠키,초코파이 情,초코송이 말차,빼다코코낫,a
dev_0837.jpg,dev/dev_0837.jpg,이 충전기에서 보이는 정식 모델명은 무엇인가요?,BC-QZ1,BC-QZ1 BATTERY CHARGER,BC-QZ2,BC-QZ1 BATTERY CHARGER SONY,a
dev_0838.jpg,dev/dev_0838.jpg,"충남대학교 도서관의 하계 방학 중 """"이용 가능한 시설""""로 올바르게 나열된 것은 무엇인가요?","3~5층 자료실, 장애이용자 자료 배달, 도서 Pick-Up 서비스","분관(의학·법학) 대출, 상호대차 / 원문복사 서비스, 도서 반납","지하1층 열람실, 지하1층 PC실, 지하2층 열람실, 그룹스터디룸","자유열람실, DVD열람실, 학위논문실, 자료실",c
dev_0839.jpg,dev/dev_0839.jpg,GS25 드링킹 페스타에서 판매하는 음료 중 '1400 블랙커피' 용량은 얼마인가요?,250 ml,700 ml,500 ml,300 ml,c
dev_0841.jpg,dev/dev_0841.jpg,사진 속에 보이는 간판들 중에서 '교토'와 관련된 문구가 적힌 간판은 무엇인가요?,京の山城屋,ランチ＆カフェ 八坂魚藤,魚藤,つけもの?,a
dev_0842.jpg,dev/dev_0842.jpg,이 지하철 역에서 신길 방향으로 가려면 어느 출구 쪽으로 가야 하나요?,4번 출구,1번 출구,2번 출구,3번 출구,d
dev_0844.jpg,dev/dev_0844.jpg,위에 걸려 있는 수건들에 적혀 있는 문구는 무엇인가요?,BEST SINGER IN THE WORLD,SINGING IN THE SHOWER,NO.1 SHOWER SINGER,I'M THE NO.1 SINGER IN THE SHOWER,d
dev_0845.jpg,dev/dev_0845.jpg,"사진 속 일정표에 따르면, 'Kick-off' 시각은 언제인가요?",20:59:10,22:00:00,21:00:00,21:45:00,c
dev_0847.jpg,dev/dev_0847.jpg,이 사진에서 견인차에 실려 있는 공유 전동 킥보드의 브랜드는 무엇인가요?,BIRD,KCGOONG,LIME,SEGWAY,b
dev_0852.jpg,dev/dev_0852.jpg,건물에 붙어 있는 간판에 적힌 식당 이름은 무엇인가요?,우리집밥,아주국내식당,맛있는집밥,현대식당,b
dev_0853.jpg,dev/dev_0853.jpg,만평장례식장에 관한 전화번호는 무엇인가요?,062-960-4444,081-352-1231,062-611-0000,962-8575,c
dev_0854.jpg,dev/dev_0854.jpg,이 건물에 있는 '이민음 치과'는 몇 층에 위치해 있나요?,1층,4층,3층,2층,b
dev_0855.jpg,dev/dev_0855.jpg,여름철 화재예방 행동요령에 포함된 내용이 아닌 것은 무엇인가요?,에어컨 화재예방,겨울철 난방기 화재예방,여름철 차량 화재예방,장비별 전기 화재예방,b
dev_0856.jpg,dev/dev_0856.jpg,이 사진 속 식당의 간판에 적힌 한식 메뉴는 무엇인가요?,숯불 돼지구이,숯불 돼지갈비,숯불 돼지불고기,숯불 돼지갈비구이,a
dev_0857.jpg,dev/dev_0857.jpg,에스트라 아토베리어365 크림 150ml의 가격은 얼마인가요?,"39,000원","26,400원","55,000원","33,000원",c
dev_0860.jpg,dev/dev_0860.jpg,"그림 속 글씨에 따르면, 힘들면 무엇을 하라고 되어 있나요?",책을 읽는다,춤을 춘다,조금 잔다,노래를 부른다,c
dev_0861.jpg,dev/dev_0861.jpg,이미지 속 감자떡 쿠키 상자에 적힌 문구 중 옳은 것은 무엇인가요?,고소한 쫀득한 감자떡 쿠키,달콤한 부드러운 감자떡 쿠키,달콤한 쫀득한 감자떡 쿠키,고소한 쫀득한 부드러운,a
dev_0862.jpg,dev/dev_0862.jpg,이 건물 1층에 있는 가게의 이름은 무엇인가요?,V M,대현공구마트,빈티지,PADO,d
dev_0863.jpg,dev/dev_0863.jpg,인천 광역 i-패스 카드의 사용 기간은 충전 후 몇 일 동안인가요?,60일,90일,15일,30일,d
dev_0865.jpg,dev/dev_0865.jpg,이 전시회는 몇 번째 대한민국 실내 건축 대전인가요?,제35회,제36회,제37회,제38회,c
dev_0867.jpg,dev/dev_0867.jpg,이 가챠머신에서 판매하는 피규어의 크기는 최대 몇 밀리미터인가요?,70mm,30mm,100mm,50mm,d
dev_0868.jpg,dev/dev_0868.jpg,냉동고에 붙어 있는 스티커 중 '사용후 반드시 시건장치함 관계자외 사용을 금합니다!' 문구가 적혀 있는 스티커의 배경색은 무엇인가요?,흰색,파란색,초록색,갈색,d
dev_0869.jpg,dev/dev_0869.jpg,다음 중 이미지 속 책 제목이 아닌 것은 무엇인가요?,감자,달려라 모터사이길,맹자,노란색 바다의 비밀,d
dev_0870.jpg,dev/dev_0870.jpg,이 커피숍 간판에 적힌 글귀 중 올바른 내용은 무엇인가요?,자체 로스팅 차 전문점,수입 원두 커피 전문점,즉석 원두 분쇄 커피숍,자체 로스팅 커피 전문점,d
dev_0872.jpg,dev/dev_0872.jpg,이 매장 구역에 포함된 브랜드가 아닌 것은 무엇인가요?,쉐이크쉑,아디다스,나이키,언더아머,b
dev_0873.jpg,dev/dev_0873.jpg,한성분식 가게 간판에 적힌 전문 메뉴가 아닌 것은 무엇인가요?,치킨,김밥,떡볶이,라면,a
dev_0874.jpg,dev/dev_0874.jpg,왼쪽 포스터에 적힌 십계명 중 '질문 많이 하기'는 어떤 색으로 표시되어 있나요?,주황색,노란색,빨간색,초록색,a
dev_0878.jpg,dev/dev_0878.jpg,왼쪽 병에 적힌 과일 잼의 종류는 무엇인가요?,Rose Apricot,Peach,Blueberry,Strawberry,a
dev_0879.jpg,dev/dev_0879.jpg,오늘의집 북촌의 3층에는 무엇이 있나요?,Connect Lounge,Creator's Atelier,Styling Studio,Library,b
dev_0881.jpg,dev/dev_0881.jpg,Strawberry Waterfall Cake의 사전 예약 시 할인된 가격은 얼마인가요?,52.2,17.5,60.0,58.0,a
dev_0882.jpg,dev/dev_0882.jpg,화재 발생 시 초기 진화 단계에서 권장되는 행동으로 올바른 것은 무엇인가요?,소화기를 사용하지 않고 대피한다,전기제품을 끄고 소화기를 사용한다,119에 신고 후 대피한다,젖은 수건으로 얼굴을 가린다,b
dev_0883.jpg,dev/dev_0883.jpg,이 포스터에서 'AI x IBK'와 관련하여 강조하는 금융 서비스의 특징이 아닌 것은 무엇인가요?,24시간 무휴 서비스,압도적 데이터 처리 능력,65년 기업금융 전문성,초개인화 서비스,a
dev_0884.jpg,dev/dev_0884.jpg,이 이미지에 보이는 'HELLO JEJU' 간판 아래에 적혀 있는 한국어 문구는 무엇인가요?,한국도로공사,한국공항공사,한국관광공사,한국철도공사,b
dev_0886.jpg,dev/dev_0886.jpg,사진에 보이는 파란색 표지판에는 어떤 내용이 적혀 있나요?,버럭시장이 필요할 때,버럭시장,흡연금지,경찰 출입 절대금지,b
dev_0889.jpg,dev/dev_0889.jpg,이미지 속 '세탁조 클리너' 제품에 적힌 사용 권장 횟수는 무엇인가요?,일주일에 한 번,사용 횟수 제한 없음,매일 사용,한 달 한 번,d
dev_0893.jpg,dev/dev_0893.jpg,이미지에 보이는 광고 문구 중 'Air Canada'와 함께 적힌 문구는 무엇인가요?,Peter Stuyvesant LUXURY LENGTH,...and a great deal more.,"Panasonic, for people who know about music.",Buy Punch for the fun of it,b
dev_0894.jpg,dev/dev_0894.jpg,이 건물 2층에 위치한 곳은 무엇인가요?,우화돈 정육점,(주)수 노래 연습장,우화돈 연탄구이,카페 수노래,b
dev_0895.jpg,dev/dev_0895.jpg,키보드에 컬러로 적혀 있는 글자는 무엇인가요?,Class,Cross,Color,Close,b
dev_0896.jpg,dev/dev_0896.jpg,"이미지 속 광고판에 적힌 내용 중 """"테니스와 스쿼시가 결합된"""" 스포츠는 무엇인가요?","뉴스포츠, 패들","뉴스포츠, 배틀","뉴스포츠, 배드민턴","뉴스포츠, 배들",a
dev_0897.jpg,dev/dev_0897.jpg,이 전시의 안내문에 적힌 일본어 '立入禁止'는 무슨 뜻인가요?,출입 금지,사진 촬영 금지,애완동물 출입 금지,음식물 반입 금지,a
dev_0898.jpg,dev/dev_0898.jpg,사진 속 왼쪽 병에 적혀 있는 내용 중 옳은 것은 무엇인가요?,Made in Korea,DERMATOLOGIST TESTED,100 ml | 3.4 fl oz,FOR MEN ONLY,b
dev_0901.jpg,dev/dev_0901.jpg,이미지 속 '즉석요리'에 포함되지 않는 메뉴는 무엇인가요?,치킨버거,김치전,계란말이,생선까스,a
dev_0902.jpg,dev/dev_0902.jpg,이 제품 태그에 적힌 'BRANJONS'의 가격은 얼마인가요?,"\149,000","\9,900","\19,900","\29,900",c
dev_0903.jpg,dev/dev_0903.jpg,사진 속 리폼 시트지의 가로 길이는 얼마인가요?,100cm,100m,30cm,30m,c
dev_0904.jpg,dev/dev_0904.jpg,왼쪽 병에 붙어 있는 라벨에 적힌 내용은 무엇인가요?,생두,원두커피,디저트용,진열용,d
dev_0905.jpg,dev/dev_0905.jpg,이 자판기에서 '紅茶花? 무설탕 얼그레이 아이스티'의 가격은 얼마인가요?,150엔,170엔,180엔,160엔,d
dev_0907.jpg,dev/dev_0907.jpg,이미지 속 선반에 진열된 하리보(Haribo) 젤리의 패키지 색상 중 포함되지 않은 것은 무엇인가요?,파란색,분홍색,노란색,보라색,d
dev_0908.jpg,dev/dev_0908.jpg,사진 속 병원 간판에 적힌 전화번호는 무엇인가요?,555·1212,010·9876,123·4567,822·2277,d
dev_0909.jpg,dev/dev_0909.jpg,이 가게에서 판매하는 냉국수의 가격은 얼마인가요?,"6,000원","12,000원","10,000원","8,000원",d
dev_0910.jpg,dev/dev_0910.jpg,이 차량 내부에 부착된 보호막에 적혀 있는 브랜드 이름은 무엇인가요?,타다,로카快?,우버,카카오모빌리티,b
dev_0911.jpg,dev/dev_0911.jpg,사진 속 광고판에 적힌 치과 의원 이름은 무엇인가요?,강남치과의원,티유치과의원,한강치과의원,서울치과의원,b
dev_0913.jpg,dev/dev_0913.jpg,이 건물 간판에 적힌 상호명은 무엇인가요?,백마강참숯민물생선,백마강참숯민물장어구이,청마강참숯민물장어,백마강참숯민물장어,d
dev_0914.jpg,dev/dev_0914.jpg,이 카페의 상호명은 무엇인가요?,The GLO COFFEE,Coffee House,카페 한밭,O2 Will,a
dev_0915.jpg,dev/dev_0915.jpg,2026년 3분기 송파여성문화회관 수강생 모집에서 1개월차 교육기간은 언제부터 언제까지인가요?,6. 8.(월) ~ 6. 30.(화),7. 29.(수) ~ 8. 25.(화),7. 1.(수) ~ 7. 28.(화),8. 26.(수) ~ 9. 22.(화),c
dev_0917.jpg,dev/dev_0917.jpg,이 건물에 있는 병원 중 '드림 한방병원'이 위치한 층은 어디인가요?,5층,3층,2층,4층,d
dev_0918.jpg,dev/dev_0918.jpg,이 냉동 아이스크림 진열대에서 '콘이랑 원더' 아이스크림의 가격은 얼마인가요?,"1,500원","3,000원","2,500원","2,000원",c
dev_0919.jpg,dev/dev_0919.jpg,이미지 속 나무 판자에 적힌 두 개의 이름 중 왼쪽에 적힌 이름은 무엇인가요?,명명 てんろく,명명 ろく,명명 てんろ,명명 てん,d
dev_0921.jpg,dev/dev_0921.jpg,이 건물에 있는 'GYMBOXX' 짐박스 피트니스는 어느 층에 위치해 있나요?,3층,1층,2층,지하 1층,d
dev_0922.jpg,dev/dev_0922.jpg,提携駐車場の利用について、車高の制限が最も低い駐車場はどれですか？,西辛島パ?キング（車高制限2.1m）,パ?スト24辛島公園駐車場（車高制限2.3m）,パ?スト24辛島公園地下駐車場（車高制限2.0m）,指定なし,c
dev_0923.jpg,dev/dev_0923.jpg,태블릿에 적힌 '경영 조직의 이해'의 첫 번째 의미는 무엇인가요?,개인적 존재,개인영이 존재,개인영업 존재,개인 출자 이상,b
dev_0924.jpg,dev/dev_0924.jpg,해피 마켓에서 당근 세 개의 가격은 얼마인가요?,"3,500원","2,000원","4,000원","1,000원",b
dev_0926.jpg,dev/dev_0926.jpg,이 벽화에 적힌 글귀 중에서 상점의 종류를 나타내는 것은 무엇인가요?,2026 7 6,우리들의 쉼터,생과일 전문점,민트캔디,c
dev_0927.jpg,dev/dev_0927.jpg,이 가게의 간판에 적힌 메뉴 중 포함되어 있지 않은 것은 무엇인가요?,SHAKE,BURGER,BRUNCH,PIZZA,d
dev_0928.jpg,dev/dev_0928.jpg,블루베리 베이글(Blueberry bagel)의 가격은 얼마인가요?,5.8,5.5,4.1,4.7,d
dev_0929.jpg,dev/dev_0929.jpg,이 사진 속에 보이는 스누피가 그려진 가방에 적힌 문구는 무엇인가요?,OLIVE YOUNG,SNOOPY,PEANUTS,WOODSTOCK,c
dev_0931.jpg,dev/dev_0931.jpg,이 건물에 위치한 '살롱드온헤어'의 예약 문의 전화번호는 무엇인가요?,02.321.7654,02.456.1237,02.123.4567,02.789.6543,c
dev_0932.jpg,dev/dev_0932.jpg,'美味家' 식당 메뉴 중에서 가격이 가장 저렴한 음식은 무엇인가요?,크림새우,양장피,어향가지,유린기,c
dev_0934.jpg,dev/dev_0934.jpg,손에 들고 있는 초콜릿 제품 중 'M&M's' 패키지에 적힌 문구는 무엇인가요?,Milk chocolate,Dark chocolate,Strawberry chocolate,White chocolate,a
dev_0935.jpg,dev/dev_0935.jpg,스파이더 RYU99 특별 혜택 이벤트에서 RYU99 컬렉션을 5/10만원 이상 구매하면 어떤 혜택을 받을 수 있나요?,캡슐머신 참여권 증정,한화이글스 홈경기 티켓 증정,RYU99 후드티/볼캡 증정,와펜/키링 증정,d
dev_0936.jpg,dev/dev_0936.jpg,이 건물에 위치한 병원 중 하나의 이름은 무엇인가요?,서울치과,힐모아치과,삼성한의원,한빛약국,b
dev_0938.jpg,dev/dev_0938.jpg,이 건물에 입주해 있는 병원이나 클리닉이 아닌 것은 무엇인가요?,이민음치과,알앤비성형외과,리앤웰성형외과의원,LR HEALTH & BEAUTY,d
dev_0940.jpg,dev/dev_0940.jpg,사진 속 병원의 이름은 무엇인가요?,서울병원,부산은행,강남병원,세종병원,d
dev_0941.jpg,dev/dev_0941.jpg,이 포스터에서 제안하는 방법의 이름은 무엇인가요?,SSCBench,C3DFusion,C3DPoint,SemanticKITTI,b
dev_0942.jpg,dev/dev_0942.jpg,이 전시 부스의 회사 이름은 무엇인가요?,주식회사 티에프,주식회사 엘케이,주식회사 지이브이알,주식회사 에이비씨,c
dev_0943.jpg,dev/dev_0943.jpg,입원 시 도움이 되는 정보 중 식사시간은 언제부터 언제까지인가요?,아침 08:30 - 점심 12:00 - 저녁 18:30,아침 08:00 - 점심 12:30 - 저녁 18:00,아침 07:00 - 점심 11:30 - 저녁 17:00,아침 07:30 - 점심 12:00 - 저녁 17:30,d
dev_0944.jpg,dev/dev_0944.jpg,이 사진 속 제품 중에서 3.5L 용량으로 판매되는 제품은 무엇인가요?,업체에 좋은 배양토 2.5L,커피로 만든 미생물 비료 알비료,텃밭에 좋은 배양토 2.5L,살균처리된 무농약배양토,d
dev_0946.jpg,dev/dev_0946.jpg,이미지 속 상자에 적힌 '사용방법'에 따른 첫 번째 단계는 무엇인가요?,손을 씻는다,물티슈를 꺼낸다,코를 잡는다,손을 비빈다,b
dev_0947.jpg,dev/dev_0947.jpg,이 식당의 점심 메뉴 서비스 런치 중에서 가장 저렴한 메뉴는 무엇인가요?,소스가츠동,레ディ?ス런치,치킨가츠동,가츠카레,b
dev_0949.jpg,dev/dev_0949.jpg,이 건물에 있는 간판 중 전화번호가 적힌 가게는 어디인가요?,바다 PC,크라운,J원 도나츠 & 과배기,사랑으로 3동,c
dev_0951.jpg,dev/dev_0951.jpg,이미지에 나온 메뉴 중에서 칼로리가 가장 높은 음식은 무엇인가요?,쫄치닭,김호윤셰프_봉골레파스타,삼겹살고추장볶음,물떡어묵전골,c
dev_0952.jpg,dev/dev_0952.jpg,사진 속 포켓몬 볼 세트의 가격은 얼마인가요?,"50,000원","25,000원","150,000원","38,000원",c
dev_0953.jpg,dev/dev_0953.jpg,이 간판에 적혀 있는 동물원의 이름은 무엇인가요?,Australia Zoo,Sydney Zoo,Crikey Zoo,Wildlife Park,a
dev_0954.jpg,dev/dev_0954.jpg,CU 출입문이 어디에 있나요?,지하에 있습니다,건물 입구에 있습니다,길 건너에 있습니다,건물 뒤편에 있습니다,b
dev_0955.jpg,dev/dev_0955.jpg,이 버스의 노선번호는 무엇인가요?,82-1,701,45,99-2,a
dev_0956.jpg,dev/dev_0956.jpg,"이 식당 메뉴판에 따르면, '전 세트'의 가격은 얼마인가요?","20,000원","12,000원","18,000원","13,000원",a
dev_0957.jpg,dev/dev_0957.jpg,사진 속 세 개의 간판 중 가운데에 있는 가게 이름은 무엇인가요?,한우도매정육점,KOREA BBQ,홍박사생고기,발렛파킹 무료,a
dev_0958.jpg,dev/dev_0958.jpg,"'The Dinner Hour, Wigan' 그림에 관한 설명으로 옳은 것은 무엇인가요?","이 그림은 1922년에 그려졌으며, 여성들의 전통 의상을 강조한다.","이 그림은 1888년에 그려졌고, 중세 맨체스터의 플레미시 직조공들의 모습을 묘사한다.","이 그림은 1843년에 그려졌으며, 아이를 칠면조로부터 지키는 어머니의 모습을 담고 있다.","이 그림은 1874년에 그려졌고, 여성들이 면직물 방적소에서 일하는 모습을 보여준다.",d
dev_0959.jpg,dev/dev_0959.jpg,이 이미지 속에서 '안심콩나물' 제품이 몇 가지 다른 포장으로 진열되어 있나요?,4가지,1가지,2가지,3가지,b
dev_0960.jpg,dev/dev_0960.jpg,사진 속 음식점에서 전문적으로 판매하는 메뉴는 무엇인가요?,닭갈비,흑돼지 족발,삼겹살,곱창,b
dev_0961.jpg,dev/dev_0961.jpg,이 건물에 있는 '365일 다나솔' 한의원의 영업일과 진료 시간에 대해 옳은 설명은 무엇인가요?,토요일과 공휴일에도 진료한다,평일 야간 진료를 하지 않는다,평일에 진료하지 않는다,일요일만 휴일이다,a
dev_0962.jpg,dev/dev_0962.jpg,이 가게에서 프렌치 프라이(감자튀김)의 가격은 얼마인가요?,"12,000원","9,500원","7,900원","4,900원",d
dev_0963.jpg,dev/dev_0963.jpg,'바른초밥' 가게의 메뉴에서 점심특선 1번 세트의 가격은 얼마인가요?,"11,000원","13,000원","12,000원","10,000원",d
dev_0964.jpg,dev/dev_0964.jpg,이 컴퓨터에 부착된 라벨에 적힌 구입일자는 언제인가요?,20110120,20210112,20120110,20101120,a
dev_0966.jpg,dev/dev_0966.jpg,이 사진에서 '地下? 動物園前?'는 무엇을 의미합니까?,동물원 입구,동물원 출구,지하철 동물원 앞 역,지하철 동물원 역,c
dev_0967.jpg,dev/dev_0967.jpg,이미지 속 창문에 있는 글귀 중 'd/R 다다름'에서 강조하는 것은 무엇인가요?,책과 독자들을 옆에 펼쳐두며 조금 더 대화할 수 있다고 믿습니다.,책을 매개로 서점 안쪽에서 여러 작은 시도들을 이어가고 있습니다.,우리는 다 다르고 또 다 다를 수 있어요.,작은 시도들을 옆에 펼쳐두며 책을 매개로 합니다.,c
dev_0968.jpg,dev/dev_0968.jpg,"이 이미지에 보이는 위스키 중 가격이 45,000원으로 적혀 있는 제품은 무엇인가요?",LOCH LOMOND,BENCHMARK,MARI오로라위스키,WHYTE MACKAY,c
dev_0971.jpg,dev/dev_0971.jpg,이 건물의 3층에 있는 학원 중 수학 학원 이름은 무엇인가요?,HSP 수학학원,디지털 프라자,EL DANCE STUDIO,매스위즈 수학학원,d
dev_0972.jpg,dev/dev_0972.jpg,이 사진 속 간판에 적힌 거리는 무엇인가요?,하라주쿠 타케시타 거리,긴자 쇼핑 거리,가부키초 사쿠라 거리,시부야 크로싱,c
dev_0973.jpg,dev/dev_0973.jpg,이 안내문에 따르면 매장 내에서 사용이 규제되는 1회용품이 아닌 것은 무엇인가요?,합성수지 재질로 도포·접합된 1회용 광고선전물,"합성수지 재질의 1회용 수저, 포크, 나이프",1회용 종이컵,다회용 나무젓가락,d
dev_0974.jpg,dev/dev_0974.jpg,상인 신정형외과에서 치료하지 않는 질환은 무엇인가요?,관절염,통증,척추관절염,골다공증,d
dev_0975.jpg,dev/dev_0975.jpg,이 사진에 보이는 간판 중 '히든 에이스 홀덤펍'은 몇 층에 위치해 있나요?,1층,3층,2층,지하 1층,b
dev_0976.jpg,dev/dev_0976.jpg,2019 KB국민은행 Liiv CONCERT 공연 시작 시간은 언제인가요?,PM 6:00,PM 3:30,PM 1:00,PM 4:30,a
dev_0977.jpg,dev/dev_0977.jpg,사진 속 빨간 깃발에 적힌 글자는 무엇인가요?,벨라지오,베네치아,벨베데레,베르사유,c
dev_0978.jpg,dev/dev_0978.jpg,이 장소는 어떤 용도의 공간인가요?,카페,서점,웨딩 하우스,미술관,c
dev_0980.jpg,dev/dev_0980.jpg,이 제품의 이름은 무엇인가요?,자두 스틱,숙취 해소제,컨디션 스틱,헝오버 테크놀로지,c
dev_0981.jpg,dev/dev_0981.jpg,이 건물 2층에 위치한 병원의 이름은 무엇인가요?,굿모닝보청기,베스트이비인후과,하나로약국,보험휴게소,b
dev_0982.jpg,dev/dev_0982.jpg,이 간판에 표시된 스타벅스 리저브 로스터리 매장이 2017년에 개장한 도시는 어디인가요?,MILAN/NYC,SHANGHAI,TOKYO,CHICAGO,b
dev_0985.jpg,dev/dev_0985.jpg,이미지에 나온 '濃厚煮干中華そば 通? バカニボ' 라면의 가격은 얼마인가요?,850円,920円,1070円,1000円,b
dev_0988.jpg,dev/dev_0988.jpg,이 버스 정류장에 안내된 버스 노선 번호가 아닌 것은 무엇인가요?,202,77,85,101,d
dev_0989.jpg,dev/dev_0989.jpg,이 포스터에서 'チャイロイコグマ 10周年' 기념 상품의 가격은 얼마인가요?,?14000,?10000,?13000,?12000,a
dev_0991.jpg,dev/dev_0991.jpg,이 사진 속 안내문에 소개된 지역 중 'Kenya' 커피의 이름은 무엇인가요?,AA Top Kimandi Macro-Lot,Yirgacheffe G1 Washed Ancha,BSCA Yellow Bourbons Sul de Minas,Fuchueteurango SHB La Delicia,a
dev_0992.jpg,dev/dev_0992.jpg,이 전시 부스의 제목은 무엇인가요?,부산광역시 보건소 정보,부산광역시 약국 정보 안내,서울시 약국 위치 안내,대구시 의료기관 안내,b
dev_0994.jpg,dev/dev_0994.jpg,07:01에 출발하는 열차의 목적지는 어디인가요?,Freilassing,Wien Westbf,Linz Hbf,Flughafen Wien,d
dev_0995.jpg,dev/dev_0995.jpg,사진 속 포장지에 적힌 '玉子?と明太子'의 의미는 무엇인가요?,참치와 연어,계란말이와 명란젓,닭고기와 마요네즈,김치와 두부,b
dev_0996.jpg,dev/dev_0996.jpg,2024년 2학기 비교과 프로그램 우수후기 공모전에서 장려상 상금은 얼마인가요?,10만원,20만원,30만원,50만원,a
dev_0997.jpg,dev/dev_0997.jpg,이름표 중 '117기'라는 글자가 적혀 있는 이름은 누구인가요?,주현이,오찬주,이주원,김민수,b
dev_0999.jpg,dev/dev_0999.jpg,포스터에 나온 '쫄다'라는 나쁜 말의 바른 말은 무엇인가요?,짜증나다,거짓말하다,대단하다,창피하다,c
dev_1000.jpg,dev/dev_1000.jpg,이 가게 앞에 걸려 있는 배너에는 무엇이 '맛있고 건강한 선택'이라고 적혀 있나요?,맛있는 간식,신선한 과일,Delight is Better 맛있고 건강한 선택,건강한 음료,c
dev_1001.jpg,dev/dev_1001.jpg,사진 속 건물 2층에 위치한 학원의 이름은 무엇인가요?,에이스수학학원,하나복사,새롬건축사사무소,청명부동산,a
dev_1003.jpg,dev/dev_1003.jpg,이미지에 보이는 CD 케이스 아래에 적힌 이름과 날짜 중 'RIKU'의 생년월일은 무엇인가요?,2004.4.5,2002.5.11,2001.7.15,2003.6.28,d
dev_1006.jpg,dev/dev_1006.jpg,이 이미지에서 TOEFL과 GRE 시험 관련 부스에서 강조하는 내용은 무엇인가요?,GRE 시험은 2025년부터 시행되지 않는다,TOEFL 시험은 한국에서만 응시할 수 있다,GRE 시험 준비가 길고 어렵지 않고 부담없이 빠르다,TOEFL 시험은 캐나다에서만 인정된다,c
dev_1007.jpg,dev/dev_1007.jpg,2026년 가을 경영대학 학위수여식에서 졸업생 대표 기념 연설을 하는 사람은 누구인가요?,학 장,경영학과 곽예지,회계학과 김나영,이 홍 섭 동문,b
dev_1010.jpg,dev/dev_1010.jpg,이미지 속 라임 주스 제품에 적힌 문구 중 올바른 것은 무엇인가요?,라임 후레쉬,라임 프레쉬,라임 후레시,라임 프레시,a
dev_1011.jpg,dev/dev_1011.jpg,이 봉투에 적힌 '리콜통지'는 무엇과 관련된 내용인가요?,택배 배송 안내,자동차 리콜 관련 통지,세금 납부 통지,건강검진 결과 통지,b
dev_1012.jpg,dev/dev_1012.jpg,이 코로나19 신속 항원 검사 키트에서 나타난 결과는 무엇인가요?,양성,검사 중,무효,음성,d
dev_1013.jpg,dev/dev_1013.jpg,위 사진 속 두 병의 제품 중 비빔당 제품에 적힌 문구가 아닌 것은 무엇인가요?,당류 89% 감소,국산 무로 만든 동치미 국물로 시원한 맛,비빔당 저당,발사믹 식초,d
dev_1014.jpg,dev/dev_1014.jpg,이미지 배경에 있는 노란색 상자에 적힌 가격은 얼마인가요?,"\13,000","\1,300","\30,000","\3,000",d
dev_1016.jpg,dev/dev_1016.jpg,이미지에 나온 '고드름' 키보드의 특징으로 옳지 않은 것은 무엇인가요?,블루투스 무선 연결 지원,RGB 온/오프 3모드 완전 가능,디자인이 얼음같은 투명한 느낌,저소음 고드름 축(택타일),c
dev_1017.jpg,dev/dev_1017.jpg,이 매장에서 판매하는 '바스켓 지우개'의 가격은 얼마인가요?,"3,000원","1,800원","4,000원","2,000원",d
dev_1018.jpg,dev/dev_1018.jpg,이 주유기에서 표시된 주유 금액은 얼마인가요?,$4.00,$10.19,$98.00,$19.96,d
dev_1019.jpg,dev/dev_1019.jpg,"이미지 속 텍스트에 따르면, 'Feature란' 무엇을 의미하나요?",학습률을 조절하는 파라미터,데이터셋의 레이블 정보,모델의 최종 출력값,모델이 예측하기 위해 사용하는 판단 근거,d
dev_1020.jpg,dev/dev_1020.jpg,영수증에 적힌 치즈버거 가격은 얼마인가요?,"18,000원","15,900원","3,900원","19,800원",b
dev_1023.jpg,dev/dev_1023.jpg,이 버스 정류장에서는 어떤 번호의 버스가 다니나요?,"10, 182-3, 303, 110, 183, 882","20, 182-2, 303, 110, 183, 882","10, 182-2, 303, 120, 183, 882","10, 182-2, 303, 110, 183, 882",d
dev_1024.jpg,dev/dev_1024.jpg,이 계단에 적힌 문구 중 '온정해가에게 집중하는 삶'이 적힌 색깔은 무엇인가요?,노란색,흰색,빨간색,파란색,a
dev_1027.jpg,dev/dev_1027.jpg,다음 중 이미지에 보이는 제품의 이름이 아닌 것은 무엇인가요?,게맛살,참치캔,크래미,몬스터,b
dev_1028.jpg,dev/dev_1028.jpg,이미지에 보이는 제품들 중 'MAXTILL'이라는 브랜드명이 적힌 제품은 무엇인가요?,물병,화장품 용기,무선 이어폰 케이스,노트북,c
dev_1030.jpg,dev/dev_1030.jpg,이 식당 메뉴판에 적힌 '전복죽'의 가격은 얼마인가요?,"4,500원","5,000원","6,000원","7,000원",d
dev_1031.jpg,dev/dev_1031.jpg,이 표지판에 적힌 운전자 주의사항 중 올바른 내용은 무엇인가요?,보행자 안전거리 무시,보행자 우선 통행 금지,어린이 통학버스 우선 통행 금지,속도 15km/h 이하 준수,d
dev_1032.jpg,dev/dev_1032.jpg,이미지 속 'MISSION' 문구에서 '우리의 삶이 건강해지고 당신의 비즈니스가 더 성장하는 스토리를 만듭니다'라는 문장은 무슨 의미인가요?,음식 조리법을 소개한다,제품 가격을 안내한다,세계 지도를 설명한다,건강과 비즈니스 성장을 위한 목표를 나타낸다,d
dev_1033.jpg,dev/dev_1033.jpg,"이 도로 표지판에 따르면, 강남대로 방향으로 가려면 얼마나 가야 하나요?",90m,500m,270m,100m,c
dev_1034.jpg,dev/dev_1034.jpg,이 콘서트의 이름은 무엇인가요?,CRUSH CONCERT 2023,CRUSHHAR,2025 CRUSH CONCERT,2024 CRUSH FESTIVAL,c
dev_1035.jpg,dev/dev_1035.jpg,이 이미지에 적힌 글귀 중에서 밴드 이름은 무엇인가요?,MOON PHASES,NOUVEL ALBUM,MOON MUSIC,COLDPLAY,d
dev_1037.jpg,dev/dev_1037.jpg,이 사진 속 제설함에 적힌 문구에서 빈칸에 들어갈 알맞은 글자는 무엇인가요?,눈·비가 오면 누구나 ㅇ 할 수 있습니다,눈·비가 오면 누구나 할 수 있습니다,눈·비가 오면 누구나 사용할 수 있습니다,눈·비가 오면 누구나 할수 있습니다,c
dev_1038.jpg,dev/dev_1038.jpg,사진 속 상단 왼쪽에 있는 '티니핑 워터젤리' 음료의 맛은 무엇인가요?,레몬맛,포도맛,사과맛,복숭아맛,c
dev_1040.jpg,dev/dev_1040.jpg,이 상자에 적힌 연령 제한은 무엇인가요?,10세 이상,12세 이상,18세 이상,15세 이상,d
dev_1041.jpg,dev/dev_1041.jpg,이 가게에서 판매하는 퐁듀 종류가 아닌 것은 무엇인가요?,초콜릿 퐁듀,고기 퐁듀,감자 퐁듀,치즈 퐁듀,c
dev_1043.jpg,dev/dev_1043.jpg,이 가게의 간판에 적힌 상호명은 무엇인가요?,신발촌,신복원,신발원,신발관,c
dev_1044.jpg,dev/dev_1044.jpg,사진 속 쓰레기통에 적힌 '일반쓰레기'와 '재활용품'은 각각 무엇을 의미하나요?,"일반쓰레기는 종이류, 재활용품은 플라스틱을 의미한다.","일반쓰레기는 일반 폐기물, 재활용품은 재활용 가능한 자원을 의미한다.","일반쓰레기는 음식물 쓰레기, 재활용품은 병과 캔을 의미한다.","일반쓰레기는 재활용 가능한 자원, 재활용품은 소각용 쓰레기를 의미한다.",b
dev_1045.jpg,dev/dev_1045.jpg,사진 속 건물 외벽에 적힌 전화번호 중 '세정 피부관리실'의 전화번호는 무엇인가요?,207-9836,02-1234-5678,205-1253,031-9876-5432,c
dev_1049.jpg,dev/dev_1049.jpg,이 벽화에 적힌 상호명 중 하나는 무엇인가요?,Tarik Ali Rasha,Majid Sultan Abdul Samad,PUSTA HAJI MUHAMMAD SAID,Kampong Gelam,c
dev_1050.jpg,dev/dev_1050.jpg,이 비상 대피 안내문은 어느 층의 대피 계획을 보여주고 있나요?,옥상층,2층,1층,3층,b
dev_1051.jpg,dev/dev_1051.jpg,이 가게의 상호명은 무엇인가요?,The Tip,The Fit,The Tis,The Fix,c
dev_1052.jpg,dev/dev_1052.jpg,"사진 속에서 '풀무원' 브랜드의 막국수 제품 중 가격이 6,390원인 것은 무엇인가요?",가쓰오 메밀소바,평양 물냉면,함흥 비빔냉면,들기름 막국수,d
dev_1053.jpg,dev/dev_1053.jpg,이 모니터의 자산명은 무엇인가요?,컴퓨터,스피커,모니터,프린터,c
dev_1054.jpg,dev/dev_1054.jpg,"이 식당 조이스 피자의 간판에 따르면, 조이스 피자가 유명해진 이유는 무엇인가요?",뉴욕 최고의 스테이크를 제공해서,스파이더맨 영화에 출연했기 때문에,세계에서 가장 큰 피자를 만들어서,이탈리아에서 직접 공수한 재료를 사용해서,b
dev_1055.jpg,dev/dev_1055.jpg,이 과자 상자에 적힌 '2탄 내 이름을 찾아라!' 캠페인의 응모 기간은 언제까지인가요?,2026년 6월 7일,2025년 12월 31일,2027년 5월 21일,2024년 1월 1일,a
dev_1056.jpg,dev/dev_1056.jpg,이미지에 있는 자판기 옆에 쌓여 있는 상자 위에 적힌 브랜드 이름은 무엇인가요?,Asahi,Ito En,Suntory,Kirin,b
dev_1057.jpg,dev/dev_1057.jpg,"이미지 속 건물 입구에 적힌 안내문에 따르면, 이곳은 어디인가요?",기도 안내소,백중기도 접수처,추석 합동차례 안내소,보문사 중무소,d
dev_1059.jpg,dev/dev_1059.jpg,수복식당 메뉴에서 1인분 주문 시 최소 인원은 몇 명인가요?,1명,3명,4명,2명,d
dev_1060.jpg,dev/dev_1060.jpg,"이 사진 속 벽에 적힌 글씨와 컵에 그려진 그림을 보면, 이 가게의 이름은 무엇인가요?",옥수수집,Huang Nam,황남 옥수,황남 옥수수,d
dev_1061.jpg,dev/dev_1061.jpg,이미지에서 설명하는 2026년 트렌드 인테리어의 주요 특징은 무엇인가요?,기존의 정해진 틀 대신 나만의 레이아웃으로 공간을 꾸미는 것,공간을 최대한 분리하여 독립적으로 만드는 것,고정된 가구 배치를 유지하는 것,전통적인 도면 설계 방식을 따르는 것,a
dev_1062.jpg,dev/dev_1062.jpg,다음 중 '중앙선거관리위원회'에서 국민에게 요청하는 내용은 무엇인가요?,국민총의 묻는 투표를 하자,전시장 색장 정미소에서 예술품 판매,1975년 2월 박정희 대통령 재임 중 유신헌법에 대한 찬반 투표,대통령의 중요 정책 찬반 묻는 국민투표,d
dev_1063.jpg,dev/dev_1063.jpg,2026년 월평1동 주민총회는 언제 개최되나요?,2026년 8월 6일~9월 9일,2026년 9월 10일 17:00~19:30,2026년 9월 1일~9월 30일,2026년 10월 1일 10:00~12:00,b
dev_1064.jpg,dev/dev_1064.jpg,'서울꽃삽' 간판에 적힌 내용 중 올바른 것은 무엇인가요?,서울본점 별관 2F,발산본점 별관 2F,발산본점 별관 3F,서울본점 별관 3F,b
dev_1068.jpg,dev/dev_1068.jpg,이미지 속 '여기어때' 배너에 안내된 숙소 이용 혜택이 아닌 것은 무엇인가요?,넷플릭스 시청 가능,초특가 야놀자,전 객실 무료 시청,무료 조식 제공,d
dev_1070.jpg,dev/dev_1070.jpg,이 사진에 보이는 '대단한 포차' 간판에 적힌 전화번호는 무엇인가요?,02-275-3402,031-123-4567,031-999-8888,031-274-8987,d
dev_1071.jpg,dev/dev_1071.jpg,"이미지에 적힌 안내문에 따르면, 대기 등록은 어디에 위치한 기종을 사용해야 하나요?",왼쪽 기종,오른쪽 기종,중앙 기종,위쪽 기종,a
dev_1074.jpg,dev/dev_1074.jpg,이 건물 안내판에서 '클래시스 부속의원'은 영어로 어떻게 표기되어 있나요?,Affiliated Center,Technology Innovation Center,Affiliated Clinic,Customer Innovation Center,c
dev_1075.jpg,dev/dev_1075.jpg,해조류(Marine Algae)에 대한 설명 중 옳은 것은 무엇인가요?,대형 해조류는 실내에서 배양하여 이용한다.,해조류는 탄수화물을 주 대상성분으로 가진다.,해조류는 육상에서만 서식한다.,미세조류는 갈조류를 제외한 모든 분류군에 속한다.,d
dev_1076.jpg,dev/dev_1076.jpg,이 마라톤 대회의 이름은 무엇인가요?,제 33회 3·15 마라톤,제 32회 4·15 마라톤,제 31회 3·15 마라톤,제 32회 3·15 마라톤,d
dev_1077.jpg,dev/dev_1077.jpg,"이 가게 'B?NH M? 362'의 점심 세트 메뉴 중 10,000원에 제공되는 것은 무엇인가요?",쌀국수 + 콜라,B?nh m? + 콜라,쌀국수 + 아메리카노,B?nh m? + 아메리카노,d
dev_1079.jpg,dev/dev_1079.jpg,이 약국의 이름은 무엇인가요?,역삼 문구,센스데이,수온누리 약국,한빛 제본,c
dev_1080.jpg,dev/dev_1080.jpg,이 카드에 적힌 영어 문구 중 'Self-Validation'의 뜻으로 가장 알맞은 것은 무엇인가요?,자신의 실수를 인정하기,자신의 경험을 긍정하고 받아들이기,타인의 의견에 동의하기,자신의 감정을 숨기기,b
dev_1081.jpg,dev/dev_1081.jpg,이 사진 속 건물에 적힌 간판 중 '공인중개사'라는 글자가 적힌 간판의 전화번호는 무엇인가요?,02-455-7320,02-455-1382,02-455-1383,452-6609,d
dev_1084.jpg,dev/dev_1084.jpg,이미지에 나온 '청우전기조명'에서 LED조명 세트 가격은 얼마인가요?,40만원,"30,000원","150,000원","22,000원",c
dev_1085.jpg,dev/dev_1085.jpg,다음 중 'Sound Level' 설명에 포함된 단어가 아닌 것은 무엇인가요?,"Power level (Lp, dB)",Voltage level re 1 V,Frequency modulation,Acoustic,c
dev_1086.jpg,dev/dev_1086.jpg,이 과자 봉지에 적힌 맛은 무엇인가요?,버터 간장맛,카라멜 맛,치즈 맛,매운 맛,a
dev_1089.jpg,dev/dev_1089.jpg,에드워드 리 셰프 컬렉션 햄버거 중에서 이미지에 체크 표시가 되어 있는 메뉴는 무엇인가요?,불고기버거,치즈버거,싸이버거,베이컨버거,c
dev_1092.jpg,dev/dev_1092.jpg,책장의 책들 중에서 '성경'이라는 글자가 적힌 책은 어떤 색깔의 책인가요?,분홍색과 흰색,검은색과 갈색,노란색과 파란색,초록색과 보라색,b
dev_1094.jpg,dev/dev_1094.jpg,GS칼텍스 주유소 광고에서 언급된 주유할인 혜택은 무엇인가요?,주유 시 20% 적립,현대카드 결제 시 추가 할인,긴 줄 기다리지 않아도 간편하게 최저가 적용,최소 5km 내 주유소 최대 10% 할인,c
dev_1096.jpg,dev/dev_1096.jpg,사진 속 커피 컵에 적힌 브랜드 이름은 무엇인가요?,MEGA MGC STATION,MEGA COFFEE,MEGA MGC COFFEE,MEGA COFFEE STATION,c
dev_1098.jpg,dev/dev_1098.jpg,다음 중 이미지 속 책 제목이 아닌 것은 무엇인가요?,ACTS OF RELIGION,MORNING & EVENING,THE CORNEL WEST READER,LEADING SILENTLY,d
dev_1099.jpg,dev/dev_1099.jpg,이 사진에 보이는 흰색 글씨의 안내문에는 무엇이라고 적혀 있나요?,서귀포시도시바람길숲,제주시도시바람길숲,서귀포시도시숲길바람,서귀포도시바람길숲,a
dev_1100.jpg,dev/dev_1100.jpg,사진 속 도로에 흰색 글씨로 적힌 내용은 무엇인가요?,자전거 전용도로,횡단보도,주차 금지,속도 줄이시오,d
dev_1102.jpg,dev/dev_1102.jpg,이 피규어가 전시된 곳에서 판매 가격은 얼마인가요?,"32,000원","100,000원","64,000원","45,000원",c
dev_1103.jpg,dev/dev_1103.jpg,이 이미지에 보이는 파란색 안내판에 적힌 문구 중 올바른 것은 무엇인가요?,SAMSUNG SOFTWARE ACADEMY FOR YOUTH,SAMSUNG SW AI ACADEMY FOR YOUTH,SAMSUNG SW AI ACADEMY FOR YOU,SAMSUNG SW AI ACADEMY YOUTH,b
dev_1106.jpg,dev/dev_1106.jpg,오늘의 커피 블렌드 원두 가격은 얼마인가요?,"5,200원","3,800원","4,500원","4,000원",d
dev_1108.jpg,dev/dev_1108.jpg,우유팩에 적힌 유통기한은 언제까지인가요?,2026.07.15까지,2026.10.01까지,2026.08.31까지,2026.09.19까지,c
dev_1109.jpg,dev/dev_1109.jpg,이 식당에서 '물회' 1인분 포장 가격은 얼마인가요?,"19,000원","25,000원","23,000원","30,000원",a
dev_1111.jpg,dev/dev_1111.jpg,사진에 보이는 식당 간판 중 '핵밥'에서 제공하는 메뉴가 아닌 것은 무엇인가요?,덮밥,피자,라멘,소바,b
dev_1113.jpg,dev/dev_1113.jpg,이 쌀 포장지에 따르면 '수향미'가 자라는 토양은 어떤 특징을 가지고 있나요?,서해 바닷바람 가득한 토양,일반 논 토양,화산재 토양,히말라야 산맥 부근의 토양,a
dev_1114.jpg,dev/dev_1114.jpg,"스타벅스 매장 입구에 붙어 있는 포스터에 따르면, 'Everything starts after my morning coffee' 문구와 함께 소개된 커피 종류는 무엇인가요?",Vanilla Ethiopian Cold Brew,Espresso,Vanilla Ethiopian Cold Brew와 Cold Brew,Caramel Macchiato,c
dev_1115.jpg,dev/dev_1115.jpg,이 이미지 속 간판에 적힌 음식 종류는 무엇인가요?,?司 (초밥),炸? (치킨),火? (훠궈),拉面 (라면),c
dev_1116.jpg,dev/dev_1116.jpg,이 메뉴에 나오는 일본 술의 가격은 얼마인가요?,950엔,1050엔,850엔,1150엔,a
dev_1117.jpg,dev/dev_1117.jpg,이 가게 입구에 걸려 있는 초록색 천에 적힌 단어는 무엇인가요?,NO SMOKING,"ARCH Co., Ltd.",TAKEZAKI,PLEASE KEEP QUIET,c
dev_1118.jpg,dev/dev_1118.jpg,사진 속 아이스크림 중 포도 맛 젤리 소다 바의 영어 이름은 무엇인가요?,FIVE GRAINS,GRAPE JELLY SODA BAR,ORANGE BUBBLE GUM,BUBBLE GUM GRAPE,b
dev_1119.jpg,dev/dev_1119.jpg,이 건물에서 3층에 위치한 곳은 무엇인가요?,DEVIL DICE,놀노타운,TIME COMPANY,송스테이크,d
dev_1122.jpg,dev/dev_1122.jpg,GS25 편의점 간판에 적힌 숫자는 무엇인가요?,25,50,100,10,a
dev_1125.jpg,dev/dev_1125.jpg,이 제품 세트에 포함된 휴대용 로션의 용량은 얼마인가요?,29ml x2,50ml x1,100ml x2,591ml x2,a
dev_1127.jpg,dev/dev_1127.jpg,이 매장의 45번 코너에서 판매하는 상품은 무엇과 관련이 있나요?,스파이더맨,디즈니,마블,손소독제,b
dev_1130.jpg,dev/dev_1130.jpg,휠체어 사용자가 이용 가능한 출입구는 어디에 있나요?,건물 뒷편에 있습니다.,건물 오른쪽에 있습니다.,건물 왼쪽에 있습니다.,건물 앞편에 있습니다.,a
dev_1131.jpg,dev/dev_1131.jpg,이 건물에 상가임대 문의를 할 때 사용할 수 없는 전화번호는 무엇인가요?,010-9466-2999,010-3888-0113,010-5530-4920,010-1234-5678,d
dev_1133.jpg,dev/dev_1133.jpg,다음 중 '애월생선당'에서 소개하는 생선의 설명으로 올바른 것은 무엇인가요?,방어: 몸길이가 작고 등지느러미가 길다.,옥돔: 제주도에서 잡히는 생선으로 붉은 색을 띠며 제주 특산품이다.,돔배: 주로 남해안에서 잡히며 등 쪽이 푸른색이다.,갈치: 제주도 근해에서 많이 잡히며 은빛 비늘이 특징이다.,d
dev_1134.jpg,dev/dev_1134.jpg,이 거리 표지판에 적힌 '테헤란로' 28길의 영어 표기는 무엇인가요?,Teheran 28-gil,Teheran-ro 28th street,Teheran Road 28,Teheran-ro 28-gil,d
dev_1135.jpg,dev/dev_1135.jpg,오늘 공연하는 뮤지컬 '팬텀'의 크리스틴 다에 역 배우는 누구인가요?,송은혜,박효신,황민수,문태유,a
dev_1136.jpg,dev/dev_1136.jpg,사진 속 건물에 적힌 '검도'와 관련된 전화번호는 무엇인가요?,377-0506,010-1234-5678,123-4567,373-6564,a
dev_1137.jpg,dev/dev_1137.jpg,CCTV 설치 안내문에 따르면 CCTV가 설치된 목적은 무엇인가요?,쓰레기 무단 투기 방지,공원 내 범죄 예방,도시가스 정압시설 주변지역 안전 사고 예방,불법 주차 차량 단속,c
dev_1138.jpg,dev/dev_1138.jpg,다음 중 '미국은 이란 공격 중단하라'라는 제목이 적힌 게시물에서 요구하는 내용은 무엇인가요?,인증하면 Green Green 이벤트에 참여하라,고려대학교 ITS 31기 학회원 모집 안내,미국의 이란 공격을 중단하라,이재명 정부는 군함 파견 요청을 수락하라,c
dev_1139.jpg,dev/dev_1139.jpg,"메뉴판에 따르면, 베이컨 치즈버거의 가격은 얼마인가요?",11.4,17.4,15.9,13.4,b
dev_1141.jpg,dev/dev_1141.jpg,이 이미지에서 보이는 메뉴 중 '램 스테이크 + 샐러드 바 성인 1인'의 디너/주말 가격은 얼마인가요?,"100,000원","139,040원","173,800원","123,040원",b
dev_1144.jpg,dev/dev_1144.jpg,"이 표지판에 적힌 """"우회전 약속"""" 내용 중 옳은 것은 무엇인가요?",보행자 있으면 빨간불이거나 일단 멈춤,보행자 없으면 빨간불이거나 일단 멈춤,보행자 없으면 파란불이거나 일단 멈춤,보행자 있으면 파란불이거나 일단 멈춤,a
dev_1146.jpg,dev/dev_1146.jpg,이 가게 '현대아트'에서 판매하지 않는 품목은 무엇인가요?,냉동 식품,업소용 안주,의류 전문점,각종 건어물,c
dev_1148.jpg,dev/dev_1148.jpg,도원빌딩 5층에 입주해 있는 업체는 무엇인가요?,연세라인업 피부과 성형외과 비만클리닉,행복한약국,법무법인 이신,한국정보산업연합회,a
dev_1150.jpg,dev/dev_1150.jpg,이 이미지에 보이는 기계식 키보드 스위치 제품명은 무엇인가요?,RED V1,GREEN V4,LIME V3,BLUE V2,c
dev_1153.jpg,dev/dev_1153.jpg,이 승차권 발매기에서 현금만 사용할 수 있는 기계는 몇 번인가요?,없음,2번,1번,둘 다,d
dev_1157.jpg,dev/dev_1157.jpg,이 지도에 표시된 역 주변 지역 중 '신암4동'은 어디에 위치해 있나요?,역 동쪽,역 남쪽,역 서쪽,역 북쪽,d
dev_1158.jpg,dev/dev_1158.jpg,이미지 속 초콜릿 바에서 'MR BEAST FEASTABLES' 제품의 맛 종류가 아닌 것은 무엇인가요?,MILK CRUNCH,MILK CHOCOLATE,PEANUT BUTTER,DARK CHOCOLATE,d
dev_1160.jpg,dev/dev_1160.jpg,삼성화재 건물 안내판에 따르면 '콘도동'에 없는 시설은 무엇인가요?,체련실,노래방,수영장,분임토의장,d
dev_1161.jpg,dev/dev_1161.jpg,이 그림에서 'Kitty White'의 가족 관계로 올바른 것은 무엇인가요?,George White는 Kitty White의 삼촌입니다.,Margaret White는 Kitty White의 언니입니다.,Anthony White는 Kitty White의 아버지입니다.,Mary White는 Kitty White의 엄마입니다.,d
dev_1163.jpg,dev/dev_1163.jpg,이 가게에서 상시 영업 중인 메뉴에 해당하지 않는 것은 무엇인가요?,치킨,피자,닭발,핫바,b
dev_1164.jpg,dev/dev_1164.jpg,이 건물에 있는 카페의 이름은 무엇인가요?,TAN 서면 10호점,메이드 리본,일상의 틈 by U+,메이드 문 MAID CAFE,d
dev_1166.jpg,dev/dev_1166.jpg,'빅파이' 과자 중 가격이 더 높은 제품은 무엇인가요?,롯데 자일리톨,제주레몬허니,국내산 영동포도,New 롱오,b
dev_1167.jpg,dev/dev_1167.jpg,이 사진에 나온 영화 '변호인'의 개봉일은 언제인가요?,2013년 12월 18일,2018년 12월 18일,2013년 11월 18일,2018년 11월 18일,a
dev_1168.jpg,dev/dev_1168.jpg,"사진 속 열차 시간표 안내에 따르면, KTX 004 열차는 동대구에서 몇 시에 출발하나요?",05:57,06:06,06:43,06:17,b
dev_1169.jpg,dev/dev_1169.jpg,옆 가게 '삼화 페인트'의 전화번호(일반전화)는 무엇인가요?,010-2360-4828,552-9119,055-548-3827,055-551-6974,d
dev_1170.jpg,dev/dev_1170.jpg,이 키보드에서 Esc 키는 어느 위치에 있나요?,키보드 오른쪽 하단 모서리,키보드 왼쪽 상단 모서리,키보드 오른쪽 상단,키보드 중앙,a
dev_1171.jpg,dev/dev_1171.jpg,왼쪽 페이지에 적힌 '패턴과 새들이 스며든 철창'에 관한 설명 중 올바른 내용은 무엇인가요?,철창은 한국의 모더니즘 정원을 표현한다.,철창은 현대 건축의 금속 재료를 설명한다.,철창은 자연 경관과 인공 구조물이 분리된 공간을 만든다.,철창에 잎과 새들이 어우러져 시각적 효과를 만든다.,d
dev_1173.jpg,dev/dev_1173.jpg,사진 속 신문에 적힌 제목은 무엇인가요?,Global Post,Cafe News,City Times,Morning Daily,b
dev_1175.jpg,dev/dev_1175.jpg,이 식당의 영업 시작 시간은 언제인가요?,오후 5시 30분,오전 5시 30분,오후 4시 0분,오전 4시 0분,a
dev_1176.jpg,dev/dev_1176.jpg,이 사진에 보이는 닭요리 전문점의 이름은 무엇인가요?,삼계탕 찜닭,카페 해라피,송죽빌딩,닭올닭,d
dev_1179.jpg,dev/dev_1179.jpg,사진 속 두 빵의 이름 중 옳은 것은 무엇인가요?,"딸기잼 맘모스빵, 연세우유 아이스크림빵","딸기잼 맘모스빵, 양소우 아이스크림빵","딸기잼 맘모스빵, 양소우 크림빵","딸기잼 맘모스빵, 연세우유 크림빵",d
dev_1180.jpg,dev/dev_1180.jpg,사진 속 간판에 적힌 카라오케 이용 요금은 얼마부터인가요?,チャ?ジ ?500～,ワンドリンク ?1000～,チャ?ジ ?1000～,ワンドリンク ?500～,a
dev_1181.jpg,dev/dev_1181.jpg,이 종이에 적힌 내용 중 '투표 완료'와 관련된 문구는 무엇인가요?,투표하고 옴,투표는 언제 하나요?,제 21대 대통령 선거 투표완료,어디갔다옴?,c
dev_1182.jpg,dev/dev_1182.jpg,이 골목에 있는 식당 중에서 '김치찌개'를 메뉴로 판매하는 곳은 어디인가요?,풍년옥,카페 섬,광화문집 옆 카페,광화문집,d
dev_1185.jpg,dev/dev_1185.jpg,"사진 속 레고 세트 중 가격이 109,900원인 제품은 무엇인가요?",Winnie the Pooh,MCL39,FORD GT40 MK II,TECHNIC 4x4,c
dev_1188.jpg,dev/dev_1188.jpg,어시장 간판에 적힌 전화번호는 무엇인가요?,031-709-6112,031-709-6110,031-709-6114,031-709-6111,d
dev_1189.jpg,dev/dev_1189.jpg,이미지 속 불닭볶음면 제품 가격표에 적힌 가격은 얼마인가요?,$9.99,$6.99,$8.99,$7.99,c
dev_1190.jpg,dev/dev_1190.jpg,이미지 속 메뉴판에서 '코코의 모히또' 칵테일의 가격은 얼마인가요?,"14,000원","20,000원","16,000원","18,000원",d
dev_1191.jpg,dev/dev_1191.jpg,이 커피 가게 간판에 적힌 상호명은 무엇인가요?,COFFEE HOUSE,INTELLIGENTSIA,RETHINKING COFFEE,FRESH ROASTED,b
dev_1192.jpg,dev/dev_1192.jpg,사진 속 왼쪽 건물 간판에 적혀 있는 상호명은 무엇인가요?,구미삼성사,보일러 구미지사,삼성사 구미지사,귀뚜라미 보일러,c
dev_1194.jpg,dev/dev_1194.jpg,사진 속 건물에 있는 'かっぱ?司'는 몇 층에 위치해 있나요?,6층,4층,3층,5층,d
dev_1196.jpg,dev/dev_1196.jpg,"이 건물에 입주해 있는 에스테틱, 테라피, 헤어 스튜디오 상호명을 올바르게 고른 것은?","걸이고은 헬스, V-BEAUTY 마사지, Ohair 스튜디오","슬림바디 에스테틱, 브이 뷰티 케어, Ohair 헤어샵","고은 에스테틱, V-BEAUTY 스파, Ohair 미용실","걸이고은 에스테틱, V-BEAUTY 테라피, Ohair studio",d
dev_1197.jpg,dev/dev_1197.jpg,카페루스터의 평일(월~금) 영업 마감 시간은 언제인가요?,오후 7시,오후 3시 30분,오후 5시,오전 10시,c
dev_1202.jpg,dev/dev_1202.jpg,이 이미지 속 노란색 안내판에 적혀 있는 내용은 무엇인가요?,주차 금지 구역,행사장 입장 안내,음식물 반입 금지,안전 검사 실시 중,d
dev_1205.jpg,dev/dev_1205.jpg,이 자판기에서 '코카콜라' 캔 음료의 가격은 얼마인가요?,1200원,1000원,900원,1100원,a
dev_1206.jpg,dev/dev_1206.jpg,이 초콜릿 포장지에 적힌 브랜드 이름은 무엇인가요?,LINDT,CADBURY,HERSHEY'S,BEN & JERRY'S,d
dev_1207.jpg,dev/dev_1207.jpg,이 장소에서 흡연이 허용되는 곳이 아닌 곳은 어디인가요?,콘도동,흡연장,파이오니아홀,금연구역,d
dev_1208.jpg,dev/dev_1208.jpg,벽에 붙어있는 포스터 중 하나에 적힌 음식 종류는 무엇인가요?,초밥,햄버거,스파게티,피자,d
dev_1211.jpg,dev/dev_1211.jpg,이미지에 보이는 '미장센 컬링에센스 내추럴컬' 230ml 제품의 가격은 얼마인가요?,"7,900원","10,900원","30,000원","16,900원",a
dev_1212.jpg,dev/dev_1212.jpg,사진 속 카페에서 홍보하는 메뉴는 무엇인가요?,커피 디저트 맛집,수련 반점,파스타 전문점,제리 베이커리,c
dev_1213.jpg,dev/dev_1213.jpg,사진 속 두 건물 간판에 적힌 상호명이 아닌 것은 무엇인가요?,A TWOSOME PLACE,황금빌딩,수원서울금병,공장 직영 951-7001,d
dev_1214.jpg,dev/dev_1214.jpg,이 장소에서 2층에 무엇이 있다는 안내문에 적힌 내용은 무엇인가요?,흡연 구역입니다.,위층에 좌석이 마련되어 있습니다.,금연입니다.,화장실은 2층에 있습니다.,d
dev_1215.jpg,dev/dev_1215.jpg,이 전시물 안내판에 소개된 토기류 중에 '술잔이 달린 굽다리잔'은 어떤 시기의 것인가요?,신석기시대,고려시대,삼국시대,철기시대,c
dev_1216.jpg,dev/dev_1216.jpg,이 사진에서 보이는 큰 간판의 상호명은 무엇인가요?,연양물고기,부평깡통시장,만복수산,중구로33번길,b
dev_1217.jpg,dev/dev_1217.jpg,이 가게의 영업 시작 시간은 언제인가요?,오전 10시,오후 1시,오전 11시,오후 12시,c
dev_1218.jpg,dev/dev_1218.jpg,이 건물에 있는 노래방의 이름은 무엇인가요?,꽃소마루,Bar,윤당구클럽,골래골래 노래연습장,d
dev_1219.jpg,dev/dev_1219.jpg,이 지하철 객차 내부에서 볼 수 있는 안내문에 적힌 문구는 무엇인가요?,비상통화,고객센터,안전제일,직방통화,a
dev_1221.jpg,dev/dev_1221.jpg,사진 속에 보이는 'nutella & GO!' 제품의 용기에는 무엇이 들어있나요?,땅콩버터와 과자,초콜릿과 과자,땅콩버터와 빵스틱,초콜릿과 빵스틱,d
dev_1222.jpg,dev/dev_1222.jpg,이 도로 표지판에 적힌 문구 중 올바른 내용은 무엇인가요?,공원 앞,병원 앞,학교 앞,시장 앞,c
dev_1224.jpg,dev/dev_1224.jpg,"이 가게 """"뽕내김밥""""에서 배달 주문을 하려면 어떤 번호로 전화해야 하나요?",010-6597-1789,031-123-4567,542-0107,123-4567,c
dev_1225.jpg,dev/dev_1225.jpg,이 사진에서 볼 수 있는 상점 이름이 아닌 것은 무엇인가요?,CITYBREEZE,COSSE10,LOTTE DEPT STORE,STAND OIL,c
dev_1226.jpg,dev/dev_1226.jpg,이 식당 메뉴 중에서 '딤섬'과 함께 있는 메뉴는 무엇인가요?,라이스치킨텐더,새우볼,소고기쌀국수,사이공 볶음면,d
dev_1228.jpg,dev/dev_1228.jpg,SOOFEE Natura Birch Tree 제품 중 180ml 용량인 것은 무엇인가요?,Moisturizing Lotion,Moisturizing Essence,Moisturizing Toner,Moisturizing Cream,c
dev_1229.jpg,dev/dev_1229.jpg,다음 중 이미지 속에서 가장 저렴한 빵의 이름은 무엇인가요?,피넛 딸기,치즈 통살집,아보카도 새우,크로크 무슈,d
dev_1230.jpg,dev/dev_1230.jpg,이 건물에 입주해 있는 병원이나 클리닉이 아닌 것은 무엇인가요?,이민음치과,LR HEALTH & BEAUTY,알앤비성형외과,리앤웰성형외과의원,b
dev_1231.jpg,dev/dev_1231.jpg,이 건물 2층에 위치한 병원의 진료 과목은 무엇인가요?,성심소아청소년과와 이비인후과,성심소아청소년과,내과,이비인후과,d
dev_1232.jpg,dev/dev_1232.jpg,이미지 속 광고 문구 중에서 콜라를 마시는 사람들의 모습과 관련된 문구는 무엇인가요?,Always Coca-Cola!,Enjoy the great taste!,Drink with friends!,Be really refreshed!,d
dev_1233.jpg,dev/dev_1233.jpg,이미지 속 떡볶이 제품 중에서 '풀무원 순살 고추장 떡볶이'의 가격은 얼마인가요?,"3,990원","3,190원","5,990원","3,790원",a
dev_1235.jpg,dev/dev_1235.jpg,이 사진에 보이는 '안양쌀롱' 간판 아래에 적힌 내용 중 올바른 것은 무엇인가요?,Rice Cake Pasta Coffee Beer,Rice Bread Pasta Tea Juice,Rice Bread Pizza Coffee Beer,Rice Bread Pasta Coffee Beer,d
dev_1236.jpg,dev/dev_1236.jpg,이 건물에 입주해 있는 병원 중 3층에 위치한 병원은 무엇입니까?,리앤웰성형외과의원,알앤비성형외과,아밀음치과,신용타워,b
dev_1237.jpg,dev/dev_1237.jpg,사진 속 제품 '오디정精'의 가격은 얼마인가요?,"26,600원","50,000원","42,750원","35,000원",c
dev_1238.jpg,dev/dev_1238.jpg,이 사진에서 '방화문은 생명문'이라는 안내문에 적힌 내용 중 올바른 것은 무엇인가요?,방화문은 잠금장치를 해제해야 한다.,방화문은 비상시에 열어 두어야 한다.,방화문은 항상 닫아 두어야 한다.,방화문은 창문과 같이 사용한다.,c
dev_1239.jpg,dev/dev_1239.jpg,이 옷의 라벨에 적힌 세탁 방법으로 옳은 것은 무엇인가요?,건조기 사용하기,표백제 사용하기,찬물로 손세탁하기,드라이클리닝 하기,c
dev_1241.jpg,dev/dev_1241.jpg,이 공사장 출입 금지 표지판에 적힌 문구가 아닌 것은 무엇인가요?,직원 출입금지,굴착 절대 금지,관계자외 출입금지,외부인 출입금지,a
dev_1243.jpg,dev/dev_1243.jpg,다음 중 이미지에 보이는 책 제목이 아닌 것은 무엇인가요?,안드로이드 프로그래밍,모던 리액트 Deep Dive,모던 자바스크립트 Deep Dive,파이썬 데이터 과학 입문,d
dev_1248.jpg,dev/dev_1248.jpg,사진 속 건물에 적힌 'BAU'는 무엇의 약자인가요?,BRITISH ASSOCIATION UNIVERSITY,BAH?E?EH?R UNIVERSITY,BOSTON ART UNIVERSITY,BERLIN ACADEMY UNIVERSITY,b
dev_1249.jpg,dev/dev_1249.jpg,이 게임기 이름은 무엇인가요?,포켓몬스터 배틀 아레나,포켓몬 카드 게임,별의 커비 스타 어드벤처,별의 커비 그루메 레이스,d
dev_1252.jpg,dev/dev_1252.jpg,이 방에 있는 선풍기의 브랜드 이름은 무엇인가요?,신일,삼성,위니아,대우,a
dev_1253.jpg,dev/dev_1253.jpg,"이 전광판에 따르면, 현재 지하철이 도착한 역은 어디인가요?",방배역,낙성대,사당,당역,c
dev_1257.jpg,dev/dev_1257.jpg,CU 출입문은 어디에 있나요?,건물 뒤에 있습니다,건물 입구에 있습니다,건물 옆에 있습니다,건물 옥상에 있습니다,b
dev_1260.jpg,dev/dev_1260.jpg,사진 속 건물에 적힌 한글 간판 중 6층에 위치한 곳의 이름은 무엇인가요?,큰길,Deepaliko,수안,법무법인,c
dev_1261.jpg,dev/dev_1261.jpg,사진에 보이는 만화잡지 이름은 무엇인가요?,소년 챔프,주간 소년 점프,월간 코믹스,소년 매거진,b
dev_1262.jpg,dev/dev_1262.jpg,이 도로변 표지판에 표시된 '전방 30m'는 무엇을 알리고 있나요?,30m 구간 주차 금지 구역임을 알림,30m 거리 내 보행자 전용 도로임을 알림,앞쪽 30m 구간은 자전거 전용 도로임을 알림,과속 방지턱이 30m 앞에 있음을 알림,d
dev_1264.jpg,dev/dev_1264.jpg,이미지에서 'KEGLEVICH' 브랜드의 보드카 가격은 얼마인가요?,16.30,12.99,9.90,7.89,d
dev_1265.jpg,dev/dev_1265.jpg,사진 속 식당에서 강조하는 특징은 무엇인가요?,"설탕 0%, 무첨가",설탕과 지방 모두 무첨가,설탕 없이 더 맛있게,설탕과 소금 모두 없이,c
dev_1266.jpg,dev/dev_1266.jpg,무궁화 꽃의 종류 중에서 '중심부에 단심이 없고 순백색의 꽃'은 무엇인가요?,배달계,청단심계,단심계,아사달계,a
dev_1268.jpg,dev/dev_1268.jpg,이 건물에 있는 음식점의 이름은 무엇인가요?,까깐닭발,호래연습장,싸이뮤직,RICOTACO,d
dev_1269.jpg,dev/dev_1269.jpg,이 영화 포스터에 나온 주인공 배우의 이름은 무엇인가요?,Charles B. Rogers,Harry J. Brown,Albert Rogell,Ken Maynard,d
dev_1274.jpg,dev/dev_1274.jpg,이 이미지에 보이는 광고판 중 '케어플러스'는 어떤 제품을 주로 판매하는 브랜드인가요?,음료 브랜드,패치 브랜드,향수 브랜드,화장품 브랜드,b
dev_1275.jpg,dev/dev_1275.jpg,아쿠아 밴드 제품의 특징으로 옳지 않은 것은 무엇인가요?,방수 기능이 있음,설탕이 포함되어 있음,"물, 먼지, 세균 차단",패키지에 10매가 들어있음,b
dev_1276.jpg,dev/dev_1276.jpg,이 횡단보도 위의 육교 이름은 무엇인가요?,금오육교,신평육교,삼성육교,구미육교,c
dev_1277.jpg,dev/dev_1277.jpg,이 건물에 입주해 있는 병원이나 의원이 아닌 것은 무엇인가요?,CU 편의점,리앤웰성형외과 의원,이민웅치과,알바 비성형외과,a
dev_1278.jpg,dev/dev_1278.jpg,"이 이미지에서 AED(자동 심장 제세동기)에 관한 안내문에 따르면, AED를 처음 사용할 때 가장 먼저 해야 할 일은 무엇인가요?",AED를 개봉하고 전극 패드를 붙이세요.,의식을 확인하세요.,흉부 압박과 인공호흡을 하세요.,119에 신고하세요.,b
dev_1281.jpg,dev/dev_1281.jpg,이 사진에서 보이는 도로명 중 가장 긴 숫자 범위가 적혀 있는 도로명은 무엇인가요?,테헤란로 32길,테헤란로 34길 1->44,테헤란로 34길 2->44,테헤란로 30길,b
dev_1282.jpg,dev/dev_1282.jpg,사진 속 가게 이름은 무엇인가요?,Yeongjung-ro Bread House,Baking LAB by Salt Bread,OUR ONZ SALT BREAD HOUSE,SALT BREAD LAB,c
dev_1284.jpg,dev/dev_1284.jpg,"이 AED(자동 심장 제세동기)에 관한 안내문에 따르면, AED 사용 시 가장 먼저 해야 할 행동은 무엇인가요?",119에 신고하기,심장 마사지 시작하기,AED 전원 켜기,환자 옷 벗기,c
dev_1285.jpg,dev/dev_1285.jpg,BBQ 원산지 표시에서 쌀의 원산지는 어디인가요?,미국산,국내산,중국산,외국산,b
dev_1286.jpg,dev/dev_1286.jpg,이 건물에 있는 '킴리 동물병원' 간판에 적힌 전화번호는 무엇인가요?,6925-6475,010-1234-5678,02-345-6789,1234-5678,a
dev_1287.jpg,dev/dev_1287.jpg,이 가게의 상호명은 무엇인가요?,야마나카 유제품,야마나카 목장,중간,오타루 샵,b
dev_1288.jpg,dev/dev_1288.jpg,이 가게의 전문 메뉴는 무엇인가요?,중식 전문점,피자 전문점,돈까스 전문점,치킨 전문점,c
dev_1289.jpg,dev/dev_1289.jpg,샐러드 야채 순서에서 피망 다음에 오는 야채는 무엇인가요?,양파,피망,오이,할라피뇨,a
dev_1290.jpg,dev/dev_1290.jpg,가운데 대형 전광판에 달려오는 사람 그림 옆에 적혀 있는 브랜드 이름은 무엇인가요?,ピップ,Glico,雪印メグミルク,Lotteria,b
dev_1291.jpg,dev/dev_1291.jpg,이 음료의 이름은 무엇인가요?,아메리카노 HOT,바닐라 라떼 HOT,썸머 크리미라떼 ICE,카라멜 마끼아또 ICE,c
dev_1293.jpg,dev/dev_1293.jpg,왼쪽 아래 빨간색 포장지에 적힌 과자의 이름은 무엇인가요?,참크 쌀과자,참크 쌀빵,참크 쌀설탕,참크 쌀밥,a
dev_1294.jpg,dev/dev_1294.jpg,이 건물 간판에 적힌 상호명은 무엇인가요?,부산건재·철물,부성건축·철물,부성건재·철물,대성건재·철물,c
dev_1295.jpg,dev/dev_1295.jpg,이 이미지에서 '하나로 약국' 간판 아래에 적힌 문구는 무엇인가요?,응급 처치 가능,무료 건강 상담,일반의약품 판매,병·의원 처방약,d
dev_1297.jpg,dev/dev_1297.jpg,이 제품 '메가도스 C'에 적힌 비타민C 함량은 얼마인가요?,비타민C 1000 mg,비타민C 4000 mg,비타민C 2000 mg,비타민C 3000 mg,d
dev_1301.jpg,dev/dev_1301.jpg,이 사진 속 상호명 중 올바르게 적힌 것은 무엇인가요?,오봉집,반나무미락,삼겹살집,해물찜뽕,a
dev_1305.jpg,dev/dev_1305.jpg,닥터퀸스의원에서 6월 3일부터 시작하는 진료와 관련된 이벤트 내용 중 옳지 않은 것은 무엇인가요?,20만원 상당의 피부 재생 앰플 관리 무료 시술,6월 3일부터 진료 시작,회원가입 시 특별 할인 쿠폰 발급,모든 시술을 30만원 상당의 무료 업그레이드 시술 제공,c
dev_1306.jpg,dev/dev_1306.jpg,이 건물의 3층에 위치한 가게는 무엇인가요?,ひょうたん?司,PLAZA,無印良品,Family,a
dev_1308.jpg,dev/dev_1308.jpg,이 건물에 새로 출시된 제품 브랜드 이름은 무엇인가요?,현대,RONi,LG전자,삼성,b
dev_1309.jpg,dev/dev_1309.jpg,사진 속 건물 간판에 적힌 브랜드 이름이 아닌 것은 무엇인가요?,Adidas,Discovery,HAZZYS,LACOSTE,a
dev_1310.jpg,dev/dev_1310.jpg,이 버거의 이름은 무엇인가요?,토마토 베이컨 더블,베이컨 토마토 더블,과카몰레 베이컨 더블,베토디 과카몰레 더블,d
dev_1312.jpg,dev/dev_1312.jpg,이미지 속 조명판에 적혀 있는 문구는 무엇인가요?,SPECIALLY CURATED FOR YOU,SPECIAL DELIVERY FOR YOU,SPECIALLY CREATED FOR YOU,SPECIAL GIFT FOR YOU,a
dev_1313.jpg,dev/dev_1313.jpg,이 건물 벽에 붙어 있는 행사 포스터에 적힌 행사의 이름은 무엇인가요?,콘코크 대학교 축제,서울 디자인 전시회,패션쇼 2024,프로토타입 2024,d
dev_1315.jpg,dev/dev_1315.jpg,사진 속 흡연장 이용 안내문에서 강조하는 내용은 무엇인가요?,흡연장 내에서 쓰레기를 버리지 말 것,비흡연자를 배려하여 금연할 것,흡연장 이용 시 마스크 착용 필수,담배꽁초는 지정된 곳에 버릴 것,d
dev_1318.jpg,dev/dev_1318.jpg,이 비상 대피 안내문에서 7층의 대피 안내문에 대한 설명 중 옳은 것은 무엇인가요?,스프링클러 사용 방법이 안내되어 있다.,비상 대피 안내문은 6층에 위치해 있다.,화재 시 대피 안내문은 7층에 있다.,소화기 사용법이 포함되어 있지 않다.,c
dev_1319.jpg,dev/dev_1319.jpg,primera 브랜드 제품 중 'BHA Bubble Peeling Cleanser'의 할인된 가격은 얼마인가요?,"17,000원","26,350원","24,650원","18,700원",d
dev_1320.jpg,dev/dev_1320.jpg,이 사진 속 교회의 이름은 무엇인가요?,성신교회,용성씨엔에어주식회사,부산성산교회,대한예수교장로회교회,a
dev_1321.jpg,dev/dev_1321.jpg,이 표지판은 무엇에 대한 경고를 하고 있나요?,홍수 위험,산불 위험,낙석 위험,눈사태 위험,c
dev_1324.jpg,dev/dev_1324.jpg,이 시장에서 판매하는 음료 중 가격이 35인 것은 무엇인가요?,純現磨,娘禮系列,生活力銀杏,杏仁茶,d
dev_1327.jpg,dev/dev_1327.jpg,음료를 잠시 보관하는 곳에 적힌 문구는 무엇인가요?,음료 반납대 음료는 이곳에 반납해 주세요,음료 받는 곳 음료를 여기서 받아가세요,음료 보관대 드시던 음료는 잠시 이곳에 보관해주세요,음료 보존함 남은 음료는 여기 두세요,c
dev_1328.jpg,dev/dev_1328.jpg,이 건물에서 볼 수 없는 업종은 무엇인가요?,내과,수학학원,치과,피부과,d
dev_1330.jpg,dev/dev_1330.jpg,이 마사지 가게에서 제공하지 않는 서비스는 무엇인가요?,"얼굴비대칭, 리프팅, 탄력","척추, 골반교정","근육통, 두통, 허리통",피부 미백 서비스,d
dev_1331.jpg,dev/dev_1331.jpg,이 이미지에 보이는 큰 건물의 간판에 적힌 이름은 무엇인가요?,RED LOBSTER,CITYWALK,UNIVERSAL STUDIOS,Coca-Cola,b
dev_1334.jpg,dev/dev_1334.jpg,이 도로 표지판에 따르면 '엑스포 과학공원'까지의 거리는 얼마입니까?,3km,8km,5.5km,4.4m,c
dev_1335.jpg,dev/dev_1335.jpg,도로주행 시험 채점표에서 출발 지시에 관한 조건 중 20초 내에 출발해야 하는 지시사항과 관련된 내용은 무엇인가요?,10초 내 미출발,30초 내 미출발,20초 내 미출발,즉시 출발,c
dev_1336.jpg,dev/dev_1336.jpg,사진 속 건물 2층에 위치한 가게에서 판매하는 음식은 무엇인가요?,피자,햄버거,와플,초밥,c
dev_1340.jpg,dev/dev_1340.jpg,이 사진 속 냉장고에서 '닭가슴살' 제품을 가장 저렴한 가격에 구매할 수 있는 행사는 무엇인가요?,할인 쿠폰 행사,1+1 행사,2+1 행사,무료 시식 행사,b
dev_1343.jpg,dev/dev_1343.jpg,이 안내문에서 '대형관람차'의 영어 표기는 무엇인가요?,Santa Maria Cruise,"Sightseeing Sailing Ship, Santa Maria",Tempozan Giant Ferris Wheel,Captain Line,c
dev_1344.jpg,dev/dev_1344.jpg,이 책 표지에 적힌 책 제목은 무엇입니까?,COLORLESS TSUKURU TAZAKI AND HIS JOURNEY,COLORFUL TSUKURU TAZAKI AND HIS YEARS OF PILGRIMAGE,COLORLESS TSUKURU TAZAKI AND HIS YEAR OF PILGRIMAGE,COLORLESS TSUKURU TAZAKI AND HIS YEARS OF PILGRIMAGE,d
dev_1345.jpg,dev/dev_1345.jpg,이 전시회의 입장료는 얼마인가요?,"청년 및 대학(원)생 9,000원","청소년 5,000원",무료,"일반 15,000원",a
dev_1346.jpg,dev/dev_1346.jpg,갤럭시 북5 Pro 360의 정상가는 얼마인가요?,"3,877,992원","107,722원","3,018,000원","2,838,000원",c
dev_1347.jpg,dev/dev_1347.jpg,"사진 속 병원 안내문에 따르면, 서울우리내과의원은 어느 역 몇 번 출구 근처에 위치해 있나요?",신길역 6번 출구,보라매역 6번 출구,보라매역 4번 출구,신길역 4번 출구,b
dev_1348.jpg,dev/dev_1348.jpg,Schultheiss 맥주의 0.5L 캔 한 개 가격은 얼마인가요?,0.89 유로,0.79 유로,0.95 유로,1.90 유로,b
dev_1350.jpg,dev/dev_1350.jpg,위 사진에서 6월 1일부터 6월 30일까지 500ml 용량의 티 제품 2개를 사면 얼마에 구매할 수 있나요?,"2,500원","2,200원","3,000원","1,800원",a
dev_1351.jpg,dev/dev_1351.jpg,이 건물 외벽에 적힌 상호명은 무엇인가요?,MUD'N,MUD'K,MUDD,MUDI,a
dev_1352.jpg,dev/dev_1352.jpg,성북구청신경정신건강복지센터에서 청년을 대상으로 제공하는 프로그램 중 포함되지 않은 것은 무엇인가요?,운동치료,인지행동기반 집단프로그램,개별상담,정신건강교육,a
dev_1354.jpg,dev/dev_1354.jpg,메뉴에서 '브리또'에 들어가지 않는 재료는 무엇인가요?,치킨,새우,비프,포크,b
dev_1357.jpg,dev/dev_1357.jpg,사진 속 선반에 보이는 보드게임 중 'HALLI GALLI'는 어느 칸에 놓여 있나요?,맨 위 칸,맨 아래 칸,두 번째 칸,세 번째 칸,c
dev_1359.jpg,dev/dev_1359.jpg,이미지에 있는 'Cass Fresh' 생맥주 잔의 용량은 얼마인가요?,1000cc,355cc,500cc,640cc,d
dev_1360.jpg,dev/dev_1360.jpg,이 건물 5층에 있는 업종은 무엇인가요?,노래방,마사지,무직타운,명인,c
dev_1361.jpg,dev/dev_1361.jpg,이 건물에 입주해 있는 '소이 번지&필라'는 몇 층에 위치해 있나요?,6층,7층,2층,4층,b
dev_1362.jpg,dev/dev_1362.jpg,이 가게의 간판에 적힌 주요 메뉴 중 포함되지 않은 것은 무엇인가요?,생맥주,소주,피자,치킨,c
dev_1363.jpg,dev/dev_1363.jpg,이 건물에 있는 '뮤엠영어' 학원의 전화번호는 무엇인가요?,T.955-8959,T.959-0572,T.987-6543,T.123-4567,b
dev_1364.jpg,dev/dev_1364.jpg,이 진열대에 가장 많이 보이는 과자 브랜드는 무엇인가요?,Lay's,오리온,꼬깔콘,오징어,a
dev_1365.jpg,dev/dev_1365.jpg,이 이미지 속 안내문에 적힌 내용 중 맞는 것은 무엇인가요?,와인용품 할인 행사 중,와인용품은 선물용으로 부적합,디자인과 기능을 동시에 잡자!,저렴한 와인용품 판매,c
dev_1369.jpg,dev/dev_1369.jpg,이 사진에 보이는 건물 중 가장 높은 곳에 적힌 글자는 무엇인가요?,선수장 토탈,현대,E'CRU,롯데렌터카 G CAR,c
dev_1370.jpg,dev/dev_1370.jpg,이 메뉴판에서 가장 저렴한 크리미라떼는 무엇인가요?,"후추크리미더블샷 \3,400","딸기크리미라떼 \4,500","크리미라떼 \3,900","크리미더블샷 \2,900",d
dev_1371.jpg,dev/dev_1371.jpg,이 표지판에 표시된 '배려 좌석'은 어떤 사람들을 위한 자리인가요?,일반 승객을 위한 좌석,학생 전용 좌석,휠체어를 타는 사람,"노약자, 임산부, 장애인, 아기 동반자",d
dev_1372.jpg,dev/dev_1372.jpg,이 이미지에 보이는 Apple Watch 시리즈는 어떤 시리즈인가요?,Series 3,Series 11,Series 5,Series 7,b
dev_1374.jpg,dev/dev_1374.jpg,사진에 보이는 현수막 내용 중 해사법원 유치가 확정된 지역은 어디인가요?,서울특별시 강남구,대구광역시 수성구,부산광역시 동구,인천광역시 남동구,c
dev_1376.jpg,dev/dev_1376.jpg,이 메모에서 말하는 내일에 대해 옳은 내용은 무엇인가요?,내일은 오늘과 똑같은 날이다.,내일은 항상 힘든 날이다.,내일은 걱정만 가득한 날이다.,내일은 진짜 신나는 날일 수도 있다.,d
dev_1377.jpg,dev/dev_1377.jpg,국제전자센터 건물 내 1층에는 어떤 시설이 있나요?,은행/종합전시장,"주차장 (1,300대 동시 주차가능)",사무기기/토론/조명/의료기/공구,디지털카메라/수입악기/오디오/DVD/악기,a
dev_1378.jpg,dev/dev_1378.jpg,이 건물에서 5층에 위치한 노래방의 이름은 무엇인가요?,친구야 노래방,로마 노래방,헤라 노래방,제우스 노래방,d
dev_1379.jpg,dev/dev_1379.jpg,이미지 속 키보드에서 'ENTER' 키는 어디에 위치해 있나요?,숫자 키패드 왼쪽 위,숫자 키패드 오른쪽 위,숫자 키패드 왼쪽 아래,숫자 키패드 오른쪽 아래,a
dev_1380.jpg,dev/dev_1380.jpg,이 이미지 속 면도기 제품 중 'SLEEK EDGE'는 몇 개입으로 판매되고 있나요?,7개입,5개입,11개입,8개입,c
dev_1381.jpg,dev/dev_1381.jpg,이 사진 속 카페의 간판에 적힌 영어 문구는 무엇인가요?,Dessert healing cafe,Coffee shop,Sweet bakery,Tea time cafe,a
dev_1382.jpg,dev/dev_1382.jpg,사진 속 가게 간판에 적힌 글자는 무엇인가요?,마토타,마토카,모토타,모토카,b
dev_1383.jpg,dev/dev_1383.jpg,이 책들 중에서 'Engineering Statics'라는 제목이 적힌 책의 표지 색깔은 무엇인가요?,흰색,노란색,보라색,파란색,b
dev_1385.jpg,dev/dev_1385.jpg,사진 속 건물에 있는 약국의 이름은 무엇인가요?,호이비 인후과,365 진료,서울 플러스 치과,메디칼 약국,d
dev_1386.jpg,dev/dev_1386.jpg,프랭크버거 메뉴판에서 '매앤치즈비프버거'의 가격은 얼마인가요?,"5,400원","9,900원","6,600원","8,900원",b
dev_1388.jpg,dev/dev_1388.jpg,이 건물 입구에 적힌 글자는 무엇인가요?,INSPIRATION ARENA,INSPIRE AREA,INSPIRE ARENA,INSPIRE ARENAE,c
dev_1391.jpg,dev/dev_1391.jpg,사진 속 안내문에 따르면 코로나19 예방을 위해 무엇을 자제하라고 적혀 있나요?,식사,수십사,대화,모임,c
dev_1392.jpg,dev/dev_1392.jpg,이 건물의 간판에 적힌 관광지 이름은 무엇인가요?,Ghibli Museum,TOKYO DISNEYLAND,UNIVERSAL STUDIOS JAPAN,THE MAKING OF Harry Potter,d
dev_1396.jpg,dev/dev_1396.jpg,이미지 속에서 핑크색 '별의 커비' 모양의 케이크 이름은 무엇인가요?,커비의 푸딩,핑크 쇼트케이크,스타 나이트 초콜릿 케이크,맛있는 별의 커비 케이크 PETIT,d
dev_1399.jpg,dev/dev_1399.jpg,이 가게 간판에 적힌 '좋은 음식이 약이 된다는 믿음'은 어떤 브랜드와 관련이 있나요?,소월당,K-디저트,Best-Buy,고향뜨락,a
dev_1400.jpg,dev/dev_1400.jpg,이 사진 속에 보이는 건물 중 'SHIBUYA'라는 단어가 적혀 있는 건물의 이름은 무엇인가요?,UC,Caf?レストラン ガスト,AEON,109 SHIBUYA,d
dev_1401.jpg,dev/dev_1401.jpg,이 가게에서 판매하는 주요 음식은 무엇인가요?,무뼈 닭발,매운 오징어,곱창,돼지 대창,c
dev_1403.jpg,dev/dev_1403.jpg,이 주차장의 층과 구역은 어떻게 표시되어 있나요?,B1층 C4구역,C4층 B1구역,B1층 D4구역,C4층 A1구역,a
dev_1407.jpg,dev/dev_1407.jpg,이 카페에서 오늘의 스페셜티 커피는 무엇이라고 적혀 있나요?,에티오피아,콜롬비아,과테말라,코스타리카,d
dev_1409.jpg,dev/dev_1409.jpg,"이미지에 나오는 시스템 구성도와 설명에 따르면, 'Timesheet' 시스템의 목적은 무엇인가요?",직원의 인사 기록을 관리한다,프로젝트 예산을 관리한다,등록된 직원의 근무 시간과 트랙션 정보를 자동으로 계산해 보여준다,급여 명세서를 자동으로 발행한다,c
dev_1411.jpg,dev/dev_1411.jpg,이 주차장에 세워진 표지판에 적힌 내용은 무엇인가요?,고객 전용 주차 구역,주차 금지 구역,바로 바로 PICK-UP (잠시 대기 구간),장기 주차 금지 구역,c
dev_1412.jpg,dev/dev_1412.jpg,'구현' 작업 단계에 해당하지 않는 것은 무엇인가요?,시스템 설계 및 기획,"시스템 설치, 전환",시스템 구축과 테스트,지원 계획,a
dev_1415.jpg,dev/dev_1415.jpg,"사진 속 수업 자료에 따르면, 주소 0x104에 저장된 데이터 바이트는 무엇인가요?",0x01,0x10,0x40,0x04,a
dev_1418.jpg,dev/dev_1418.jpg,이 술병 중에서 'Maker's Mark' 위스키는 몇 병 있나요?,1병,2병,3병,4병,b
dev_1419.jpg,dev/dev_1419.jpg,이 건물 1층에는 어떤 시설이 있나요?,구립 신길6동 청소년독서실,무더위 쉼터,어르신일자리 공동작업장,구립 신길6동 경로당,d
dev_1422.jpg,dev/dev_1422.jpg,이 간판에 적힌 상호명은 무엇인가요?,Gasthaus Zum L?wen,Restaurant K?nig,Gasthof Greifen,Hotel Adler,c
dev_1424.jpg,dev/dev_1424.jpg,이미지 속 보라색 배경에 적힌 문구는 무엇인가요?,I’m giving up on all my demons,Free them free them,Your tears are mine,Out of sight out of mind,c
dev_1425.jpg,dev/dev_1425.jpg,슈림회관의 set1 메뉴는 무엇과 함께 구성되어 있나요?,직화돼지숯불고기 + 속초코다리냉면,어린이냉면 + 어린이불고기,직화돼지숯불고기 + 비빔냉면,직화돼지숯불고기 + 냉면,d
dev_1428.jpg,dev/dev_1428.jpg,이 사진에 보이는 '운문산얼음막걸리' 간판은 어떤 종류의 음식이나 음료를 판매하는 가게를 의미하나요?,강호반 식당,미주구리회 전문점,제주도 야채 국밥집,막걸리 (전통 쌀술) 판매점,d
dev_1429.jpg,dev/dev_1429.jpg,이 건물 2층에 위치한 의원에서 치료하는 내용으로 맞는 것은 무엇인가요?,정신건강의학과 진료,"소아환자 다리, 평발 치료",위장 질환 치료,"성장판, 성장운동 치료",a
dev_1430.jpg,dev/dev_1430.jpg,삼성 라이온즈 선수 명단에서 3번 타자의 포지션은 무엇인가요?,우익수 (RF),1루수 (1B),좌익수 (LF),중견수 (CF),c
dev_1431.jpg,dev/dev_1431.jpg,강서구 스마트도서관에서 1인당 최대 몇 권의 책을 대출할 수 있나요?,1인 10권,1인 3권,1인 2권,1인 5권,c
dev_1432.jpg,dev/dev_1432.jpg,이 사진 속 건물에 적혀 있는 글자는 무엇인가요?,HOTEL UNIVERSAL RESORT,UNIVERSAL HOTEL,UNIVERSAL STUDIOS,HOTEL UNIVERSAL,d
dev_1433.jpg,dev/dev_1433.jpg,이 책의 제목은 무엇인가요?,불변의 원리,절대 변하지 않는 것,Same as Ever,변하지 않는 법칙,c
dev_1434.jpg,dev/dev_1434.jpg,이미지 속 '모드콜' 제품 중에서 목감기에 효과가 있다고 적힌 시럽은 어떤 색상 박스에 들어 있나요?,노란색 박스,갈색 박스,파란색 박스,분홍색 박스,d
dev_1435.jpg,dev/dev_1435.jpg,"'남다른김밥' 메뉴 중에서 가격이 5,300원인 김밥은 무엇인가요?",참치김밥,야채김밥,제육김밥,매운참치김밥,a
dev_1437.jpg,dev/dev_1437.jpg,"이 식당에서 1인분에 49,000원인 세트 메뉴에 포함되지 않은 고기는 무엇인가요?",안창살,설화살,갈비살,꽃등심,a
dev_1440.jpg,dev/dev_1440.jpg,이 커피 트럭 상단에 적힌 문구는 무엇인가요?,"시작을 응원해, 졸업을 축하해","청년이여, 청춘하라",커피 한 잔의 여유,행복한 하루 되세요,a
dev_1442.jpg,dev/dev_1442.jpg,사진 속 커피 전문점 간판에 적힌 문구 중 'Philz Coffee'가 자랑하는 메뉴가 아닌 것은 무엇인가요?,BEST SMOOTHIE,FRESHLY BAKED PASTRIES,BEST HANDMADE COFFEE & TEA,HANDMADE COFFEE & TEA,a
dev_1443.jpg,dev/dev_1443.jpg,이 냉동고 사용 후 반드시 해야 하는 것은 무엇인가요?,시건장치함을 잠근다,냉동 온도를 -18도로 맞춘다,음식을 바로 꺼낸다,관계자 외에도 사용할 수 있다,a
dev_1445.jpg,dev/dev_1445.jpg,사진 속 설명에 따르면 '다이아몬드 마들렌'은 어떤 특징을 가지고 있나요?,아몬드가 주는 풍미가 깊고 고급스럽다,다이아몬드 모양으로 만들어졌다,달콤한 초콜릿 맛이 특징이다,다이아몬드처럼 반짝이는 장식이 있다,a
dev_1446.jpg,dev/dev_1446.jpg,사진 속 간판에 적힌 문구는 무엇인가요?,GREEN TEA TIME,PINK ME UP,YELLOW SUNSHINE,BLUE SKY DOWN,b
dev_1449.jpg,dev/dev_1449.jpg,이 사진에서 보이는 인도와 도로 사이에 설치된 장비는 무엇인가요?,주차 미터기,신호등,가로등,소화전,d
dev_1452.jpg,dev/dev_1452.jpg,사진 속 과자 제품 중 'Binch' 브랜드에서 고구마 맛으로 나온 제품은 무엇인가요?,고구마 스틱,초코,고구마,고구마 꿀맛,c
dev_1453.jpg,dev/dev_1453.jpg,이 식당의 이름은 무엇인가요?,EKJ?,술집,한잔,백주,a
dev_1454.jpg,dev/dev_1454.jpg,팔상도(八相圖)에 대한 설명으로 옳지 않은 것은 무엇인가요?,쌍림열반상은 부처가 쌍림수 아래에서 죽음에 이르는 모습이다.,도솔래의상은 석가모니가 코끼리를 타고 사바세계로 내려오는 장면이다.,비람강생상은 석가모니가 룸비니공원에서 마야부인의 옆구리를 통해 출생하는 모습이다.,유성출가상은 설산에서 신선들과 수행하는 모습이다.,d
dev_1456.jpg,dev/dev_1456.jpg,이 도로 표지판에 적힌 도로 이름은 무엇인가요?,산업대로,산업지구로,운남지구,풍영로,d
dev_1457.jpg,dev/dev_1457.jpg,이 사진 속 초록색 병에 적혀 있는 술의 이름은 무엇인가요?,한라산,진로,참이슬 fresh,처음처럼,c
dev_1458.jpg,dev/dev_1458.jpg,이미지 속에서 햄(HAM)이라고 표시된 부분은 몇 개입니까?,3개,2개,1개,4개,b
dev_1459.jpg,dev/dev_1459.jpg,왼쪽 액자에 적힌 글자는 무엇인가요?,SHARE THE NEW CLASSIC,"Share, the New Classic",MADELEINE,AVANT Bakery,c
dev_1462.jpg,dev/dev_1462.jpg,이 벽에 붙어 있는 전단지에 적힌 전화번호 중 '8-920-058-61-11'은 어떤 도움을 제공하는 번호인가요?,이사 및 운송 서비스,지역 청소 서비스,무료 중독자 치료 지원,분실물 찾기 안내,c
dev_1463.jpg,dev/dev_1463.jpg,이 매대에서 판매하는 '대천김' 재래김 봉지에 적힌 내용 중 맞는 것은 무엇인가요?,재래김 7봉,재래김 5봉,재래김 20봉,재래김 3봉,d
dev_1464.jpg,dev/dev_1464.jpg,"가게 앞에 붙어 있는 안내문에 따르면, 이 가게는 언제 휴무인가요?",매주 화요일,매주 목요일,매주 월요일,매주 수요일,a
dev_1466.jpg,dev/dev_1466.jpg,사진 속 파란색 표지판에 적힌 글자는 무엇인가요?,주차장 출구,차량 통행 금지,주차장 입구,보행자 전용,a
dev_1468.jpg,dev/dev_1468.jpg,책상 위에 있는 노트의 표지에 적힌 문구는 무엇인가요?,SSAFYlog SSAFY 생활을 기록하는 책,Let's Grow Together!,SSFY 휴대용 선풍기,STANLEY 스탠리,a
dev_1472.jpg,dev/dev_1472.jpg,이 카페에서 입주사 사원증 및 명함을 제시하면 받을 수 있는 할인율은 얼마인가요?,15% 할인 적용,10% 할인 적용,20% 할인 적용,5% 할인 적용,b
dev_1474.jpg,dev/dev_1474.jpg,이 환기 유니트 제품의 정격 소비전력은 얼마인가요?,150 W,7 W,0.26 W,58 W,d
dev_1476.jpg,dev/dev_1476.jpg,이 바닥 표지판에 표시된 역 이름은 무엇인가요?,강남역,홍대입구,건대입구,잠실,c
dev_1478.jpg,dev/dev_1478.jpg,이미지 속 약 봉투에 적힌 1회 복용량은 어떻게 되어 있나요?,1일 2회 1정,1일 1회 2정,1일 3회 1정,1일 1회 1정,d
dev_1480.jpg,dev/dev_1480.jpg,자외선 소독고에서 세척·소독 완료된 청결한 식기류는 어떻게 보관해야 하나요?,색상별로 구분하여 보관한다,밀폐 용기에 넣어 보관한다,직접 겹쳐서 보관한다,냉장 보관한다,a
dev_1487.jpg,dev/dev_1487.jpg,이 사진에 보이는 파란색 도로 표지판에 적힌 도로명은 무엇인가요?,삼성로,논현로,강남대로,테헤란로 34길,d
dev_1488.jpg,dev/dev_1488.jpg,"이 책 표지에 쓰인 추천 문구에 따르면, 이 소설을 어떻게 표현하고 있나요?",역사를 담은 진지한 논픽션,과학적 사실을 다룬 교양서,삶을 성찰하게 하는 유머러스한 우화,감정을 자극하는 사랑 이야기,c
dev_1490.jpg,dev/dev_1490.jpg,이 맨홀 뚜껑에 적힌 문구 중 올바른 것은 무엇인가요?,소화전,화재경보기,수도용 밸브,도시가스 밸브,a
dev_1493.jpg,dev/dev_1493.jpg,SK하이닉스 P&T 직무 구성원 인터뷰에서 Q1 질문은 무엇인가요?,P&T 직무를 꿈꾸는 예비 지원자에게 조언을 해주신다면?,간단한 자기소개 부탁드립니다.,P&T 직무의 핵심 목표는 무엇인가요?,P&T 직무의 주요 역할은 무엇인가요?,b
dev_1494.jpg,dev/dev_1494.jpg,이 이미지에 보이는 시의 제목은 무엇인가요?,초록빛 희망,따뜻한 봄날,좋은 일,행복한 하루,c
dev_1495.jpg,dev/dev_1495.jpg,사진 속 책 중에서 '식물의 사유'라는 제목이 적힌 책의 표지 배경 색상은 무엇인가요?,흰색,분홍색,회색,파란색,b
dev_1498.jpg,dev/dev_1498.jpg,이 포스터에 적힌 영화 감독의 이름은 무엇인가요?,William Holden,B. Wilder,Erich von Stroheim,Gloria Swanson,b
dev_1500.jpg,dev/dev_1500.jpg,이미지에 보이는 '순남시래기' 간판에 적힌 내용 중 옳은 것은 무엇인가요?,중국 요리 전문점,포장 판매 가능,3대 시래기 국 & 막걸리,노래방 운영 중,c
dev_1501.jpg,dev/dev_1501.jpg,이마트 신촌점 B2 입구 안내판에 따르면 B2층에서 구매할 수 없는 품목은 무엇인가요?,주류,과자,냉동·냉장 식품,조미료,b
dev_1502.jpg,dev/dev_1502.jpg,다음 중 Kiiroitori의 특징으로 옳은 것은 무엇인가요?,요리를 싫어한다,두 가닥의 머리카락을 관리하지 않는다,동전을 발견하면 사용한다,청소하는 것을 특히 좋아한다,d
dev_1506.jpg,dev/dev_1506.jpg,이 냉장고 안에 있는 음료 중에서 가격이 600원인 것은 무엇인가요?,아몬드 브리즈 제로,매일 두유 저지방,올리브베러 워터,에롬 국산콩 두유,c
dev_1507.jpg,dev/dev_1507.jpg,사진 속 건물에 크게 적혀 있는 게임장 이름은 무엇인가요?,SUPER TAITO,AT HOME CAFE,GAME CENTER,TAITO STATION,d
dev_1508.jpg,dev/dev_1508.jpg,이 만화에서 노란색 캐릭터가 병원에 가보라고 하는 이유는 무엇인가요?,도넛이 맞는지 궁금해서,도넛이 아니라서,도넛이 타이머가 아니라서,도넛 때문에 이상해서,b
dev_1509.jpg,dev/dev_1509.jpg,8월 번들맥주 할인 행사에서 하이네켄 500ml 7캔 세트의 할인 가격은 얼마인가요?,"10,000원","15,000원","24,000원","13,500원",a
dev_1510.jpg,dev/dev_1510.jpg,이 이미지는 어느 도시 방향 출구를 안내하고 있나요?,피렌체,베네치아,밀라노,로마,a
dev_1511.jpg,dev/dev_1511.jpg,사진 속 건물에 적힌 상호명은 무엇인가요?,이태복 치과의원,한가람노인복지관,이태복 주간보호센터,한가람노인식당,c
dev_1513.jpg,dev/dev_1513.jpg,M48A5K 전차에 관한 설명 중 맞는 것은 무엇인가요?,M48A5K 전차는 2000년대에 처음 도입되었다.,M48A5K 전차는 105mm 주포를 장착하고 있다.,M48A5K 전차는 1970년에 개발되었다.,M48A5K 전차는 공군에서 주로 사용한다.,b
dev_1515.jpg,dev/dev_1515.jpg,'까사미아 에어웨이브차렵이불 Q'의 가격은 얼마인가요?,"59,800","89,800","79,800","69,800",d
dev_1516.jpg,dev/dev_1516.jpg,이 소화기의 사용법 중 두 번째 단계는 무엇인가요?,경보벨을 누른다,손잡이를 꽉 쥔다,핀을 뽑는다,노즐을 화재 쪽으로 향한다,d
dev_1522.jpg,dev/dev_1522.jpg,이 설치명카드에 적힌 24시간 연락 가능한 전화번호는 무엇인가요?,010-3121-3345,010-5114-3579,1544-7777,1566-8124,b
dev_1525.jpg,dev/dev_1525.jpg,메뉴판에 따르면 'SMOKED SALMON TARTARE TOAST'의 가격은 얼마인가요?,€2.90,€5.50,€12.50,€8,b
dev_1528.jpg,dev/dev_1528.jpg,이 KTX 좌석 뒷면 안내문에 휴대폰 무선충전기 사용 시 주의사항으로 올바른 것은 무엇인가요?,휴대폰을 충전기에 거꾸로 올리지 마십시오,휴대폰 화면이 충전기를 향하도록 넣으십시오,휴대폰을 충전기에서 빼지 마십시오,휴대폰 충전 중에는 전화 통화를 하십시오,b
dev_1529.jpg,dev/dev_1529.jpg,이 가게의 간판에 적힌 상호명은 무엇인가요?,GELATROFFLE,GELATOROFLE,GELATOFFLE,GELATOROFFLE,d
dev_1530.jpg,dev/dev_1530.jpg,이 건물에 입주해 있는 병원 중에서 비염 수술과 축농증 수술을 전문으로 한다고 적힌 병원 이름은 무엇인가요?,귀쿡목,열린연합이비인후과,LG U+,화이트치과,b
dev_1531.jpg,dev/dev_1531.jpg,이 창문에 붙어 있는 명찰 중에 'T. 오스틴'이라는 이름이 적힌 명찰의 팀은 어디인가요?,요미우리 자이언츠,요코하마 DeNA 베이스타스,도쿄 야쿠르트 스왈로스,한신 타이거스,b
dev_1532.jpg,dev/dev_1532.jpg,"이 거리에서 """"주차금지"""" 표지판이 놓인 위치는 어디인가요?",입구 문 앞,차량 앞과 뒤,건물 옆 벽면,길가 보도 위,a
dev_1533.jpg,dev/dev_1533.jpg,사진에 보이는 가게의 이름은 무엇인가요?,포춘,양기조양운탕,행복궁,럭키 마사지,a
dev_1535.jpg,dev/dev_1535.jpg,사진 속 공책에 적힌 'DAY 16 Daily Checkup'에서 'move'에 연결된 단어는 무엇인가요?,최종하다,선택하다,포함하다,이동하다,d
dev_1537.jpg,dev/dev_1537.jpg,이 사진 속 가게 간판에 적힌 음식 메뉴가 아닌 것은 무엇인가요?,왕돈까스,김치찌개,부대찌개,메밀막국수,b
dev_1538.jpg,dev/dev_1538.jpg,이 음식점에서 '삼겹살'의 1인분 가격은 얼마인가요?,"5,800원","50,000원","4,900원","35,800원",c
dev_1539.jpg,dev/dev_1539.jpg,사진 속 안내문에서 화장실에서 금연을 권하는 이유로 가장 알맞은 내용은 무엇인가요?,화장실은 담배를 피울 수 없는 장소입니다.,다른 사람을 배려하는 마음으로 절대금연해 주시기 바랍니다.,화장실에서 절대금연해야 합니다.,담배를 피우면 문화인이 아닙니다.,b
dev_1540.jpg,dev/dev_1540.jpg,사진 속 건물에 있는 간판 중 '원룸텔' 광고에 적힌 전화번호는 무엇인가요?,02-987-6543,02-123-4567,02-721-5586,02-558-5156,d
dev_1541.jpg,dev/dev_1541.jpg,이 간판에 적힌 문구 중에서 산타클로스와 관련된 것은 무엇인가요?,ARCH CIRCLE FINLAND,SANTA CLAUS OFFICE,OFFICE FINLAND,SANTA CIRCLE OFFICE,b
dev_1543.jpg,dev/dev_1543.jpg,다음 중 이미지에 보이는 케이크의 이름과 가격이 올바르게 짝지어진 것은 무엇인가요?,"곰곰생 - 7,800원","멜론생 - 7,500원","말차 초코 크런치 생 - 6,800원","망고생 - 6,800원",d
dev_1544.jpg,dev/dev_1544.jpg,위 사진 속 'PERIOE' 치약 튜브에 적힌 문구 중 올바른 것은 무엇인가요?,FRESH NEW ALPHA,OLD FRESH ALPHA,NEW STRONG ALPHA,NEW FRESH ALPHA,d
dev_1546.jpg,dev/dev_1546.jpg,다음 중 이미지에 보이는 책 제목이 아닌 것은 무엇인가요?,퀘도,버진 수어사이드,인간 실격,해리포터와 마법사의 돌,d
dev_1547.jpg,dev/dev_1547.jpg,이 행사는 언제까지 진행되나요?,6.01 ~ 6.05,5.21 ~ 5.24,5.15 ~ 5.20,4.28 ~ 5.07,b
dev_1548.jpg,dev/dev_1548.jpg,이 소화기 안내판에 적힌 소화기 사용 방법으로 옳은 것은 무엇인가요?,소화기를 흔든다,손잡이를 뺀다,안전핀을 뽑는다,화재 경보를 울린다,c
dev_1549.jpg,dev/dev_1549.jpg,이 건물 3층에는 어떤 과가 있나요?,함께하는 약국,속시원 내과,중고폰 매장,기찬통증의학과,d
dev_1550.jpg,dev/dev_1550.jpg,"이 안내문에 따르면, QR 코드를 스캔하면 무엇을 할 수 있나요?",음악을 다운로드할 수 있다,영화 예매가 가능하다,할인 쿠폰을 받을 수 있다,설문조사로 진행된다,d
dev_1552.jpg,dev/dev_1552.jpg,이 사진에 보이는 한식당의 이름은 무엇인가요?,시골집,해담은,부엉이식당,참숯가든,a
dev_1553.jpg,dev/dev_1553.jpg,사진에 보이는 간판 중 'KARAOKE'가 적혀 있는 장소는 몇 층에 있나요?,5층,10층,6층,2층,a
dev_1554.jpg,dev/dev_1554.jpg,이 건물의 이름은 무엇인가요?,영창빌딩,대한예수교장로회,혜어샵,참사랑교회,a
dev_1555.jpg,dev/dev_1555.jpg,사진 속 안경점 '안경장인'에서 제공하는 서비스가 아닌 것은 무엇인가요?,누진 다초점 렌즈 전품목 50% 할인,선글라스 최저가 할인,변색 추가 서비스 제공,아이폰 수리 전문,d
dev_1557.jpg,dev/dev_1557.jpg,이 가게의 이름은 무엇인가요?,성덕꼬마김밥,김밥나라,청덕한의원,피자,a
dev_1559.jpg,dev/dev_1559.jpg,사진에 보이는 아파트 단지의 이름은 무엇인가요?,무궁화 107,백채,무궁화,백채 100,c
dev_1560.jpg,dev/dev_1560.jpg,사진 속 제품 중 'PreserVision AREDS 2' 상자에 적혀 있는 건강 기능 성분은 무엇인가요?,Omega-3 1280 mg,Calcium 600 mg,Vitamin D 500 IU,CoQ10 100 mg,d
dev_1561.jpg,dev/dev_1561.jpg,2025학년도 전라북도 혁신지원사업 영어 말하기 경진대회에서 대상 수상자에게 주어지는 상금은 얼마입니까?,"100,000원","200,000원","50,000원","300,000원",d
dev_1562.jpg,dev/dev_1562.jpg,이 사진 속 출입문에 적힌 호실 번호는 무엇인가요?,B-16-01,B-01-16,B-11-6,B116,b
dev_1563.jpg,dev/dev_1563.jpg,이 수산물 시장에서 '국내산'으로 표시된 생선 중 하나가 아닌 것은 무엇인가요?,고등어,광어,밀치,우럭,a
dev_1564.jpg,dev/dev_1564.jpg,이 건물에 입주해 있는 병원 중 3층에 위치한 병원은 무엇인가요?,HEALTH & BEAUTY,리앤웰성형외과의원,알앤비성형외과,이민음치과,c
dev_1565.jpg,dev/dev_1565.jpg,사진 속 백양숯불갈비 가게에서 생갈비의 가격은 얼마인가요?,"2,800원","4,500원","3,300원","3,900원",d
dev_1566.jpg,dev/dev_1566.jpg,"CHROMAKOPIA GOLF 굿즈 중에서 가격이 65,000원인 티셔츠는 몇 종류인가요?",5종류,2종류,4종류,3종류,a
dev_1567.jpg,dev/dev_1567.jpg,"세 가지 잭 다니엘 위스키 병 중에서, 'Tennessee Apple' 위스키의 알코올 도수는 얼마인가요?",40% Vol.,35% Vol.,30% Vol.,45% Vol.,b
dev_1569.jpg,dev/dev_1569.jpg,이미지 속 카드에 적힌 '패션망고젤리' 커피의 특징으로 옳지 않은 것은?,새초롬함과 노오란 망고젤리의 달달함이 어우러진다,삼박자를 이루는 인스퍼레이션 블렌드이다,초콜릿과 바닐라 향이 강하다,잘 익은 골드키위 같은 상큼함이 있다,c
dev_1570.jpg,dev/dev_1570.jpg,파란색 차 상자에 적힌 문구 중 올바른 것은 무엇인가요?,ENGLAND NEEDS YOU TO DRINK COFFEE,ENGLAND NEEDS YOU TO EAT TEA,ENGLAND WANTS YOU TO DRINK TEA,ENGLAND NEEDS YOU TO DRINK TEA,d
dev_1571.jpg,dev/dev_1571.jpg,민주필라테스의 INTRO PROGRAM 중 'Private 10 + Group 24 (5개월)'의 가격은 얼마인가요?,"1,150,000","990,000","1,300,000","660,000",a
dev_1572.jpg,dev/dev_1572.jpg,포스터에 나온 디저트 메뉴 이름은 무엇인가요?,アイスクリ?ム ミルクティ?,クリ?ム ミルクティ?,アイスクリ?ム クロッフル,チョコ & ブラウンチ?ズ,c
dev_1573.jpg,dev/dev_1573.jpg,이 포스터에서 모집하는 연구 참가자의 연령 기준은 무엇인가요?,30~60대 여성,20~40대 남성,20~60대 남성,30~50대 여성,c
dev_1574.jpg,dev/dev_1574.jpg,사진 속 파인애플 과자 상자의 브랜드명은 무엇인가요?,크림볼,칸쵸,土鳳梨?,오곡쿠키,c
dev_1575.jpg,dev/dev_1575.jpg,이 제품의 모델명은 무엇인가요?,V32UE,Joyontech,JTB6ZBN1V32U0188A,DC 24V 5A,a
dev_1576.jpg,dev/dev_1576.jpg,이 식당에서 금요일 밤 몇 시에 방송되는 프로그램을 홍보하고 있나요?,금요일 밤 8시,금요일 밤 6시 30분,금요일 밤 7시,금요일 밤 9시,b
dev_1577.jpg,dev/dev_1577.jpg,세 개의 캔 맥주 중에서 알코올 도수가 가장 높은 맥주는 어느 것인가요?,1664 BLANC,8.5 Hellzebuth Rouge,모두 같은 알코올 도수,8.6 CHERRY,b
dev_1581.jpg,dev/dev_1581.jpg,다음 중 이미지 속 책 제목이 아닌 것은 무엇인가요?,해리포터와 마법사의 돌,eBay YOUR business,사람을 꿈꾸게 만드는 경영자,이케아 스토리,a
dev_1582.jpg,dev/dev_1582.jpg,'The First Cities' 글에서 청동기 시대 초기 도시 발전에 관한 설명으로 옳은 것은 무엇인가요?,경제적 변화 없이 도시가 성장했다.,도시는 주로 어업을 기반으로 성장했다.,도시 방어를 위한 벽은 청동기 시대 말기에 처음 만들어졌다.,도시화는 2800년경에 이미 잘 발달되어 있었다.,d
dev_1584.jpg,dev/dev_1584.jpg,이 사진 속 상품들 중에서 가격이 428엔인 것은 무엇인가요?,프레스케어 라임 50매,프레스케어 민트 50매,프레스케어 플러스 50매,프레스케어 레몬 50매,d
dev_1585.jpg,dev/dev_1585.jpg,이 이미지에 나온 'AI 라디오' 서비스에서 제공하지 않는 기능은 무엇인가요?,실시간 음악 스트리밍 차트 제공,대화형 챗봇으로 노래 추천,내 TPO에 맞춰 알아서 재생,내 기분이나 상황에 맞는 음악 큐레이션,a
dev_1586.jpg,dev/dev_1586.jpg,이 건물의 간판에 적힌 병원의 이름은 무엇인가요?,건강 한의원,미래 메디컬 센터,서울 중앙 병원,TOP LINE 의원,d
dev_1588.jpg,dev/dev_1588.jpg,가운데 흰색 병에 적혀 있는 음료의 맛은 무엇인가요?,포도 맛,복숭아 맛,레몬 맛,리치 맛,d
dev_1589.jpg,dev/dev_1589.jpg,이 기둥에 적힌 문구에 따르면 전철을 타려면 어느 방향으로 가야 하나요?,오른쪽,위쪽,왼쪽,아래쪽,c
dev_1590.jpg,dev/dev_1590.jpg,NORDLAND OUTDOOR에서 제공하는 활동은 무엇인가요?,하이킹 투어,카약 투어,유리 공예 워크숍,낚시 여행,b
dev_1591.jpg,dev/dev_1591.jpg,"사진 속 마카롱 영양성분표에 따르면, '블랙티 더블 쇼콜라 마카롱'의 1회 제공량 열량은 얼마인가요?",198kcal,188kcal,230kcal,210kcal,c
dev_1592.jpg,dev/dev_1592.jpg,이 건물에 입주해 있는 'MONA' 관련 시설이 아닌 것은 무엇인가요?,MONA K-Clinic,MONA CAFE,MONA 한의원,MONA 도서관,d
dev_1593.jpg,dev/dev_1593.jpg,사진에 보이는 깃발에 적힌 내용 중 옳은 것은 무엇인가요?,네이버 웹툰·웹소설 AI닥터와 세계관 공유!,네이버 검색 드림닥터는 서울점만 있습니다.,의사 직업체험 드림닥터는 부산점 오픈!,대전점은 아직 오픈하지 않았습니다.,a
dev_1594.jpg,dev/dev_1594.jpg,사진 속 간판에 적힌 학원의 이름은 무엇인가요?,아껴주는 세무회계,아이디어큐브,라온 스터디카페,진국어학원,b
dev_1595.jpg,dev/dev_1595.jpg,이 건물에 있는 캐릭터 브랜드 이름은 무엇인가요?,LINE FRIENDS SQUARE,프레샤인,다이소,BT21 캐릭터,a
dev_1596.jpg,dev/dev_1596.jpg,이 책 표지에 적힌 제목은 무엇인가요?,고문진보 후집,조선시대 회화,고문진보 전집,한국의 전통 미술,a
dev_1597.jpg,dev/dev_1597.jpg,Galaxy Z Fold8 Ultra의 배터리 용량은 얼마인가요?,4500mAh,6000mAh,4000mAh,5000mAh,d
dev_1600.jpg,dev/dev_1600.jpg,"사진 속 표지판에 적힌 '자전거 탑승금지' 안내문에 따르면, 자전거는 어떻게 해야 하나요?",자전거는 반대로 타야 한다,자전거는 타고 지나가야 한다,자전거는 세워 두어야 한다,자전거는 끌고 가야 한다,d
dev_1602.jpg,dev/dev_1602.jpg,이 이미지에 나온 스티커에서 '공주가 최고야'라는 문구와 가장 가까운 문구는 무엇인가요?,공주 신난당,공주 돈 쓸 거야,공주가 최고야,공주 힘들게 하지마,d
dev_1603.jpg,dev/dev_1603.jpg,달빛 달방에서 판매하는 '단호박 떡'의 가격은 얼마인가요?,"3,000원","3,500원","2,800원","2,000원",a
dev_1604.jpg,dev/dev_1604.jpg,이미지에 보이는 'Controlled Bolting' 설명 중 올바른 내용은 무엇인가요?,고압 펌프 제공,해양 리프팅 솔루션,전기 모터 설계,조립 및 조임 제어,d
dev_1605.jpg,dev/dev_1605.jpg,사진 속 상호명 중 2층에 위치한 가게의 이름은 무엇인가요?,청춘포차,MYQ BILLIARD CLUB,bhc CHICKEN,마이큐 당구클럽,a
dev_1606.jpg,dev/dev_1606.jpg,다음 중 이 사진에 보이는 책 제목이 아닌 것은 무엇인가요?,Beating the Street,부의 시작,세계 경제를 좌우하는 월스트리트 신화의 진실과 음모,멜탐의 은근출,d
dev_1609.jpg,dev/dev_1609.jpg,다음 중 '타슈2 이용 안내' 표지판에 적힌 내용으로 올바른 것은 무엇인가요?,타슈 자전거는 무료로 이용할 수 있다.,자전거 반납 시 QR코드를 사용하지 않아도 된다.,자전거 사용 후 아무 곳에나 반납하면 된다.,타슈 앱 설치 후 자전거 QR코드를 스캔하여 대여한다.,d
dev_1610.jpg,dev/dev_1610.jpg,"사진 속 액자에 적힌 문구에 따르면, 이 시계는 어떤 사건과 관련이 있나요?",타이타닉호 침몰 순간 멈춘 시계,산업 혁명 시기 발명된 최초의 시계,2차 세계대전 중 사용된 군용 시계,한국 전쟁 당시 제작된 시계,a
dev_1612.jpg,dev/dev_1612.jpg,이 포스터에서 2026년 서울의 색상으로 소개된 것은 무엇인가요?,모닝옐로우,딥블루,그린애플,선셋오렌지,a
dev_1614.jpg,dev/dev_1614.jpg,본문에서 '장'이란 무엇을 의미하나요?,빛의 반사,공간에 퍼져 있는 실체,중력의 법칙,전자기적 장,b
dev_1615.jpg,dev/dev_1615.jpg,이 계단 벽에 붙어 있는 영화 포스터 중에 '올리의 딸들' 영화 포스터에 적혀 있는 문구는 무엇인가요?,진실이 밝혀진다,내가 원하는 모든 것,가장 무서운 말은...,OSCARS,d
dev_1616.jpg,dev/dev_1616.jpg,이 팝업 스토어에서 판매하는 퍼즐 시리즈 이름은 무엇인가요?,포켓몬 고,HUZZLE,젤다의 전설 퍼즐,하즈루 포켓몬 시리즈,d
dev_1617.jpg,dev/dev_1617.jpg,이 사진에 보이는 커피숍 간판 중 'SPECIALTY COFFEE'라는 문구가 포함된 상호명은 무엇인가요?,MAMMOTH COFFEE EXPRESS,TENPERCENT SPECIALTY COFFEE,COFFEE 24H,MAMMOTH EXPRESS,b
dev_1618.jpg,dev/dev_1618.jpg,이 음료 컵의 검은색 컵홀더에 적힌 문구는 무엇인가요?,CAUTION COLD,CAUTION HOT,CAUTION FRAGILE,CAUTION SLIPPERY,b
dev_1619.jpg,dev/dev_1619.jpg,사진 속 가게 간판에 적힌 음식 종류는 무엇인가요?,초밥,소바,우동,라멘,b
dev_1622.jpg,dev/dev_1622.jpg,사진에 보이는 흰색 자동차의 번호판에 적힌 번호는 무엇인가요?,서울 45나 6789,서울 12가 3456,12가 1234,288로 7777,d
dev_1623.jpg,dev/dev_1623.jpg,'Chobani flip' 요거트의 영감을 받은 디저트는 무엇인가요?,Strawberry Shortcake,Chocolate Brownie,Lemon Tart,Blueberry Muffin,a
dev_1624.jpg,dev/dev_1624.jpg,"이 가게 간판과 배너에 따르면, 베트남 쌀국수의 가격은 얼마인가요?","7,500원","10,000원","3,000원","5,000원",d
dev_1626.jpg,dev/dev_1626.jpg,이 이미지에 보이는 컵라면 중에서 '濃厚ごま坦?'라고 적힌 제품은 무엇인가요?,매운 해물 라면,농후 참깨 탄탄,진한 된장찌개,소고기 미소 된장,b
dev_1629.jpg,dev/dev_1629.jpg,다음 중 이미지에 적힌 '젊은날의 인생노트' 내용에 해당하지 않는 것은 무엇인가요?,고뇌가 없는 청춘은 빈 청춘이다.,누가 뭐라하든 청춘은 살아 움직여야 한다.,도전이 있을 때 실패가 있고 실패가 있을 때 성공이 있다.,절망이 있을 때 희망이 있는 법이다.,d
dev_1630.jpg,dev/dev_1630.jpg,메뉴판에 나와 있는 치킨까스 종류 중 가격이 가장 높은 것은 무엇인가요?,치킨까스,버팔로윙봉,치킨치즈까스,할라피뇨치킨치즈까스,b
dev_1631.jpg,dev/dev_1631.jpg,사진에 보이는 '한촌설렁탕' 식당의 영업시간은 언제까지인가요?,20:00까지,23:00까지,21:30까지,22:00까지,d
dev_1632.jpg,dev/dev_1632.jpg,'광주식당' 간판에 적힌 전화번호는 무엇인가요?,010-9450-0000,954-7709,954-6999,062-823-8284,d
dev_1633.jpg,dev/dev_1633.jpg,이 마트에 적혀 있는 '?OK ?Y? F?YAT'는 무슨 뜻인가요?,새로운 상품,아주 좋은 가격,할인 행사,재고 정리,b
dev_1634.jpg,dev/dev_1634.jpg,왼쪽 벽에 붙어 있는 안내문에 적힌 소화전 사용법에서 첫 번째 단계는 무엇인가요?,소화전 개방,밸브를 연다,노즐을 잡는다,호스를 연결한다,a
dev_1635.jpg,dev/dev_1635.jpg,이 화면에 표시된 다음 역 이름은 무엇인가요?,N?rnberg Hbf,Berlin Hbf,F?rth (Bay) Hbf,Munich Hbf,c
dev_1637.jpg,dev/dev_1637.jpg,청호나이스 정수기 냉·온정수기 월 요금은 얼마인가요?,"9,900원","39,900원","29,900원","19,900원",d
dev_1638.jpg,dev/dev_1638.jpg,사진 속 하얀색 포장지에 적힌 제품명은 무엇인가요?,김자반,참기름 멸치,100% 국내산 김,대천김,d
dev_1643.jpg,dev/dev_1643.jpg,이 책장에 진열된 책들 중에서 2024년에 베스트셀러로 선정된 책은 무엇인가요?,나의 드로잉,Same as Ever,2024 올해의 책,Small Things Like These,b
dev_1644.jpg,dev/dev_1644.jpg,이 사진에 보이는 '네일홀릭' 간판 옆에 적힌 전화번호는 무엇인가요?,932-2631,016-9567-7112,933-3384,933-4547,d
dev_1646.jpg,dev/dev_1646.jpg,하얀색 노트북 표지에 적혀 있는 문구 중 틀린 것은 무엇인가요?,Pocket Notebook,Composition Book,Moments We Love,Grid · 80 pages,b
dev_1650.jpg,dev/dev_1650.jpg,이 신문 배포함에 적힌 문구 중 배부대에 신문이 없을 때 볼 수 있는 신문 종류는 무엇인가요?,광고전단지,온라인 뉴스,종이신문,전자신문,d
dev_1651.jpg,dev/dev_1651.jpg,이 결제 단말기 화면에 표시된 결제 금액은 얼마인가요?,500 원,1000 원,3000 원,2000 원,d
dev_1652.jpg,dev/dev_1652.jpg,이 전시 설명문에 따르면 '비문증(Myodesopsia)' 공간은 무엇을 상징하나요?,도시의 상업 공간을 상징한다,도시의 젊은이들의 활발한 움직임을 상징한다,도시의 노인들이 보이지 않는 존재임을 상징한다,도시의 화려한 밤문화를 상징한다,c
dev_1653.jpg,dev/dev_1653.jpg,이 거리에서 보이는 가장 높은 건물에 적힌 글자는 무엇인가요?,HITACHI,だるま商店,日本一の串かつ,OSAKA,a
dev_1654.jpg,dev/dev_1654.jpg,사진 속 초코우유 가격은 얼마인가요?,1200원,1500원,2300원,990원,d
dev_1657.jpg,dev/dev_1657.jpg,메가MGC커피 앱을 사용하면 얻을 수 있는 혜택으로 옳지 않은 것은 무엇인가요?,앱으로 주문해도 혜택이 없다.,키오스크보다 더 빠르게 주문할 수 있다.,적립된 혜택을 앱에서 바로 확인할 수 있다.,"쿠폰, 제휴 쿠폰 미리 저장하고 지갑 없이 앱 하나로 끝낸다.",a
dev_1658.jpg,dev/dev_1658.jpg,사진 속 건물에 적힌 상호명 중 하나가 아닌 것은?,순두부,카페 드림,원조 소곱창구이,(주)신아디앤피,b
dev_1659.jpg,dev/dev_1659.jpg,이 복권판매점 간판에 적혀 있지 않은 내용은 무엇인가요?,복권 당첨 번호 발표,19세 이상 구매 가능,복권 판매점,돈벼락로또명당,a
dev_1660.jpg,dev/dev_1660.jpg,이 체성분 분석 결과에서 체중은 몇 kg으로 나타나 있나요?,74.0 kg,87.9 kg,95.0 kg,80.5 kg,b
dev_1661.jpg,dev/dev_1661.jpg,이 ATM 기기에서 '보이스피싱 피해금 인출사고가 많은 지역입니다'라는 안내문에 따라 고객에게 요청하는 행동은 무엇인가요?,모바일 앱을 설치하시기 바랍니다,즉시 연락주시기 바랍니다,자동화기기 사용을 중단하시기 바랍니다,카드 복제를 주의하시기 바랍니다,b
dev_1662.jpg,dev/dev_1662.jpg,이 책의 내용과 관련하여 다음 중 책에서 다루는 주제가 아닌 것은 무엇인가요?,현대 과학기술의 구체적 원리,인류 문명의 발전과 행복,인류의 유효기간과 문명의 종말,인간의 역사와 미래에 대한 논쟁,a
dev_1665.jpg,dev/dev_1665.jpg,2024 봄 시즌별 맥주 중 ABV가 가장 높은 맥주는 무엇인가요?,첫사랑의향기,이태원프리덤,사랑법벅,넘사벽,d
dev_1666.jpg,dev/dev_1666.jpg,이 옷의 섬유 혼용률은 무엇인가요?,"면 60%, 아크릴 40%","면 50%, 아크릴 50%","면 52%, 아크릴 48%","면 48%, 아크릴 52%",c
dev_1669.jpg,dev/dev_1669.jpg,왼쪽 상자에 그려진 캐릭터 중 'LITTLE SUN'이라는 이름을 가진 캐릭터는 어떤 모습인가요?,해 모양의 캐릭터,파란색 머리띠를 한 캐릭터,모자를 쓰고 있는 노란색 캐릭터,목도리를 두른 캐릭터,a
dev_1671.jpg,dev/dev_1671.jpg,제일식당의 점심 식사 시간은 언제부터 언제까지인가요?,11:00 - 14:30,11:30 - 15:00,10:00 - 14:00,12:00 - 15:00,a
dev_1672.jpg,dev/dev_1672.jpg,"사진 속 간판에 적힌 '한우 3.6.9'에서 3, 6, 9 숫자는 무엇을 의미하나요?",예약 문의 전화번호 일부,특별한 할인율을 의미,한우 브랜드의 이름 일부,한우 등급을 나타낸 숫자,c
dev_1674.jpg,dev/dev_1674.jpg,디지털 신호 변환 과정에서 아날로그 신호가 디지털 데이터로 변환되기 위해 거치는 단계가 아닌 것은 무엇인가요?,Quantizing,Filtering,Encoding,Sampling,b
dev_1676.jpg,dev/dev_1676.jpg,이 이정표에 따르면 '국립중앙박물관' 쪽으로 가려면 어느 방향으로 가야 하나요?,직진,뒤로,왼쪽,오른쪽,c
dev_1677.jpg,dev/dev_1677.jpg,이 건물 내 8층에 있는 곳은 어디인가요?,단월드,랭듀어학원,킬루페스,W성형외과,a
dev_1678.jpg,dev/dev_1678.jpg,이 건물에 입주해 있는 시설 중 노래 연습과 관련된 곳은 무엇인가요?,빛이되는교회,코인 노래연습장,엔지니어링,청춘PT,b
dev_1679.jpg,dev/dev_1679.jpg,화이트보드에 적힌 그래프에서 오른쪽 아래쪽에 위치한 단어는 무엇인가요?,Basement,Salt,Magnet,Gravity,a
dev_1681.jpg,dev/dev_1681.jpg,이미지 속 책장에서 볼 수 있는 책 제목 중 '統計?'과 관련된 책은 무엇인가요?,半導?の基礎,Pythonデ?タ分析,生命工?,統計?の極意,d
dev_1682.jpg,dev/dev_1682.jpg,가판대 위에 올리지 말라고 안내하는 것은 무엇인가요?,"책, 음식물, 쓰레기","개인 물건, 책, 쓰레기","장난감, 음식, 쓰레기","개인 물건, 음식물, 쓰레기",d
dev_1683.jpg,dev/dev_1683.jpg,이 이미지에 보이는 글씨 중 'シンハ?コ?ポ'는 어떤 나라를 나타내고 있나요?,중국,한국,일본,타이 왕국,d
dev_1684.jpg,dev/dev_1684.jpg,이 식당 '뚜껑집'에서 판매하는 메뉴가 아닌 것은 무엇인가요?,김치찌개,낙곱새전골,양푼매운갈비찜,오리날개튀김,a
dev_1685.jpg,dev/dev_1685.jpg,건물 2층에 위치한 'ABOUT TIME'은 어떤 종류의 업소인가요?,영화관,카페,서점,퓨전 음식 및 와인 바,d
dev_1686.jpg,dev/dev_1686.jpg,이 이미지에 보이는 OXFORD 리갈패드의 A5 크기 노랑색 패드에는 몇 장이 들어 있나요?,40매,60매,30매,50매,a
dev_1688.jpg,dev/dev_1688.jpg,다음 중 사진 속 책 제목이 아닌 것은 무엇인가요?,Managing for Success,피터 드러커 자기경영노트,POST-CAPITALIST SOCIETY,Next Society,a
dev_1690.jpg,dev/dev_1690.jpg,현수막에 적힌 문구 중 올림픽과 관련된 단어는 무엇인가요?,부정선거,올림픽 공원으로 모이자,6.3 부정선거 재선거 당일투표 수개표,자유민주주의 성지,b
dev_1691.jpg,dev/dev_1691.jpg,이 코드에서 'graph' 객체에 추가된 노드 이름은 무엇인가요?,BBQ,MessagesState,END,START,a
dev_1692.jpg,dev/dev_1692.jpg,이 도로에 흰색으로 표시된 글자는 무엇을 의미하나요?,주차 금지,천천히,어린이 보호 구역,일방통행,c
dev_1695.jpg,dev/dev_1695.jpg,이 술병들 중 보라색 라벨이 붙어 있는 술의 이름은 무엇인가요?,Mr.BOSTON,Mr.BOSTON CREME DE CASSIS,MALIBU,Mr.BOSTON VODKA,b
dev_1697.jpg,dev/dev_1697.jpg,이 지도에서 '행복담길'을 따라 걷다 보면 만날 수 있는 쉼터 번호 중 옳은 것은 무엇인가요?,"쉼터1, 쉼터2, 쉼터3","쉼터1, 쉼터2, 쉼터4","쉼터1, 쉼터3, 쉼터4","쉼터2, 쉼터3, 쉼터4",a
dev_1698.jpg,dev/dev_1698.jpg,이 사진 속 만화책 진열대에 붙어 있는 안내문에는 무엇이라고 적혀 있나요?,만화책은 판매 중입니다.,사진 촬영 금지입니다.,책을 자유롭게 읽으세요.,진열된 만화책은 꺼내지 마세요.,d
dev_1702.jpg,dev/dev_1702.jpg,이미지 속에서 '스패로우(Sparrow)' 꼬치의 가격은 얼마인가요?,?500,?400,?470,?450,d
dev_1703.jpg,dev/dev_1703.jpg,이 건물에 임대 안내문에 적힌 연락처 중 휴대폰 번호는 무엇인가요?,02-5283-4652,010-539-4491,02-539-4491,010-5283-4652,d
dev_1709.jpg,dev/dev_1709.jpg,사랑방칼국수 가게가 자랑하는 음식의 특징으로 옳지 않은 것은 무엇인가요?,"KBS, MBC, SBS, MBN, Y-star 방영",우리 전통 음식업소,어머니의 손 맛을 전수한 음식,최신 서양 요리 전문점,d
dev_1711.jpg,dev/dev_1711.jpg,'저작권법률지원센터' 전화상담 상담시간은 언제인가요?,월~금 09:00 ~ 17:00,월~금 13:00 ~ 18:00,월~금 10:00 ~ 16:00,월~금 12:00 ~ 13:00,a
dev_1712.jpg,dev/dev_1712.jpg,이 가게 앞에 걸린 현수막에 적힌 '호두 과자' 1+1 행사를 받으려면 최소 얼마 이상 구매해야 하나요?,"\5,000 이상 구매 시","\20,000 이상 구매 시","\10,000 이상 구매 시","\15,000 이상 구매 시",a
dev_1713.jpg,dev/dev_1713.jpg,문에 붙어 있는 안내문에 따르면 개인도시락을 언제부터 이용할 수 있나요?,오전 11시 이후,오후 3시 이후,저녁 6시 이후,오후 1시 이후,d
dev_1715.jpg,dev/dev_1715.jpg,이미지 속 진공 포장된 고기의 종류는 무엇인가요?,등심,안심,삼겹살,목살,d
dev_1716.jpg,dev/dev_1716.jpg,이 자판기에서 판매하는 'Cinnamoroll' 마스코트의 특징으로 맞는 것은 무엇인가요?,귀가 뾰족함,"가격 3,000원",총 10종류,15세 이상 이용 가능,d
dev_1717.jpg,dev/dev_1717.jpg,구미 영스퀘어의 운영 시간 중 청년지원센터와 구미M지원센터의 운영 시간은 언제인가요?,월~금 09:00~21:00,월~일 09:00~21:00,월~일 09:00~18:00,월~금 09:00~18:00,d
dev_1718.jpg,dev/dev_1718.jpg,도로에 쓰여진 흰색 글씨 중 '노원' 다음에 나오는 글자는 무엇인가요?,출발,방향,진행,진입,b
dev_1721.jpg,dev/dev_1721.jpg,이 건물에 입주해 있는 병원 이름이 아닌 것은 무엇인가요?,차앤박 피부과,MAX TOTAL FITNESS,스마트치과,이비인후과 여원의원,b
dev_1723.jpg,dev/dev_1723.jpg,신문 상단에 적힌 BGM POST의 부제는 무엇인가요?,ROCKERS,the World's Dullest Playlists,audio-technica,"REAL FREAKS, RAW REVIEWS",d
dev_1724.jpg,dev/dev_1724.jpg,이 건물의 열람실 운영 시간은 평일과 주말에 각각 언제부터 언제까지인가요?,평일/주말: 09:00 ~ 18:00,평일/주말: 07:00 ~ 21:00,평일/주말: 08:00 ~ 20:00,평일/주말: 06:00 ~ 22:00,d
dev_1725.jpg,dev/dev_1725.jpg,이미지에 보이는 '후 한의원' 간판에 적힌 진료 항목이 아닌 것은 무엇인가요?,여드름,피부과,교통사고,다이어트,b
dev_1726.jpg,dev/dev_1726.jpg,"포스터에 따르면, '내 마음의 스위치' 프로그램에 참여하면 받을 수 있는 혜택은 무엇인가요?",무료 음료 쿠폰,건강검진 할인권,문화 공연 초대권,기념품 및 혜택 제공,d
dev_1727.jpg,dev/dev_1727.jpg,풍선에 적힌 문구는 무엇인가요?,HAPY BIRTHDAY,HAPPY BIRTHDAY,HAPPY BIRTHD AY,HAPPY BIRTH DAY,b
dev_1728.jpg,dev/dev_1728.jpg,이 포스터에 적힌 팀의 주요 업적은 무엇인가요?,2023 LoL Champions,World Cup Soccer 2024 Winners,2024 NBA Champions,Esports World Cup 2024 LoL Champions,d
dev_1729.jpg,dev/dev_1729.jpg,사진 속 선반 위에 있는 인형들 중에서 빨간 모자를 쓰고 바구니를 들고 있는 캐릭터는 무엇인가요?,곰돌이 푸,호랑이 인형,고양이 인형,빨간 모자 인형,d
dev_1731.jpg,dev/dev_1731.jpg,이 사진 속 가게의 이름은 무엇인가요?,커피 마루,커피 마루스,카페 마루,커피 마루커,a
dev_1732.jpg,dev/dev_1732.jpg,이미지에 보이는 표에서 'Short-term forecasting results'의 평균값(AVG) MSE는 어느 모델이 가장 낮습니까?,PatchTST,LogicGate,ExoLSTM,Autoformer,b
dev_1734.jpg,dev/dev_1734.jpg,사진에 보이는 과자 중 '치즈맛'이라고 적힌 과자의 브랜드는 무엇인가요?,도도나쵸,오감자바베큐,핫스파이스,나쵸,a
dev_1737.jpg,dev/dev_1737.jpg,이 도로 표지판에서 '수원·영통' 방향으로 가려면 어느 색깔 화살표를 따라야 하나요?,노란색 화살표,분홍색 화살표,파란색 화살표,초록색 화살표,b
dev_1741.jpg,dev/dev_1741.jpg,메뉴판에 적힌 '냉모밀' 메뉴의 가격은 얼마인가요?,8000원,6500원,7500원,7000원,d
dev_1742.jpg,dev/dev_1742.jpg,"냉장고에 적힌 글귀에 따르면, 이 냉장고에 보관된 돼지고기는 어떻게 처리되었나요?",냉동 상태로 바로 판매하는 돈육입니다.,열흘 동안 숙성하며 성숙하는 돈육입니다.,수입산 돼지고기를 급속 냉동한 제품입니다.,즉석에서 바로 조리되는 신선한 돈육입니다.,b
dev_1743.jpg,dev/dev_1743.jpg,칸타타 빅 시리즈 음료 중 아이스 헤이즐넛향 음료의 용량은 얼마인가요?,320ml,300ml,230ml,250ml,a
dev_1746.jpg,dev/dev_1746.jpg,이 메뉴 세트에 포함된 음료는 무엇인가요?,에스프레소,라떼,아메리카노,카푸치노,c
dev_1748.jpg,dev/dev_1748.jpg,이 건물 간판에 적혀 있는 고기의 종류는 무엇인가요?,100% 와규,100% 신선한 소고기,100% 한우,100% 고베 비프,d
dev_1749.jpg,dev/dev_1749.jpg,피난계획도에 따르면 소화전은 어떤 표시로 나타나 있나요?,빨간색 사각형,파란색 원,빨간색 화살표,초록색 사각형,a
dev_1750.jpg,dev/dev_1750.jpg,위 이미지에서 두 생물체의 공통된 특성 중 하나는 무엇인가요?,총 지능이 50 이상이다,플라스마 수치가 30이다,수확량이 100만 이하이다,유기체 그룹에 속한다,d
dev_1752.jpg,dev/dev_1752.jpg,사진 속 두 제품의 색상 구분은 무엇인가요?,"왼쪽은 초록색, 오른쪽은 주황색","왼쪽은 노란색, 오른쪽은 보라색","왼쪽은 분홍색, 오른쪽은 회색","왼쪽은 파란색, 오른쪽은 빨간색",b
dev_1754.jpg,dev/dev_1754.jpg,이 이미지에 보이는 간판들 중에서 '운세 궁합 손금 관상'을 제공한다고 적힌 간판은 무엇인가요?,작명 개명 좋은 이름이 운세를 좌우한다,사주 타로,사주타로 운세 궁합 손금 관상,신점타로 방송출연 사주타로 전문상담사,c
dev_1755.jpg,dev/dev_1755.jpg,이 건물 2층에 위치한 가게의 종류는 무엇인가요?,한의원,폰몬스터 매장,프리미엄 PC 카페,참치 전문점,c
dev_1756.jpg,dev/dev_1756.jpg,이 건물의 간판에 적힌 상호명은 무엇인가요?,현대시장 & 청춘광장,부산시장 & 청춘난장,현대시장 & 청춘난장,서울시장 & 청춘난장,c
dev_1764.jpg,dev/dev_1764.jpg,'꽁' 카드에 적힌 설명 중 옳은 것은 무엇인가요?,"서쪽마녀의 수하, 보이면 아프다.","서쪽마녀의 수하, 보이면 반갑다.","동쪽마녀의 수하, 보이면 반갑다.","동쪽마녀의 수하, 보이면 아프다.",a
dev_1766.jpg,dev/dev_1766.jpg,서울에서 런던으로 가는 비행기의 헬싱키 경유 시간은 얼마인가요?,2시간 8분,4시간 30분,1시간 50분,3시간 42분,a
dev_1767.jpg,dev/dev_1767.jpg,이 와인의 원산지는 어디인가요?,프랑스,이탈리아,호주,뉴질랜드,d
dev_1771.jpg,dev/dev_1771.jpg,사진 속 다리 난간에 적힌 표지판에는 무엇이라고 적혀 있나요?,주차금지,어린이보호구역,횡단보도,과속방지 CCTV작동중,b
dev_1774.jpg,dev/dev_1774.jpg,이 사진에 붙어 있는 종이에 적힌 와이파이 비밀번호는 무엇인가요?,12345678,password123,U+NetB857_...,2547577BM!,d
dev_1776.jpg,dev/dev_1776.jpg,메뉴판에 있는 음식 이름 중 고등어와 함께 나오는 '정식' 메뉴는 무엇인가요?,고등어 정식,고등어 구이 + 식사류 선택 1,고등어 구이 정식,고등어 구이 정식 메뉴,a
dev_1777.jpg,dev/dev_1777.jpg,"안전한 승강기 이용 안내에 따르면, 승강기 출입문에 하면 위험한 행동은 무엇인가요?",난폭한 행동을 하는 것,줄이나 옷 등이 끼는 것,유아나 애완동물을 안고 타는 것,기대거나 충격을 주는 것,d
dev_1780.jpg,dev/dev_1780.jpg,이 냉동식품 코너의 문 위에 적힌 카테고리 중 오른쪽 끝에 보이는 글자는 무엇인가요?,구이/튀김,디저트,생선류,냉동 치킨,a
dev_1781.jpg,dev/dev_1781.jpg,"이 건축허가표지판에 따르면, 이 공사의 총 면적은 얼마인가요?",740-9㎡,778.36㎡,124.25㎡,9.4㎡,b
dev_1782.jpg,dev/dev_1782.jpg,이 가게의 간판에 적힌 가게 이름은 무엇인가요?,대한예수교 장로회,잘했군 입을까...,명품구제,칼라,d
dev_1784.jpg,dev/dev_1784.jpg,이 이미지에서 ‘CITY HALL’이라고 적힌 간판은 어디에 위치해 있나요?,가로등 아래에,벽면 아래쪽에,가장 높은 건물 위에,건물 입구 옆에,b
dev_1786.jpg,dev/dev_1786.jpg,이 건물 2층에 있는 가게 이름은 무엇인가요?,풍촌 코다리,코다리 요리 전문점,풍촌 코다리네,술뚜껑,d
dev_1788.jpg,dev/dev_1788.jpg,사진 속 건물에 적힌 상호명이 아닌 것은 무엇인가요?,놀러오게,우주 피자집,HELLO HUMAN,우주 피씨방,b
dev_1789.jpg,dev/dev_1789.jpg,사진 속 유리잔에 적힌 글귀 중 맞는 문장은 무엇인가요?,"I hope you will firmly support the past and future we will enjoy, like the rafter that firmly support the busy house.","I hope you will firmly support the past and future we will endure, like the rafter that firmly support the busy house.","I hope you will firmly support the past and future we will enjoy, like the rafter that firmly support the cozy house.","I hope you will firmly support the past and future we will endure, like the rafter that firmly support the cozy house.",d
dev_1790.jpg,dev/dev_1790.jpg,IEEE IGARSS 2024 국제 심포지엄이 열리는 장소는 어디인가요?,"서울, 한국","아테네, 그리스","뉴욕, 미국","도쿄, 일본",b
dev_1791.jpg,dev/dev_1791.jpg,이 주차장 벽에 붙어 있는 표지판에 적힌 내용으로 맞는 것은 무엇인가요?,내부차량 주차허용,주차장 무료 개방,입주자 외 주차 가능,외부차량 주차금지,d
dev_1792.jpg,dev/dev_1792.jpg,이 상장은 어느 해에 수여된 것인가요?,2021년,2020년,2019년,2018년,c
dev_1793.jpg,dev/dev_1793.jpg,이 거리의 간판 중에 'OSAKA NAMBA DOTONBURI'라고 적혀 있는 간판은 어떤 문자가 함께 쓰여 있나요?,영어,일본어 히라가나,한글,한자,d
dev_1794.jpg,dev/dev_1794.jpg,이 사진에서 '스마트치과'는 건물의 몇 층에 있나요?,2층,5층,4층,3층,c
dev_1797.jpg,dev/dev_1797.jpg,위 사진 속 음반 중 'Silk Sonic' 앨범에 포함된 아티스트 이름이 아닌 것은 무엇인가요?,Bootsy Collins,Anderson .Paak,Ed Sheeran,Bruno Mars,c
dev_1798.jpg,dev/dev_1798.jpg,교촌치킨 메뉴 중에서 '간장시리즈'에 속하지 않는 메뉴는 무엇인가요?,간장윙박스,간장한마리,간장중봉,간장순살,a
dev_1799.jpg,dev/dev_1799.jpg,사진 속 기차 탱크 차에 적혀 있는 번호 중 올바른 것은 무엇인가요?,40500,40200,40321,40063,d
dev_1801.jpg,dev/dev_1801.jpg,간판에 적힌 텍스트 중에서 큰 글씨로 쓰인 상호명은 무엇인가요?,을 여행 명품공간,을 여행,임대문의,가을여행,d
dev_1803.jpg,dev/dev_1803.jpg,포스터에서 강조하는 운동의 효과 중 하나가 아닌 것은 무엇인가요?,강력한 악력 강화,근육량 증가 및 체중 감소,지구력 & 근지구력 향상,폭발적인 칼로리 소모,b
dev_1805.jpg,dev/dev_1805.jpg,타쿠미주방 메뉴 중에서 가격이 가장 저렴한 음식은 무엇인가요?,치킨가라아게 (4pcs),인생가레,새우튀김 (2pcs),회오리 오므라이스,c
dev_1806.jpg,dev/dev_1806.jpg,사진에 적힌 안내문에 따르면 피규어를 받으려면 어떻게 해야 하나요?,피규어는 회원이 아니어도 받을 수 있습니다,피규어는 무료로 드립니다,회원님께 피규어 드려요 원하시는 분은 결제 후 가져가세요,피규어는 직접 골라서 가져가세요,c
dev_1807.jpg,dev/dev_1807.jpg,왼쪽 배너에 안내된 내용 중 올바른 것은 무엇인가요?,랜덤검색 진행 중,검색 협조를 부탁드립니다,테이크아웃 다회용기 반출 가능,수거함에 반납 후 출문해 주세요,d
dev_1808.jpg,dev/dev_1808.jpg,다음 중 이미지에 보이는 컵반 제품이 아닌 것은 무엇인가요?,스팸 마요 덮밥,김치참치 덮밥,제육덮밥,강된장보리비빔밥,b
dev_1809.jpg,dev/dev_1809.jpg,사진 속 KitKat 초콜릿 두 가지 맛 중 하나는 무엇인가요?,딸기 초콜릿,바닐라 초콜릿,카라멜 초콜릿,스트로베리 & 다크 초콜릿,d
dev_1813.jpg,dev/dev_1813.jpg,이 가게 간판에 적힌 문구 중 '김밥' 아래에 적힌 문구는 무엇인가요?,김밥은 맛있다,돈이 없다 하나 죽어도 모르는 그 맛,순대 떡볶이 튀김 오뎅,매일 신선한 재료 사용,c
dev_1814.jpg,dev/dev_1814.jpg,'LOOKING FOR A FRIEND' 포스터에서 찾고 있는 친구의 조건이 아닌 것은 무엇인가요?,HAS BLUE HAIR,IS SUPER CUTE,CAN DRAG ME OUTSIDE FROM THE DARK,IS FLUENT IN UNICORN LANGUAGE,a
dev_1816.jpg,dev/dev_1816.jpg,소화전 사용법에서 마지막 단계는 무엇인가요?,노즐을 잡고 불을 향해 뿌려라,밸브를 잠그라,호스를 꺼내라,밸브를 열고 물을 틀어라,b
dev_1817.jpg,dev/dev_1817.jpg,화이트보드 마커에 적힌 브랜드 이름은 무엇인가요?,My-bill,morning glory,BOARd,monami,d
dev_1819.jpg,dev/dev_1819.jpg,이 광고판에 적힌 2026 서울의 대표 색상은 무엇인가요?,스카이블루,모닝옐로우,클라우드화이트,선셋오렌지,b
dev_1820.jpg,dev/dev_1820.jpg,이미지 속 오른쪽에 적혀 있는 게임 타이틀은 무엇인가요?,餓狼?? SPECIAL,슈퍼 마리오,アメリカン バトルド?ム,메탈 기어,c
dev_1821.jpg,dev/dev_1821.jpg,이 서점에서 제공하는 오늘의 추천 도서와 관련된 행사는 언제 열리나요?,11월 16일 오후 3시,11월 20일 오후 5시,10월 30일 오전 11시,12월 1일 오후 2시,a
dev_1823.jpg,dev/dev_1823.jpg,이미지 속 담배 가격 중 가장 저렴한 가격은 얼마인가요?,"?1,750","?1,800","?1,400","?1,350",d
dev_1825.jpg,dev/dev_1825.jpg,이 식당의 메뉴판에 적힌 메뉴가 아닌 것은 무엇인가요?,육회비빔밥,곱창마라칼국수,된장찌개,꼬막비빔밥,c
dev_1826.jpg,dev/dev_1826.jpg,이 사진 속에 보이는 '남포 스시' 가게는 몇 층에 위치해 있나요?,1층,2층,4층,3층,a
dev_1827.jpg,dev/dev_1827.jpg,사진 속 음식점 '청춘당 꽈배기'에서 배달 및 민족이 가능한 연락처 전화번호는 무엇인가요?,031-555-1234,604-1369,02-1234-5678,010-9876-5432,b
dev_1829.jpg,dev/dev_1829.jpg,104번 버스의 현재 위치는 어디인가요?,전주시양묘,동부대로 농수산,결행_차량사고,평화동종점,b
dev_1833.jpg,dev/dev_1833.jpg,이 건물에 입주해 있는 업종 중 '전자담배'와 관련된 간판에 적힌 문구는 무엇인가요?,제이필의원,원데이치과,전자담배,AAA유학,c
dev_1834.jpg,dev/dev_1834.jpg,이 사진 속 책상 칸막이의 개수는 몇 개인가요?,4개,2개,5개,3개,a
dev_1836.jpg,dev/dev_1836.jpg,"이미지에 따르면, '고블린 부락'은 지도에서 어떻게 표시되어 있나요?",눈에 띄는 녹색 잉크로 표시되어 있다,부락 동쪽의 숲을 가리키는 화살표 위에 적혀 있다,북쪽의 먼 끝자락에 있다,작은 글씨로 '월계수 사이'라고 적혀 있다,a
dev_1837.jpg,dev/dev_1837.jpg,이 사진에 보이는 대형 건물의 간판에 적힌 상호명은 무엇인가요?,도큐핸즈,빅카메라,돈키호테,야마노테,c
dev_1838.jpg,dev/dev_1838.jpg,이 표지판에 적힌 주차 관련 안내 중 올바른 내용은 무엇인가요?,주정차 금지 표시는 파란색 바탕에 빨간색 글자이다,탄력적 주차 허용 구간 끝은 오른쪽 방향이다,탄력적 주차 허용 구간은 오전 7시부터 오후 8시까지이다,주정차 금지 시간은 08:00~19:00이다,b
dev_1839.jpg,dev/dev_1839.jpg,사진 속 'DEEPFINE Spatial Crafter'가 제공하는 XR 공간 구축 솔루션 중 'XR 콘텐츠 제작 도구'는 어떤 기능을 제공하나요?,현실 공간 스캔을 통한 3D 모델 자동 생성,사용자 최적화 영상 기반 XR 공간 편집 도구,2D·3D 기반 XR 콘텐츠 제작 도구,VPS 기반 정밀 위치 측위 및 현실 속 XR 공간 공유,c
dev_1841.jpg,dev/dev_1841.jpg,다음 중 이미지 속에서 '단백질 앰플 샴푸'의 할인된 가격은 얼마인가요?,"14,160원","15,110원","14,900원","16,900원",a
dev_1842.jpg,dev/dev_1842.jpg,사진 속 야구 경기 티켓에 적힌 경기 날짜는 언제인가요?,2024년 7월 15일,2025년 5월 10일,2023년 8월 20일,2026년 6월 25일,d
dev_1843.jpg,dev/dev_1843.jpg,이 제품의 주 재료로 사용된 팥은 어디에서 생산된 것인가요?,九州産さつまいも,十勝産あずき,?森産りんご,北海道産とうもろこし,b
dev_1845.jpg,dev/dev_1845.jpg,이 건물의 간판에 적힌 학교 이름은 무엇인가요?,국립 한밭 대학교 기념 사업 총괄 위원회,국립 한밭 대학교 개교 50주년 기념,국립 한밭 대학교 개교 100주년,국립 한밭 대학교,d
dev_1846.jpg,dev/dev_1846.jpg,이 건물 외벽에 적힌 상호명 중 '보리밥칼국수'와 관련된 것은 무엇인가요?,휴테크,ARC·N·BOOK,본가,보리밥칼국수,d
dev_1848.jpg,dev/dev_1848.jpg,이미지 속에서 200g 제품으로 판매되고 있는 상품은 무엇인가요?,삼삼한 쥐포,왕오징어,황태채,백진미 오징어,d
dev_1850.jpg,dev/dev_1850.jpg,아래 음료의 특징으로 올바른 것은 무엇인가요?,제로 슈가(무설탕) 제품이다,BCAA가 10g 포함되어 있다,단백질 함량이 없다,설탕이 들어있다,a
dev_1853.jpg,dev/dev_1853.jpg,공사 안내 현수막에 따르면 고양 삼송 지하도 구조물 보수 공사는 언제까지 진행되나요?,26년 9월 1일,26년 8월 31일,26년 6월 15일,26년 7월 15일,b
dev_1856.jpg,dev/dev_1856.jpg,이미지에 보이는 '染髮 599'는 무엇을 의미하나요?,음식 가격 599,염색 가격 599,버스 번호 599,주차 요금 599,b
dev_1859.jpg,dev/dev_1859.jpg,이 도로 표지판에 따르면 '속초해수욕장'까지의 거리는 얼마입니까?,1km,250m,60km,500m,a
dev_1860.jpg,dev/dev_1860.jpg,사진에 보이는 망고스틴 소프트 캔디 봉지에 적힌 원산지는 어디인가요?,한국,중국,태국,베트남,d
dev_1861.jpg,dev/dev_1861.jpg,이 안내문에서 동물을 입양하려면 어느 센터에 문의해야 하나요?,안동시청 관광진흥과,안동시청 축산진흥과,유기동물 입양센터 리홈,동물보호소,c
dev_1862.jpg,dev/dev_1862.jpg,직경 10mm 이상인 공구길이 보정을 위한 MDI 모드 선택 후 입력하는 프로그램 번호는 무엇인가요?,M527T,M530T,M529T,M528T,c
dev_1863.jpg,dev/dev_1863.jpg,사진 속 '박카스 에프' 음료의 용량은 얼마인가요?,100ml,150ml,120ml,200ml,c
dev_1864.jpg,dev/dev_1864.jpg,이 표에서 2월 1일의 기초재고 수량과 단가는 각각 얼마입니까?,"수량 2,000 / 단가 11","수량 1,000 / 단가 12","수량 2,000 / 단가 10","수량 1,000 / 단가 10",d
dev_1865.jpg,dev/dev_1865.jpg,이 시계에는 어떤 글자가 적혀 있나요?,SSAFY,OPEN,LOCKER,CLOSE,a
dev_1867.jpg,dev/dev_1867.jpg,이미지 속 병에 적힌 'SANGRIA'는 무엇과 관련된 제품인가요?,독일산 맥주,프랑스산 치즈,이탈리아산 와인,스페인산 음료,d
dev_1868.jpg,dev/dev_1868.jpg,이 이미지에 있는 책 중에서 'WERK No.6'의 제목은 무엇인가요?,DARKNESS,GHOSTS IN THE MACHINE,REPETITION,THE SHRINE OF ART,a
dev_1869.jpg,dev/dev_1869.jpg,이 사진 속 상호명 중 '콩나물 국밥' 옆에 적힌 전화번호는 무엇인가요?,T.959-9089,T.959-9809,T.951-9089,T.959-9080,a
dev_1870.jpg,dev/dev_1870.jpg,동원야채참치 90g 3개를 구매하면 얼마인가요?,"6,600원","3,300원","3,500원","2,500원",a
dev_1872.jpg,dev/dev_1872.jpg,다음 중 이미지에 보이는 문구로 올바른 것은 무엇인가요?,Dream big every day,Never give up!,Always stay happy!,Live fast die young,b
dev_1873.jpg,dev/dev_1873.jpg,영수증 리뷰 이벤트에 참여하려면 최소 얼마 이상 구매해야 하나요?,2만원 이상,5만원 이상,3만원 이상,1만원 이상,a
dev_1874.jpg,dev/dev_1874.jpg,이 책의 초판 1쇄 발행일은 언제인가요?,2023년 10월 1일,2025년 7월 9일,2025년 7월 1일,2000년 5월 23일,b
dev_1876.jpg,dev/dev_1876.jpg,"문서에 따르면, 4년짜리 대출에서 매달 낼 수 있는 최대 금액은 얼마인가요?","$1,160","$750,000","$47,170",$4.75,a
dev_1880.jpg,dev/dev_1880.jpg,사진에 보이는 빨간색 간판에 적힌 문구는 무엇인가요?,음식의 가게,음식의 델리,음식의 달인,음식의 델리구르,a
dev_1881.jpg,dev/dev_1881.jpg,"'Try programming' 안내문에 따르면, 프로그램이 성공적이었는지 평가하기 위해 어떤 단계를 거쳐야 하나요?",프로그래머의 지시를 따르고 만든 것을 비교한다,컴퓨터를 재부팅하고 프로그램을 다시 실행한다,프로그래머가 만든 코드를 직접 수정한다,프로그램을 완전히 삭제하고 다시 설치한다,a
dev_1882.jpg,dev/dev_1882.jpg,책장에 꽂혀 있는 책 제목 중 '지역사회보건간호학'은 몇 권인가요?,1권,2권,3권,4권,b
dev_1884.jpg,dev/dev_1884.jpg,에드바르 뭉크의 판화 작품에 관한 설명 중 옳지 않은 것은 무엇인가요?,1930~1940년대에 목판화 시리즈에서 모티프가 지워지기도 했다.,전통적인 의미에서 체계화될 수 있었다.,판화 작품 수는 750여 개 이상이다.,뭉크는 작품에 번호를 매기지 않았다.,b
dev_1885.jpg,dev/dev_1885.jpg,이 PEANUTS 미니어처 키링 시리즈에서 'Classic ver.'에 포함된 캐릭터가 아닌 것은 무엇인가요?,찰리 브라운,행크,스누피,우드스톡,b
dev_1886.jpg,dev/dev_1886.jpg,이 식당에서 결제는 어떻게 해야 하나요?,테이블에서 QR코드를 찍어 결제한다,음식 주문 시 계산한다,서버에게 직접 결제한다,결제는 카운터에서 번호를 알려주고 한다,d
dev_1887.jpg,dev/dev_1887.jpg,사진 속 '장수두부' 간판에 적힌 전화번호는 무엇인가요?,055-552-2627,055-552-0108,070-8657-0200,010-3044-7887,c
dev_1888.jpg,dev/dev_1888.jpg,다음 중 닌텐도 스위치 게임 카드에 적힌 게임 이름으로 올바른 것은 무엇인가요?,포켓몬스터 DP,포켓몬스터 아르세우스,포켓몬스터 블랙,포켓몬스터 소드,b
dev_1890.jpg,dev/dev_1890.jpg,사진 속 큰 간판에 적힌 일본어 문구는 무엇인가요?,?司屋,お好み?き,ラ?メン,辛子めんたい,d
dev_1891.jpg,dev/dev_1891.jpg,"이 이미지에 보이는 술 코너 안내문에서, 몇 세 이상임을 확인할 수 없으면 어떻게 해야 한다고 안내하고 있나요?",20세 이상임을 확인할 수 없으면 출입을 제한할 것,20세 이상임을 확인할 수 없으면 신분증을 확인할 것,20세 이상임을 확인할 수 없으면 판매하지 말 것,20세 이상임을 확인할 수 없으면 얼굴을 가릴 것,c
dev_1892.jpg,dev/dev_1892.jpg,다음 중 이미지에 있는 'Account' 박스에 포함된 항목이 아닌 것은 무엇인가요?,nonce,transactionID,storageRoot,balance,b
dev_1895.jpg,dev/dev_1895.jpg,와촌식당 메뉴 중 '와촌치즈불고기'의 100g 당 가격은 얼마인가요?,"10,000원","6,000원","5,000원","7,692원",b
dev_1897.jpg,dev/dev_1897.jpg,사진 속 두 약품 중 '코막힘·코손상 케어'에 도움을 주는 것은 어떤 제품인가요?,코앤원큐 점비액,모메원 점비액,모메원 나잘스프레이,코앤원큐 나잘스프레이,d
dev_1898.jpg,dev/dev_1898.jpg,이 카페에서 허용되지 않는 행동은 무엇인가요?,음식물 반입 금지,외부음료 반입 금지,흡연 금지,애완동물 출입 금지,a
dev_1899.jpg,dev/dev_1899.jpg,이 표지판에 적힌 '반려동물 동반시 지켜야 할 일' 중 하나가 아닌 것은 무엇인가요?,반려동물에게 목줄을 착용시킵니다,반려동물 배변용 위생봉투를 지참합니다,맹견은 입 가리개를 씌웁니다,반려동물에게 간식을 줍니다,d
dev_1900.jpg,dev/dev_1900.jpg,씨젠의료재단 출국자 고객센터 전화번호는 무엇인가요?,010-1111-2222,02-3456-7890,070-1234-5678,1533-1500,d
dev_1901.jpg,dev/dev_1901.jpg,이 사진 속 상점 간판에 적힌 상호명은 무엇인가요?,365자동화코너,LG,뽀글뽀글 데어,하나은행,d
dev_1902.jpg,dev/dev_1902.jpg,계단에 적힌 문구 중 '치료는 금연입니다.'가 포함된 문구는 무엇인가요?,"짠맛, 단맛을 줄이세요. 인생이 달콤 해집니다.",흡연은 질병입니다. 치료는 금연 입니다.,금연·절주는 가족사랑입니다,흡연은 건강에 좋습니다.,b
dev_1903.jpg,dev/dev_1903.jpg,이 건물 2층에 있는 식당의 이름은 무엇인가요?,포장마차,부뚜막 짜글이,우림산림,박포갈비,b
dev_1904.jpg,dev/dev_1904.jpg,이 책의 제목은 무엇인가요?,세종시 이야기,"오늘도, 내일도, 당신이 행복하길",행복할 거야 이래도 되나 싶을 정도로,강남에서 만난 하루,c
dev_1905.jpg,dev/dev_1905.jpg,투썸플레이스에서 최대 몇 퍼센트 할인 행사를 하고 있나요?,30%,40%,50%,20%,a
dev_1906.jpg,dev/dev_1906.jpg,사진 속 안내문에 따르면 '묵호'에 관한 설명으로 옳지 않은 것은 무엇인가요?,바다가 예쁜 곳이다.,음식의 종류가 다양하다.,저녁 장사하는 가게가 거의 없다.,고양이가 많은 동네다.,b
dev_1907.jpg,dev/dev_1907.jpg,비상 대피 안내문에 따르면 2층에 있는 강의실 중 가장 오른쪽에 위치한 강의실 번호는 무엇인가요?,강의실 203,강의실 202,강의실 201,강의실 204,c
dev_1908.jpg,dev/dev_1908.jpg,다음 중 사진에 보이는 간판에 적힌 상호명이 아닌 것은 무엇인가요?,트라이쌍방울송월타올,강화상회,삼성전자,대우가방,c
dev_1910.jpg,dev/dev_1910.jpg,이 제품의 이름은 무엇인가요?,유치원 버스 롤 클리너,어린이집 버스 롤 클리너,초등학교 버스 롤 클리너,유치원 버스 롤러 클리너,a
dev_1911.jpg,dev/dev_1911.jpg,'BERRY SMOOTHIE' 가게 앞에 있는 오늘의 스페셜 메뉴 가격은 얼마인가요?,6500원,8500원,5500원,7500원,d
dev_1912.jpg,dev/dev_1912.jpg,"이 도로 표지판에 따르면, 동(동서) 10번 도로 방향은 어디인가요?",광주,순천,남원,부산,d
dev_1913.jpg,dev/dev_1913.jpg,다음 중 이미지에 보이는 간판에 적힌 내용이 아닌 것은 무엇인가요?,とんかつ にいむら,串?酒場 串ヤロリ,ラ?メン一番館,?とん酒場 トントン,c
dev_1914.jpg,dev/dev_1914.jpg,이 사진에 보이는 'KOR' 스마트제조혁신센터의 정식 명칭은 무엇인가요?,KOR: 스마트제조혁신센터,KOR: 스마트제능 연구소,KOR: 이력 도시 가이드,KOR: 강산 블루베리 투어,a
dev_1915.jpg,dev/dev_1915.jpg,정수기와 필터 구매 시 기본 적립률은 얼마인가요?,5%,1%,4%,3%,b
dev_1916.jpg,dev/dev_1916.jpg,왼쪽 가게 간판에 적힌 음식 이름 중에 없는 것은 무엇인가요?,アスパラ一本揚,ウインナ?,たこ?き,紅しょうが,c
dev_1919.jpg,dev/dev_1919.jpg,이 비석에 적힌 '첫 등반가'의 이름은 무엇인가요?,PIKASH GURUNG,LALIT GURUNG,ANNA PURNA,LATE MAURICE HERZOG,d
dev_1921.jpg,dev/dev_1921.jpg,이 이미지에 보이는 'SSAFY 16기' 입학 축하 박스에 적힌 문구는 무엇인가요?,SSAFY 15기 입학을 축하합니다,SSAFY 17기 입학을 환영합니다,SSAFY 16기 졸업을 축하합니다,SSAFY 16기 입학을 축하합니다,d
dev_1922.jpg,dev/dev_1922.jpg,이곳에 쓰레기를 버릴 수 있는 시간이 아닌 것은 언제인가요?,토요일 제외,토요일,주거지역 18:00~24:00,가로변지역 22:00~01:00,b
dev_1924.jpg,dev/dev_1924.jpg,금융투자협회가 2009년에 설립된 법률에 따라 합병한 협회 중 포함되지 않은 것은 무엇인가요?,선물협회,한국증권업협회,보험협회,자산운용협회,c
dev_1926.jpg,dev/dev_1926.jpg,다음 중 이미지 속 서류철에 적힌 내용과 가장 거리가 먼 것은 무엇인가요?,학생 복지 지원 위원회 회의록,전공교육 과정 위원회 회의록,수업관리 운영 위원회 회의록,전공교육 과정연구위원회 회의록,a
dev_1927.jpg,dev/dev_1927.jpg,"이미지 속 물티슈 중에서 가격이 2,000원으로 적혀 있는 제품은 무엇인가요?",참 물티슈,도톰한 물티슈,복합 숙취해소제,타이레놀 500밀리그램,b
dev_1928.jpg,dev/dev_1928.jpg,사진 속 건물 외벽에 적힌 문구 중 빨간색 글씨로 쓰인 문구는 무엇인가요?,구민을 신나게!,강남구,강남 대전환!!,강남을 환하게!,c
dev_1930.jpg,dev/dev_1930.jpg,'닭날개'와 '닭다리'의 가격 차이는 무엇인가요?,"닭다리 6개는 6,000원이고 닭날개 8개는 12,000원이다","닭날개 8개는 6,000원이고 닭다리 6개는 12,000원이다","닭날개 4개는 6,000원이고 닭다리 3개도 6,000원이다","닭다리 3개는 12,000원이고 닭날개 4개는 6,000원이다",c
dev_1939.jpg,dev/dev_1939.jpg,HAKUTSURU Nigori Ume-shu의 가격은 얼마인가요?,?980（??）,"?2,000（??）","?1,188（??）","?1,500（??）",c
dev_1943.jpg,dev/dev_1943.jpg,이미지 속 건물의 6층에 위치한 법무법인의 이름은 무엇인가요?,딥오토,이밀음치과,수안,새명,c
dev_1945.jpg,dev/dev_1945.jpg,이 사진 속 두유 제품의 용량은 얼마인가요?,1 L,1.5 L,950 mL,500 mL,c
dev_1947.jpg,dev/dev_1947.jpg,포스터에 적힌 '오시온이'의 생일은 언제인가요?,5월 11일,5월 1일,6월 5일,11월 5일,a
dev_1949.jpg,dev/dev_1949.jpg,사진 속 소고기미역국 제품에 적힌 문구 중 '재료가 살아있는' 다음에 나오는 단어는 무엇인가요?,소고기미역국,부드러운 소고기와 국산 미역이 듬뿍,양반,맛이 산다,a
dev_1952.jpg,dev/dev_1952.jpg,이미지에 보이는 간판 중 'Queen'이라는 글자가 적혀 있는 간판의 아래쪽에 적힌 문구는 무엇인가요?,CLASS,MEMBERSHIP,일반 소식점,방송제작사,b
dev_1954.jpg,dev/dev_1954.jpg,이 편의점 출입문에 적혀 있는 문구는 무엇인가요?,Nice to CU,CU 편의점,Welcome to CU,출입문은 오른쪽에 있습니다,a
dev_1955.jpg,dev/dev_1955.jpg,청소년상담 1388 전화번호는 무엇인가요?,1588-6953,033-433-1386,1388,010-6879-0390,c
dev_1956.jpg,dev/dev_1956.jpg,사진 속에서 '바삭한치즈핫도그'의 가격은 얼마인가요?,"1,900원","2,500원","2,000원","2,700원",c
dev_1957.jpg,dev/dev_1957.jpg,수배 고양이 중 '포그 할머니' 고양이의 특징은 무엇인가요?,가끔 친한 사람 어깨에 올라감,사람 나이 추정 80세,사람 나이 추정 5세,사료에 똥 쌈,b
dev_1958.jpg,dev/dev_1958.jpg,이 건물의 경매 공고에 따르면 건물의 면적은 얼마인가요?,555평,422평,600평,300평,a
dev_1959.jpg,dev/dev_1959.jpg,사진 속 안내문에 적힌 내용은 무엇인가요?,수심이 깊어 위험하므로 접근을 금지합니다.,낚시를 금지합니다.,물놀이 금지 구역입니다.,이곳에서 수영할 수 없습니다.,a
dev_1960.jpg,dev/dev_1960.jpg,"간병료 안내문에 따르면, 24시간 이상 상주하는 간병인의 하루 간병료가 130,000원인 환자 구분은 무엇인가요?","스스로 거동 가능, 기저귀","사지마비, 격리병실","전신마비, 중증 환자","편마비, 하지마비, 치매, 섬망, 발작안잠, 감염, 피부병, 장루",a
dev_1961.jpg,dev/dev_1961.jpg,이 AED(자동 심장 충격기) 보관함에 적힌 긴급 상황에서만 사용해야 하는 전화번호는 무엇인가요?,1339,119,112,1544-3112,b
dev_1962.jpg,dev/dev_1962.jpg,이 글에서 신경과학자 노라 볼코프와 동료들이 밝힌 사실은 무엇인가요?,약물 사용을 멈춘 지 1주일 후에도 뇌는 정상 상태로 돌아온다.,신경전달물질은 약물 사용과 무관하게 항상 일정하게 활성화된다.,도파민이 부족하면 기억력이 향상된다.,도파민 물질에 오랫동안 과하게 기댈 경우 뇌가 도파민 부족 상태에 이른다.,d
dev_1965.jpg,dev/dev_1965.jpg,이 건물에 입주해 있는 법무법인 중에서 8층에 위치한 법무법인의 이름은 무엇인가요?,DeepAuto,새명,AI,수안,b
dev_1966.jpg,dev/dev_1966.jpg,이 라면 소스 포장지에 적힌 제품명은 무엇인가요?,카레볶음면 소스,매운불닭볶음면,카레크림볶음면,카레크림볶음면 크림분말스프,d
dev_1967.jpg,dev/dev_1967.jpg,사진 속 음료 코너 냉장고에 적혀 있는 행사 내용은 무엇인가요?,2+1,1+1,4+1,3+1,a
dev_1968.jpg,dev/dev_1968.jpg,이 사진 속에 보이는 초록색 광고판에 적힌 제품 이름은 무엇인가요?,스파키친 TV,WEGO,사론파스,카츠바,c
dev_1969.jpg,dev/dev_1969.jpg,이미지에 따르면 간호조무사의 본인부담금은 얼마인가요?,"월 532,670원","월 50,000원","월 116,000원","월 38,000원",b
dev_1970.jpg,dev/dev_1970.jpg,메뉴판에 따르면 '튀링어 브랏부어스트'의 가격은 얼마인가요?,"17,500","19,000","16,500","23,000",c
dev_1972.jpg,dev/dev_1972.jpg,사진 속 창문에 적힌 전화번호는 무엇인가요?,737 7028,010 1234 5678,123 4567,725 4752,d
dev_1974.jpg,dev/dev_1974.jpg,이 안내문에 적힌 문구 중 일본어로 무엇이라고 적혀 있나요?,こんにちは東京へ,ようこそ東京へ,さようなら東京へ,ようこそ大阪へ,b
dev_1976.jpg,dev/dev_1976.jpg,산림청이 선정한 '2012 한국의 가로수길 62선'에 포함된 인동 도시숲 '대왕참나무 가로수길'에서 보통 걸음으로 걷는 시간은 얼마인가요?,약 90분,약 30분,약 45분,약 60분,c
dev_1977.jpg,dev/dev_1977.jpg,이 장소에 관한 설명으로 옳은 것은 무엇인가요?,해랑전망대는 도째비골과 관련이 없다,스카이밸리 해랑전망대 도째비골,스카이밸리는 매일 휴장한다,도째비골은 해랑전망대에서 멀리 떨어져 있다,b
dev_1978.jpg,dev/dev_1978.jpg,세 개의 액자에 적힌 문구 중 두 번째 액자에 적힌 문구는 무엇인가요?,LOOK TO TOMORROW,LIVE FOR TODAY,LEARN FROM YESTERDAY,LIVE FOR YESTERDAY,b
dev_1980.jpg,dev/dev_1980.jpg,이미지 상단에 표시된 노래 제목은 무엇인가요?,LOVE DAY,FOREVER LOVE,LOVE SONG,HAPPY DAY,a
dev_1982.jpg,dev/dev_1982.jpg,도향식당에서 전문으로 하는 음식은 무엇인가요?,된장찌개,닭도리탕,동태찌개,김치찌개,c
dev_1983.jpg,dev/dev_1983.jpg,김유정문학촌은 이 사진 속 표지판에서 어느 방향으로 얼마나 떨어져 있다고 안내하고 있나요?,오른쪽으로 60m,왼쪽으로 400m,오른쪽으로 400m,왼쪽으로 300m,b
dev_1985.jpg,dev/dev_1985.jpg,사진 속 간판에 적힌 음식점 이름은 무엇인가요?,타이짬뽕,인동인력,삼정식당,한식당,a
dev_1986.jpg,dev/dev_1986.jpg,이미지에 보이는 1154번 버스의 출발지와 도착지는 어디인가요?,민락동차고지 ↔ 동대문,수락리버시티2차경로,하계동 ↔ 신곡동,낙양동공영차고지 ↔ 노원역9번출구,c
dev_1988.jpg,dev/dev_1988.jpg,마우스 패드에 적힌 문구 중 올바른 것은 무엇인가요?,Let's Run Together!,Let's Grow Forever!,Let's Grow Apart!,Let's Grow Together!,d
dev_1989.jpg,dev/dev_1989.jpg,카페 메뉴판에 적힌 아인슈페너의 가격은 얼마인가요?,6.0,4.5,6.8,5.0,c
dev_1992.jpg,dev/dev_1992.jpg,이 건물에 있는 병원 이름은 무엇인가요?,법무법인 새명,새명 성형외과,주안 6F,리앤웰성형외과의원,d
dev_1997.jpg,dev/dev_1997.jpg,이 병들에 붙어 있는 라벨에 공통적으로 적혀 있는 단어는 무엇인가요?,베이스,Accord Base,100ml,카카오 베이스,b
dev_1998.jpg,dev/dev_1998.jpg,이 도로에서 보이는 표지판에 적힌 내용은 무엇인가요?,어린이 보호,과속 단속 카메라,주차 금지,자전거 전용 도로,a
dev_2001.jpg,dev/dev_2001.jpg,이 버스 정류장 표지판에 적힌 버스 이름은 무엇인가요?,장기역 앞 버스,나가사키 관광버스,나가사키 로프웨이 버스,나가사키 시내버스,c
dev_2002.jpg,dev/dev_2002.jpg,이 거리의 간판 중에서 '김밥천국' 간판이 붙어 있는 건물은 몇 층 건물인가요?,1층,3층,2층,4층,b
dev_2006.jpg,dev/dev_2006.jpg,"이 장소에서 금연구역임을 알리는 표지판에 따르면, 금연구역은 어디부터 어디까지를 의미하나요?",계단 앞부터 5m 이내,계단 앞부터 10m 이내,전철출입문 출발점부터 5m 이내,전철출입문 출발점부터 10m 이내,d
dev_2007.jpg,dev/dev_2007.jpg,이 제품의 이름은 무엇인가요?,소나무 협탁,그림샤르보 보조테이블,이케아 원목 테이블,보조 원형 탁자,b
dev_2008.jpg,dev/dev_2008.jpg,'집착헤어팩' 대용량 듀오 한정 기획 제품에 포함된 제품의 용량은 각각 얼마인가요?,250ml + 250ml,150ml + 350ml,200ml + 300ml,320ml + 320ml,d
dev_2009.jpg,dev/dev_2009.jpg,사진 속 우유빵 말랑이의 판매 가격은 얼마인가요?,3000원,2000원,1500원,2500원,d
dev_2012.jpg,dev/dev_2012.jpg,'비비고 진한 삼계탕'의 800g 제품 2개를 구매할 때 추가 할인 금액은 얼마인가요?,"4,480원","5,680원",600원,"2,000원",c
dev_2014.jpg,dev/dev_2014.jpg,자동차야영장 41~60㎡ 구역의 주중 사용료는 얼마인가요?,"19,000원","55,000원","70,000원","15,000원",d
dev_2015.jpg,dev/dev_2015.jpg,이 식당의 오전 운영 시간은 언제부터 언제까지인가요?,08:00 ~ 09:00,07:00 ~ 08:00,06:30 ~ 07:30,06:50 ~ 07:50,d
dev_2016.jpg,dev/dev_2016.jpg,사진 속 건물의 2층에 있는 간판에 적힌 내용은 무엇인가요?,한약국,PC방 치킨 전문점,치킨 약국,노래방 PC방,c
dev_2019.jpg,dev/dev_2019.jpg,왼쪽 티셔츠에 적힌 문구는 무엇인가요?,I want whisky,I want water,I want tea,I want coffee,d
dev_2022.jpg,dev/dev_2022.jpg,이 표지판에 표시된 지하철 노선 중 '마루노우치선'의 색상은 무엇인가요?,초록색,보라색,빨간색,파란색,c
dev_2025.jpg,dev/dev_2025.jpg,이 건물 4층에 위치한 공간의 이름은 무엇인가요?,컴포즈 커피,EM 영어전문학원,어반피크닉 워터파티룸,미르 24 스터디 카페,c
dev_2026.jpg,dev/dev_2026.jpg,이미지 속 현수막에 적힌 연락처 번호는 무엇인가요?,010-5207-5007,010-5700-5270,010-5007-5207,010-7502-7005,c
dev_2027.jpg,dev/dev_2027.jpg,joyparty 대전점에서 제공하지 않는 서비스는 무엇인가요?,탁구용품,크리스마스용품,케이터링,파티용품,a
dev_2031.jpg,dev/dev_2031.jpg,위 이미지에 보이는 간판 중 3층에 위치한 병원 이름은 무엇인가요?,이민응치과,HPN-K,알앤비성형외과,문구생활 편의점,c
dev_2033.jpg,dev/dev_2033.jpg,이 거리에서 볼 수 있는 가게 간판 중 '元??司'는 어떤 종류의 음식을 판매하는 가게인가요?,라멘 가게,치킨 가게,카레 가게,스시(초밥) 가게,d
dev_2035.jpg,dev/dev_2035.jpg,이 버스 정류장 안내 전광판에 '마을 700' 버스가 도착하는 데 걸리는 시간은 얼마입니까?,10분,30분,5분,18분,d
dev_2036.jpg,dev/dev_2036.jpg,"광역전철노선도에 따르면, 1호선의 종착역 중 하나가 아닌 것은?",신창,오이도,용산,인천,b
dev_2038.jpg,dev/dev_2038.jpg,이 세탁소의 '신사복(상)' 드라이 비용은 얼마인가요?,"7,000원","4,000원","5,000원","10,000원",c
dev_2040.jpg,dev/dev_2040.jpg,사진 속 가게 'WINE25 Bar'에서 찾아볼 수 없는 와인은 어디에서 주문하라고 안내하고 있나요?,우리동네GS 앱의 와인25+,가게 안에서 직접 주문,근처 마트에서,가게 옆 치킨집에서,a
dev_2041.jpg,dev/dev_2041.jpg,전시된 인물 권섭(Kwon Seop)은 어느 시대에 활동한 학자인가요?,조선 후기,삼국 시대,고려 시대,현대,a
dev_2042.jpg,dev/dev_2042.jpg,성심당 롯데점에서만 판매하는 시그니처 메뉴 중 가격이 가장 비싼 것은 무엇인가요?,연어크로와상 샌드위치,애플바질잡봉,고기한쌈 샌드위치,바스크 치즈케익,d
dev_2045.jpg,dev/dev_2045.jpg,이 사진에서 보이는 파란색 도로 표지판에 적힌 도로 이름은 무엇인가요?,계룡로 66번,계룡로 66길,계룡로 66번길 1→52,계룡로 66번길,d
dev_2050.jpg,dev/dev_2050.jpg,이 도로 표지판에 적힌 문구 중 '주정차 금지' 구역에 대한 설명으로 옳은 것은 무엇인가요?,여기는 주정차 가능 구역입니다.,여기는 24시간 주정차 금지 구역입니다.,여기는 주말에만 주정차 금지 구역입니다.,여기는 평일 오전 9시부터 오후 6시까지 주차 가능 구역입니다.,b
dev_2051.jpg,dev/dev_2051.jpg,사진 속 화면에 소개된 'LENTO'는 어떤 종류의 플랫폼인가요?,음악 스트리밍 플랫폼,소셜 미디어 플랫폼,AI 멘탈케어 플랫폼,온라인 쇼핑 플랫폼,c
dev_2054.jpg,dev/dev_2054.jpg,이 카페에서 주문한 음료를 찾을 때 사용하는 번호 중 하나가 아닌 것은 무엇인가요?,6411,257,1234,7726,c
dev_2059.jpg,dev/dev_2059.jpg,사진 속 꿀 제품의 브랜드명은 무엇인가요?,CANADA NO.1,PURE LIQUID,KIRKLAND,HONEY MIKE,c
dev_2061.jpg,dev/dev_2061.jpg,이 건물 2층에 임대 가능한 공간은 몇 평인가요?,30평,50평,40평,60평,c
dev_2064.jpg,dev/dev_2064.jpg,이 이미지에 보이는 '부산의 맛' 스티커에는 어떤 연도가 포함되어 있나요?,"2023, 2025, 2026","2024, 2025, 2026","2022, 2023, 2024","2023, 2024, 2025",d
dev_2066.jpg,dev/dev_2066.jpg,2024년 3월부터 11월까지 열리는 음악 공연의 이름은 무엇인가요?,한국을 그리다,The Romances,토요국악,Jujon & India Recital,c
dev_2067.jpg,dev/dev_2067.jpg,이 건물에 위치한 공인중개사 사무소 이름은 무엇인가요?,대전정보처리학원,DFC,유학네트,리더스,d
dev_2068.jpg,dev/dev_2068.jpg,다음 중 '우리가 하는 일들'에서 AI 변화 촉진을 위해 지원하는 활동이 아닌 것은 무엇인가요?,AI 교육 콘텐츠 개발,사내 해커톤 및 공모전 시행,경영진 맞춤형 교육 지원,차세대 제조 AI 구현을 위한 핵심 기술 탐색,d
dev_2069.jpg,dev/dev_2069.jpg,이 부스에서 제공하는 플랫폼의 이름은 무엇인가요?,L4 HC System,AROUND,Naval Training Simulator,Smart City Platform,b
dev_2072.jpg,dev/dev_2072.jpg,이 매대에서 판매하는 상품과 관련된 만화 캐릭터는 누구인가요?,짱구는 못말려,포켓몬스터,명탐정 코난,원피스,c
dev_2073.jpg,dev/dev_2073.jpg,이 노선도에서 '후쿠오카(텐진)' 역의 역번호는 무엇인가요?,T 05,T 10,T 01,T 13,c
dev_2074.jpg,dev/dev_2074.jpg,삼성청년SW·AI아카데미(SSAFY)에서 안내하는 모집 프로세스에 포함되지 않는 단계는 무엇인가요?,인터뷰,최종 합격자 발표,지원서 접수,SSAFY 적성진단,b
dev_2077.jpg,dev/dev_2077.jpg,이 텐트에 걸린 현수막에 적힌 문구는 무엇인가요?,발렌타인데이 이벤트,초콜릿 50% 할인,밸런타인 초콜릿 할인,취향대로 발렌타인,d
dev_2081.jpg,dev/dev_2081.jpg,"이 건물 안내판에 따르면, B2층에 입점해 있지 않은 업종은 무엇인가요?",글로벌 카페,캐주얼 셀렉다이닝,트렌디한 맛집들,골프 아카데미,a
dev_2083.jpg,dev/dev_2083.jpg,이미지 속 시 '매미'에서 매미가 울 때 하지 않는 행동은 무엇인가요?,음악을 크게 틀라고 운다,담배 피우지 말라고 울고,전화를 매달려 일찍 오라고 울고,화장실 불을 끄고 다니라고 운다,a
dev_2087.jpg,dev/dev_2087.jpg,왼쪽에서 두 번째 책 표지에 적혀 있는 영어 문구는 무엇인가요?,우리는 서로를 모른다,We do not know each other,Good-natured eyes underneath the waves,남김없이 서로 나눔,c
dev_2088.jpg,dev/dev_2088.jpg,이 건물에 위치한 세무법인 '한율'의 전화번호는 무엇인가요?,3452-2323,3324-2323,3523-2345,3452-1234,a
dev_2089.jpg,dev/dev_2089.jpg,오른쪽 초록색 병에 적힌 술 이름은 무엇인가요?,百年老酒,北京二??酒,孔府家酒,???酒,b
dev_2092.jpg,dev/dev_2092.jpg,사진 속 상자 중 '熱海?泉'이 적혀 있는 제품은 무엇인가요?,伊豆みかん,たかはし,熱海?泉 湯まんじゅう,Langue de chat,c
dev_2093.jpg,dev/dev_2093.jpg,사진 속 건물 출입문에 적혀 있는 체육/교육시설 중 '무용실'의 영어 표기는 무엇인가요?,Dancing Room,Exercise Room,Seminar Room,Gym,a
dev_2094.jpg,dev/dev_2094.jpg,샹츠마라라는 이름의 의미는 무엇인가요?,'먹고 싶다'라는 뜻입니다.,'행복한 집'이라는 뜻입니다.,'매운 맛'이라는 뜻입니다.,'프리미엄 고시원'이라는 뜻입니다.,a
dev_2097.jpg,dev/dev_2097.jpg,이 모니터의 사용자 번호는 무엇인가요?,S32D600E,202-21,OULKHNBXC00039M,A10201140A,b
dev_2098.jpg,dev/dev_2098.jpg,노루목에서 표시된 다음 목적지 중 거리가 가장 먼 곳은 어디인가요?,삼도봉 1.0km,천왕봉 21.0km,반야봉 5.6km,노고단고개 4.5km,b
dev_2099.jpg,dev/dev_2099.jpg,이 축제의 이름은 무엇인가요?,ACCESS,ACCESSION FESTIVAL,ACCESSION,ACCESSIO,d
dev_2101.jpg,dev/dev_2101.jpg,숫자 초 & 하트 초의 가격은 얼마인가요?,"￦2,000","￦3,000","￦1,500",￦900,d
dev_2103.jpg,dev/dev_2103.jpg,이 건물의 상호명은 무엇인가요?,福岡 ?司屋 住吉店,福岡 海鮮? 住吉店,福岡 ?屋 住吉通店,福岡 ?丸 住吉通店,d
dev_2106.jpg,dev/dev_2106.jpg,이미지에 보이는 '골프존 파크' 간판에 적혀 있는 전화번호는 무엇인가요?,041)555-5738,041)555-4321,041)555-1234,041)555-6789,a
dev_2107.jpg,dev/dev_2107.jpg,다음 중 이미지에 있는 책 제목에 포함된 단어가 아닌 것은 무엇인가요?,기초,중급,토마토 토익,700,a
dev_2112.jpg,dev/dev_2112.jpg,"사진 속 책 중 '끝까지 해 보자, 때밀이 장갑!'이라는 제목의 책은 어떤 색상인가요?",노란색,파란색,분홍색,초록색,a
dev_2113.jpg,dev/dev_2113.jpg,델피 맥주 한 병의 가격은 얼마인가요?,"1병 8,000원","3병 20,000원","1병 10,000원","3병 15,000원",a
dev_2114.jpg,dev/dev_2114.jpg,이 사진에 보이는 상점 이름 중 올바른 것은 무엇인가요?,부평깡통시장,언양불고기,만복구산,만복의류,b
dev_2116.jpg,dev/dev_2116.jpg,이 건물에 있는 '함께하는 치과의원'은 몇 층에 위치해 있나요?,1층,2층,3층,4층,c
dev_2117.jpg,dev/dev_2117.jpg,이 핸드크림 제품에 포함된 성분이 아닌 것은 무엇인가요?,꿀 추출물,아르간커넬오일,알로에베라추출물,세라마이드엔피,c
dev_2119.jpg,dev/dev_2119.jpg,사진 속 골프채에 적힌 모델명은 무엇인가요?,X600,X900,X800,X700,b
dev_2120.jpg,dev/dev_2120.jpg,"사진 속 책에 적힌 글에 따르면, 브루투스가 시저에 대항해 일어난 이유는 무엇인가요?",로마를 더 사랑했기 때문에,모두가 노예로 살기 원했기 때문에,시저가 죽고 모두가 자유인으로 살기 바랐기 때문에,시저를 덜 사랑했기 때문에,a
dev_2121.jpg,dev/dev_2121.jpg,이 건물의 13층에 위치한 병원은 무엇인가요?,사람사랑치과의원,RESLIM의원,아티크의원,나세르의원,a
dev_2133.jpg,dev/dev_2133.jpg,이 가게에서 제공하지 않는 서비스는 무엇인가요?,데이터 복구 전문점,"아이폰, 아이패드 수리",컴퓨터 수리,중고폰 매입·판매,c
dev_2137.jpg,dev/dev_2137.jpg,이 카페의 간판에 적힌 상호명은 무엇인가요?,WESTAN TEA.,EASTAN COFFEE.,WESTAN COFFEE.,WESTERN COFFEE.,c
dev_2138.jpg,dev/dev_2138.jpg,사진에 나온 일본 지도의 '根室'는 무엇을 나타내나요?,일본의 서쪽 끝 도시,일본의 북쪽 끝 도시,일본의 동쪽 끝 도시,일본의 남쪽 끝 도시,c
dev_2139.jpg,dev/dev_2139.jpg,이 사진 속에 있는 간판 중 'Hard Rock CAFE'가 위치한 곳은 어디인가요?,Hard Rock CAFE,ROCK SHOP,Coca-Cola,CITYWALK OSAKA,d
dev_2140.jpg,dev/dev_2140.jpg,이미지에 보이는 'ドン?キホ?テ'는 어떤 종류의 매장인가요?,할인 매장,고급 백화점,서점,전자제품 전문점,a
dev_2141.jpg,dev/dev_2141.jpg,사진 속 빨간 상자에 적힌 비타민 C의 1일 섭취량은 얼마인가요?,5 kcal,1 g,"1,060 mg","1,000 mg",c
dev_2142.jpg,dev/dev_2142.jpg,아래 아이스크림 종류 중 이미지에 없는 크림은 무엇인가요?,초코 크림,망고 크림,밀크 크림,바닐라 크림,d
dev_2145.jpg,dev/dev_2145.jpg,건물 외벽에 있는 간판 중에서 PC 카페라고 적힌 간판의 글씨 색깔은 무엇인가요?,파란색 글씨에 흰 배경,노란색 글씨에 검은 배경,검은색 글씨에 노란 배경,흰색 글씨에 검은 배경,b
dev_2146.jpg,dev/dev_2146.jpg,국민생활관 9월 접수 안내에서 수영 강습 성인 강습료는 얼마인가요?,"39,000원","30,000원","48,000원","62,000원",d
dev_2147.jpg,dev/dev_2147.jpg,왼쪽 용기에 적힌 제품의 주요 성분 중 하나는 무엇인가요?,Hyaluronic Acid,Petroleum Jelly,Aloe Vera,Vitamin C,b
dev_2149.jpg,dev/dev_2149.jpg,사진 속 봉지면 제품에 적힌 맛의 특징 중 하나가 아닌 것은 무엇입니까?,매콤 새콤,시원 달달,달콤 짭짤,매콤 고소,c
dev_2151.jpg,dev/dev_2151.jpg,이 식당 '누리네'에서 제공하는 메뉴 중에 없는 것은 무엇인가요?,계절생선 매운탕,병어조림 갈치조림,자연산 막회,돼지고기 김치찜,d
dev_2153.jpg,dev/dev_2153.jpg,이 작업대 위에 놓인 도구 상자에 적힌 문구는 무엇인가요?,FIX LAMP,CLEANER,ASSEMBLY GUIDE,REPAIR KIT,c
dev_2156.jpg,dev/dev_2156.jpg,사진 속 Dr.Melaxin 제품 중 '닥터 멜락신 TX 잡티 클리어 앰플'의 가격은 얼마인가요?,"25,000원","24,900원","28,000원","27,900원",b
dev_2162.jpg,dev/dev_2162.jpg,이 퍼즐의 가격표에 적힌 금액은 얼마인가요?,"?10,000","?5,000","?7,500","?6,050",d
dev_2166.jpg,dev/dev_2166.jpg,중간에 있는 용기 위에 적힌 숫자와 단위는 무엇인가요?,"99,000 × 5kg","70,000 × 4kg","50,000 × 3kg","80,000 × 6kg",a
dev_2167.jpg,dev/dev_2167.jpg,사진 속 안내판에 적힌 공원의 이름은 무엇인가요?,수원시청,차색공원,원천호수,광교호수,b
dev_2168.jpg,dev/dev_2168.jpg,사진 속 에너지바 포장지에 적힌 브랜드명은 무엇인가요?,토이스토리,포스트,컴포즈커피,미니 에너지바,b
dev_2169.jpg,dev/dev_2169.jpg,포카리스웨트 캔 음료의 가격은 얼마인가요?,1000원,1700원,1400원,1200원,a
dev_2173.jpg,dev/dev_2173.jpg,쿠시로 메뉴에 없는 음식은 무엇인가요?,스시,칠리치킨,계란말이,닭껍질튀김,a
dev_2174.jpg,dev/dev_2174.jpg,이미지에 적힌 SIDIZ A/S센터 전화번호는 무엇인가요?,02-443-9999,1899-3176,1577-5674,1588-1244,c
dev_2175.jpg,dev/dev_2175.jpg,'fruta' 가게 간판 아래에는 어떤 문구가 적혀 있나요?,"과일의 맛, 프루타",프루타 과일 전문점,"과일에 반하다, 프루타","신선한 과일, 프루타",c
dev_2177.jpg,dev/dev_2177.jpg,화장실에 들어가기 위해 사용하는 비밀번호는 무엇인가요?,"남자 3000*, 여자 2000*","남자 2000*, 여자 1000*","남자 2000*, 여자 3000*","남자 1000*, 여자 3000*",c
dev_2179.jpg,dev/dev_2179.jpg,07월 08일 수요일 A. 한식 메뉴 중에 포함되지 않은 음식은 무엇인가요?,오징어김치전,죽통어묵볶음,돼지고기카레라이스,왕만두,c
dev_2180.jpg,dev/dev_2180.jpg,프링글스 양파맛 110g 한 개의 가격은 얼마입니까?,"5,000원","7,000원","1,750원","3,500원",d
dev_2181.jpg,dev/dev_2181.jpg,사진 속에 적힌 '24 HOUR VIDEO SURVEILLANCE' 문구의 의미는 무엇인가요?,24시간 동안 비디오를 판매한다,24시간 동안 비디오를 대여한다,24시간 동안 비디오 촬영을 허용한다,24시간 동안 비디오 감시를 한다,d
dev_2185.jpg,dev/dev_2185.jpg,RayNeo AR 스마트 글래스와 관련된 설명으로 옳은 것은 무엇인가요?,내 휴대폰을 연결하여 체험해 보세요!,자외선 차단 코팅 렌즈 탑재,지능형 블루투스 스마트 안경,Alnoon 스마트 안경 입고 지금 체험 가능,a
dev_2188.jpg,dev/dev_2188.jpg,이미지에 있는 'SEASONAL SPECIAL SHAKE' 메뉴에 포함된 과일은 무엇인가요?,Lychee,Durian,Mango,Strawberry,b
dev_2190.jpg,dev/dev_2190.jpg,SSAFY 共 : ZONE 이용 수칙 중 식사 중에 지켜야 할 사항은 무엇인가요?,대화 금지 (조용히 식사하기),대화 허용 (자유롭게 이야기하기),"대화 금지 (다음 사람을 위해, 짧게 식사 마무리)",대화 금지 (음식만 먹기),c
dev_2192.jpg,dev/dev_2192.jpg,사진 속 메뉴 중 'MD's Pick'으로 표시된 음식은 무엇인가요?,오리지널 불고기,NEW 경양식 함박스테이크,치킨 윙,바베큐 대왕통다리,d
dev_2194.jpg,dev/dev_2194.jpg,일어일문학과 세미나실의 점심시간은 언제인가요?,11:00~12:00,점심시간 없음,13:00~14:00,12:00~13:00,d
dev_2200.jpg,dev/dev_2200.jpg,사진 속 과자의 종류 중 '화이트하임'에는 어떤 크림이 들어있나요?,헤이즐넛 크림,초코 크림,딸기 크림,바닐라 크림,a
dev_2202.jpg,dev/dev_2202.jpg,이미지에 적힌 문장에서 붉은색으로 표시된 글자는 무엇인가요?,ん つ み た ら,ろ ん ら し ほ,れ は て ば う,ち し た ほ れ,c
dev_2203.jpg,dev/dev_2203.jpg,이 배너에서 모집하는 아카데미의 이름은 무엇인가요?,삼성청년 AI 아카데미 SSAFY,삼성청년 SW 아카데미 SSAFY,삼성청년 SW·AI 아카데미 SSAFY,삼성SW 아카데미 SSAFY,c
dev_2204.jpg,dev/dev_2204.jpg,케버렌 하우스에서 판매하는 타르트 종류 중 '솔티카라멜'의 영어 표기는 무엇인가요?,Salted Caramel,Chestnut Tiramisu,Earl Grey,Ganache,a
dev_2205.jpg,dev/dev_2205.jpg,"이 도로 표지판에 따르면, 속사(Soksa) 방향으로 가려면 얼마나 더 가야 합니까?",150km,1.5km,15km,150m,d
dev_2206.jpg,dev/dev_2206.jpg,다음 중 이미지 속 책 제목이 아닌 것은 무엇인가요?,주식 투자의 뿌리,ETF 투자의 모든 것,최강록의 요리 노트,경제학의 이해,d
dev_2209.jpg,dev/dev_2209.jpg,이 사진에 진열된 제품의 브랜드 이름은 무엇인가요?,헬로버블,미장센,아모레퍼시픽,로레알,b
dev_2213.jpg,dev/dev_2213.jpg,이 식당에서 쪽갈비 100g의 가격은 얼마인가요?,"15,000원","5,000원","10,000원","12,000원",b
dev_2215.jpg,dev/dev_2215.jpg,건물 외벽에 있는 '애플꼬마김밥 PLUS' 가게의 간판에 그려진 이미지에 포함된 것은 무엇인가요?,산과 구름,핸드폰,꽃이 달린 꼬마김밥,사과와 김밥,d
dev_2216.jpg,dev/dev_2216.jpg,이 카페에서 메뉴판에 적힌 '온 클라우드 나인'의 가격은 얼마인가요?,5.5,8.0,6.5,7.0,d
dev_2218.jpg,dev/dev_2218.jpg,이 매장 진열대에 적혀 있는 쿠션 패키지에 적힌 영어 단어는 무엇인가요?,Mattress,Pillow,Chair,Cushion,d
dev_2220.jpg,dev/dev_2220.jpg,사진 속 상품 중 '직사각 도마'의 가격은 얼마인가요?,"3,000원","5,000원","1,000원","2,000원",d
dev_2223.jpg,dev/dev_2223.jpg,이 건물에 위치한 식당이나 가게 이름이 아닌 것은 무엇인가요?,놀란치킨,조양관,nollan,고등어,d
dev_2224.jpg,dev/dev_2224.jpg,이 제품의 정격 소비전력은 얼마인가요?,220 V,60 Hz,1600 W,1588-3366,c
dev_2225.jpg,dev/dev_2225.jpg,이곳에 무단 주차 시 부과될 수 있는 손해배상 또는 부당이득 반환 청구 금액은 얼마인가요?,10만원 상당,5만원 상당,1만원 상당,3만원 상당,b
dev_2226.jpg,dev/dev_2226.jpg,이 표지판에 적힌 '수직정원'의 영어 표현은 무엇인가요?,"Vertical Garden, Patrick Blanc","Vertical Garden, Patric Blanc","Vertical Park, Patric Blanc","Vertical Garden, Patrick Blank",b
dev_2227.jpg,dev/dev_2227.jpg,이미지에 따르면 '승읍혈'은 얼굴의 어느 부위에 위치해 있나요?,입과 턱 끝 중앙에 위치한 자리,눈의 안쪽에 위치한 자리,눈의 바깥쪽 양쪽에 위치한 자리,"눈동자와 콧끝의 연장선이 이어지는 부분, 광대뼈 바로 밑",d
dev_2229.jpg,dev/dev_2229.jpg,이 식당에서 판매하는 메뉴 중에 없는 것은 무엇인가요?,손수제비,김치찌개,잔치국수,비빔국수,b
dev_2230.jpg,dev/dev_2230.jpg,2026 AI 디지털 배움터에서 화요일과 목요일에 배우는 내용은 무엇인가요?,"AI 교육 생성형 AI, 노트북 LM, 젬스, 지피티스, 바이브코딩","스마트폰 생활(중급) 영상 편집, 유튜브",매일 9:30 ~ 11:30 수업 진행,스마트폰 생활(초급) 생활 앱,d
dev_2232.jpg,dev/dev_2232.jpg,이 이미지에서 '오레오' 제품은 몇 가지 종류가 보이나요?,1가지,3가지,2가지,4가지,d
dev_2233.jpg,dev/dev_2233.jpg,이 야구 경기 점수판에서 두산 베어스가 8회까지 얻은 점수는 몇 점인가요?,8점,6점,3점,5점,b
dev_2234.jpg,dev/dev_2234.jpg,이 가게의 간판에 적힌 가게 이름은 무엇인가요?,turtlehip cake house,ADORE YOU,love is you come to turtlehip house everyday,Eat More coffee & cake,a
dev_2236.jpg,dev/dev_2236.jpg,"이 선반에 쌓여 있는 햇반 컵밥 중에서 '현미, 흑미, 보리를 넣은 잡곡밥'은 어떤 색상의 뚜껑을 가지고 있나요?",흰색,노란색,보라색,분홍색,d
dev_2237.jpg,dev/dev_2237.jpg,이 문구에서 입주 후 제거해야 하는 것은 무엇인가요?,입주 후 보호필름,벽지,입주 전 보호필름,바닥 타일,a
dev_2238.jpg,dev/dev_2238.jpg,이 건물 2층에 위치한 업소의 이름은 무엇인가요?,법무사 노무사 세무사,하남 돼지집,주차금지,SAINT BAR,d
dev_2239.jpg,dev/dev_2239.jpg,사진 속 '원조 조어묵집'에서 판매하는 음식이 아닌 것은 무엇인가요?,떡볶이,활어회,튀김,수제 어묵,b
dev_2240.jpg,dev/dev_2240.jpg,이 사진 속 피자 제품 중 'Ristorante' 브랜드의 'PIZZA QUATTRO FORMAGGI' 피자의 무게는 얼마인가요?,300g,355g,400g,340g,d
dev_2241.jpg,dev/dev_2241.jpg,이 사진에서 'くすり'라고 적혀 있는 간판은 무엇을 의미하나요?,약국,서점,식당,은행,a
dev_2242.jpg,dev/dev_2242.jpg,건물에 있는 간판 중 '하이위드 학원' 간판은 어떤 용도의 장소인가요?,휴대폰 매장,학원,카페,헤어샵,b
dev_2245.jpg,dev/dev_2245.jpg,전화 부스 문에 적힌 문구 중 두 사람이 기다리는 장소에 대해 어떤 내용이 있나요?,이 자리에 서서 기다리고 있겠습니다.,이 자리에 멈춰서 이야기합시다.,이 자리에서 기다리고 있겠습니다.,이 자리로 빨리 와주세요.,c
dev_2246.jpg,dev/dev_2246.jpg,"사진 속 샌드위치 메뉴 중 가격이 7,600원인 메뉴는 무엇인가요?",칠리 스테이크 파니니,베이컨 치킨마요 파니니,햄&레드페퍼 바게트 샌드위치,치킨 마요 파니니,a
dev_2247.jpg,dev/dev_2247.jpg,이 버스 정류장에서 다음에 도착하는 8155번 버스의 도착 예정 시간은 얼마입니까?,3분,다음 62분,29분,다음 10분,d
dev_2248.jpg,dev/dev_2248.jpg,이 도로 표지판에서 '성산로' 방향으로 가면 어디로 갈 수 있나요?,여천초등학교,시청,역사관,화장지구,d
dev_2249.jpg,dev/dev_2249.jpg,이 가게에서 'DIRTY COCOA' 메뉴는 무엇과 함께 제공된다고 적혀 있나요?,HOT TEA와 함께,COLD COFFEE와 함께,SOFT ICE CREAM과 함께,FRESH MILK와 함께,c
dev_2251.jpg,dev/dev_2251.jpg,베테랑 미술학원 광주캠퍼스 작품전시회의 기간은 언제부터 언제까지인가요?,2025.6.1 ~ 2025.6.30,2024.8.1 ~ 2024.8.30,2023.7.1 ~ 2023.7.30,2026.7.1 ~ 2026.7.30,d
dev_2253.jpg,dev/dev_2253.jpg,사진 속 '센트룸 에너지 B' 제품에 포함된 주요 영양성분은 무엇인가요?,"비타민B군8종, C, E, 미네랄","비타민B12, 마그네슘, 구리","비타민A, 베타카로틴, 비타민D","칼슘, 비타민C, 오메가3",a
dev_2255.jpg,dev/dev_2255.jpg,사진에 보이는 PC방의 이름은 무엇인가요?,메가원탑,하이클러티,프리미엄PC카페,메가원탑 하이클러티 피씨카페,a
dev_2256.jpg,dev/dev_2256.jpg,사진 속 간판에서 '인터넷' 관련 서비스로 제공되는 내용이 아닌 것은 무엇인가요?,최고혜택,친절상담,요금수납,즉시개통,a
dev_2258.jpg,dev/dev_2258.jpg,닥터지 보습 솔루션 중에서 '닥터지 더모이스트 배리어 D 크림'의 현재 할인된 가격은 얼마인가요?,"18,000원","29,000원","25,900원","22,800원",d
dev_2259.jpg,dev/dev_2259.jpg,이 거리에서 볼 수 있는 통신사 간판 중에 없는 것은 무엇인가요?,KT Telecom,KTF,LG Telecom,SK Telecom,a
dev_2264.jpg,dev/dev_2264.jpg,이미지에 적힌 '해피 어른이날'은 어떤 날을 기념하기 위한 문구인가요?,어린이날,추석,어른이날,크리스마스,a
dev_2266.jpg,dev/dev_2266.jpg,이 문구들 중에서 '공무외 출입금지'라고 적힌 표지판은 어떤 내용을 의미하나요?,CO2 가스 경고,화재 발생 시 대피 안내,소화기 위치 안내,일반인 출입 금지,d
dev_2268.jpg,dev/dev_2268.jpg,이 건물에 입주해 있는 병원 또는 의원이 아닌 곳은 어디인가요?,리앤웰성형외과의원,이민음치과,CU 편의점,알앤비성형외과,c
dev_2269.jpg,dev/dev_2269.jpg,이 사진 속 간판에 적힌 가게 이름은 무엇인가요?,모즈토리,양교치,노래 연습장,물옥표 꼴뱅이,a
dev_2270.jpg,dev/dev_2270.jpg,이 제품 설명에서 02번 색상 'サクラチュ?ル'은 어떤 효과를 주는 색상인가요?,프레시 컬러로 상쾌하고 화사한 느낌을 줌,밸런스 톤업을 위한 5색 컨트롤 컬러,강력한 커버력으로 피부 결점 숨김,부드러운 핑크 계열로 혈색을 높여줌,d
dev_2271.jpg,dev/dev_2271.jpg,버스 내에서 운전기사에게 폭행을 가하면 어떤 처벌을 받나요?,3년 이상 유기징역에 해당합니다,경고 조치를 받습니다,운행이 중단됩니다,1년 이하의 징역 또는 벌금형에 해당합니다,a
dev_2272.jpg,dev/dev_2272.jpg,진열된 음료 중에서 '아이스 헤이즐넛 커피'라는 이름이 적힌 제품은 어떤 색상 포장인가요?,초록색,보라색,파란색,빨간색,b
dev_2273.jpg,dev/dev_2273.jpg,이 이미지에서 'Centrum Silver' 제품 중 남성과 여성을 대상으로 한 제품 구분은 어떻게 되어 있나요?,남성용과 여성용 구분이 없다,모두 동일한 제품이다,"남성용은 30+, 여성용은 40+로 구분되어 있다",MEN 50+와 WOMEN 50+로 구분되어 있다,d
dev_2274.jpg,dev/dev_2274.jpg,"다음 중 가격이 4,9원으로 적혀 있는 빵은 무엇인가요?",두바이 고소빵,고사리 롤 소금빵,초코우유 소금빵,리얼 국고 바나나,c
dev_2276.jpg,dev/dev_2276.jpg,Orange Village Hostel의 'Pub Crawl' 이벤트는 몇 시에 시작하나요?,11:00 PM,8:00 AM,10:00 PM,8:00 PM,d
dev_2284.jpg,dev/dev_2284.jpg,"이 이미지에서 'MARBLEX' 부스에 적혀 있는 문구 중, 게임 캐릭터 그림 옆에 적힌 문구가 아닌 것은 무엇인가요?",META WORLD,FUN COMES FIRST,SELF-MADE BILLIONAIRE,NI NO KUNI,b
dev_2285.jpg,dev/dev_2285.jpg,이미지 속 슬라이드에 따르면 HCI(Human-Computer Interaction)와 관련된 학문 분야가 아닌 것은 무엇인가요?,Computer Science,Psychology,Medicine,Sociology,c
dev_2286.jpg,dev/dev_2286.jpg,'봄 신상 우베 SERIES' 포스터에 없는 음료는 무엇인가요?,우베 말차라떼,우베 딸기라떼,우베 바나나라떼,우베 라떼,c
dev_2288.jpg,dev/dev_2288.jpg,이곳 출입문에 붙어 있는 안내문에서 '펫티켓'으로 권장하지 않는 행동은 무엇인가요?,반려동물의 입마개 착용하기,강아지를 1.5m 이내로 접근하지 않기,반려동물의 배설물은 반드시 수거하기,반려동물을 자유롭게 풀어놓기,d
dev_2290.jpg,dev/dev_2290.jpg,이 사진에서 보이는 도로명 표지판에 적힌 도로명은 무엇인가요?,창원대로,소계광장로,동경로,의창대로,d
dev_2291.jpg,dev/dev_2291.jpg,이 건물의 간판에 적힌 근골격테라피 관련 상호명은 무엇인가요?,메리왁싱,전자파 차단,수맥흙침대,본디예카,d
dev_2292.jpg,dev/dev_2292.jpg,다음 중 '여의도 삼계탕'의 전화번호는 무엇인가요?,02-785-2009,02-786-3333,02-123-4567,02-999-8888,a
dev_2295.jpg,dev/dev_2295.jpg,이 제품 'Yakult Y1000'에 적혀 있는 기능성 표시 내용 중 옳은 것은 무엇인가요?,피부 미백과 주름 개선,혈압 조절과 콜레스테롤 감소,체중 감소와 에너지 증진,스트레스 완화와 수면의 질 향상,d
dev_2296.jpg,dev/dev_2296.jpg,"택배 보관 안내문에 따르면, 냉장·냉동 물품은 어떻게 해야 하나요?",관리실에 문의해야 합니다.,3일 이내에 수령해야 합니다.,보관하지 않습니다.,야간에는 문의가 어렵습니다.,c
dev_2297.jpg,dev/dev_2297.jpg,이 제품 중 초코 맛으로 표시된 것은 무엇인가요?,오곡,레티,코코볼,포스트,c
dev_2299.jpg,dev/dev_2299.jpg,이 건물에 입주해 있는 '알앤비성형외과'의 전화번호는 무엇인가요?,010-5283-4652,02-558-5800,02-539-4491,02-123-4567,b
dev_2301.jpg,dev/dev_2301.jpg,이 교통 신호등에 붙어 있는 표지판 중 왼쪽 화살표가 가리키는 방향과 관련된 안내문은 무엇인가요?,비보호 좌회전,정체시 진입금지,직진 전용,우회전 금지,a
dev_2304.jpg,dev/dev_2304.jpg,이 식당의 대표 메뉴 가격 중 한우 염통 200g의 가격은 얼마인가요?,"44,000원","23,000원","59,900원","16,000원",d
dev_2306.jpg,dev/dev_2306.jpg,"이 사진에 보이는 소화전 사용요령 안내문에 따르면, 소화기 사용법 중 첫 번째 단계는 무엇인가요?",소화기 손잡이를 잡는다,안전핀을 뽑는다,노즐을 화재 방향으로 향하게 한다,소화기를 화재 근처에 던진다,b
dev_2309.jpg,dev/dev_2309.jpg,"리베라아이누리2 주차장 이용 안내에 따르면, 기본 2시간을 초과한 후 상가고객이 주차할 때 10분당 부과되는 요금은 얼마인가요?","10분 당 1,000원","1시간 당 2,000원",10분 당 500원,"30분 당 1,000원",a
dev_2310.jpg,dev/dev_2310.jpg,"이 뚜껑 수납함의 중형 크기 가로, 세로, 높이는 각각 얼마인가요?","가로 14cm, 세로 22cm, 높이 30cm","가로 30cm, 세로 14cm, 높이 22cm","가로 22cm, 세로 30cm, 높이 14cm","가로 30cm, 세로 22cm, 높이 14cm",d
dev_2311.jpg,dev/dev_2311.jpg,고양국제꽃박람회가 열리는 기간은 언제부터 언제까지인가요?,2026년 5월 1일 ~ 5월 20일,2026년 4월 24일 ~ 5월 10일,2026년 3월 1일 ~ 3월 15일,2026년 6월 1일 ~ 6월 15일,b
dev_2312.jpg,dev/dev_2312.jpg,사진 속 건물 5층에 위치한 시설은 무엇인가요?,엘리트 치과병원,스핀 볼링,근로복지공단 구미의원,블리비의원,b
dev_2313.jpg,dev/dev_2313.jpg,이 사진 속 건물에 적힌 분양 관련 전화번호는 무엇인가요?,1644-1234,1566-2305,1566-2341,1644-2341,d
dev_2314.jpg,dev/dev_2314.jpg,이 사진에서 붉은색 등(랜턴)에 적힌 글자는 무엇인가요?,有料,沙威,大王,排骨大王,b
dev_2315.jpg,dev/dev_2315.jpg,이미지에서 소프트웨어 현대화에 대해 설명하면서 언급된 시스템 안정성과 코드 품질을 위해 구축하는 것은 무엇인가요?,사용자 인터페이스(UI) 디자인 개선,단일 모놀리식 아키텍처 유지,마이크로서비스를 모두 제거하는 것,인터페이스 표준화와 실시간 데이터 연동 체계 구축,d
dev_2318.jpg,dev/dev_2318.jpg,Waffle 오픈소스 프레임워크에서 SNUAILAB이 제공하는 데이터셋 명칭은 무엇인가요?,SNUAILAB AutoCare-T,SNUAILAB 학습된 모델,SNUAILAB Waffle Dataset,SNUAILAB Waffle Hub,c
dev_2319.jpg,dev/dev_2319.jpg,"수유실 이용 안내에 따르면, 수유실 운영 시간은 언제부터 언제까지인가요?",09:00 A.M ~ 17:30 P.M,09:00 A.M ~ 16:00 P.M,10:00 A.M ~ 16:00 P.M,08:00 A.M ~ 18:00 P.M,a
dev_2320.jpg,dev/dev_2320.jpg,EDIYA 이디야 스틱커피 오리지널 아메리카노 한 박스에 들어있는 스틱 커피 개수는 몇 개인가요?,50개,100개,150개,200개,c
dev_2321.jpg,dev/dev_2321.jpg,이 식당 간판에 적혀 있는 이름은 무엇인가요?,오늘도웃자,행복한식사,두루치기,갓지은솥밥,a
dev_2323.jpg,dev/dev_2323.jpg,이 주차장 입구에 붙어 있는 안내문에 따르면 어떤 차량이 출입 금지인가요?,외부차량 주차금지,오토바이 출입금지,승용차 출입금지,화물차량 출입금지,d
dev_2326.jpg,dev/dev_2326.jpg,영수증에 적힌 '모둠돈가스'의 가격은 얼마인가요?,"9,000원","10,000원","25,000원","12,500원",d
dev_2327.jpg,dev/dev_2327.jpg,이 사진에 보이는 가게 '올바른고깃간'에서 판매하는 고기 가격은 얼마인가요?,"12,000원(100g)","9,980원(100g)","8,000원(100g)","5,500원(100g)",b
dev_2328.jpg,dev/dev_2328.jpg,이 사진 속 표지판에 적힌 상호명은 무엇인가요?,아침 빵집,오늘 헤어,한밤중 서점,내일 카페,b
dev_2330.jpg,dev/dev_2330.jpg,이 가게 모형에서 판매하는 대표적인 음식 이름은 무엇인가요?,고다야노 센포,아카네 모치,시바노 단고,야키 단고,d
dev_2331.jpg,dev/dev_2331.jpg,이 사진에 보이는 글자들은 무엇이라고 적혀 있나요?,로봇 놀이방,로봇 박물관,로봇 레스토랑,로봇 카페,d
dev_2336.jpg,dev/dev_2336.jpg,이 자동차 정비소에서 제공하지 않는 서비스는 무엇인가요?,자동차 세차,타이어 교체,엔진오일교환,경정비서비스,a
dev_2337.jpg,dev/dev_2337.jpg,"이 글에서 '두 사람, 외로운 이들과 다리 위의 소녀들'이라는 주제는 무엇을 묘사하는가?",바다 위를 걷는 소녀들의 이야기,풍경 속 인물 한 명과 인물 간의 연결 부재,다리 위에서 만난 소녀들의 모임,두 사람이 함께하는 행복한 순간,b
dev_2339.jpg,dev/dev_2339.jpg,이 사진 속 상점의 이름은 무엇인가요?,타겟 블랙,비상계단,날쌘거북,문 마스터,c
dev_2340.jpg,dev/dev_2340.jpg,이 가전제품에 붙어 있는 에너지 소비효율 등급은 무엇인가요?,2등급,4등급,3등급,1등급,d
dev_2341.jpg,dev/dev_2341.jpg,S 노래방 오픈기념 서비스로 제공되는 것은 무엇인가요?,맥주 2병 서비스,남녀동반 1인 입장 환영,노래 한 시간 4만원,무료 주차,a
dev_2343.jpg,dev/dev_2343.jpg,이 상점 유리창에 붙어있는 임대문의 전화번호 중 최대 가격 절충이 가능한 번호는 무엇인가요?,010-5050-2600,010-4900-9500,010-9468-1233,010-5530-4920,b
dev_2344.jpg,dev/dev_2344.jpg,이 가게의 개업 연도는 언제인가요?,1950년,1975년,1987년,1968년,d
dev_2346.jpg,dev/dev_2346.jpg,이 이미지는 어느 스포츠 리그의 경기 일정을 보여주고 있나요?,V.LEAGUE MEN,J리그,KBO 리그,NBA,a
dev_2349.jpg,dev/dev_2349.jpg,이 장소의 주간 성인 입장권 요금은 얼마인가요?,"16,000원","12,000원","19,000원","9,000원",c
dev_2350.jpg,dev/dev_2350.jpg,사진 속 식당의 상호명은 무엇인가요?,아남농장,CREED BAR,24시 영업,글로리마사지,a
dev_2351.jpg,dev/dev_2351.jpg,사진 속 간판에 적힌 임대 문의 전화번호는 무엇인가요?,02-3456-7890,031-9876-5432,010-1234-5678,010-4540-1255,d
dev_2352.jpg,dev/dev_2352.jpg,Nebamun의 무덤 예배당에 관한 설명 중 옳은 것은 무엇인가요?,무덤 예배당은 기원전 약 1350년에 만들어졌다.,그림은 가난한 사람들의 삶을 이상적으로 보여준다.,Nebamun은 고대 로마의 장군이었다.,이 갤러리는 일본의 지원으로 운영된다.,a
dev_2353.jpg,dev/dev_2353.jpg,아래 진열대에 있는 노란색 'No Brand' 복사용지 한 권의 가격은 얼마인가요?,"2,500원","7,900원","4,180원","1,880원",c
dev_2355.jpg,dev/dev_2355.jpg,이 장소에서는 어디에서 흡연해야 합니까?,흡연실,금연 구역,화장실,CCTV 촬영 구역,a
dev_2356.jpg,dev/dev_2356.jpg,왼쪽에서 두 번째 포스터에 적힌 문구는 무엇인가요?,KEEP IT SLY,SLITHER NUMBERS,HOPPS WILDE,Best Friend Energy!,a
dev_2357.jpg,dev/dev_2357.jpg,화재 시 대피방법으로 올바르지 않은 것은 무엇인가요?,발신기(비상벨)를 누른다.,'불이야'라고 크게 외친다.,소화전을 열어서 노즐을 잡고 호스를 밖으로 꺼낸다.,엘리베이터를 절대 탑승하지 않는다.,c
dev_2359.jpg,dev/dev_2359.jpg,이 메뉴판에서 '카라멜 마끼아또'는 어떤 분류에 속해 있나요?,JUICE & TEA,BROWN SUGAR,LATTE,COFFEE,d
dev_2360.jpg,dev/dev_2360.jpg,'자외선 소독고'에 적힌 주의사항 중 하나가 아닌 것은 무엇인가요?,"세척, 소독 완료된 청결한 식기류만 보관",보관된 용품은 건조될 때까지 겹치지 않게 보관,자외선 소독고는 식기류를 냉장 보관한다,60℃로 설정하고 건조 완료 후 온도 OFF 가능,c
dev_2364.jpg,dev/dev_2364.jpg,이 사진에 보이는 뮤지컬 '킹키부츠' 공연 기간은 언제부터 언제까지인가요?,2024.10.01 ~ 12.31,2023.09.07 ~ 11.10,2024.09.07 ~ 11.10,2024.08.01 ~ 09.30,c
dev_2365.jpg,dev/dev_2365.jpg,이 사진에 보이는 도로 표지판에 적힌 '테헤란로 28길'은 어떤 언어로 표기되어 있나요?,"한국어, 중국어, 영어","한국어, 영어, 프랑스어","한국어, 영어, 일본어","한국어, 러시아어, 영어",c
dev_2366.jpg,dev/dev_2366.jpg,이 건물에 적힌 주소는 무엇인가요?,유성구 학하서로112번길 45-18,유성구 학하서로121번길 54-18,유성구 학하서로121번길 45-81,유성구 학하서로121번길 45-18,d
dev_2367.jpg,dev/dev_2367.jpg,이 건물 내부의 상호명으로 옳은 것은 무엇인가요?,SEAVIEW WING,SEASIDE CITY,CIBO,BANG BALLOON,c
dev_2371.jpg,dev/dev_2371.jpg,이 사진 속 과자 중 딸기 맛이 무엇인가요?,빼빼로,프렌치파이,크라운산도 초코,크라운산도 딸기,d
dev_2373.jpg,dev/dev_2373.jpg,B.make 가게에서 제공하는 클래스는 무엇인가요?,원데이클랩,원데이클래스,폴리머클레이 아트,굿즈메이크,b
dev_2375.jpg,dev/dev_2375.jpg,이 신문형태의 안내문에서 45주년 기념 캠페인 기간은 언제부터 언제까지인가요?,6월 2일부터 6월 8일까지,6월 1일부터 6월 30일까지,6월 18일부터 6월 28일까지,6월 13일부터 6월 15일까지,d
dev_2379.jpg,dev/dev_2379.jpg,옥내 소화전 사용 요령 중 2번에서 밸브를 어떻게 여는 방법을 설명하고 있나요?,시계방향으로 천천히 완전히 연다,빠르게 시계반대방향으로 연다,빠르게 시계방향으로 연다,시계반대방향으로 천천히 완전히 연다,d
dev_2381.jpg,dev/dev_2381.jpg,이 사진에 보이는 간판 중에서 '노래방'이라고 적힌 간판은 어느 위치에 있나요?,사진관 아래,비트 PC방 옆,수원 인터넷 노래 연습장 위,자주식당 앞,a
dev_2384.jpg,dev/dev_2384.jpg,아래 티셔츠 설명 중 맞는 내용을 고르세요.,'아케인' 티셔츠는 모바일 게임 '리그 오브 레전드'를 기반으로 한다.,"'주술회전' 티셔츠는 10,000원에 판매된다.",'주술회전' 티셔츠는 UT가 자랑하는 엄선된 티셔츠가 아니다.,'아케인' 티셔츠는 PC 게임'리그 오브 레전드'로 시작된 애니메이션 시리즈를 선보인다.,d
dev_2387.jpg,dev/dev_2387.jpg,사진 속 과자 상자에 적힌 '화이트하임' 과자의 맛은 무엇인가요?,화이트 헤이즐넛,초코칩 맛,카라멜 맛,바닐라 맛,a
dev_2388.jpg,dev/dev_2388.jpg,이 가게 간판에 적혀 있는 이름은 무엇인가요?,미현헤어,미헌헤어,미헌헤어샵,미현헤어샵,a
dev_2389.jpg,dev/dev_2389.jpg,이 전시대에 적혀 있는 프로그래밍 언어 중에서 1954년에 만들어진 것은 무엇인가요?,Cobol,Fortran,LISP,ALGOL,b
dev_2392.jpg,dev/dev_2392.jpg,"이미지에 나온 설명에 따르면, '쿨톤 겨울' 스타일을 연출할 때 추천하지 않는 액세서리는 무엇인가요?",스와로브스키,건메탈,화이트 골드,블랙,c
dev_2396.jpg,dev/dev_2396.jpg,이 사진 속에서 '스플렌더' 보드게임은 몇 명이 플레이할 수 있는 게임인가요?,3-5명,1-4명,2-4명,1-5명,c
dev_2397.jpg,dev/dev_2397.jpg,영덕관광택시 타보게의 3시간 이용 요금 중 지역민 할인 가격은 얼마인가요?,"80,000원","32,000원","48,000원","42,000원",b
dev_2398.jpg,dev/dev_2398.jpg,벽에 붙어 있는 흰색 종이에 적힌 문구는 무엇입니까?,할인 적용 불가,분할 지불 상담 가능,현금 결제만 가능,전액 선불만 가능,b
dev_2399.jpg,dev/dev_2399.jpg,이 서점 진열대에서 A8-7 구역에 해당하는 책은 어떤 종류의 책인가요?,EasyPage 눈이 편한 책,베스트셀러,프리미어셀러,신간 도서,a
dev_2400.jpg,dev/dev_2400.jpg,골디바 초콜릿 상자에 적힌 'MILK·LAIT'는 어떤 종류의 초콜릿을 의미하나요?,밀크 초콜릿,70% 코코아 초콜릿,화이트 초콜릿,다크 초콜릿,a
dev_2401.jpg,dev/dev_2401.jpg,사진 속 칠판에 적힌 'Share of Salt Bread' 설명에서 'Swelling part'는 어떤 특징을 가지고 있나요?,Chewy texture를 가지고 있다,Rich texture를 가지고 있다,Crispy texture를 가지고 있다,Soft texture를 가지고 있다,b
dev_2404.jpg,dev/dev_2404.jpg,사진 속 가게의 간판에 적힌 상호명은 무엇인가요?,커피,수노래 연습장,두레 부동산,레프쿠헨 빵,d
dev_2405.jpg,dev/dev_2405.jpg,이 건물에 있는 가전제품 매장의 이름은 무엇인가요?,BEST SHOP 베스트샵,LG가전 공동구매,우리 가족 필수가전 SHOW핑전,오션 퍼스트,a
dev_2407.jpg,dev/dev_2407.jpg,이 사진 속 큰 얼굴 간판 옆에 적힌 글귀는 무엇인가요?,東京名物,名古屋名物,大阪名物,新大阪名物,c
dev_2408.jpg,dev/dev_2408.jpg,이 티켓에 적힌 야구 경기 일시는 언제인가요?,2024년 4월 10일 19:00,2025년 5월 10일 18:00,2025년 5월 13일 18:30,2023년 6월 15일 17:00,c
dev_2410.jpg,dev/dev_2410.jpg,히스토랩 앰플 중 아줄렌 72% 함유 트러블 진정 앰플의 이름은 무엇인가요?,EGF 컴플렉스 앰플 50,비타 C 컴플렉스 앰플 47,히알루론산 컴플렉스 앰플 62,아줄렌 컴플렉스 앰플 72,d
dev_2416.jpg,dev/dev_2416.jpg,사진 속 건물에 적힌 '김봉남' 간판 아래에는 어떤 문구가 적혀 있나요?,치과,BAS LODGE,포장 마차,호텔 STAR,c
dev_2417.jpg,dev/dev_2417.jpg,"관람 안내사항에 따르면, 재입장을 완료해야 하는 시간은 언제인가요?",3시까지,3시 30분까지,2시 30분까지,4시까지,a
dev_2418.jpg,dev/dev_2418.jpg,다음 중 '양반' 브랜드의 떡볶이 제품이 아닌 것은 무엇인가요?,매운 떡볶이,우리쌀 100% 짜장라볶이,우리쌀 100% 로제 떡볶이,우리쌀 100% 치즈 떡볶이,a
dev_2420.jpg,dev/dev_2420.jpg,이 게시판에서 안내하는 학습 도구의 이름은 무엇인가요?,학습 정보 센터,지식 라이브러리,교육 자료실,온라인 강의 플랫폼,b
dev_2422.jpg,dev/dev_2422.jpg,사진 속 '레드 수성 포마드' 제품의 특징 중 틀린 것은 무엇인가요?,고정력이 강하다,세정력이 강하다,광택이 강하다,발림성이 좋다,a
dev_2425.jpg,dev/dev_2425.jpg,다음 중 현상 수배서에 적힌 현상금이 가장 높은 인물은 누구인가요?,RORONOA ZORO,MONKEY D LUFFY,GOD USOPP,VINSOMOKE SANJI,b
dev_2430.jpg,dev/dev_2430.jpg,사진 속 글귀에서 '루치아의 뜰'은 어떤 집이라고 설명하고 있나요?,신선한 음식만 파는 집,조용하고 아무도 찾지 않는 집,항상 바쁘고 사람이 많은 집,오래 묵은 시간이 언제고 와서 기다리는 집,d
dev_2432.jpg,dev/dev_2432.jpg,이 이미지 속에 보이는 초대형 전광판 중에서 'FANCL'이라고 적힌 광고는 어떤 제품이나 브랜드를 알리는 것일까요?,운동화 브랜드,음식점 이름,전자제품 회사,화장품 브랜드,d
dev_2433.jpg,dev/dev_2433.jpg,"사진 속 LEGO 제품 중에서 가격이 46,900원인 제품은 무엇인가요?",LEGO 듀플로 겨울왕국 세트,LEGO 듀플로 크레인 트럭 세트,디즈니 WALL·E LEGO,LEGO 디즈니 프린세스 위키드,a
dev_2435.jpg,dev/dev_2435.jpg,이 법률사무소 간판에 적힌 전문 분야가 아닌 것은 무엇인가요?,유언대용(상속) 신탁등기,부동산 중개,개인회생·파산전문,형사사건,b
dev_2438.jpg,dev/dev_2438.jpg,"사진 속 안내판에 적힌 'NOW, ZERO'라는 문구는 무엇과 관련된 행사인가요?",제로 에너지 하우스,제로 페이 캠페인,제로웨이스트 토크콘서트,제로 탄소 배출 프로젝트,c
dev_2439.jpg,dev/dev_2439.jpg,사진에 보이는 'Lovely Plush Toy 에티' 봉제인형의 크기는 얼마인가요?,25cm,45cm,35cm,15cm,c
dev_2442.jpg,dev/dev_2442.jpg,이 건물의 현판에 적힌 글자는 무엇인가요?,신풍관,풍신루,풍신관,신풍루,d
dev_2444.jpg,dev/dev_2444.jpg,이 건물 3층에 위치한 병원은 무엇인가요?,HPN-K,이민음치과,Nice to,알앤비성형외과,d
dev_2447.jpg,dev/dev_2447.jpg,사진 속 건물에 적혀 있는 초밥 가게 이름은 무엇인가요?,스시 다이,가츠파 초밥,카파 스시,스시 짱,c
dev_2448.jpg,dev/dev_2448.jpg,문경새재 아리랑 가사 중 '(후렴)' 부분에 나오는 가사는 무엇인가요?,아리랑 아리랑 아라리요 아리랑 고개로 나를 넘겨주소,문경새재 말달산나무 홍두깨 방망이로 다 나간다,홍두깨 방망이는 팔자가 좋아 굴 애기 손자는 찾아서,구비야 굴이굼이가 굴돌이 나네,a
dev_2449.jpg,dev/dev_2449.jpg,이 전광판에 표시된 10:06 출발하는 열차의 도착역은 어디인가요?,Heidelberg Hbf,Darmstadt Hbf,Langen(Hess),Schwetzingen,d
dev_2450.jpg,dev/dev_2450.jpg,이 건물의 3층에 위치한 병원 이름으로 올바른 것은 무엇인가요?,이민음치과,알앤비성형외과,삼성내과,서울치과,b
dev_2451.jpg,dev/dev_2451.jpg,"757번 버스 노선 일부 변경 안내에 따르면, 기존 부영4단지 노선과 변경된 노선의 차이점은 무엇인가요?",기존 노선은 사림동 경유,변경 노선은 창원대 경유,변경 노선은 시청 경유,기존 노선은 창원대 경유,b
dev_2452.jpg,dev/dev_2452.jpg,스마트쉼터 이용 시 지켜야 할 규칙 중 올바른 내용은 무엇인가요?,반려동물은 전용 가방을 이용해야 한다,쉼터 내에서 음식물을 섭취할 수 있다,쓰레기를 아무 데나 버려도 된다,큰소리로 통화해도 된다,a
dev_2453.jpg,dev/dev_2453.jpg,화면에 보이는 UX 핵심원칙 중 '명확성(Clarity)'에 대해 설명한 내용은 무엇인가요?,고민하는 순간 사용자는 떠난다,사용자는 기능을 빠르게 이해한다,디자인은 심플해야 한다,사용자 경험은 직관적이어야 한다,a
dev_2454.jpg,dev/dev_2454.jpg,이 모니터의 모델코드는 무엇인가요?,C27F396FHKXKR,LC27F396FHKXK,LC27F396FHKXKR,C27F396FHXXKR,c
dev_2461.jpg,dev/dev_2461.jpg,"을지로입구역 202번 출구 표지판에 따르면, 하나은행 방향의 역 이름은 무엇인가요?",명동,시청,충무로,을지로입구,d
dev_2463.jpg,dev/dev_2463.jpg,사진 속 간판에 적힌 전화번호는 무엇인가요?,010-8500-1234,473-0853,123-4567,987-6543,b
dev_2465.jpg,dev/dev_2465.jpg,다음 중 이미지에 보이는 병에 적힌 술 이름이 아닌 것은 무엇인가요?,BOMBAY SAPPHIRE,JACK DANIEL'S,BEEFEATER,ABSOLUT VODKA,b
dev_2466.jpg,dev/dev_2466.jpg,세대 내 전구 교체 지원 서비스에서 교체 가능한 전구 교체 시간 중 올바른 시간대는 무엇인가요?,08시~10시 / 12시~15시 / 17시~19시,11시~13시 / 15시~18시 / 20시~22시,09시~11시 / 13시~16시 / 18시~20시,10시~12시 / 14시~17시 / 19시~21시,d
dev_2467.jpg,dev/dev_2467.jpg,이 건물의 이름은 무엇인가요?,College of Computing,College of Engineering,School of Business,Department of Arts,a
dev_2469.jpg,dev/dev_2469.jpg,이 안내문에서 '금지' 항목 중 포함되지 않은 것은 무엇인가요?,흡연금지,출입금지,뛰지마시오,화기금지,a
dev_2470.jpg,dev/dev_2470.jpg,이 건물에 입주해 있는 병원이나 의료기관이 아닌 곳은 어디인가요?,예가람저축은행,이지스로앤산부인과의원,딘덴인치과의원,더리즈의원,a
dev_2471.jpg,dev/dev_2471.jpg,두바이 초코 쫀득볼 세트의 가격은 얼마인가요?,"6,800원","10,800원","12,500원","4,500원",b
dev_2473.jpg,dev/dev_2473.jpg,'RAINBOW SEARCH' 카드에 적힌 활동 방법으로 옳은 것은 무엇인가요?,위의 모든 내용이 옳다.,무지개 색깔과 맞는 물건을 찾아 적는다.,조용히 하거나 발견물을 소리내어 말할 수 있다.,크레용으로 무지개를 그리고 각 색깔 아래에 쓸 공간을 만든다.,a
dev_2474.jpg,dev/dev_2474.jpg,이 사진에 보이는 건물 간판에 적힌 전화번호는 무엇인가요?,505-5550,555-5550,505-5551,555-5551,b
dev_2475.jpg,dev/dev_2475.jpg,이 건물에 입주한 '알파신경외과'는 몇 층에 위치해 있나요?,11층,4층,2층,6층,b
dev_2476.jpg,dev/dev_2476.jpg,"선물 세트 구성 안내에 따르면, 9구 선물 세트의 가격은 얼마인가요?","\40,000","\45,000","\50,000","\32,000",b
dev_2477.jpg,dev/dev_2477.jpg,이 컵라면 용기 겉면에 적힌 문구 중에서 이 제품의 별칭으로 맞는 것은 무엇인가요?,KING OF LEGEND,클래스가 다른 왕의 용기,팔도짬뽕왕뚜껑,짬뽕왕뚜껑,b
dev_2478.jpg,dev/dev_2478.jpg,건물에 있는 간판 중 3층에 위치한 병원 이름은 무엇인가요?,알앤비성형외과,임대,HPN-K,이미음치과,a
dev_2479.jpg,dev/dev_2479.jpg,이 사진의 파란 안내판에 적힌 '공개공지안내' 아래에 적힌 영어 문구는 무엇인가요?,Private Property,Welcome to the Park,Public Open Spaces,No Trespassing,c
dev_2481.jpg,dev/dev_2481.jpg,스무디 머신을 이용할 때 컵 상단에서 제거해야 하는 것은 무엇인가요?,컵 뚜껑과 빨대,플라스틱 뚜껑과 필름,필름만,뚜껑만,b
dev_2483.jpg,dev/dev_2483.jpg,신호등 아래에 적혀 있는 표지판의 내용은 무엇인가요?,좌회전 시 보행 신호 시,직진 시 보행 신호 시,우회전 시 보행 신호 시,유턴 시 보행 신호 시,a
dev_2485.jpg,dev/dev_2485.jpg,이 건물의 주소는 무엇인가요?,강남구 역삼동 123,강북구 역삼동 723,강남구 역삼동 723,강남구 역삼동 732,c
dev_2486.jpg,dev/dev_2486.jpg,Term Project 데모 및 발표 일정 중 12월 4일에 발표하는 팀은 어느 팀들인가요?,Team10~20,Team01~17,Team18~,Team05~15,b
dev_2488.jpg,dev/dev_2488.jpg,케이크 위에 적힌 문구는 무엇인가요?,PNU 술찌를 응원합니다,PNU 술찌를 축하합니다,PNU 술찌를 기다립니다,PNU 술찌를 수여합니다,d
dev_2489.jpg,dev/dev_2489.jpg,현재 전광판에 표시된 송도 문라이트 페스티벌 파크 행 열차의 도착 예정 시간은 몇 분 후인가요?,15분 후,11분 후,5분 후,3분 후,d
dev_2491.jpg,dev/dev_2491.jpg,사진에 보이는 건물의 5층에서 제공하는 서비스 중 하나는 무엇인가요?,자람 영어 수학 학원,영어 논술 전문교육원,동영상 강의 제공,입대문의 전화번호 안내,c
dev_2493.jpg,dev/dev_2493.jpg,이 건물 안내판에 있는 상호명이 아닌 것은 무엇인가요?,돈돈양이 마스터클럽,작은소리학교,아이 스쿨,종합 식자재 쌀 전문매장,a
dev_2495.jpg,dev/dev_2495.jpg,사진 속 슈퍼마켓에서 '탄산수'가 진열되어 있는 곳에 붙어 있는 할인 문구는 무엇인가요?,15% 할인,10% 할인,20% 할인,5% 할인,d
dev_2496.jpg,dev/dev_2496.jpg,다음 중 열차 지연 안내문에 적힌 지연 구간은 어디인가요?,토성역 ~ 다대포해수욕장,부산역 ~ 다대포해수욕장,서면 ~ 범내골역간,자갈치 ~ 토성역간,a
dev_2497.jpg,dev/dev_2497.jpg,이 식당의 간판에 적힌 주요 메뉴는 무엇인가요?,고사리육개장 전문,일반음식점,우진해장국,열중무휴,a
dev_2498.jpg,dev/dev_2498.jpg,사진 속에 놓인 책 중 제목이 아닌 것은 무엇인가요?,오늘의 메뉴,SEOUL DIARY,CAFE DAILY,MY DAILY JOURNEY,d
dev_2499.jpg,dev/dev_2499.jpg,'와르르 & 보울 샐러드' 가게의 영업시간은 언제까지인가요?,오전 8:00부터 오후 6:00까지,오전 7:00부터 오후 7:00까지,오전 8:00부터 오후 8:00까지,오전 9:00부터 오후 8:00까지,c
dev_2502.jpg,dev/dev_2502.jpg,이 건물의 4층에는 어떤 사무소가 입주해 있나요?,(주)트인시스템즈,리앤유 법률사무소,뉴서울국제특허법률사무소,예원세무법인,c
dev_2503.jpg,dev/dev_2503.jpg,이 버스정류장에 적힌 상호명은 무엇인가요?,대한사회복지회,한국자산신탁 센터빌드,박서준 피부과,코스트라테약상,a
dev_2504.jpg,dev/dev_2504.jpg,할매떡볶이 가게에서 떡볶이 1인분과 오뎅 1인분의 가격은 각각 얼마인가요?,"떡볶이 5,000원, 오뎅 3,000원","떡볶이 3,000원, 오뎅 1,000원","떡볶이 2,000원, 오뎅 1,500원","떡볶이 4,000원, 오뎅 2,000원",b
dev_2505.jpg,dev/dev_2505.jpg,이 장소에서 식당 출구로 가기 위해 어떻게 이동해야 하나요?,직진 후 오른쪽으로 이동,계단으로 이동 후 19층 엘리베이터 이용,계단으로 이동 후 20층 엘리베이터 이용,엘리베이터를 바로 이용,b
dev_2506.jpg,dev/dev_2506.jpg,사진 속 파란색 원형 표지판에 적혀 있는 내용은 무엇인가요?,주차허용,주차금지,주정차허용,주정차금지,d
dev_2507.jpg,dev/dev_2507.jpg,이 부동산 매물 광고에서 '월세'로 임대 가능한 방 개수는 몇 개인가요?,방 3개,방 1개,방 2개,방 4개,a
dev_2510.jpg,dev/dev_2510.jpg,포스터에 소개된 '떠먹는 말차 초코 크런치 아박'의 영어 이름은 무엇인가요?,MATCHA Chocolate Crunch Ice Cream,Green Tea Chocolate Crunch Cake,MATCHA Chocolate Crunch Ice Box Cake,Matcha Chocolate Crunch Brownie,c
dev_2513.jpg,dev/dev_2513.jpg,사진 속 간판에 적힌 '마라오빠'의 전화번호는 무엇인가요?,054)715-9989,054)716-9989,054)715-9988,054)715-9898,a
dev_2517.jpg,dev/dev_2517.jpg,이 샌드위치 포장 상자에 적힌 문구 중 올바른 것은 무엇인가요?,"It's time, eat sandwich","It's time, eat sandwiche","It's time, eat sand","It's time, eat sandw",c
dev_2518.jpg,dev/dev_2518.jpg,이 이미지에서 안내하는 5G Wi-Fi ID는 무엇인가요?,KT-GiGA-5G-9262,KT-GiGA-5G-9226,KT-GiGA-5G-9266,KT-GiGA-5G-9222,c
dev_2520.jpg,dev/dev_2520.jpg,이 사진의 종이에 적힌 '붕어빵' 판매 장소는 어디인가요?,백련 어린이 공원 은하마트 뒤,백련 어린이 공원 은하마트 앞,백련 어린이 공원 은하약국 뒤,백련 어린이 공원 은하약국 앞,d
dev_2521.jpg,dev/dev_2521.jpg,이 옷의 가슴둘레는 몇 센티미터인가요?,100cm,96cm,109cm,30cm,c
dev_2522.jpg,dev/dev_2522.jpg,사진의 창문에 적힌 글자는 무엇인가요?,NAPA,NEPA,NEMA,NEBA,b
dev_2523.jpg,dev/dev_2523.jpg,이 사진 속 건물의 간판에 적힌 상호명은 무엇인가요?,HYUNDAI DEPARTMENT,SHINSEGAE,DOOTA DUTY FREE,LOTTE MART,c
dev_2524.jpg,dev/dev_2524.jpg,사진 속 노란색 안내문에 적힌 내용은 무엇인가요?,배달 서비스는 제공하지 않습니다,손님 휴식 중 조용히 해주세요,영업 시간은 오전 9시부터 오후 9시까지입니다,주문은 카운터에서 해주세요,b
dev_2527.jpg,dev/dev_2527.jpg,사진 속 '소담 칼국수' 가게에서 만두는 얼마인가요?,"8,000원","9,000원","10,000원","6,000원",d
dev_2529.jpg,dev/dev_2529.jpg,이 가챠머신에서 뽑을 수 없는 품목은 무엇인가요?,소화기,엘리베이터 버튼,화재 경보기,화장실 비상 버튼,a
dev_2530.jpg,dev/dev_2530.jpg,사진 속 건물에 적힌 상호명은 무엇인가요?,도쿄역,도쿄타워,도키와 서점,돈키호테,d
dev_2531.jpg,dev/dev_2531.jpg,이 건물에서 '피부 미백 리프팅'이라는 문구가 적혀 있는 곳은 몇 층 건물의 어느 부분인가요?,1층 입구,옥상 간판,지하 1층,중간 층 유리벽,d
dev_2532.jpg,dev/dev_2532.jpg,사진에 보이는 'JOHNNIE WALKER ISLAND GREEN' 위스키 병에 적힌 문구 중 맞는 것은?,Single Malt Scotch Whisky,Blended Irish Whiskey,Pure Malt Whiskey,Blended Malt Scotch Whisky,d
dev_2534.jpg,dev/dev_2534.jpg,이 사진 속 포스터에 있는 '아랑팔'의 7가지 규칙 중 네 번째 규칙은 무엇인가요?,수업시간 지키기,코딩 혼수 금지,AI로 기사 쓸 금지,오늘 과제 내일로 미루지 않기,d
dev_2535.jpg,dev/dev_2535.jpg,에멜시 롤온의 가격은 얼마인가요?,"\10,000","\5,000","\15,000","\20,000",a
dev_2538.jpg,dev/dev_2538.jpg,이 거리에서 '키스키스'는 어떤 종류의 업소인가요?,부대찌개 식당,모텔,노래방,김치찜 전문점,c
dev_2539.jpg,dev/dev_2539.jpg,사진 속 펜 가격표에 적힌 가격 중 가장 높은 금액은 얼마인가요?,"2,500원","2,200원","3,000원","2,800원",c
dev_2541.jpg,dev/dev_2541.jpg,PT 면접 발표 순서 중 첫 번째로 해야 할 것은 무엇인가요?,문제 인식 (문제 도출),문제 분석 (원인 파악),인사 및 주제강조,해결 전제 (고려요소),c
dev_2544.jpg,dev/dev_2544.jpg,사진에 보이는 책 중에서 '예수 평전'이라는 제목의 책이 있는 책장은 어디인가요?,가운데 칸,맨 아래 칸,맨 위 칸,책장 옆에 따로 놓인 곳,c
dev_2546.jpg,dev/dev_2546.jpg,위 사진에 붙어 있는 작은 스티커에 적힌 문구는 무엇인가요?,분리수거 기본규칙,체온계 및 구급함,음료수,청소 중,b
dev_2547.jpg,dev/dev_2547.jpg,"메가커피 메뉴 중에서 가격이 4,200원인 음료는 무엇인가요?",초당빙설라떼,메가아이드,딸기카푸치노라떼,큐브라떼,d
dev_2548.jpg,dev/dev_2548.jpg,서울경찰청 앞에 있는 포스터에서 사회적 약자 보호를 위해 신고할 수 있는 전화번호는 무엇인가요?,131,110,119,112,d
dev_2551.jpg,dev/dev_2551.jpg,bhc 대흥점에서 판매하는 '스텔라 생맥주'의 할인 전 가격은 얼마인가요?,"6,000원","5,000원","8,000원","7,000원",d
dev_2552.jpg,dev/dev_2552.jpg,이 표지판에 적힌 전화번호는 무엇인가요?,1234-5678,031-999-8888,1588-6400,010-1234-5678,c
dev_2553.jpg,dev/dev_2553.jpg,이 사진에 보이는 GS25 편의점은 어느 건물에 위치해 있나요?,육된장 건물,강남숲 정형외과 건물,BLANC DE YOON 건물,노래 연습장 건물,c
dev_2558.jpg,dev/dev_2558.jpg,레몬 말차 마카롱의 가격은 얼마인가요?,"3,500","3,300","4,000","3,200",b
dev_2559.jpg,dev/dev_2559.jpg,딸기바질 묘약의 추천 숙성 기간은 며칠인가요?,28 days,91 days,21 days,35 days,c
dev_2564.jpg,dev/dev_2564.jpg,SSAFY 16기 입학 기념 SNS 이벤트 중 '나의 다짐 선언' 이벤트에 참여하기 위한 마감일은 언제인가요?,7월 31일(금)까지,8월 10일(월)까지,7월 29일(수)까지,8월 5일(수)까지,c
dev_2565.jpg,dev/dev_2565.jpg,이 도넛 자판기에서 '오리지널 글레이즈드 도넛'을 의미하는 문구는 무엇인가요?,ENJOY TASTY GOODNESS,SINCE 1937,CRISPY KREME DOUGHNUTS,HOME OF THE ORIGINAL GLAZED DOUGHNUT,d
dev_2566.jpg,dev/dev_2566.jpg,메뉴판에서 'バニラアイスクリ?ム(바닐라 아이스크림)'의 가격은 얼마인가요?,?300,?690,?590,?450,c
dev_2567.jpg,dev/dev_2567.jpg,이 가게에서 판매하는 '밤마을'의 설명으로 옳은 것은 무엇인가요?,전통주로 만든 특별한 술,달콤한 햇밤으로 정성 가득하고 구워낸 마을,매운 소스로 맛을 낸 고기 요리,신선한 과일로 만든 아이스 음료,b
dev_2570.jpg,dev/dev_2570.jpg,사진 속에서 'AMORETTI' 브랜드의 PIADINA(피아디나) 제품 가격은 얼마인가요?,3.80,2.49,3.69,2.39,a
dev_2572.jpg,dev/dev_2572.jpg,다음 중 이미지 속 책 제목으로 올바른 것은 무엇인가요?,아내의 식탁,"아침 주스, 저녁 샐러드",모두 정답이다,THE SECRET GRAMMAR,c
dev_2574.jpg,dev/dev_2574.jpg,이 사진 속에 있는 역 이름은 무엇인가요?,도쿄,오사카,교토,히로시마,c
dev_2575.jpg,dev/dev_2575.jpg,사진 속 식당의 대표 메뉴가 아닌 것은 무엇인가요?,감자탕,곰탕,뼈다귀해장국,우거지해장국,b
dev_2576.jpg,dev/dev_2576.jpg,이 물티슈 제품의 이름은 무엇인가요?,아임이 깨끗한 물티슈,깨끗한 물티슈,아임이 맑은 물티슈,순수한 물티슈,c
dev_2577.jpg,dev/dev_2577.jpg,이 엘리베이터 문에 붙어 있는 경고문 중 오른쪽 경고문의 내용은 무엇인가요?,손대지 마시오,문에 손 끼임 주의,개방된 주의 위험,승강기 문에 기대지 마시오,d
dev_2579.jpg,dev/dev_2579.jpg,서울우리아이치과의원에서 임플란트 진료는 몇 층에서 받나요?,5층,2층,6층,4층,a
dev_2580.jpg,dev/dev_2580.jpg,"이 건물의 19층 비상대피계획도에 따라, 비상구 위치를 확인할 수 있는 안내문은 무엇인가요?",화재발생시 대처요령,옥내 소화전 사용요령,소화기,피난계획도 (ESCAPE PLAN) 19F,d
dev_2581.jpg,dev/dev_2581.jpg,이 이미지에 보이는 'SSAFY' 관련 문구 중 올바른 것은 무엇인가요?,Let's Grow Fast,Let's Go Together,Let's Grow Together,Grow Together,c
dev_2583.jpg,dev/dev_2583.jpg,이 제품의 가격은 얼마입니까?,"\69,900","\59,900","\39,900","\49,900",d
dev_2586.jpg,dev/dev_2586.jpg,이 사진에서 보이는 'CELINE'은 무엇과 관련된 브랜드인가요?,식음료 브랜드,고급 패션 브랜드,전자제품 브랜드,스포츠 용품 브랜드,b
dev_2587.jpg,dev/dev_2587.jpg,이 사진에 보이는 소화전 방수구에 적힌 글자는 무엇인가요?,비상구 위치,화재 발생시 대피로,소화전 방수구,소화기 사용법,c
dev_2588.jpg,dev/dev_2588.jpg,점심특선 메뉴 중에서 가장 가격이 높은 음식은 무엇인가요?,왕갈비탕,비빔밥,된장찌개,육개장,a
dev_2589.jpg,dev/dev_2589.jpg,이 자판기 화면에서 판매하는 음료 중 가격이 가장 비싼 것은 무엇인가요?,"청매실 젤리 에이드 3,500원","청매실 젤리 스무디 3,500원","청매실 플로트 4,400원","청매실 에이드 3,600원",c
dev_2590.jpg,dev/dev_2590.jpg,크라운 콘칩 과자의 내용량은 얼마인가요?,120g,100g,50g,70g,d
dev_2592.jpg,dev/dev_2592.jpg,이 건물 1층에 위치한 약국 이름은 무엇인가요?,봉선본약국,탑탑정형외과,앞에선비뇨의학과의원,FIX A MAN,a
dev_2597.jpg,dev/dev_2597.jpg,사진 속 과자 중에서 '새우칩'이라고 적힌 과자는 어떤 브랜드인가요?,타코칩,치즈링,농심,오이시,c
dev_2599.jpg,dev/dev_2599.jpg,이 모니터의 모델명은 무엇인가요?,C27R500FHK,LC27R500FHKXKR,C27R500FH,SEC-C27R500FH,c
dev_2601.jpg,dev/dev_2601.jpg,이 제품의 이름은 무엇인가요?,Logitech K10 Pro,Keychron K12 Pro,Keychron K10 Pro,Keychron K8 Pro,c
dev_2603.jpg,dev/dev_2603.jpg,이 건물 간판에 적혀 있는 3층에 위치한 치과의 이름은 무엇인가요?,서울치과,행복치과,알앤비성형외과,이믿음치과,d
dev_2604.jpg,dev/dev_2604.jpg,사진 속 상가 건물에 적힌 상호명은 무엇인가요?,나주곰탕마을,나주곰탕,나주곰탕집,나주곰탕식당,b
dev_2605.jpg,dev/dev_2605.jpg,AI활용아이디어 공모전에 게시된 포스터에서 소개하는 AI 기반 제품 성분 분석 및 맞춤형 위험도 보고서의 이름은 무엇인가요?,성분 분석기,건강 체크,위험 탐지기,안심 스캐너,d
dev_2606.jpg,dev/dev_2606.jpg,이 사진에 보이는 상점 중 '기영상회'는 어떤 종류의 가게인가요?,자전거 및 오토바이 관련 가게,문구점,전자제품 판매점,식료품점,a
dev_2609.jpg,dev/dev_2609.jpg,이 전시 패널에 적힌 제목은 무엇인가요?,여기에서 하룻밤 묵다,전통 가옥의 구조,여행자들의 숙식 해결법,여행자들의 숙박 안내,c
dev_2611.jpg,dev/dev_2611.jpg,좌석 앞쪽에 꽂혀 있는 책자 중에서 비행기 기종을 나타내는 것은 무엇인가요?,안전한 여행을 위한 안내,별도 요금 좌석입니다,B737-800,EXTRA PAYMENT REQUIRED,c
dev_2612.jpg,dev/dev_2612.jpg,이 시간표에서 10시에 출발하는 열차의 도착지는 어디인가요?,伊予長浜 (Iyo-Nagahama),伊予市 (Iyo-shi),八幡浜 (Yawatahama),松山 (Matsuyama),c
dev_2617.jpg,dev/dev_2617.jpg,이 선반에 진열된 상품 중 'PEGYA' 브랜드는 어떤 종류의 제품인가요?,차(tea) 제품,커피 제품,향초 제품,초콜릿 제품,a
dev_2618.jpg,dev/dev_2618.jpg,메가커피 포스터에 적힌 커피 크기와 샷 수는 무엇인가요?,BIG SIZE ONE SHOT,MEDIUM SIZE THREE SHOT,SMALL SIZE ONE SHOT,BIG SIZE TWO SHOT,d
dev_2619.jpg,dev/dev_2619.jpg,이 식당에서 오리불고기 포장 가격은 할인 전 대(大) 사이즈가 얼마인가요?,"38,000원","49,000원","55,000원","34,000원",c
dev_2620.jpg,dev/dev_2620.jpg,사진에 보이는 건물 입구 위에 적힌 상호명은 무엇인가요?,banapresso,Coffee Bean,Starbucks,Classys,a
dev_2622.jpg,dev/dev_2622.jpg,사진 속 악보에 적힌 가사 중 '의미가 없지 않아' 앞에 나오는 가사는 무엇인가요?,간도 나에게 있어 사는 의미,간도 나에게 있어 사는 의미가 없지 않아,간도 나에게 있어,간도 나에게 있어 사는,d
dev_2623.jpg,dev/dev_2623.jpg,이 건물에 붙어 있는 캐릭터 그림 아래에 적힌 문구 중 맞는 것은 무엇인가요?,HELLO! DAEGU MALMA FRIENDS,WELCOME! DAEJEON MALMA FRIENDS,HELLO! DAEJEON MALL FRIENDS,HELLO! DAEJEON MALMA FRIENDS,d
dev_2625.jpg,dev/dev_2625.jpg,이 그림에 있는 작은 가게의 간판에 적힌 글자는 무엇인가요?,Beach Shop,Life Eat Cafe,Ocean View,Sunset Bar,b
dev_2627.jpg,dev/dev_2627.jpg,이미지 속 시계에 적힌 날짜는 언제인가요?,"Dec. 23, 2024","Nov. 30, 2024","Jan. 1, 2024","Dec. 25, 2023",a
dev_2629.jpg,dev/dev_2629.jpg,사진 속 닌텐도 3DS 게임 중 가격이 ?9878으로 적힌 게임은 무엇인가요?,슈퍼 마리오 브라더스 2,드래곤 퀘스트 IX,동키콩 리턴즈 3D,대난투 스매시 브라더스,a
dev_2630.jpg,dev/dev_2630.jpg,사진에 보이는 약국 간판에 적힌 일본어 단어 'くすり'는 무슨 뜻인가요?,약,음료수,음식,책,a
dev_2631.jpg,dev/dev_2631.jpg,이 화면에서 8라운드에서 획득한 점수는 얼마인가요?,10점,7점,9점,8점,a
dev_2632.jpg,dev/dev_2632.jpg,이 상품에 대해 설명한 내용 중 옳은 것은 무엇인가요?,통3중 스텐 파티웍 26CM 사이즈입니다.,오븐 사용이 불가능합니다.,크기는 30CM이며 가볍습니다.,이 제품은 플라스틱 재질로 만들어졌습니다.,a
dev_2634.jpg,dev/dev_2634.jpg,이 사진에서 닭고기 제품의 가격표 중 가장 비싼 가격은 얼마인가요?,3.80,4.50,2.90,10.40,d
dev_2635.jpg,dev/dev_2635.jpg,이 사진에 보이는 간판 중 '낭만호프' 간판 바로 오른쪽에 있는 가게의 이름은 무엇인가요?,I LOVE DOG,MO DESIGN,The 나은#,낭만호프,c
dev_2636.jpg,dev/dev_2636.jpg,왼쪽 초콜릿 포장지에 적힌 내용 중 올바른 것은 무엇인가요?,Rich pistachio spread with golden kadaif and ghee butter,Rich almond spread with golden kadaif and ghee butter,Rich hazelnut spread with golden kadaif and ghee butter,Rich peanut spread with golden kadaif and ghee butter,d
dev_2638.jpg,dev/dev_2638.jpg,사진 속 '나른 벨벳 홈 슬리퍼'의 세일 가격은 얼마인가요?,"11,460원","17,900원","12,000원","22,900원",a
dev_2641.jpg,dev/dev_2641.jpg,서울시여성가족재단 따릉이 자전거 대여 시 1시간 대여 요금은 얼마인가요?,2000원,1200원,1000원,1500원,c
dev_2642.jpg,dev/dev_2642.jpg,COOL KID'S COOKIE 가게의 드링크 메뉴 중 밀크쉐이크 종류에 포함되지 않은 것은 무엇인가요?,OREO MILKSHAKE,VANILLA MILKSHAKE,CHOCOLATE MILKSHAKE,PEANUT BUTTER CARAMEL MILKSHAKE,b
dev_2643.jpg,dev/dev_2643.jpg,GR-E/2 코스에서 1위의 기록은 얼마인가요?,"1'21""244","1'23""353","1'22""304","1'22""253",a
dev_2644.jpg,dev/dev_2644.jpg,이 승강기의 최대 승객 수용 인원은 몇 명인가요?,12인승,10인승,15인승,8인승,a
dev_2646.jpg,dev/dev_2646.jpg,16기 1학기 8월 중식시간 안내에 따르면 2층의 중식 시간은 언제인가요?,12:30 ~ 13:30,12:45 ~ 13:45,12:15 ~ 13:15,12:00 ~ 13:00,d
dev_2648.jpg,dev/dev_2648.jpg,사진에 보이는 구두 수선 센터에서 제공하지 않는 서비스는 무엇인가요?,세탁,염색,약칠,수선,a
dev_2649.jpg,dev/dev_2649.jpg,가로등 기둥에 붙어 있는 광고에서 언급한 대출 한도 금액은 얼마인가요?,"3,000만원 한도","10,000만원 가능","5,000만원 가능","1,000만원 한도",c
dev_2650.jpg,dev/dev_2650.jpg,다음 중 이미지 속 책 표지에 적힌 문구가 아닌 것은 무엇인가요?,今日からあがらず話せるコツ,捨てちゃえ、捨てちゃえ,?日が?しい人の小さな習慣,大丈夫！きっとうまくいく,d
dev_2651.jpg,dev/dev_2651.jpg,이 건물에 입주해 있는 학원 이름은 무엇인가요?,Berry Academy,Berry Beauty Academy,Apple Tree Academy,Beauty Apple Academy,b
dev_2652.jpg,dev/dev_2652.jpg,이 사진에 보이는 가게 이름 중 옳은 것은 무엇인가요?,놀이터 카페,소풍 김밥 분석,우리다,바다횟집,c
dev_2654.jpg,dev/dev_2654.jpg,"이 이미지에 보이는 과자 중 가격이 1,550원인 제품은 무엇인가요?",추억의 오란다,마카다미아프레첼,초코과자,계란과자,b
dev_2655.jpg,dev/dev_2655.jpg,상자 옆에 적혀 있는 내용 중에서 '升?版' 항목에 해당하는 색상은 무엇인가요?,없음,白色,黑色,?金,c
dev_2656.jpg,dev/dev_2656.jpg,예전빌딩 주차장 이용 안내문에 따르면 밤 11시부터 다음날 몇 시까지 입출차가 불가한가요?,오전 6시,오전 9시,오전 8시,오전 7시,d
dev_2657.jpg,dev/dev_2657.jpg,사진에 보이는 큰 건물의 상호명은 무엇인가요?,신세계백화점,현대백화점,면세점,롯데백화점,d
dev_2660.jpg,dev/dev_2660.jpg,이 티켓에 적힌 공연 날짜는 언제인가요?,2025년 12월 14일,2026년 1월 9일,2025년 1월 16일,2026년 7월 30일,b
dev_2662.jpg,dev/dev_2662.jpg,왼쪽 기기에서 전원 표시등 바로 아래에 있는 버튼에는 어떤 그림이 그려져 있나요?,편지봉투와 전화기,전화기와 열쇠,커피잔과 전화기,열쇠와 자물쇠,c
dev_2663.jpg,dev/dev_2663.jpg,"이 식당 메뉴판에 따르면, 전복죽의 가격은 얼마인가요?","26,000원","45,000원","12,000원","38,000원",c
dev_2664.jpg,dev/dev_2664.jpg,오른쪽에 있는 기기의 '운전/정지' 버튼은 무엇을 의미하나요?,타이머 설정 기능,풍량을 조절하는 기능,욕실 온도를 조절하는 기능,기기를 켜거나 끄는 기능,d
dev_2667.jpg,dev/dev_2667.jpg,"사진 속 도로 표지판에 따르면, 청계광장까지 얼마나 남았나요?",100m,200m,140m,150m,b
dev_2670.jpg,dev/dev_2670.jpg,이 간판에 적힌 가게 이름은 무엇인가요?,돈까스집,호프집,삼겹살집,돈촌,d
dev_2673.jpg,dev/dev_2673.jpg,사진 속 간판에 적힌 식당 이름은 무엇인가요?,스크린골프,블랙토마토스크린,고기중심,육가온,d
dev_2675.jpg,dev/dev_2675.jpg,트레이더스 홀세일클럽에서 모집하는 직원의 시급은 얼마인가요?,"12,600원","10,000원","15,000원","20,000원",a
dev_2676.jpg,dev/dev_2676.jpg,'오키ちゃん劇場'은 영어로 무엇이라고 적혀 있나요?,Kids' Adventure Land,Okichan (Dolphin) Theater,Emerald Beach,Sea Turtles Pool,b
dev_2677.jpg,dev/dev_2677.jpg,다음 중 이미지에 보이는 '너즈구미베리' 젤리의 가격은 얼마인가요?,"1,800원","3,120원","4,480원","2,480원",d
dev_2678.jpg,dev/dev_2678.jpg,사진 속 건물들에 붙어있는 간판 중에서 'amiami'라고 적힌 간판이 위치한 건물의 색깔은 무엇인가요?,주황색,흰색,노란색,회색,b
dev_2679.jpg,dev/dev_2679.jpg,이 사진 속 현수막에 적힌 정당명은 무엇인가요?,국민의힘,정의당,열린민주당,더불어민주당,a
dev_2680.jpg,dev/dev_2680.jpg,이미지에 보이는 '포테토칩' 제품 중 '교촌간장치킨' 맛의 가격은 얼마인가요?,"2,000원","1,800원","1,600원","1,700원",d
dev_2681.jpg,dev/dev_2681.jpg,'유어스 아메리카노 블랙' 아이스커피의 가격은 얼마인가요?,"3,100원","2,300원","2,600원","2,100원",d
dev_2682.jpg,dev/dev_2682.jpg,다음 중 '신경망모델' 항목에 포함되지 않은 것은 무엇인가요?,모수적 함수,커널 함수,Deep 네트워크,Shallow 네트워크,b
dev_2683.jpg,dev/dev_2683.jpg,이 가게 간판에 적힌 문구는 무엇인가요?,맛있게 먹자,친절히 모십니다,돈 벌자,돈 달라고 하지 마,d
